// Karabas-Pro "Doctor Max" tool ROMs — ROMSET 2 (Flash Tool v2.7) and ROMSET 3
// (FDImage v0.87) of the real hardware, byte-exact bank dumps:
//   Flash Tool: github.com/andykarpov/karabas-pro
//               firmware/src/fpga/profi/rom/karabas-pro-flashtool_v2_7.rom
//   FDImage:    release v25092420-romain292, rom/FDImage_087/FDImagePRO.rom
// bank1 of BOTH images is 16384 bytes of 0xFF (empty flash) — one shared
// gb_rom_profi_bank_ff array serves both romsets. bank0/2/3 differ too much
// from every existing bank for overlays (14-16K positional diff, see
// tools/rom_pack.py family comment), so they stay raw. Sources kept in
// src/roms/profi/src/bank{0,2,3}_{flashtool,fdimage}.bin.
// NOTE: Flash Tool programs the SPI-flash via ports #C7/#87/#A7/#E7/#67 —
// pico-speccy deliberately does NOT emulate the flash chip (the ports are
// no-ops, see Ports.cpp), so the tool boots but sees no flash. FDImage works
// with the WD1793 floppy + Z-Controller SD.
#include <hardware/flash.h>


__attribute__((aligned(4096))) const unsigned char gb_rom_profi_bank0_flashtool[16384] = {
    0xF3,0x21,0x00,0x00,0x11,0x00,0xC0,0x01,0x00,0x40,0xED,0xB0,0xC3,0x0F,0xC0,0x01,
    0xFD,0x7F,0x3E,0x10,0xED,0x79,0x21,0x00,0x00,0x11,0x00,0x80,0x01,0x00,0x40,0xED,
    0xB0,0x01,0xFD,0x7F,0xAF,0xED,0x79,0x21,0x00,0x00,0x11,0x00,0x40,0x01,0x00,0x40,
    0xED,0xB0,0x01,0xFD,0xDF,0x3E,0x90,0xED,0x79,0x21,0x00,0xC0,0x11,0x00,0x00,0x01,
    0x00,0x40,0xED,0xB0,0xC3,0x00,0x01,0xFF,0xFF,0xFF,0xFF,0xFF,0xFF,0xFF,0xFF,0xFF,
    0xFF,0xFF,0xFF,0xFF,0xFF,0xFF,0xFF,0xFF,0xFF,0xFF,0xFF,0xFF,0xFF,0xFF,0xFF,0xFF,
    0xFF,0xFF,0xFF,0xFF,0xFF,0xFF,0xFF,0xFF,0xFF,0xFF,0xFF,0xFF,0xFF,0xFF,0xFF,0xFF,
    0xFF,0xFF,0xFF,0xFF,0xFF,0xFF,0xFF,0xFF,0xFF,0xFF,0xFF,0xFF,0xFF,0xFF,0xFF,0xFF,
    0xFF,0xFF,0xFF,0xFF,0xFF,0xFF,0xFF,0xFF,0xFF,0xFF,0xFF,0xFF,0xFF,0xFF,0xFF,0xFF,
    0xFF,0xFF,0xFF,0xFF,0xFF,0xFF,0xFF,0xFF,0xFF,0xFF,0xFF,0xFF,0xFF,0xFF,0xFF,0xFF,
    0xFF,0xFF,0xFF,0xFF,0xFF,0xFF,0xFF,0xFF,0xFF,0xFF,0xFF,0xFF,0xFF,0xFF,0xFF,0xFF,
    0xFF,0xFF,0xFF,0xFF,0xFF,0xFF,0xFF,0xFF,0xFF,0xFF,0xFF,0xFF,0xFF,0xFF,0xFF,0xFF,
    0xFF,0xFF,0xFF,0xFF,0xFF,0xFF,0xFF,0xFF,0xFF,0xFF,0xFF,0xFF,0xFF,0xFF,0xFF,0xFF,
    0xFF,0xFF,0xFF,0xFF,0xFF,0xFF,0xFF,0xFF,0xFF,0xFF,0xFF,0xFF,0xFF,0xFF,0xFF,0xFF,
    0xFF,0xFF,0xFF,0xFF,0xFF,0xFF,0xFF,0xFF,0xFF,0xFF,0xFF,0xFF,0xFF,0xFF,0xFF,0xFF,
    0xFF,0xFF,0xFF,0xFF,0xFF,0xFF,0xFF,0xFF,0xFF,0xFF,0xFF,0xFF,0xFF,0xFF,0xFF,0xFF,
    0x31,0x00,0xC0,0x3E,0x97,0x01,0xFD,0xDF,0xED,0x79,0xCD,0x33,0x01,0x3E,0x90,0x01,
    0xFD,0xDF,0xED,0x79,0x01,0xFD,0x7F,0x3E,0x14,0xED,0x79,0xCD,0x33,0x01,0xCD,0x24,
    0x01,0xC3,0x61,0x53,0x01,0x66,0x00,0x78,0xB1,0xC8,0x11,0x5E,0xB9,0x21,0xE8,0xA2,
    0xED,0xB0,0xC9,0x21,0x00,0xC0,0x11,0x01,0xC0,0x01,0xFF,0x3F,0x75,0xED,0xB0,0xC9,
    0x46,0x6C,0x61,0x73,0x68,0x20,0x54,0x6F,0x6F,0x6C,0x20,0x66,0x6F,0x72,0x20,0x4B,
    0x61,0x72,0x61,0x62,0x61,0x73,0x50,0x72,0x6F,0x20,0x62,0x79,0x20,0x44,0x6F,0x63,
    0x74,0x6F,0x72,0x20,0x4D,0x61,0x78,0x20,0x28,0x63,0x29,0x32,0x30,0x32,0x30,0xFF,
    0xFF,0xFF,0xFF,0xFF,0xFF,0xFF,0xFF,0xFF,0xFF,0xFF,0xFF,0xFF,0xFF,0xFF,0xFF,0xFF,
    0xFF,0xFF,0xFF,0xFF,0xFF,0xFF,0xFF,0xFF,0xFF,0xFF,0xFF,0xFF,0xFF,0xFF,0xFF,0xFF,
    0xFF,0xFF,0xFF,0xFF,0xFF,0xFF,0xFF,0xFF,0xFF,0xFF,0xFF,0xFF,0xFF,0xFF,0xFF,0xFF,
    0xFF,0xFF,0xFF,0xFF,0xFF,0xFF,0xFF,0xFF,0xFF,0xFF,0xFF,0xFF,0xFF,0xFF,0xFF,0xFF,
    0xFF,0xFF,0xFF,0xFF,0xFF,0xFF,0xFF,0xFF,0xFF,0xFF,0xFF,0xFF,0xFF,0xFF,0xFF,0xFF,
    0xFF,0xFF,0xFF,0xFF,0xFF,0xFF,0xFF,0xFF,0xFF,0xFF,0xFF,0xFF,0xFF,0xFF,0xFF,0xFF,
    0xFF,0xFF,0xFF,0xFF,0xFF,0xFF,0xFF,0xFF,0xFF,0xFF,0xFF,0xFF,0xFF,0xFF,0xFF,0xFF,
    0xFF,0xFF,0xFF,0xFF,0xFF,0xFF,0xFF,0xFF,0xFF,0xFF,0xFF,0xFF,0xFF,0xFF,0xFF,0xFF,
    0xFF,0xFF,0xFF,0xFF,0xFF,0xFF,0xFF,0xFF,0xFF,0xFF,0xFF,0xFF,0xFF,0xFF,0xFF,0xFF,
    0x4D,0x79,0xB7,0xCA,0x23,0x43,0x0D,0xC8,0x18,0x03,0xC3,0x23,0x43,0x2E,0x01,0xC9,
    0x4D,0x79,0xB7,0xCA,0x2B,0x43,0x0D,0xC8,0x18,0x03,0xC3,0x2B,0x43,0x2E,0x01,0xC9,
    0xFD,0x21,0x02,0x00,0xFD,0x39,0xFD,0x7E,0x00,0xB7,0x28,0x08,0xFD,0x7E,0x00,0x3D,
    0x28,0x31,0x18,0x31,0x21,0x09,0x00,0x39,0x4E,0x23,0x46,0xC5,0xFD,0x21,0x07,0x00,
    0xFD,0x39,0xFD,0x6E,0x02,0xFD,0x66,0x03,0xE5,0xFD,0x6E,0x00,0xFD,0x66,0x01,0xE5,
    0xFD,0x2B,0xFD,0x2B,0xFD,0x6E,0x00,0xFD,0x66,0x01,0xE5,0xCD,0x71,0x44,0xF1,0xF1,
    0xF1,0xF1,0xC9,0x69,0xC9,0x2E,0x04,0xC9,0xFD,0x21,0x02,0x00,0xFD,0x39,0xFD,0x7E,
    0x00,0xB7,0x28,0x08,0xFD,0x7E,0x00,0x3D,0x28,0x1C,0x18,0x1D,0xFD,0x21,0x04,0x00,
    0xFD,0x39,0xFD,0x6E,0x00,0xFD,0x66,0x01,0xE5,0xFD,0x2B,0xFD,0x7E,0x00,0xF5,0x33,
    0xCD,0x50,0x45,0xF1,0x33,0xC9,0x2E,0x00,0xC9,0x2E,0x04,0xC9,0xDD,0xE5,0xDD,0x21,
    0x00,0x00,0xDD,0x39,0xDD,0x6E,0x04,0xDD,0x66,0x05,0x23,0x46,0x0E,0x00,0xDD,0x6E,
    0x04,0xDD,0x66,0x05,0x5E,0x16,0x00,0x79,0xB3,0x6F,0x78,0xB2,0x67,0xDD,0xE1,0xC9,
    0x01,0x03,0x05,0x07,0x09,0x0E,0x10,0x12,0x14,0x16,0x18,0x1C,0x1E,0x80,0x81,0x82,
    0x83,0x84,0x85,0x86,0x87,0x88,0x89,0x8A,0x8B,0x8C,0x8D,0x8E,0x8F,0x90,0x91,0x92,
    0x93,0x94,0x95,0x96,0x97,0x98,0x99,0x9A,0x9B,0x9C,0x9D,0x9E,0x9F,0x80,0x81,0x82,
    0x83,0x84,0x85,0x86,0x87,0x88,0x89,0x8A,0x8B,0x8C,0x8D,0x8E,0x8F,0xB0,0xB1,0xB2,
    0xB3,0xB4,0xB5,0xB6,0xB7,0xB8,0xB9,0xBA,0xBB,0xBC,0xBD,0xBE,0xBF,0xC0,0xC1,0xC2,
    0xC3,0xC4,0xC5,0xC6,0xC7,0xC8,0xC9,0xCA,0xCB,0xCC,0xCD,0xCE,0xCF,0xD0,0xD1,0xD2,
    0xD3,0xD4,0xD5,0xD6,0xD7,0xD8,0xD9,0xDA,0xDB,0xDC,0xDD,0xDE,0xDF,0x90,0x91,0x92,
    0x93,0x94,0x95,0x96,0x97,0x98,0x99,0x9A,0x9B,0x9C,0x9D,0x9E,0x9F,0xF0,0xF0,0xF2,
    0xF2,0xF4,0xF4,0xF6,0xF6,0xF8,0xF9,0xFA,0xFB,0xFC,0xFD,0xFE,0xFF,0xDD,0xE5,0xDD,
    0x21,0x00,0x00,0xDD,0x39,0xF5,0xF5,0xDD,0x6E,0x04,0xDD,0x66,0x05,0x23,0x23,0x23,
    0x4E,0x06,0x00,0x1E,0x00,0xDD,0x71,0xFD,0xDD,0x70,0xFE,0xDD,0x73,0xFF,0xAF,0xDD,
    0x77,0xFC,0xDD,0x6E,0x04,0xDD,0x66,0x05,0x23,0x23,0x4E,0x06,0x00,0x11,0x00,0x00,
    0x79,0xDD,0xB6,0xFC,0x4F,0x78,0xDD,0xB6,0xFD,0x47,0x7B,0xDD,0xB6,0xFE,0x5F,0x7A,
    0xDD,0xB6,0xFF,0xDD,0x71,0xFD,0xDD,0x70,0xFE,0xDD,0x73,0xFF,0xAF,0xDD,0x77,0xFC,
    0xDD,0x6E,0x04,0xDD,0x66,0x05,0x23,0x4E,0x06,0x00,0x11,0x00,0x00,0x79,0xDD,0xB6,
    0xFC,0x4F,0x78,0xDD,0xB6,0xFD,0x47,0x7B,0xDD,0xB6,0xFE,0x5F,0x7A,0xDD,0xB6,0xFF,
    0xDD,0x71,0xFD,0xDD,0x70,0xFE,0xDD,0x73,0xFF,0xAF,0xDD,0x77,0xFC,0xDD,0x6E,0x04,
    0xDD,0x66,0x05,0x4E,0x06,0x00,0x11,0x00,0x00,0xDD,0x7E,0xFC,0xB1,0x6F,0xDD,0x7E,
    0xFD,0xB0,0x67,0xDD,0x7E,0xFE,0xB3,0x5F,0xDD,0x7E,0xFF,0xB2,0x57,0xDD,0xF9,0xDD,
    0xE1,0xC9,0xDD,0xE5,0xDD,0x21,0x00,0x00,0xDD,0x39,0xF5,0xDD,0x4E,0x04,0xDD,0x46,
    0x05,0xDD,0x5E,0x06,0xDD,0x56,0x07,0xDD,0x7E,0x09,0xDD,0xB6,0x08,0x28,0x1B,0x33,
    0x33,0xC5,0xDD,0x4E,0x08,0xDD,0x46,0x09,0x1A,0x13,0xE1,0xE5,0x77,0xDD,0x34,0xFE,
    0x20,0x03,0xDD,0x34,0xFF,0x0B,0x78,0xB1,0x20,0xEE,0xDD,0xF9,0xDD,0xE1,0xC9,0xD1,
    0xC1,0xC5,0xD5,0x21,0x06,0x00,0x39,0x5E,0x23,0x56,0x21,0x04,0x00,0x39,0x7E,0x02,
    0x03,0x1B,0x7A,0xB3,0x20,0xF4,0xC9,0xDD,0xE5,0xDD,0x21,0x00,0x00,0xDD,0x39,0xF5,
    0xF5,0xDD,0x4E,0x04,0xDD,0x46,0x05,0xDD,0x7E,0x06,0xDD,0x77,0xFE,0xDD,0x7E,0x07,
    0xDD,0x77,0xFF,0xDD,0x5E,0x08,0xDD,0x56,0x09,0x0A,0x03,0xDD,0x77,0xFC,0xAF,0xDD,
    0x77,0xFD,0xDD,0x6E,0xFE,0xDD,0x66,0xFF,0x6E,0xDD,0x34,0xFE,0x20,0x03,0xDD,0x34,
    0xFF,0x26,0x00,0xDD,0x7E,0xFC,0x95,0x6F,0xDD,0x7E,0xFD,0x9C,0x67,0x1B,0x7A,0xB3,
    0x28,0x04,0x7C,0xB5,0x28,0xD3,0xDD,0xF9,0xDD,0xE1,0xC9,0xD1,0xC1,0xC5,0xD5,0x0A,
    0x5F,0x16,0x00,0xB7,0x28,0x14,0xFD,0x21,0x04,0x00,0xFD,0x39,0xFD,0x6E,0x00,0xFD,
    0x66,0x01,0xBF,0xED,0x52,0x28,0x03,0x03,0x18,0xE5,0xEB,0xC9,0x21,0x02,0x00,0x39,
    0x7E,0xB7,0x28,0x04,0x21,0x00,0x00,0xC9,0x21,0x00,0x00,0xC9,0x21,0x02,0x00,0x39,
    0x7E,0xB7,0x28,0x04,0x21,0x00,0x00,0xC9,0x21,0x00,0x00,0xC9,0xDD,0xE5,0xDD,0x21,
    0x00,0x00,0xDD,0x39,0x21,0xFA,0xFF,0x39,0xF9,0xDD,0x7E,0x04,0xDD,0x77,0xFA,0xDD,
    0x7E,0x05,0xDD,0x77,0xFB,0xE1,0xE5,0x4E,0x23,0x46,0x0A,0x03,0x5F,0x16,0x00,0x7B,
    0xC5,0xD5,0xF5,0x33,0xCD,0xBC,0x04,0x33,0xD1,0xC1,0x7C,0xB5,0x28,0x27,0x0A,0xDD,
    0x77,0xFF,0x03,0xC5,0xD5,0xDD,0x7E,0xFF,0xF5,0x33,0xCD,0xCC,0x04,0x33,0xD1,0xC1,
    0x7C,0xB5,0x20,0x07,0x21,0xFF,0xFF,0x5D,0x54,0x18,0x44,0x53,0x1E,0x00,0xDD,0x6E,
    0xFF,0x26,0x00,0x19,0xEB,0x7A,0xB3,0x28,0x18,0xC5,0x21,0x62,0x03,0xE5,0xD5,0xCD,
    0x27,0x3D,0xF1,0xF1,0xC1,0xEB,0x7A,0xB3,0x20,0x07,0x21,0xFF,0xFF,0x5D,0x54,0x18,
    0x1E,0xDD,0x73,0xFC,0xDD,0x72,0xFD,0xAF,0xDD,0x77,0xFE,0xDD,0x77,0xFF,0xE1,0xE5,
    0x71,0x23,0x70,0xDD,0x6E,0xFC,0xDD,0x66,0xFD,0xDD,0x5E,0xFE,0xDD,0x56,0xFF,0xDD,
    0xF9,0xDD,0xE1,0xC9,0xDD,0xE5,0xDD,0x21,0x00,0x00,0xDD,0x39,0x21,0x62,0x03,0xE5,
    0xDD,0x6E,0x06,0xDD,0x66,0x07,0xE5,0xDD,0x6E,0x04,0xDD,0x66,0x05,0xE5,0xCD,0x7D,
    0x3B,0xF1,0xF1,0xF1,0x4D,0x44,0x78,0xD6,0x01,0x38,0x23,0xDD,0x7E,0x0A,0xD6,0x02,
    0xDD,0x7E,0x0B,0xDE,0x00,0x30,0x04,0x2E,0x00,0x18,0x30,0xDD,0x6E,0x08,0xDD,0x66,
    0x09,0x70,0x23,0xDD,0x75,0x08,0xDD,0x74,0x09,0x71,0x2E,0x02,0x18,0x1D,0x78,0xB1,
    0x28,0x0C,0xDD,0x7E,0x0A,0xD6,0x01,0xDD,0x7E,0x0B,0xDE,0x00,0x30,0x04,0x2E,0x00,
    0x18,0x09,0xDD,0x6E,0x08,0xDD,0x66,0x09,0x71,0x2E,0x01,0xDD,0xE1,0xC9,0xDD,0xE5,
    0xDD,0x21,0x00,0x00,0xDD,0x39,0xF5,0xF5,0x3B,0xAF,0xDD,0x77,0xFB,0xDD,0x4E,0x04,
    0xDD,0x46,0x05,0x21,0x25,0x00,0x09,0xEB,0xD5,0xC5,0x21,0x05,0x00,0x39,0xEB,0x01,
    0x04,0x00,0xED,0xB0,0xC1,0xD1,0xDD,0x7E,0x06,0xDD,0x96,0xFC,0x20,0x18,0xDD,0x7E,
    0x07,0xDD,0x96,0xFD,0x20,0x10,0xDD,0x7E,0x08,0xDD,0x96,0xFE,0x20,0x08,0xDD,0x7E,
    0x09,0xDD,0x96,0xFF,0x28,0x4E,0xFD,0x21,0x29,0x00,0xFD,0x09,0x69,0x60,0x23,0x46,
    0xD5,0x21,0x01,0x00,0xE5,0xDD,0x6E,0x08,0xDD,0x66,0x09,0xE5,0xDD,0x6E,0x06,0xDD,
    0x66,0x07,0xE5,0xFD,0xE5,0xC5,0x33,0xCD,0x20,0x02,0xFD,0x21,0x09,0x00,0xFD,0x39,
    0xFD,0xF9,0x7D,0xD1,0xB7,0x28,0x14,0xDD,0x36,0x06,0xFF,0xDD,0x36,0x07,0xFF,0xDD,
    0x36,0x08,0xFF,0xDD,0x36,0x09,0xFF,0xDD,0x36,0xFB,0x01,0x21,0x0B,0x00,0x39,0x01,
    0x04,0x00,0xED,0xB0,0xDD,0x6E,0xFB,0xDD,0xF9,0xDD,0xE1,0xC9,0xDD,0xE5,0xDD,0x21,
    0x00,0x00,0xDD,0x39,0xF5,0xF5,0xDD,0x7E,0x06,0xC6,0xFE,0xDD,0x77,0x06,0xDD,0x7E,
    0x07,0xCE,0xFF,0xDD,0x77,0x07,0xDD,0x7E,0x08,0xCE,0xFF,0xDD,0x77,0x08,0xDD,0x7E,
    0x09,0xCE,0xFF,0xDD,0x77,0x09,0xDD,0x4E,0x04,0xDD,0x46,0x05,0x69,0x60,0x11,0x0D,
    0x00,0x19,0x5E,0x23,0x56,0x23,0x23,0x7E,0x2B,0x6E,0x67,0x7B,0xC6,0xFE,0x5F,0x7A,
    0xCE,0xFF,0x57,0x7D,0xCE,0xFF,0x6F,0x7C,0xCE,0xFF,0x67,0xDD,0x7E,0x06,0x93,0xDD,
    0x7E,0x07,0x9A,0xDD,0x7E,0x08,0x9D,0xDD,0x7E,0x09,0x9C,0x38,0x07,0x21,0x00,0x00,
    0x5D,0x54,0x18,0x50,0x69,0x60,0x11,0x21,0x00,0x19,0x7E,0xDD,0x77,0xFC,0x23,0x7E,
    0xDD,0x77,0xFD,0x23,0x7E,0xDD,0x77,0xFE,0x23,0x7E,0xDD,0x77,0xFF,0x69,0x60,0x11,
    0x09,0x00,0x19,0x4E,0x23,0x46,0x11,0x00,0x00,0xDD,0x6E,0x08,0xDD,0x66,0x09,0xE5,
    0xDD,0x6E,0x06,0xDD,0x66,0x07,0xE5,0xD5,0xC5,0xCD,0x6A,0xA1,0xF1,0xF1,0xF1,0xF1,
    0xDD,0x7E,0xFC,0x85,0x6F,0xDD,0x7E,0xFD,0x8C,0x67,0xDD,0x7E,0xFE,0x8B,0x5F,0xDD,
    0x7E,0xFF,0x8A,0x57,0xDD,0xF9,0xDD,0xE1,0xC9,0xDD,0xE5,0xDD,0x21,0x00,0x00,0xDD,
    0x39,0x21,0xF2,0xFF,0x39,0xF9,0xDD,0x4E,0x04,0xDD,0x46,0x05,0x0A,0xDD,0x77,0xF2,
    0x03,0x0A,0xDD,0x77,0xF3,0xDD,0x7E,0x06,0xD6,0x02,0xDD,0x7E,0x07,0xDE,0x00,0xDD,
    0x7E,0x08,0xDE,0x00,0xDD,0x7E,0x09,0xDE,0x00,0x38,0x1F,0xE1,0xE5,0x11,0x0D,0x00,
    0x19,0x4E,0x23,0x46,0x23,0x5E,0x23,0x56,0xDD,0x7E,0x06,0x91,0xDD,0x7E,0x07,0x98,
    0xDD,0x7E,0x08,0x9B,0xDD,0x7E,0x09,0x9A,0x38,0x11,0xDD,0x36,0xF4,0x01,0xAF,0xDD,
    0x77,0xF5,0xDD,0x77,0xF6,0xDD,0x77,0xF7,0xC3,0xF2,0x09,0xDD,0x36,0xF4,0xFF,0xDD,
    0x36,0xF5,0xFF,0xDD,0x36,0xF6,0xFF,0xDD,0x36,0xF7,0xFF,0xE1,0xE5,0x7E,0xFE,0x01,
    0x28,0x0D,0xFE,0x02,0xCA,0xCD,0x08,0xD6,0x03,0xCA,0x4F,0x09,0xC3,0xE4,0x09,0xDD,
    0x4E,0x06,0xDD,0x46,0x07,0x69,0x60,0xCB,0x3C,0xCB,0x1D,0x09,0xEB,0xDD,0x7E,0xF2,
    0xC6,0x19,0xDD,0x77,0xFE,0xDD,0x7E,0xF3,0xCE,0x00,0xDD,0x77,0xFF,0xD5,0xDD,0x5E,
    0xFE,0xDD,0x56,0xFF,0x21,0x0A,0x00,0x39,0xEB,0x01,0x04,0x00,0xED,0xB0,0xD1,0x7A,
    0xCB,0x3F,0x4F,0x06,0x00,0x21,0x00,0x00,0xDD,0x7E,0xFA,0x81,0x4F,0xDD,0x7E,0xFB,
    0x88,0x47,0xDD,0x7E,0xFC,0x8D,0x6F,0xDD,0x7E,0xFD,0x8C,0x67,0xD5,0xE5,0xC5,0xDD,
    0x6E,0xF2,0xDD,0x66,0xF3,0xE5,0xCD,0xDE,0x05,0xF1,0xF1,0xF1,0x7D,0xD1,0xB7,0xC2,
    0xF2,0x09,0xDD,0x7E,0xF2,0xC6,0x29,0x4F,0xDD,0x7E,0xF3,0xCE,0x00,0x47,0x6B,0x62,
    0x13,0xDD,0x73,0xF8,0xDD,0x72,0xF9,0x7C,0xE6,0x01,0x67,0x09,0x7E,0xDD,0x77,0xFA,
    0xAF,0xDD,0x77,0xFB,0xC5,0xDD,0x5E,0xFE,0xDD,0x56,0xFF,0x21,0x0C,0x00,0x39,0xEB,
    0x01,0x04,0x00,0xED,0xB0,0xC1,0xDD,0x7E,0xF9,0xCB,0x3F,0x5F,0x16,0x00,0x21,0x00,
    0x00,0xDD,0x7E,0xFC,0x83,0x5F,0xDD,0x7E,0xFD,0x8A,0x57,0xDD,0x7E,0xFE,0x8D,0x6F,
    0xDD,0x7E,0xFF,0x8C,0x67,0xC5,0xE5,0xD5,0xDD,0x6E,0xF2,0xDD,0x66,0xF3,0xE5,0xCD,
    0xDE,0x05,0xF1,0xF1,0xF1,0x7D,0xC1,0xB7,0xC2,0xF2,0x09,0xDD,0x6E,0xF8,0xDD,0x7E,
    0xF9,0xE6,0x01,0x67,0x09,0x46,0x3E,0x00,0xDD,0xB6,0xFA,0x4F,0x78,0xDD,0xB6,0xFB,
    0x47,0xDD,0xCB,0x06,0x46,0x28,0x12,0xCB,0x38,0xCB,0x19,0xCB,0x38,0xCB,0x19,0xCB,
    0x38,0xCB,0x19,0xCB,0x38,0xCB,0x19,0x18,0x04,0x78,0xE6,0x0F,0x47,0xDD,0x71,0xF4,
    0xDD,0x70,0xF5,0xAF,0xDD,0x77,0xF6,0xDD,0x77,0xF7,0xC3,0xF2,0x09,0xE1,0xE5,0x11,
    0x19,0x00,0x19,0x4E,0x23,0x46,0x23,0x5E,0x23,0x56,0xDD,0x7E,0x07,0xDD,0x77,0xFC,
    0xDD,0x7E,0x08,0xDD,0x77,0xFD,0xDD,0x7E,0x09,0xDD,0x77,0xFE,0xAF,0xDD,0x77,0xFF,
    0x79,0xDD,0x86,0xFC,0x4F,0x78,0xDD,0x8E,0xFD,0x47,0x7B,0xDD,0x8E,0xFE,0x5F,0x7A,
    0xDD,0x8E,0xFF,0x57,0xD5,0xC5,0xDD,0x6E,0xF2,0xDD,0x66,0xF3,0xE5,0xCD,0xDE,0x05,
    0xF1,0xF1,0xF1,0x7D,0xB7,0xC2,0xF2,0x09,0xDD,0x7E,0xF2,0xC6,0x29,0x4F,0xDD,0x7E,
    0xF3,0xCE,0x00,0x47,0xDD,0x6E,0x06,0xDD,0x66,0x07,0xDD,0x5E,0x08,0xDD,0x56,0x09,
    0x29,0xCB,0x13,0xCB,0x12,0x7C,0xE6,0x01,0x67,0x09,0xE5,0xCD,0x9C,0x02,0xF1,0xDD,
    0x75,0xF4,0xDD,0x74,0xF5,0xAF,0xDD,0x77,0xF6,0xDD,0x77,0xF7,0xC3,0xF2,0x09,0xE1,
    0xE5,0x11,0x19,0x00,0x19,0x7E,0xDD,0x77,0xFC,0x23,0x7E,0xDD,0x77,0xFD,0x23,0x7E,
    0xDD,0x77,0xFE,0x23,0x7E,0xDD,0x77,0xFF,0xDD,0x5E,0x06,0xDD,0x56,0x07,0xDD,0x6E,
    0x08,0xDD,0x66,0x09,0x06,0x07,0xCB,0x3C,0xCB,0x1D,0xCB,0x1A,0xCB,0x1B,0x10,0xF6,
    0xDD,0x7E,0xFC,0x83,0x4F,0xDD,0x7E,0xFD,0x8A,0x47,0xDD,0x7E,0xFE,0x8D,0x5F,0xDD,
    0x7E,0xFF,0x8C,0x57,0xD5,0xC5,0xDD,0x6E,0xF2,0xDD,0x66,0xF3,0xE5,0xCD,0xDE,0x05,
    0xF1,0xF1,0xF1,0x7D,0xB7,0x20,0x4B,0xDD,0x7E,0xF2,0xC6,0x29,0x4F,0xDD,0x7E,0xF3,
    0xCE,0x00,0x47,0xDD,0x6E,0x06,0xDD,0x66,0x07,0xDD,0x5E,0x08,0xDD,0x56,0x09,0x3E,
    0x02,0x29,0xCB,0x13,0xCB,0x12,0x3D,0x20,0xF8,0x7C,0xE6,0x01,0x67,0x09,0xE5,0xCD,
    0x4D,0x03,0xF1,0xDD,0x75,0xF4,0xDD,0x74,0xF5,0xDD,0x73,0xF6,0x7A,0xE6,0x0F,0xDD,
    0x77,0xF7,0x18,0x0E,0xDD,0x36,0xF4,0x01,0xAF,0xDD,0x77,0xF5,0xDD,0x77,0xF6,0xDD,
    0x77,0xF7,0xDD,0x6E,0xF4,0xDD,0x66,0xF5,0xDD,0x5E,0xF6,0xDD,0x56,0xF7,0xDD,0xF9,
    0xDD,0xE1,0xC9,0xDD,0xE5,0xDD,0x21,0x00,0x00,0xDD,0x39,0x21,0xF4,0xFF,0x39,0xF9,
    0xDD,0x4E,0x04,0xDD,0x46,0x05,0xDD,0x71,0xF6,0xDD,0x70,0xF7,0x0A,0xDD,0x77,0xF4,
    0x03,0x0A,0xDD,0x77,0xF5,0x0B,0xDD,0x7E,0x08,0xD6,0x20,0xDD,0x7E,0x09,0xDE,0x00,
    0x30,0x07,0xDD,0x7E,0x06,0xE6,0x1F,0x28,0x05,0x2E,0x02,0xC3,0xED,0x0C,0x21,0x0E,
    0x00,0x09,0xEB,0xC5,0x21,0x14,0x00,0x39,0x01,0x04,0x00,0xED,0xB0,0xC1,0x69,0x60,
    0x11,0x06,0x00,0x19,0x7E,0xDD,0x77,0xF8,0x23,0x7E,0xDD,0x77,0xF9,0x23,0x7E,0xDD,
    0x77,0xFA,0x23,0x7E,0xDD,0x77,0xFB,0xDD,0xB6,0xFA,0xDD,0xB6,0xF9,0xDD,0xB6,0xF8,
    0x20,0x20,0xE1,0xE5,0x7E,0xD6,0x03,0x38,0x19,0xE1,0xE5,0x11,0x1D,0x00,0x19,0x7E,
    0xDD,0x77,0xF8,0x23,0x7E,0xDD,0x77,0xF9,0x23,0x7E,0xDD,0x77,0xFA,0x23,0x7E,0xDD,
    0x77,0xFB,0xDD,0x7E,0xFB,0xDD,0xB6,0xFA,0xDD,0xB6,0xF9,0xDD,0xB6,0xF8,0xC2,0x28,
    0x0B,0xDD,0x7E,0x06,0xDD,0x77,0xFC,0xDD,0x7E,0x07,0xDD,0x77,0xFD,0xDD,0x7E,0x08,
    0xDD,0x77,0xFE,0xDD,0x7E,0x09,0xDD,0x77,0xFF,0x3E,0x05,0xDD,0xCB,0xFF,0x3E,0xDD,
    0xCB,0xFE,0x1E,0xDD,0xCB,0xFD,0x1E,0xDD,0xCB,0xFC,0x1E,0x3D,0x20,0xED,0xE1,0xE5,
    0x11,0x07,0x00,0x19,0x5E,0x23,0x56,0x21,0x00,0x00,0xDD,0x7E,0xFC,0x93,0xDD,0x7E,
    0xFD,0x9A,0xDD,0x7E,0xFE,0x9D,0xDD,0x7E,0xFF,0x9C,0x38,0x05,0x2E,0x02,0xC3,0xED,
    0x0C,0x21,0x16,0x00,0x09,0xDD,0x75,0xF6,0xDD,0x74,0xF7,0xE1,0xE5,0x11,0x1D,0x00,
    0x19,0x7E,0xDD,0x77,0xFC,0x23,0x7E,0xDD,0x77,0xFD,0x23,0x7E,0xDD,0x77,0xFE,0x23,
    0x7E,0xDD,0x77,0xFF,0xC5,0xDD,0x5E,0xF6,0xDD,0x56,0xF7,0x21,0x0A,0x00,0x39,0x01,
    0x04,0x00,0xED,0xB0,0xC1,0xC3,0x51,0x0C,0xE1,0xE5,0x11,0x09,0x00,0x19,0x4E,0x23,
    0x46,0x1E,0x00,0xDD,0x71,0xFD,0xDD,0x70,0xFE,0xDD,0x73,0xFF,0xAF,0xDD,0x77,0xFC,
    0xDD,0xCB,0xFD,0x26,0xDD,0xCB,0xFE,0x16,0xDD,0xCB,0xFF,0x16,0xC1,0xC5,0xDD,0x7E,
    0x06,0xDD,0x96,0xFC,0xDD,0x7E,0x07,0xDD,0x9E,0xFD,0xDD,0x7E,0x08,0xDD,0x9E,0xFE,
    0xDD,0x7E,0x09,0xDD,0x9E,0xFF,0xDA,0x09,0x0C,0xC5,0xDD,0x6E,0xFA,0xDD,0x66,0xFB,
    0xE5,0xDD,0x6E,0xF8,0xDD,0x66,0xF9,0xE5,0xDD,0x6E,0xF6,0xDD,0x66,0xF7,0xE5,0xCD,
    0x39,0x07,0xF1,0xF1,0xF1,0xC1,0xDD,0x75,0xF8,0xDD,0x74,0xF9,0xDD,0x73,0xFA,0xDD,
    0x72,0xFB,0xDD,0x7E,0xF8,0xDD,0xA6,0xF9,0xDD,0xA6,0xFA,0xDD,0xA6,0xFB,0x3C,0x20,
    0x05,0x2E,0x01,0xC3,0xED,0x0C,0xDD,0x7E,0xF8,0xD6,0x02,0xDD,0x7E,0xF9,0xDE,0x00,
    0xDD,0x7E,0xFA,0xDE,0x00,0xDD,0x7E,0xFB,0xDE,0x00,0x38,0x21,0x69,0x60,0x11,0x0D,
    0x00,0x19,0x5E,0x23,0x56,0x23,0x23,0x7E,0x2B,0x6E,0x67,0xDD,0x7E,0xF8,0x93,0xDD,
    0x7E,0xF9,0x9A,0xDD,0x7E,0xFA,0x9D,0xDD,0x7E,0xFB,0x9C,0x38,0x05,0x2E,0x02,0xC3,
    0xED,0x0C,0xDD,0x7E,0x06,0xDD,0x96,0xFC,0xDD,0x77,0x06,0xDD,0x7E,0x07,0xDD,0x9E,
    0xFD,0xDD,0x77,0x07,0xDD,0x7E,0x08,0xDD,0x9E,0xFE,0xDD,0x77,0x08,0xDD,0x7E,0x09,
    0xDD,0x9E,0xFF,0xDD,0x77,0x09,0xC3,0x4E,0x0B,0xDD,0x4E,0x04,0xDD,0x46,0x05,0x21,
    0x16,0x00,0x09,0xDD,0x75,0xF6,0xDD,0x74,0xF7,0xC5,0xDD,0x6E,0xFA,0xDD,0x66,0xFB,
    0xE5,0xDD,0x6E,0xF8,0xDD,0x66,0xF9,0xE5,0xDD,0x6E,0xF4,0xDD,0x66,0xF5,0xE5,0xCD,
    0x7C,0x06,0xF1,0xF1,0xF1,0xDD,0x75,0xFC,0xDD,0x74,0xFD,0xDD,0x73,0xFE,0xDD,0x72,
    0xFF,0xDD,0x5E,0xF6,0xDD,0x56,0xF7,0x21,0x0A,0x00,0x39,0x01,0x04,0x00,0xED,0xB0,
    0xC1,0x21,0x12,0x00,0x09,0xEB,0xC5,0x21,0x06,0x00,0x39,0x01,0x04,0x00,0xED,0xB0,
    0xDD,0x5E,0xF6,0xDD,0x56,0xF7,0x21,0x06,0x00,0x39,0xEB,0x01,0x04,0x00,0xED,0xB0,
    0xC1,0xDD,0x7E,0xFB,0xDD,0xB6,0xFA,0xDD,0xB6,0xF9,0xDD,0xB6,0xF8,0x20,0x04,0x2E,
    0x02,0x18,0x6A,0xDD,0x5E,0x07,0xDD,0x56,0x08,0xDD,0x6E,0x09,0x26,0x00,0xCB,0x3D,
    0xCB,0x1A,0xCB,0x1B,0x7B,0xDD,0x86,0xF8,0xDD,0x77,0xFC,0x7A,0xDD,0x8E,0xF9,0xDD,
    0x77,0xFD,0x7D,0xDD,0x8E,0xFA,0xDD,0x77,0xFE,0x7C,0xDD,0x8E,0xFB,0xDD,0x77,0xFF,
    0xC5,0xDD,0x5E,0xF6,0xDD,0x56,0xF7,0x21,0x0A,0x00,0x39,0x01,0x04,0x00,0xED,0xB0,
    0xC1,0x21,0x1A,0x00,0x09,0xDD,0x75,0xFE,0xDD,0x74,0xFF,0xDD,0x7E,0xF4,0xC6,0x29,
    0x5F,0xDD,0x7E,0xF5,0xCE,0x00,0x57,0xDD,0x6E,0x06,0xDD,0x7E,0x07,0xE6,0x01,0x67,
    0x19,0xEB,0xDD,0x6E,0xFE,0xDD,0x66,0xFF,0x73,0x23,0x72,0x2E,0x00,0xDD,0xF9,0xDD,
    0xE1,0xC9,0xDD,0xE5,0xDD,0x21,0x00,0x00,0xDD,0x39,0x21,0xE6,0xFF,0x39,0xF9,0xDD,
    0x7E,0x04,0xDD,0x77,0xE6,0xDD,0x7E,0x05,0xDD,0x77,0xE7,0xE1,0xE5,0x7E,0xDD,0x77,
    0xE8,0x23,0x7E,0xDD,0x77,0xE9,0xDD,0x7E,0xE6,0xC6,0x0E,0xDD,0x77,0xEA,0xDD,0x7E,
    0xE7,0xCE,0x00,0xDD,0x77,0xEB,0xDD,0x6E,0xEA,0xDD,0x66,0xEB,0x4E,0x23,0x46,0x23,
    0x5E,0x23,0x56,0x79,0xC6,0x20,0xDD,0x77,0xEC,0x78,0xCE,0x00,0xDD,0x77,0xED,0x7B,
    0xCE,0x00,0xDD,0x77,0xEE,0x7A,0xCE,0x00,0xDD,0x77,0xEF,0xDD,0x7E,0xE6,0xC6,0x16,
    0xDD,0x77,0xF0,0xDD,0x7E,0xE7,0xCE,0x00,0xDD,0x77,0xF1,0xDD,0x7E,0xEE,0xD6,0x20,
    0xDD,0x7E,0xEF,0xDE,0x00,0x38,0x0E,0xDD,0x6E,0xF0,0xDD,0x66,0xF1,0xAF,0x77,0x23,
    0x77,0x23,0x77,0x23,0x77,0xDD,0x5E,0xF0,0xDD,0x56,0xF1,0x21,0x16,0x00,0x39,0xEB,
    0x01,0x04,0x00,0xED,0xB0,0xDD,0x7E,0xFF,0xDD,0xB6,0xFE,0xDD,0xB6,0xFD,0xDD,0xB6,
    0xFC,0x20,0x05,0x2E,0x04,0xC3,0xBF,0x0F,0xDD,0x7E,0xEC,0xDD,0x77,0xF2,0xDD,0x7E,
    0xED,0xE6,0x01,0xDD,0x77,0xF3,0xDD,0x36,0xF4,0x00,0xDD,0x36,0xF5,0x00,0x3E,0x00,
    0xDD,0xB6,0xF4,0xDD,0xB6,0xF3,0xDD,0xB6,0xF2,0xC2,0x8A,0x0F,0xDD,0x7E,0xFC,0xC6,
    0x01,0x4F,0xDD,0x7E,0xFD,0xCE,0x00,0x47,0xDD,0x7E,0xFE,0xCE,0x00,0x5F,0xDD,0x7E,
    0xFF,0xCE,0x00,0x57,0xDD,0x6E,0xF0,0xDD,0x66,0xF1,0x71,0x23,0x70,0x23,0x73,0x23,
    0x72,0xDD,0x7E,0xE6,0xC6,0x12,0xDD,0x77,0xF6,0xDD,0x7E,0xE7,0xCE,0x00,0xDD,0x77,
    0xF7,0xDD,0x5E,0xF6,0xDD,0x56,0xF7,0x21,0x12,0x00,0x39,0xEB,0x01,0x04,0x00,0xED,
    0xB0,0xDD,0x7E,0xFB,0xDD,0xB6,0xFA,0xDD,0xB6,0xF9,0xDD,0xB6,0xF8,0x20,0x5B,0xDD,
    0x4E,0xEC,0xDD,0x46,0xED,0xDD,0x5E,0xEE,0xDD,0x56,0xEF,0x3E,0x05,0xCB,0x3A,0xCB,
    0x1B,0xCB,0x18,0xCB,0x19,0x3D,0x20,0xF5,0xDD,0x6E,0xE8,0xDD,0x66,0xE9,0xC5,0x01,
    0x07,0x00,0x09,0xC1,0x7E,0x23,0x66,0xDD,0x77,0xFC,0xDD,0x74,0xFD,0xAF,0xDD,0x77,
    0xFE,0xDD,0x77,0xFF,0x79,0xDD,0x96,0xFC,0x78,0xDD,0x9E,0xFD,0x7B,0xDD,0x9E,0xFE,
    0x7A,0xDD,0x9E,0xFF,0xDA,0x8A,0x0F,0xDD,0x6E,0xF0,0xDD,0x66,0xF1,0xAF,0x77,0x23,
    0x77,0x23,0x77,0x23,0x77,0x2E,0x04,0xC3,0xBF,0x0F,0xDD,0x4E,0xED,0xDD,0x46,0xEE,
    0xDD,0x5E,0xEF,0x16,0x00,0xCB,0x3B,0xCB,0x18,0xCB,0x19,0xDD,0x6E,0xE8,0xDD,0x66,
    0xE9,0xC5,0x01,0x0A,0x00,0x09,0xC1,0x7E,0x2B,0x6E,0x67,0x2B,0xDD,0x75,0xFC,0xDD,
    0x74,0xFD,0xAF,0xDD,0x77,0xFE,0xDD,0x77,0xFF,0x79,0xDD,0xA6,0xFC,0x4F,0x78,0xDD,
    0xA6,0xFD,0x47,0x7B,0xDD,0xA6,0xFE,0x5F,0x7A,0xDD,0xA6,0xFF,0xB3,0xB0,0xB1,0xC2,
    0x8A,0x0F,0xDD,0x6E,0xFA,0xDD,0x66,0xFB,0xE5,0xDD,0x6E,0xF8,0xDD,0x66,0xF9,0xE5,
    0xDD,0x6E,0xE6,0xDD,0x66,0xE7,0xE5,0xCD,0x39,0x07,0xF1,0xF1,0xF1,0xDD,0x75,0xFC,
    0xDD,0x74,0xFD,0xDD,0x73,0xFE,0xDD,0x72,0xFF,0x3E,0x01,0xDD,0xBE,0xFC,0x3E,0x00,
    0xDD,0x9E,0xFD,0x3E,0x00,0xDD,0x9E,0xFE,0x3E,0x00,0xDD,0x9E,0xFF,0x38,0x05,0x2E,
    0x02,0xC3,0xBF,0x0F,0xDD,0x7E,0xFC,0xDD,0xA6,0xFD,0xDD,0xA6,0xFE,0xDD,0xA6,0xFF,
    0x3C,0x20,0x05,0x2E,0x01,0xC3,0xBF,0x0F,0xC1,0xE1,0xE5,0xC5,0x11,0x0D,0x00,0x19,
    0x4E,0x23,0x46,0x23,0x5E,0x23,0x56,0xDD,0x7E,0xFC,0x91,0xDD,0x7E,0xFD,0x98,0xDD,
    0x7E,0xFE,0x9B,0xDD,0x7E,0xFF,0x9A,0x38,0x28,0xDD,0x7E,0x07,0xDD,0xB6,0x06,0x20,
    0x0E,0xDD,0x6E,0xF0,0xDD,0x66,0xF1,0xAF,0x77,0x23,0x77,0x23,0x77,0x23,0x77,0xDD,
    0x6E,0xF0,0xDD,0x66,0xF1,0xAF,0x77,0x23,0x77,0x23,0x77,0x23,0x77,0x2E,0x04,0x18,
    0x6E,0xDD,0x5E,0xF6,0xDD,0x56,0xF7,0x21,0x16,0x00,0x39,0x01,0x04,0x00,0xED,0xB0,
    0xDD,0x6E,0xFE,0xDD,0x66,0xFF,0xE5,0xDD,0x6E,0xFC,0xDD,0x66,0xFD,0xE5,0xDD,0x6E,
    0xE8,0xDD,0x66,0xE9,0xE5,0xCD,0x7C,0x06,0xF1,0xF1,0xF1,0x4D,0x44,0xDD,0x6E,0xF0,
    0xDD,0x66,0xF1,0x71,0x23,0x70,0x23,0x73,0x23,0x72,0xDD,0x5E,0xEA,0xDD,0x56,0xEB,
    0x21,0x06,0x00,0x39,0x01,0x04,0x00,0xED,0xB0,0xDD,0x7E,0xE6,0xC6,0x1A,0x6F,0xDD,
    0x7E,0xE7,0xCE,0x00,0x67,0xDD,0x7E,0xE8,0xC6,0x29,0x4F,0xDD,0x7E,0xE9,0xCE,0x00,
    0x47,0x79,0xDD,0x86,0xF2,0x4F,0x78,0xDD,0x8E,0xF3,0x71,0x23,0x77,0x2E,0x00,0xDD,
    0xF9,0xDD,0xE1,0xC9,0xDD,0xE5,0xDD,0x21,0x00,0x00,0xDD,0x39,0xF5,0xF5,0xDD,0x7E,
    0x06,0xC6,0x1A,0x4F,0xDD,0x7E,0x07,0xCE,0x00,0x47,0xC5,0xCD,0x9C,0x02,0xF1,0xDD,
    0x75,0xFC,0xDD,0x74,0xFD,0xAF,0xDD,0x77,0xFE,0xDD,0x77,0xFF,0xDD,0x4E,0x04,0xDD,
    0x46,0x05,0x0A,0xD6,0x03,0x20,0x30,0xDD,0x7E,0x06,0xC6,0x14,0x4F,0xDD,0x7E,0x07,
    0xCE,0x00,0x47,0xC5,0xCD,0x9C,0x02,0xF1,0x01,0x00,0x00,0xDD,0x7E,0xFC,0xB1,0xDD,
    0x77,0xFC,0xDD,0x7E,0xFD,0xB0,0xDD,0x77,0xFD,0xDD,0x7E,0xFE,0xB5,0xDD,0x77,0xFE,
    0xDD,0x7E,0xFF,0xB4,0xDD,0x77,0xFF,0xDD,0x6E,0xFC,0xDD,0x66,0xFD,0xDD,0x5E,0xFE,
    0xDD,0x56,0xFF,0xDD,0xF9,0xDD,0xE1,0xC9,0xDD,0xE5,0xDD,0x21,0x00,0x00,0xDD,0x39,
    0x21,0xF0,0xFF,0x39,0xF9,0xDD,0x7E,0x06,0xC6,0x1A,0x4F,0xDD,0x7E,0x07,0xCE,0x00,
    0x47,0xC5,0xCD,0x9C,0x02,0xF1,0x7C,0xB5,0x28,0x06,0x21,0x00,0x00,0xC3,0x90,0x11,
    0xDD,0x4E,0x06,0xDD,0x46,0x07,0x0A,0xE6,0x3F,0x5F,0x16,0x00,0x1B,0x6B,0x62,0x29,
    0x19,0x29,0x29,0x19,0xE3,0x11,0x01,0x00,0xDD,0x7E,0xF0,0xDD,0x77,0xFC,0xDD,0x7E,
    0xF1,0xDD,0x77,0xFD,0xAF,0xDD,0x77,0xFE,0xDD,0x77,0xFF,0xDD,0x7E,0xFE,0xD6,0x0D,
    0xDD,0x7E,0xFF,0xDE,0x00,0xD2,0x6C,0x11,0x3E,0xC0,0xDD,0x86,0xFE,0x6F,0x3E,0x02,
    0xDD,0x8E,0xFF,0x67,0x6E,0x26,0x00,0x09,0xC5,0xD5,0xE5,0xCD,0x9C,0x02,0xF1,0xD1,
    0xC1,0xDD,0x75,0xF2,0xDD,0x74,0xF3,0x7A,0xB3,0xCA,0x51,0x11,0xDD,0x7E,0xFC,0xD6,
    0x81,0xDD,0x7E,0xFD,0xDE,0x00,0x30,0x7C,0xDD,0x5E,0xF2,0xDD,0x56,0xF3,0x21,0x00,
    0x00,0xC5,0xE5,0xD5,0xCD,0x71,0x3D,0xF1,0xF1,0xDD,0x75,0xF4,0xDD,0x74,0xF5,0xDD,
    0x73,0xF6,0xDD,0x72,0xF7,0xC1,0xDD,0x6E,0xFC,0xDD,0x66,0xFD,0xDD,0x34,0xFC,0x20,
    0x03,0xDD,0x34,0xFD,0xDD,0x7E,0xFC,0xDD,0x77,0xF0,0xDD,0x7E,0xFD,0xDD,0x77,0xF1,
    0x29,0xEB,0xDD,0x6E,0x04,0xDD,0x66,0x05,0x19,0x5E,0x23,0x56,0x21,0x00,0x00,0xC5,
    0xE5,0xD5,0xCD,0x71,0x3D,0xF1,0xF1,0xDD,0x75,0xF8,0xDD,0x74,0xF9,0xDD,0x73,0xFA,
    0xDD,0x72,0xFB,0xC1,0xDD,0x7E,0xF4,0xDD,0x96,0xF8,0x20,0x18,0xDD,0x7E,0xF5,0xDD,
    0x96,0xF9,0x20,0x10,0xDD,0x7E,0xF6,0xDD,0x96,0xFA,0x20,0x08,0xDD,0x7E,0xF7,0xDD,
    0x96,0xFB,0x28,0x05,0x21,0x00,0x00,0x18,0x47,0xDD,0x5E,0xF2,0xDD,0x56,0xF3,0x18,
    0x0F,0xDD,0x7E,0xF2,0xDD,0x66,0xF3,0xA4,0x3C,0x28,0x05,0x21,0x00,0x00,0x18,0x30,
    0xDD,0x34,0xFE,0xC2,0x8B,0x10,0xDD,0x34,0xFF,0xC3,0x8B,0x10,0x0A,0xCB,0x77,0x28,
    0x1C,0x7A,0xB3,0x28,0x18,0xC1,0xC5,0xCB,0x21,0xCB,0x10,0xDD,0x6E,0x04,0xDD,0x66,
    0x05,0x09,0x7E,0x23,0x4E,0xB1,0x28,0x05,0x21,0x00,0x00,0x18,0x03,0x21,0x01,0x00,
    0xDD,0xF9,0xDD,0xE1,0xC9,0xDD,0xE5,0xDD,0x21,0x00,0x00,0xDD,0x39,0x21,0xF8,0xFF,
    0x39,0xF9,0xDD,0x7E,0x06,0xC6,0x1A,0x4F,0xDD,0x7E,0x07,0xCE,0x00,0x47,0xC5,0xCD,
    0x9C,0x02,0xF1,0x7C,0xB5,0x28,0x06,0x21,0x00,0x00,0xC3,0xAE,0x12,0xDD,0x4E,0x06,
    0xDD,0x46,0x07,0x0A,0x5F,0x16,0x00,0xCB,0xB3,0x1B,0x6B,0x62,0x29,0x19,0x29,0x29,
    0x19,0xE3,0xDD,0x36,0xFC,0x01,0xAF,0xDD,0x77,0xFD,0xDD,0x7E,0xF8,0xDD,0x77,0xFE,
    0xDD,0x7E,0xF9,0xDD,0x77,0xFF,0x11,0x00,0x00,0x7B,0xD6,0x0D,0x7A,0xDE,0x00,0xD2,
    0x7C,0x12,0x21,0xC0,0x02,0x19,0x6E,0x26,0x00,0x09,0xC5,0xD5,0xE5,0xCD,0x9C,0x02,
    0xF1,0xD1,0xC1,0xDD,0x75,0xFA,0xDD,0x74,0xFB,0xDD,0x7E,0xFD,0xDD,0xB6,0xFC,0x28,
    0x58,0xDD,0x7E,0xFE,0xD6,0x81,0xDD,0x7E,0xFF,0xDE,0x00,0x38,0x06,0x21,0x00,0x00,
    0xC3,0xAE,0x12,0xDD,0x6E,0xFE,0xDD,0x66,0xFF,0xDD,0x34,0xFE,0x20,0x03,0xDD,0x34,
    0xFF,0xDD,0x7E,0xFE,0xDD,0x77,0xF8,0xDD,0x7E,0xFF,0xDD,0x77,0xF9,0x29,0xDD,0x75,
    0xFC,0xDD,0x74,0xFD,0xDD,0x7E,0x04,0xDD,0x86,0xFC,0x6F,0xDD,0x7E,0x05,0xDD,0x8E,
    0xFD,0x67,0xDD,0x7E,0xFA,0xDD,0x77,0xFC,0xDD,0x7E,0xFB,0xDD,0x77,0xFD,0xDD,0x7E,
    0xFA,0x77,0x23,0xDD,0x7E,0xFB,0x77,0x18,0x0F,0xDD,0x7E,0xFA,0xDD,0x66,0xFB,0xA4,
    0x3C,0x28,0x05,0x21,0x00,0x00,0x18,0x36,0x13,0xC3,0xE9,0x11,0x0A,0xCB,0x77,0x28,
    0x2A,0xDD,0x7E,0xFD,0xDD,0xB6,0xFC,0x28,0x22,0xDD,0x7E,0xF8,0xD6,0x81,0xDD,0x7E,
    0xF9,0xDE,0x00,0x38,0x05,0x21,0x00,0x00,0x18,0x14,0xC1,0xC5,0xCB,0x21,0xCB,0x10,
    0xDD,0x6E,0x04,0xDD,0x66,0x05,0x09,0xAF,0x77,0x23,0x77,0x21,0x01,0x00,0xDD,0xF9,
    0xDD,0xE1,0xC9,0xDD,0xE5,0xDD,0x21,0x00,0x00,0xDD,0x39,0x3B,0xAF,0xDD,0x77,0xFF,
    0x01,0x0B,0x00,0xDD,0x6E,0x04,0xDD,0x66,0x05,0xDD,0x5E,0xFF,0xCB,0x3B,0xDD,0x7E,
    0xFF,0x0F,0xE6,0x80,0x83,0x5E,0x23,0x83,0xDD,0x77,0xFF,0x59,0x50,0x1B,0x4B,0x7A,
    0x47,0xB3,0x20,0xE5,0xDD,0x6E,0xFF,0x33,0xDD,0xE1,0xC9,0xDD,0xE5,0xDD,0x21,0x00,
    0x00,0xDD,0x39,0x21,0xEF,0xFF,0x39,0xF9,0xDD,0x36,0xFE,0x04,0xDD,0x7E,0x04,0xDD,
    0x77,0xEF,0xDD,0x7E,0x05,0xDD,0x77,0xF0,0xE1,0xE5,0x7E,0xDD,0x77,0xF1,0x23,0x7E,
    0xDD,0x77,0xF2,0xDD,0x36,0xF3,0xFF,0xDD,0x36,0xF4,0xFF,0xDD,0x7E,0xEF,0xDD,0x77,
    0xF5,0xDD,0x7E,0xF0,0xDD,0x77,0xF6,0xDD,0x7E,0xF1,0xDD,0x77,0xF7,0xDD,0x7E,0xF2,
    0xDD,0x77,0xF8,0xDD,0x7E,0xEF,0xC6,0x16,0xDD,0x77,0xF9,0xDD,0x7E,0xF0,0xCE,0x00,
    0xDD,0x77,0xFA,0xDD,0x6E,0xF9,0xDD,0x66,0xFA,0x4E,0x23,0x46,0x23,0x5E,0x23,0x56,
    0x7A,0xB3,0xB0,0xB1,0xCA,0xCE,0x14,0xD5,0xC5,0xDD,0x6E,0xF1,0xDD,0x66,0xF2,0xE5,
    0xCD,0xDE,0x05,0xF1,0xF1,0xF1,0xDD,0x75,0xFE,0x7D,0xB7,0xC2,0xCE,0x14,0xDD,0x7E,
    0xEF,0xC6,0x1A,0xDD,0x77,0xFB,0xDD,0x7E,0xF0,0xCE,0x00,0xDD,0x77,0xFC,0xDD,0x6E,
    0xFB,0xDD,0x66,0xFC,0x7E,0x23,0x66,0x6F,0x7E,0xDD,0x77,0xFF,0xB7,0x20,0x07,0xDD,
    0x36,0xFE,0x04,0xC3,0xCE,0x14,0xDD,0x7E,0xEF,0xC6,0x04,0x5F,0xDD,0x7E,0xF0,0xCE,
    0x00,0x57,0x01,0x0B,0x00,0x09,0x7E,0xE6,0x3F,0x4F,0x12,0xDD,0x7E,0xFF,0xD6,0xE5,
    0x28,0x23,0xDD,0x7E,0xFF,0xD6,0x2E,0x28,0x1C,0x59,0x16,0x00,0xCB,0xAB,0x7B,0xD6,
    0x08,0xB2,0x3E,0x01,0x28,0x01,0xAF,0x5F,0x16,0x00,0xDD,0x6E,0x06,0xDD,0x66,0x07,
    0xBF,0xED,0x52,0x28,0x07,0xDD,0x36,0xF3,0xFF,0xC3,0xB8,0x14,0x79,0xD6,0x0F,0xC2,
    0x84,0x14,0xDD,0xCB,0xFF,0x76,0x28,0x56,0xDD,0x6E,0xFB,0xDD,0x66,0xFC,0x7E,0xDD,
    0x77,0xFD,0x23,0x7E,0xDD,0x77,0xFE,0xDD,0x6E,0xFD,0xDD,0x66,0xFE,0x11,0x0D,0x00,
    0x19,0x7E,0xDD,0x77,0xF4,0xDD,0x7E,0xFF,0xE6,0xBF,0xDD,0x77,0xFF,0xDD,0x77,0xF3,
    0xDD,0x7E,0xEF,0xC6,0x28,0xDD,0x77,0xFD,0xDD,0x7E,0xF0,0xCE,0x00,0xDD,0x77,0xFE,
    0xDD,0x6E,0xF5,0xDD,0x66,0xF6,0x11,0x0E,0x00,0x19,0x4E,0x23,0x46,0x23,0x5E,0x23,
    0x56,0xDD,0x6E,0xFD,0xDD,0x66,0xFE,0x71,0x23,0x70,0x23,0x73,0x23,0x72,0xDD,0x7E,
    0xFF,0xDD,0x96,0xF3,0x20,0x36,0xDD,0x6E,0xFB,0xDD,0x66,0xFC,0x4E,0x23,0x46,0x69,
    0x60,0x11,0x0D,0x00,0x19,0xDD,0x7E,0xF4,0x96,0x20,0x21,0xDD,0x6E,0xF7,0xDD,0x66,
    0xF8,0x11,0x0B,0x00,0x19,0x5E,0x23,0x56,0xC5,0xD5,0xCD,0x95,0x11,0xF1,0xF1,0x7C,
    0xB5,0x28,0x09,0xDD,0x7E,0xF3,0x3D,0x4F,0x17,0x9F,0x18,0x03,0x01,0xFF,0x00,0xDD,
    0x71,0xF3,0x18,0x34,0xDD,0x7E,0xF3,0xB7,0x20,0x15,0xDD,0x6E,0xFB,0xDD,0x66,0xFC,
    0x4E,0x23,0x46,0xC5,0xCD,0xB3,0x12,0xF1,0x4D,0xDD,0x7E,0xF4,0x91,0x28,0x2F,0xDD,
    0x7E,0xEF,0xC6,0x28,0x6F,0xDD,0x7E,0xF0,0xCE,0x00,0x67,0x36,0xFF,0x23,0x36,0xFF,
    0x23,0x36,0xFF,0x23,0x36,0xFF,0x18,0x16,0x21,0x00,0x00,0x4D,0x44,0xE1,0xE5,0xC5,
    0xE5,0xCD,0xF2,0x0C,0xF1,0xF1,0xDD,0x75,0xFE,0x7D,0xB7,0xCA,0x43,0x13,0xDD,0x7E,
    0xFE,0xB7,0x28,0x0E,0xDD,0x6E,0xF9,0xDD,0x66,0xFA,0xAF,0x77,0x23,0x77,0x23,0x77,
    0x23,0x77,0xDD,0x6E,0xFE,0xDD,0xF9,0xDD,0xE1,0xC9,0xDD,0xE5,0xDD,0x21,0x00,0x00,
    0xDD,0x39,0x21,0xE5,0xFF,0x39,0xF9,0xDD,0x7E,0x04,0xDD,0x77,0xFE,0xDD,0x7E,0x05,
    0xDD,0x77,0xFF,0xDD,0x6E,0xFE,0xDD,0x66,0xFF,0x7E,0xDD,0x77,0xE9,0x23,0x7E,0xDD,
    0x77,0xEA,0x21,0x00,0x00,0xE5,0x21,0x00,0x00,0xE5,0xDD,0x6E,0xFE,0xDD,0x66,0xFF,
    0xE5,0xCD,0x03,0x0A,0xF1,0xF1,0xF1,0xDD,0x75,0xFD,0x7D,0xB7,0x28,0x06,0xDD,0x6E,
    0xFD,0xC3,0x55,0x17,0xDD,0x36,0xEB,0xFF,0xDD,0x36,0xEC,0xFF,0xDD,0x7E,0xFE,0xDD,
    0x77,0xED,0xDD,0x7E,0xFF,0xDD,0x77,0xEE,0xDD,0x7E,0xFE,0xC6,0x28,0xDD,0x77,0xEF,
    0xDD,0x7E,0xFF,0xCE,0x00,0xDD,0x77,0xF0,0xDD,0x6E,0xEF,0xDD,0x66,0xF0,0x36,0xFF,
    0x23,0x36,0xFF,0x23,0x36,0xFF,0x23,0x36,0xFF,0xDD,0x7E,0xFE,0xDD,0x77,0xF1,0xDD,
    0x7E,0xFF,0xDD,0x77,0xF2,0xDD,0x7E,0xE9,0xDD,0x77,0xF3,0xDD,0x7E,0xEA,0xDD,0x77,
    0xF4,0xDD,0x7E,0xFE,0xC6,0x1C,0xDD,0x77,0xF5,0xDD,0x7E,0xFF,0xCE,0x00,0xDD,0x77,
    0xF6,0xDD,0x7E,0xFE,0xC6,0x27,0xDD,0x77,0xF7,0xDD,0x7E,0xFF,0xCE,0x00,0xDD,0x77,
    0xF8,0xDD,0x7E,0xF7,0xDD,0x77,0xF9,0xDD,0x7E,0xF8,0xDD,0x77,0xFA,0xDD,0x7E,0xFE,
    0xDD,0x77,0xFB,0xDD,0x7E,0xFF,0xDD,0x77,0xFC,0xDD,0x6E,0xFB,0xDD,0x66,0xFC,0x11,
    0x16,0x00,0x19,0x4E,0x23,0x46,0x23,0x5E,0x23,0x56,0xD5,0xC5,0xDD,0x6E,0xE9,0xDD,
    0x66,0xEA,0xE5,0xCD,0xDE,0x05,0xF1,0xF1,0xF1,0xDD,0x75,0xFD,0x7D,0xB7,0xC2,0x52,
    0x17,0xDD,0x7E,0xED,0xC6,0x1A,0x4F,0xDD,0x7E,0xEE,0xCE,0x00,0x47,0x69,0x60,0x7E,
    0x23,0x66,0x6F,0x5E,0x7B,0xB7,0x20,0x07,0xDD,0x36,0xFD,0x04,0xC3,0x52,0x17,0xDD,
    0x7E,0xED,0xC6,0x04,0xDD,0x77,0xFE,0xDD,0x7E,0xEE,0xCE,0x00,0xDD,0x77,0xFF,0xC5,
    0x01,0x0B,0x00,0x09,0xC1,0x7E,0xE6,0x3F,0x57,0xDD,0x6E,0xFE,0xDD,0x66,0xFF,0x77,
    0x7B,0xD6,0xE5,0x28,0x10,0x7A,0xD6,0x0F,0x3E,0x01,0x28,0x01,0xAF,0xCB,0x5A,0x28,
    0x1C,0xCB,0x47,0x20,0x18,0xDD,0x36,0xEC,0xFF,0xDD,0x6E,0xEF,0xDD,0x66,0xF0,0x36,
    0xFF,0x23,0x36,0xFF,0x23,0x36,0xFF,0x23,0x36,0xFF,0xC3,0x3A,0x17,0xB7,0xCA,0xE7,
    0x16,0xDD,0x6E,0xF9,0xDD,0x66,0xFA,0xCB,0x76,0xC2,0x3A,0x17,0xCB,0x73,0x28,0x47,
    0x69,0x60,0x56,0x23,0x66,0x6A,0xC5,0x01,0x0D,0x00,0x09,0xC1,0x7E,0xDD,0x77,0xEB,
    0xCB,0xB3,0xDD,0x73,0xEC,0xDD,0x6E,0xF1,0xDD,0x66,0xF2,0xC5,0x01,0x0E,0x00,0x09,
    0xC1,0x7E,0xDD,0x77,0xE5,0x23,0x7E,0xDD,0x77,0xE6,0x23,0x7E,0xDD,0x77,0xE7,0x23,
    0x7E,0xDD,0x77,0xE8,0xD5,0xC5,0xDD,0x5E,0xEF,0xDD,0x56,0xF0,0x21,0x04,0x00,0x39,
    0x01,0x04,0x00,0xED,0xB0,0xC1,0xD1,0xDD,0x7E,0xEC,0x93,0x20,0x32,0x69,0x60,0x5E,
    0x23,0x56,0x6B,0x62,0x01,0x0D,0x00,0x09,0xDD,0x7E,0xEB,0x96,0x20,0x21,0xDD,0x6E,
    0xF3,0xDD,0x66,0xF4,0x01,0x0B,0x00,0x09,0x4E,0x23,0x46,0xD5,0xC5,0xCD,0x38,0x10,
    0xF1,0xF1,0x7C,0xB5,0x28,0x09,0xDD,0x7E,0xEC,0x3D,0x4F,0x17,0x9F,0x18,0x03,0x01,
    0xFF,0x00,0xDD,0x71,0xEC,0x18,0x53,0xDD,0x7E,0xEC,0xB7,0x20,0x13,0x69,0x60,0x5E,
    0x23,0x56,0xC5,0xD5,0xCD,0xB3,0x12,0xF1,0x5D,0xC1,0xDD,0x7E,0xEB,0x93,0x28,0x52,
    0xDD,0x6E,0xF7,0xDD,0x66,0xF8,0x7E,0x0F,0x38,0x1B,0xDD,0x5E,0xF5,0xDD,0x56,0xF6,
    0x69,0x60,0x4E,0x23,0x46,0x21,0x0B,0x00,0xE5,0xD5,0xC5,0xCD,0x47,0x04,0xF1,0xF1,
    0xF1,0x7C,0xB5,0x28,0x2D,0xDD,0x36,0xEC,0xFF,0xDD,0x6E,0xEF,0xDD,0x66,0xF0,0x36,
    0xFF,0x23,0x36,0xFF,0x23,0x36,0xFF,0x23,0x36,0xFF,0x21,0x00,0x00,0xE5,0xDD,0x6E,
    0xED,0xDD,0x66,0xEE,0xE5,0xCD,0xF2,0x0C,0xF1,0xF1,0xDD,0x75,0xFD,0x7D,0xB7,0xCA,
    0xB9,0x15,0xDD,0x6E,0xFD,0xDD,0xF9,0xDD,0xE1,0xC9,0xDD,0xE5,0xDD,0x21,0x00,0x00,
    0xDD,0x39,0x21,0xE6,0xFF,0x39,0xF9,0xDD,0x7E,0x04,0xDD,0x77,0xE6,0xDD,0x7E,0x05,
    0xDD,0x77,0xE7,0xE1,0xE5,0x7E,0xDD,0x77,0xFE,0x23,0x7E,0xDD,0x77,0xFF,0xDD,0x7E,
    0x06,0xDD,0x77,0xE8,0xDD,0x7E,0x07,0xDD,0x77,0xE9,0xDD,0x7E,0xE8,0xC6,0x16,0xDD,
    0x77,0xEA,0xDD,0x7E,0xE9,0xCE,0x00,0xDD,0x77,0xEB,0xDD,0x6E,0xEA,0xDD,0x66,0xEB,
    0x36,0x00,0xE1,0xE5,0x11,0x16,0x00,0x19,0x7E,0xDD,0x77,0xFA,0x23,0x7E,0xDD,0x77,
    0xFB,0x23,0x7E,0xDD,0x77,0xFC,0x23,0x7E,0xDD,0x77,0xFD,0xDD,0xB6,0xFC,0xDD,0xB6,
    0xFB,0xDD,0xB6,0xFA,0xCA,0x67,0x1B,0xE1,0xE5,0x11,0x28,0x00,0x19,0x4E,0x23,0x46,
    0x23,0x5E,0x23,0x56,0x79,0xA0,0xA3,0xA2,0x3C,0xCA,0x0D,0x19,0xAF,0xDD,0x77,0xEC,
    0xDD,0x77,0xED,0x01,0x00,0x00,0xDD,0x7E,0xFE,0xDD,0x77,0xEE,0xDD,0x7E,0xFF,0xDD,
    0x77,0xEF,0xDD,0x7E,0xE8,0xC6,0x16,0xDD,0x77,0xF0,0xDD,0x7E,0xE9,0xCE,0x00,0xDD,
    0x77,0xF1,0xAF,0xDD,0x77,0xFE,0xDD,0x77,0xFF,0xDD,0x6E,0xEE,0xDD,0x66,0xEF,0x11,
    0x0B,0x00,0x19,0x5E,0x23,0x56,0xDD,0x6E,0xFE,0xDD,0x66,0xFF,0x29,0x19,0x5E,0x23,
    0x56,0x7A,0xB3,0xCA,0xF9,0x18,0xDD,0x34,0xFE,0x20,0x03,0xDD,0x34,0xFF,0xDD,0x7E,
    0xED,0xDD,0xB6,0xEC,0x20,0x17,0x6B,0x62,0x7C,0xD6,0xD8,0x38,0x10,0x3E,0xFF,0xBD,
    0x3E,0xDF,0x9C,0x38,0x08,0xDD,0x73,0xEC,0xDD,0x72,0xED,0x18,0xBC,0x3E,0xFF,0x91,
    0xDD,0x77,0xF2,0x3E,0x00,0x98,0xDD,0x77,0xF3,0xDD,0x7E,0xF0,0x81,0xDD,0x77,0xF4,
    0xDD,0x7E,0xF1,0x88,0xDD,0x77,0xF5,0xDD,0x7E,0xEC,0xDD,0x77,0xFA,0xDD,0x7E,0xED,
    0xDD,0x77,0xFB,0xAF,0xDD,0x77,0xFC,0xDD,0x77,0xFD,0xF5,0xDD,0x7E,0xFA,0xDD,0x77,
    0xF8,0xDD,0x7E,0xFB,0xDD,0x77,0xF9,0xF1,0xDD,0x36,0xF6,0x00,0xDD,0x36,0xF7,0x00,
    0x21,0x00,0x00,0xDD,0x7E,0xF6,0xB3,0xDD,0x77,0xFA,0xDD,0x7E,0xF7,0xB2,0xDD,0x77,
    0xFB,0xDD,0x7E,0xF8,0xB5,0xDD,0x77,0xFC,0xDD,0x7E,0xF9,0xB4,0xDD,0x77,0xFD,0xC5,
    0xDD,0x6E,0xF2,0xDD,0x66,0xF3,0xE5,0xDD,0x6E,0xF4,0xDD,0x66,0xF5,0xE5,0xDD,0x6E,
    0xFC,0xDD,0x66,0xFD,0xE5,0xDD,0x6E,0xFA,0xDD,0x66,0xFB,0xE5,0xCD,0x74,0x05,0xF1,
    0xF1,0xF1,0xF1,0xC1,0x26,0x00,0x7C,0xB5,0x20,0x05,0x01,0x00,0x00,0x18,0x1A,0xDD,
    0x71,0xFC,0xDD,0x70,0xFD,0xDD,0x7E,0xFC,0x85,0x4F,0xDD,0x7E,0xFD,0x8C,0x47,0xAF,
    0xDD,0x77,0xEC,0xDD,0x77,0xED,0xC3,0x09,0x18,0xDD,0x7E,0xED,0xDD,0xB6,0xEC,0x28,
    0x03,0x01,0x00,0x00,0xDD,0x6E,0xF0,0xDD,0x66,0xF1,0x09,0x36,0x00,0x01,0x00,0x00,
    0xDD,0x7E,0xE6,0xC6,0x1A,0xDD,0x77,0xFE,0xDD,0x7E,0xE7,0xCE,0x00,0xDD,0x77,0xFF,
    0xDD,0x7E,0xE8,0xC6,0x09,0xDD,0x77,0xF8,0xDD,0x7E,0xE9,0xCE,0x00,0xDD,0x77,0xF9,
    0xDD,0x7E,0xF8,0xDD,0x77,0xFA,0xDD,0x7E,0xF9,0xDD,0x77,0xFB,0xAF,0xDD,0x77,0xFC,
    0xDD,0x77,0xFD,0xDD,0x7E,0xFC,0xD6,0x0B,0xDD,0x7E,0xFD,0xDE,0x00,0x30,0x5D,0xDD,
    0x6E,0xFE,0xDD,0x66,0xFF,0x5E,0x23,0x56,0xDD,0x6E,0xFC,0xDD,0x66,0xFD,0x19,0xDD,
    0x34,0xFC,0x20,0x03,0xDD,0x34,0xFD,0x5E,0x16,0x00,0x6B,0x62,0x7D,0xD6,0x20,0xB4,
    0x28,0xD1,0x7D,0xD6,0x05,0xB4,0x20,0x03,0x11,0xE5,0x00,0xDD,0x7E,0xFC,0xD6,0x09,
    0xDD,0xB6,0xFD,0x20,0x17,0x79,0xD6,0x0C,0x78,0xDE,0x00,0x30,0x0F,0x69,0x60,0x03,
    0xDD,0x7E,0xF8,0x85,0x6F,0xDD,0x7E,0xF9,0x8C,0x67,0x36,0x2E,0x69,0x60,0x03,0xDD,
    0x7E,0xFA,0x85,0x6F,0xDD,0x7E,0xFB,0x8C,0x67,0x73,0x18,0x97,0xDD,0x7E,0xE8,0xC6,
    0x09,0xDD,0x77,0xF8,0xDD,0x7E,0xE9,0xCE,0x00,0xDD,0x77,0xF9,0xDD,0x6E,0xF8,0xDD,
    0x66,0xF9,0x09,0x36,0x00,0xDD,0x6E,0xEA,0xDD,0x66,0xEB,0x7E,0xB7,0xC2,0xD5,0x1A,
    0xDD,0x7E,0xE8,0xC6,0x16,0x5F,0xDD,0x7E,0xE9,0xCE,0x00,0x57,0x78,0xB1,0x20,0x09,
    0x69,0x60,0x03,0x19,0x36,0x3F,0xC3,0xAC,0x1A,0xDD,0x36,0xEF,0x08,0xDD,0x7E,0xFE,
    0xDD,0x77,0xF0,0xDD,0x7E,0xFF,0xDD,0x77,0xF1,0xDD,0x73,0xF2,0xDD,0x72,0xF3,0xAF,
    0xDD,0x77,0xFA,0xDD,0x77,0xFB,0xAF,0xDD,0x77,0xFC,0xDD,0x77,0xFD,0xDD,0x7E,0xF8,
    0xDD,0x86,0xFA,0x4F,0xDD,0x7E,0xF9,0xDD,0x8E,0xFB,0x47,0x0A,0xB7,0xCA,0xA6,0x1A,
    0xDD,0x77,0xF4,0xAF,0xDD,0x77,0xF5,0xDD,0x7E,0xF4,0xDD,0x77,0xF6,0xDD,0x7E,0xF5,
    0xDD,0x77,0xF7,0xDD,0x7E,0xF6,0xD6,0x2E,0xDD,0xB6,0xF7,0x20,0x04,0xDD,0x36,0xEF,
    0x10,0xDD,0x7E,0xF6,0xD6,0x41,0xDD,0x7E,0xF7,0xDE,0x00,0x38,0x33,0x3E,0x5A,0xDD,
    0xBE,0xF6,0x3E,0x00,0xDD,0x9E,0xF7,0x38,0x27,0xDD,0x6E,0xF0,0xDD,0x66,0xF1,0x4E,
    0x23,0x66,0x69,0x11,0x0C,0x00,0x19,0x7E,0xDD,0xA6,0xEF,0xB7,0x28,0x12,0xDD,0x7E,
    0xF6,0xC6,0x20,0x4F,0xDD,0x7E,0xF7,0xCE,0x00,0x47,0xDD,0x71,0xF4,0xDD,0x70,0xF5,
    0xDD,0x7E,0xF2,0xDD,0x86,0xFC,0x4F,0xDD,0x7E,0xF3,0xDD,0x8E,0xFD,0x47,0xDD,0x7E,
    0xF4,0x02,0xDD,0x34,0xFA,0x20,0x03,0xDD,0x34,0xFB,0xDD,0x34,0xFC,0xC2,0x0D,0x1A,
    0xDD,0x34,0xFD,0xC3,0x0D,0x1A,0xDD,0x4E,0xFC,0xDD,0x46,0xFD,0xDD,0x7E,0xE8,0xC6,
    0x16,0x6F,0xDD,0x7E,0xE9,0xCE,0x00,0x67,0x09,0x36,0x00,0xDD,0x6E,0xFE,0xDD,0x66,
    0xFF,0x4E,0x23,0x66,0x69,0x11,0x0C,0x00,0x19,0x7E,0xB7,0x20,0x08,0xDD,0x6E,0xF8,
    0xDD,0x66,0xF9,0x36,0x00,0xDD,0x7E,0xE8,0xC6,0x08,0x4F,0xDD,0x7E,0xE9,0xCE,0x00,
    0x47,0xDD,0x6E,0xFE,0xDD,0x66,0xFF,0x5E,0x23,0x66,0x6B,0x11,0x0B,0x00,0x19,0x7E,
    0x02,0xDD,0x6E,0xFE,0xDD,0x66,0xFF,0x4E,0x23,0x46,0x21,0x1C,0x00,0x09,0xE5,0xCD,
    0x4D,0x03,0xF1,0x4D,0x44,0xDD,0x6E,0xE8,0xDD,0x66,0xE9,0x71,0x23,0x70,0x23,0x73,
    0x23,0x72,0xDD,0x7E,0xE8,0xC6,0x06,0x4F,0xDD,0x7E,0xE9,0xCE,0x00,0x47,0xDD,0x6E,
    0xFE,0xDD,0x66,0xFF,0x5E,0x23,0x56,0x21,0x16,0x00,0x19,0xC5,0xE5,0xCD,0x9C,0x02,
    0xF1,0xEB,0xC1,0x7B,0x02,0x03,0x7A,0x02,0xDD,0x7E,0xE8,0xC6,0x04,0x4F,0xDD,0x7E,
    0xE9,0xCE,0x00,0x47,0xDD,0x6E,0xFE,0xDD,0x66,0xFF,0x5E,0x23,0x56,0x21,0x18,0x00,
    0x19,0xC5,0xE5,0xCD,0x9C,0x02,0xF1,0xDD,0x75,0xFE,0xDD,0x74,0xFF,0xC1,0xDD,0x7E,
    0xFE,0x02,0x03,0xDD,0x7E,0xFF,0x02,0xDD,0xF9,0xDD,0xE1,0xC9,0xDD,0xE5,0xDD,0x21,
    0x00,0x00,0xDD,0x39,0x21,0xEA,0xFF,0x39,0xF9,0xDD,0x7E,0x06,0xDD,0x77,0xF8,0xDD,
    0x7E,0x07,0xDD,0x77,0xF9,0xDD,0x6E,0xF8,0xDD,0x66,0xF9,0x7E,0xDD,0x77,0xEA,0x23,
    0x7E,0xDD,0x77,0xEB,0xDD,0x7E,0x04,0xDD,0x77,0xEC,0xDD,0x7E,0x05,0xDD,0x77,0xED,
    0xDD,0x6E,0xEC,0xDD,0x66,0xED,0x4E,0x23,0x66,0x69,0x11,0x0B,0x00,0x19,0x7E,0xDD,
    0x77,0xEE,0x23,0x7E,0xDD,0x77,0xEF,0xAF,0xDD,0x77,0xFC,0xDD,0x77,0xFD,0x21,0x00,
    0x00,0x39,0xDD,0x75,0xFE,0xDD,0x74,0xFF,0xE5,0xCD,0xDC,0x04,0xF1,0xDD,0x75,0xF4,
    0xDD,0x74,0xF5,0xDD,0x73,0xF6,0xDD,0x72,0xF7,0xDD,0x7E,0xF4,0xDD,0xA6,0xF5,0xDD,
    0xA6,0xF6,0xDD,0xA6,0xF7,0x3C,0x20,0x05,0x2E,0x06,0xC3,0xA2,0x21,0xDD,0x7E,0xF6,
    0xD6,0x01,0xDD,0x7E,0xF7,0xDE,0x00,0x38,0x5C,0xDD,0x7E,0xFC,0xDD,0x77,0xFE,0xDD,
    0x7E,0xFD,0xDD,0x77,0xFF,0xDD,0x34,0xFC,0x20,0x03,0xDD,0x34,0xFD,0xDD,0x7E,0xFE,
    0xDD,0x77,0xFA,0xDD,0x7E,0xFF,0xDD,0x77,0xFB,0xDD,0xCB,0xFA,0x26,0xDD,0xCB,0xFB,
    0x16,0xDD,0x7E,0xEE,0xDD,0x86,0xFA,0xDD,0x77,0xFE,0xDD,0x7E,0xEF,0xDD,0x8E,0xFB,
    0xDD,0x77,0xFF,0xDD,0x7E,0xF6,0xDD,0x77,0xF0,0xDD,0x7E,0xF7,0xDD,0x77,0xF1,0xAF,
    0xDD,0x77,0xF2,0xDD,0x77,0xF3,0xDD,0x4E,0xF0,0xDD,0x46,0xF1,0xDD,0x6E,0xFE,0xDD,
    0x66,0xFF,0x71,0x23,0x70,0xDD,0x7E,0xF4,0xDD,0x77,0xF6,0xDD,0x7E,0xF5,0xDD,0x77,
    0xF7,0xDD,0x4E,0xF6,0xDD,0x46,0xF7,0x79,0xD6,0x20,0x78,0xDE,0x00,0x3E,0x00,0x17,
    0xDD,0x77,0xFF,0xB7,0xC2,0x0F,0x1D,0x79,0xD6,0x2F,0xB0,0xCA,0x0F,0x1D,0x79,0xD6,
    0x5C,0xB0,0xCA,0x0F,0x1D,0x79,0xD6,0x80,0x78,0xDE,0x00,0x30,0x25,0xDD,0x7E,0xF6,
    0xDD,0x77,0xFE,0xDD,0x7E,0xF7,0xDD,0x77,0xFF,0xDD,0x6E,0xFE,0xDD,0x66,0xFF,0xE5,
    0x21,0xA7,0x21,0xE5,0xCD,0x9B,0x04,0xF1,0xF1,0x7C,0xB5,0x28,0x05,0x2E,0x06,0xC3,
    0xA2,0x21,0xDD,0x7E,0xFC,0xD6,0x80,0xDD,0x7E,0xFD,0xDE,0x00,0x38,0x05,0x2E,0x06,
    0xC3,0xA2,0x21,0xDD,0x7E,0xFC,0xDD,0x77,0xFE,0xDD,0x7E,0xFD,0xDD,0x77,0xFF,0xDD,
    0x34,0xFC,0x20,0x03,0xDD,0x34,0xFD,0xDD,0x7E,0xFE,0xDD,0x77,0xFA,0xDD,0x7E,0xFF,
    0xDD,0x77,0xFB,0xDD,0xCB,0xFA,0x26,0xDD,0xCB,0xFB,0x16,0xDD,0x7E,0xEE,0xDD,0x86,
    0xFA,0xDD,0x77,0xFE,0xDD,0x7E,0xEF,0xDD,0x8E,0xFB,0xDD,0x77,0xFF,0xDD,0x6E,0xFE,
    0xDD,0x66,0xFF,0xDD,0x7E,0xF6,0x77,0x23,0xDD,0x7E,0xF7,0x77,0xC3,0xBE,0x1B,0xDD,
    0x7E,0xFF,0xB7,0x28,0x06,0xDD,0x36,0xFA,0x04,0x18,0x41,0xAF,0xDD,0x77,0xFA,0xDD,
    0x7E,0xEA,0xDD,0x77,0xFE,0xDD,0x7E,0xEB,0xDD,0x77,0xFF,0xDD,0x6E,0xFE,0xDD,0x66,
    0xFF,0x7E,0xFE,0x2F,0x28,0x04,0xD6,0x5C,0x20,0x16,0xDD,0x34,0xFE,0x20,0x03,0xDD,
    0x34,0xFF,0xDD,0x7E,0xFE,0xDD,0x77,0xEA,0xDD,0x7E,0xFF,0xDD,0x77,0xEB,0x18,0xDB,
    0xDD,0x7E,0xFE,0xDD,0x77,0xEA,0xDD,0x7E,0xFF,0xDD,0x77,0xEB,0xDD,0x6E,0xF8,0xDD,
    0x66,0xF9,0xDD,0x7E,0xEA,0x77,0x23,0xDD,0x7E,0xEB,0x77,0xDD,0x4E,0xFC,0xDD,0x46,
    0xFD,0x78,0xB1,0x28,0x23,0x59,0x50,0x1B,0x6B,0x62,0x29,0xDD,0x7E,0xEE,0x85,0x6F,
    0xDD,0x7E,0xEF,0x8C,0x67,0x7E,0x23,0x66,0x6F,0xD6,0x20,0xB4,0x28,0x06,0x7D,0xD6,
    0x2E,0xB4,0x20,0x04,0x4B,0x42,0x18,0xD9,0xDD,0x71,0xF0,0xDD,0x70,0xF1,0x69,0x60,
    0x29,0xDD,0x5E,0xEE,0xDD,0x56,0xEF,0x19,0xAF,0x77,0x23,0x77,0x78,0xB1,0x20,0x05,
    0x2E,0x06,0xC3,0xA2,0x21,0xAF,0xDD,0x77,0xFE,0xDD,0x77,0xFF,0xDD,0x7E,0xFE,0xDD,
    0x77,0xF8,0xDD,0x7E,0xFF,0xDD,0x77,0xF9,0xDD,0xCB,0xF8,0x26,0xDD,0xCB,0xF9,0x16,
    0xDD,0x7E,0xF8,0xDD,0x86,0xEE,0xDD,0x77,0xFC,0xDD,0x7E,0xF9,0xDD,0x8E,0xEF,0xDD,
    0x77,0xFD,0xDD,0x6E,0xFC,0xDD,0x66,0xFD,0x7E,0xDD,0x77,0xFC,0x23,0x7E,0xDD,0x77,
    0xFD,0xDD,0x7E,0xFC,0xDD,0x77,0xF8,0xDD,0x7E,0xFD,0xDD,0x77,0xF9,0xDD,0x7E,0xF8,
    0xD6,0x20,0xDD,0xB6,0xF9,0x20,0x0A,0xDD,0x34,0xFE,0x20,0xB0,0xDD,0x34,0xFF,0x18,
    0xAB,0xDD,0x7E,0xFE,0xDD,0x77,0xFB,0xDD,0x7E,0xFF,0xDD,0x77,0xFC,0xDD,0x7E,0xFF,
    0xDD,0xB6,0xFE,0x20,0x0A,0xDD,0x7E,0xF8,0xD6,0x2E,0xDD,0xB6,0xF9,0x20,0x08,0xDD,
    0x7E,0xFA,0xF6,0x03,0xDD,0x77,0xFA,0xDD,0x7E,0xF1,0xDD,0xB6,0xF0,0x28,0x5D,0xDD,
    0x7E,0xF0,0xC6,0xFF,0xDD,0x77,0xF8,0xDD,0x7E,0xF1,0xCE,0xFF,0xDD,0x77,0xF9,0xDD,
    0x7E,0xF8,0xDD,0x77,0xF6,0xDD,0x7E,0xF9,0xDD,0x77,0xF7,0xDD,0xCB,0xF6,0x26,0xDD,
    0xCB,0xF7,0x16,0xDD,0x7E,0xEE,0xDD,0x86,0xF6,0xDD,0x77,0xFE,0xDD,0x7E,0xEF,0xDD,
    0x8E,0xF7,0xDD,0x77,0xFF,0xDD,0x6E,0xFE,0xDD,0x66,0xFF,0x7E,0xDD,0x77,0xFE,0x23,
    0x7E,0xDD,0x77,0xFF,0xDD,0x7E,0xFE,0xD6,0x2E,0xDD,0xB6,0xFF,0x28,0x0E,0xDD,0x7E,
    0xF8,0xDD,0x77,0xF0,0xDD,0x7E,0xF9,0xDD,0x77,0xF1,0x18,0x9B,0xDD,0x7E,0xEC,0xC6,
    0x1C,0xDD,0x77,0xF2,0xDD,0x7E,0xED,0xCE,0x00,0xDD,0x77,0xF3,0xDD,0x4E,0xF2,0xDD,
    0x46,0xF3,0x21,0x0B,0x00,0xE5,0x2E,0x20,0xE5,0xC5,0xCD,0x2F,0x04,0x21,0x06,0x00,
    0x39,0xF9,0xAF,0xDD,0x77,0xFD,0xAF,0xDD,0x77,0xFE,0xDD,0x77,0xFF,0xDD,0x36,0xF4,
    0x08,0xAF,0xDD,0x77,0xF5,0xDD,0x7E,0xFB,0xDD,0x77,0xF8,0xDD,0x7E,0xFC,0xDD,0x77,
    0xF9,0xDD,0x34,0xFB,0x20,0x03,0xDD,0x34,0xFC,0xDD,0x7E,0xF8,0xDD,0x77,0xF6,0xDD,
    0x7E,0xF9,0xDD,0x77,0xF7,0xDD,0xCB,0xF6,0x26,0xDD,0xCB,0xF7,0x16,0xDD,0x7E,0xEE,
    0xDD,0x86,0xF6,0xDD,0x77,0xF8,0xDD,0x7E,0xEF,0xDD,0x8E,0xF7,0xDD,0x77,0xF9,0xDD,
    0x6E,0xF8,0xDD,0x66,0xF9,0x7E,0xDD,0x77,0xF6,0x23,0x7E,0xDD,0x77,0xF7,0xDD,0xB6,
    0xF6,0xCA,0x13,0x21,0xDD,0x4E,0xF6,0xDD,0x46,0xF7,0x79,0xD6,0x20,0xB0,0x28,0x16,
    0x79,0xD6,0x2E,0xB0,0x20,0x1B,0xDD,0x7E,0xFB,0xDD,0x96,0xF0,0x20,0x08,0xDD,0x7E,
    0xFC,0xDD,0x96,0xF1,0x28,0x0B,0xDD,0x7E,0xFA,0xF6,0x03,0xDD,0x77,0xFA,0xC3,0xD5,
    0x1E,0xDD,0x7E,0xFE,0xDD,0x96,0xF4,0xDD,0x7E,0xFF,0xDD,0x9E,0xF5,0x30,0x10,0xDD,
    0x7E,0xFB,0xDD,0x96,0xF0,0x20,0x6B,0xDD,0x7E,0xFC,0xDD,0x96,0xF1,0x20,0x63,0xDD,
    0x7E,0xF4,0xD6,0x0B,0xDD,0xB6,0xF5,0x20,0x0B,0xDD,0x7E,0xFA,0xF6,0x03,0xDD,0x77,
    0xFA,0xC3,0x13,0x21,0xDD,0x7E,0xFB,0xDD,0x96,0xF0,0x20,0x08,0xDD,0x7E,0xFC,0xDD,
    0x96,0xF1,0x28,0x08,0xDD,0x7E,0xFA,0xF6,0x03,0xDD,0x77,0xFA,0xDD,0x7E,0xF0,0xDD,
    0x96,0xFB,0xDD,0x7E,0xF1,0xDD,0x9E,0xFC,0xDA,0x13,0x21,0xDD,0x7E,0xF0,0xDD,0x77,
    0xFB,0xDD,0x7E,0xF1,0xDD,0x77,0xFC,0xDD,0x36,0xFE,0x08,0xAF,0xDD,0x77,0xFF,0xDD,
    0x36,0xF4,0x0B,0xAF,0xDD,0x77,0xF5,0xDD,0x7E,0xFD,0x87,0x87,0xDD,0x77,0xFD,0xC3,
    0xD5,0x1E,0x79,0xD6,0x80,0x78,0xDE,0x00,0x38,0x3C,0xDD,0x7E,0xFA,0xF6,0x02,0xDD,
    0x77,0xFA,0xDD,0x4E,0xF6,0xDD,0x46,0xF7,0x11,0x00,0x00,0x21,0x62,0x03,0xE5,0xD5,
    0xC5,0xCD,0x7D,0x3B,0xF1,0xF1,0xF1,0xDD,0x75,0xF6,0xDD,0x74,0xF7,0xDD,0xCB,0xF6,
    0x7E,0x28,0x13,0xDD,0x4E,0xF6,0xCB,0xB9,0x06,0x00,0x21,0xCD,0x02,0x09,0x7E,0xDD,
    0x77,0xF6,0xAF,0xDD,0x77,0xF7,0xDD,0x7E,0xF6,0xDD,0x77,0xF8,0xDD,0x7E,0xF7,0xDD,
    0x77,0xF9,0xD6,0x01,0x38,0x51,0xDD,0x7E,0xF4,0xC6,0xFF,0xDD,0x77,0xF8,0xDD,0x7E,
    0xF5,0xCE,0xFF,0xDD,0x77,0xF9,0xDD,0x7E,0xFE,0xDD,0x96,0xF8,0xDD,0x7E,0xFF,0xDD,
    0x9E,0xF9,0x38,0x17,0xDD,0x7E,0xFA,0xF6,0x03,0xDD,0x77,0xFA,0xDD,0x7E,0xF4,0xDD,
    0x77,0xFE,0xDD,0x7E,0xF5,0xDD,0x77,0xFF,0xC3,0xD5,0x1E,0xDD,0x4E,0xFE,0xDD,0x46,
    0xFF,0xDD,0x34,0xFE,0x20,0x03,0xDD,0x34,0xFF,0xDD,0x6E,0xF2,0xDD,0x66,0xF3,0x09,
    0xDD,0x4E,0xF7,0x71,0xC3,0xF7,0x20,0xDD,0x7E,0xF7,0xDD,0xB6,0xF6,0x28,0x14,0xDD,
    0x4E,0xF6,0xDD,0x46,0xF7,0xC5,0x21,0xB0,0x21,0xE5,0xCD,0x9B,0x04,0xF1,0xF1,0x7C,
    0xB5,0x28,0x12,0xDD,0x36,0xF6,0x5F,0xAF,0xDD,0x77,0xF7,0xDD,0x7E,0xFA,0xF6,0x03,
    0xDD,0x77,0xFA,0x18,0x52,0xDD,0x7E,0xF8,0xD6,0x41,0xDD,0x7E,0xF9,0xDE,0x00,0x38,
    0x14,0x3E,0x5A,0xDD,0xBE,0xF8,0x3E,0x00,0xDD,0x9E,0xF9,0x38,0x08,0xDD,0x7E,0xFD,
    0xF6,0x02,0xDD,0x77,0xFD,0xDD,0x7E,0xF8,0xD6,0x61,0xDD,0x7E,0xF9,0xDE,0x00,0x38,
    0x26,0x3E,0x7A,0xDD,0xBE,0xF8,0x3E,0x00,0xDD,0x9E,0xF9,0x38,0x1A,0xDD,0x7E,0xFD,
    0xF6,0x01,0xDD,0x77,0xFD,0xDD,0x7E,0xF8,0xC6,0xE0,0x4F,0xDD,0x7E,0xF9,0xCE,0xFF,
    0x47,0xDD,0x71,0xF6,0xDD,0x70,0xF7,0xDD,0x4E,0xFE,0xDD,0x46,0xFF,0xDD,0x34,0xFE,
    0x20,0x03,0xDD,0x34,0xFF,0xDD,0x6E,0xF2,0xDD,0x66,0xF3,0x09,0xDD,0x7E,0xF6,0x77,
    0xC3,0xD5,0x1E,0xDD,0x6E,0xF2,0xDD,0x66,0xF3,0x7E,0xD6,0xE5,0x20,0x08,0xDD,0x6E,
    0xF2,0xDD,0x66,0xF3,0x36,0x05,0xDD,0x7E,0xF4,0xD6,0x08,0xDD,0xB6,0xF5,0x20,0x08,
    0xDD,0x7E,0xFD,0x87,0x87,0xDD,0x77,0xFD,0xDD,0x7E,0xFD,0xDD,0x77,0xFB,0xAF,0xDD,
    0x77,0xFC,0xDD,0x7E,0xFB,0xE6,0x0C,0x4F,0x06,0x00,0x79,0xD6,0x0C,0xB0,0x28,0x16,
    0xDD,0x7E,0xFB,0xE6,0x03,0xDD,0x77,0xFE,0xDD,0x36,0xFF,0x00,0xDD,0x7E,0xFE,0xD6,
    0x03,0xDD,0xB6,0xFF,0x20,0x08,0xDD,0x7E,0xFA,0xF6,0x02,0xDD,0x77,0xFA,0xDD,0xCB,
    0xFA,0x4E,0x20,0x1C,0xDD,0xCB,0xFD,0x46,0x28,0x08,0xDD,0x7E,0xFA,0xF6,0x10,0xDD,
    0x77,0xFA,0xDD,0xCB,0xFD,0x56,0x28,0x08,0xDD,0x7E,0xFA,0xF6,0x08,0xDD,0x77,0xFA,
    0xDD,0x7E,0xEC,0xC6,0x27,0x4F,0xDD,0x7E,0xED,0xCE,0x00,0x47,0xDD,0x7E,0xFA,0x02,
    0x2E,0x00,0xDD,0xF9,0xDD,0xE1,0xC9,0x22,0x2A,0x3A,0x3C,0x3E,0x3F,0x7C,0x7F,0x00,
    0x2B,0x2C,0x3B,0x3D,0x5B,0x5D,0x00,0xDD,0xE5,0xDD,0x21,0x00,0x00,0xDD,0x39,0x21,
    0xF4,0xFF,0x39,0xF9,0xDD,0x4E,0x04,0xDD,0x46,0x05,0x0A,0xDD,0x77,0xF8,0x03,0x0A,
    0xDD,0x77,0xF9,0x0B,0xDD,0x5E,0x06,0xDD,0x56,0x07,0x1A,0xFE,0x2F,0x28,0x04,0xD6,
    0x5C,0x20,0x09,0x13,0xDD,0x73,0x06,0xDD,0x72,0x07,0x18,0xEE,0xDD,0x73,0x06,0xDD,
    0x72,0x07,0x21,0x06,0x00,0x09,0xAF,0x77,0x23,0x77,0x23,0x77,0x23,0x77,0xDD,0x6E,
    0x06,0xDD,0x66,0x07,0x5E,0x16,0x00,0x7B,0xD6,0x20,0x7A,0xDE,0x00,0x30,0x19,0x21,
    0x27,0x00,0x09,0x36,0x80,0x21,0x00,0x00,0xE5,0x21,0x00,0x00,0xE5,0xC5,0xCD,0x03,
    0x0A,0xF1,0xF1,0xF1,0x5D,0xC3,0xEE,0x22,0x21,0x12,0x00,0x39,0xC5,0xE5,0xC5,0xCD,
    0x6C,0x1B,0xF1,0xF1,0x7D,0xC1,0x5F,0xB7,0xC2,0xEE,0x22,0xC5,0xC5,0xCD,0xEA,0x14,
    0xF1,0x7D,0xC1,0x5F,0xDD,0x7E,0x04,0xDD,0x77,0xFA,0xDD,0x7E,0x05,0xDD,0x77,0xFB,
    0xDD,0x6E,0xFA,0xDD,0x66,0xFB,0xC5,0x01,0x27,0x00,0x09,0xC1,0x56,0x7B,0xB7,0x28,
    0x10,0x7B,0xD6,0x04,0xC2,0xEE,0x22,0xCB,0x52,0xC2,0xEE,0x22,0x1E,0x05,0xC3,0xEE,
    0x22,0xCB,0x52,0x20,0x79,0xDD,0x6E,0xFA,0xDD,0x66,0xFB,0x11,0x04,0x00,0x19,0xCB,
    0x66,0x20,0x04,0x1E,0x05,0x18,0x67,0xDD,0x7E,0xFA,0xC6,0x06,0xDD,0x77,0xFC,0xDD,
    0x7E,0xFB,0xCE,0x00,0xDD,0x77,0xFD,0xDD,0x7E,0xF8,0xC6,0x29,0xDD,0x77,0xFE,0xDD,
    0x7E,0xF9,0xCE,0x00,0xDD,0x77,0xFF,0xDD,0x6E,0xFA,0xDD,0x66,0xFB,0x11,0x0E,0x00,
    0x19,0x5E,0x23,0x7E,0xE6,0x01,0x57,0x7B,0xDD,0x86,0xFE,0x5F,0x7A,0xDD,0x8E,0xFF,
    0x57,0xC5,0xD5,0xDD,0x6E,0xF8,0xDD,0x66,0xF9,0xE5,0xCD,0xC4,0x0F,0xF1,0xF1,0xDD,
    0x75,0xF4,0xDD,0x74,0xF5,0xDD,0x73,0xF6,0xDD,0x72,0xF7,0xDD,0x5E,0xFC,0xDD,0x56,
    0xFD,0x21,0x02,0x00,0x39,0x01,0x04,0x00,0xED,0xB0,0xC1,0xC3,0x28,0x22,0x6B,0xDD,
    0xF9,0xDD,0xE1,0xC9,0xDD,0xE5,0xDD,0x21,0x00,0x00,0xDD,0x39,0x21,0xF7,0xFF,0x39,
    0xF9,0x21,0xFF,0xFF,0xE3,0xDD,0x7E,0x04,0xDD,0x77,0xF9,0xDD,0x7E,0x05,0xDD,0x77,
    0xFA,0xDD,0x6E,0xF9,0xDD,0x66,0xFA,0x7E,0xDD,0x77,0xFE,0x23,0x7E,0xDD,0x77,0xFF,
    0xDD,0x5E,0xFE,0xDD,0x56,0xFF,0x7A,0xB3,0x20,0x06,0x21,0xFF,0xFF,0xC3,0xB3,0x23,
    0xDD,0x6E,0xFE,0xDD,0x66,0xFF,0x7E,0xDD,0x34,0xFE,0x20,0x03,0xDD,0x34,0xFF,0x6F,
    0x06,0x00,0xD6,0x3A,0x3E,0x01,0x28,0x01,0xAF,0x4F,0x7D,0xD6,0x20,0x78,0xDE,0x00,
    0x38,0x04,0xCB,0x41,0x28,0xDA,0xDD,0x7E,0xFE,0xDD,0x77,0xFB,0xDD,0x7E,0xFF,0xDD,
    0x77,0xFC,0x79,0xB7,0x28,0x4A,0x01,0x01,0x00,0x1A,0xDD,0x77,0xFD,0xD6,0x30,0x38,
    0x20,0x3E,0x39,0xDD,0x96,0xFD,0x38,0x19,0x13,0x13,0xDD,0x6E,0xFE,0xDD,0x66,0xFF,
    0xBF,0xED,0x52,0x20,0x0C,0xDD,0x7E,0xFD,0x06,0x00,0xC6,0xD0,0x4F,0x78,0xCE,0xFF,
    0x47,0x79,0xD6,0x01,0x78,0x17,0x3F,0x1F,0xDE,0x80,0x30,0x10,0x33,0x33,0xC5,0xC1,
    0xE1,0xE5,0xC5,0xDD,0x7E,0xFB,0x77,0x23,0xDD,0x7E,0xFC,0x77,0xE1,0xE5,0x18,0x03,
    0x21,0x00,0x00,0xDD,0xF9,0xDD,0xE1,0xC9,0xDD,0xE5,0xDD,0x21,0x00,0x00,0xDD,0x39,
    0xDD,0x4E,0x04,0xDD,0x46,0x05,0x59,0x50,0x13,0x13,0x13,0xAF,0x12,0x21,0x25,0x00,
    0x09,0x36,0xFF,0x23,0x36,0xFF,0x23,0x36,0xFF,0x23,0x36,0xFF,0xC5,0xDD,0x6E,0x08,
    0xDD,0x66,0x09,0xE5,0xDD,0x6E,0x06,0xDD,0x66,0x07,0xE5,0xC5,0xCD,0xDE,0x05,0xF1,
    0xF1,0xF1,0x5D,0xC1,0x7B,0xB7,0x28,0x05,0x21,0x04,0x00,0x18,0x6D,0x59,0x50,0x21,
    0x27,0x02,0x09,0xC5,0xD5,0xE5,0xCD,0x9C,0x02,0xF1,0xD1,0xC1,0x7D,0xD6,0x55,0x20,
    0x05,0x7C,0xD6,0xAA,0x28,0x05,0x21,0x03,0x00,0x18,0x4F,0xEB,0x11,0x29,0x00,0x19,
    0x7E,0xFE,0xE9,0x28,0x08,0xFE,0xEB,0x28,0x04,0xD6,0xE8,0x20,0x3A,0x21,0x5F,0x00,
    0x09,0xC5,0x11,0x03,0x00,0xD5,0x11,0x79,0x24,0xD5,0xE5,0xCD,0x47,0x04,0xF1,0xF1,
    0xF1,0xC1,0x7C,0xB5,0x20,0x05,0x21,0x00,0x00,0x18,0x1F,0x21,0x7B,0x00,0x09,0x01,
    0x05,0x00,0xC5,0x01,0x7D,0x24,0xC5,0xE5,0xCD,0x47,0x04,0xF1,0xF1,0xF1,0x7C,0xB5,
    0x20,0x05,0x21,0x00,0x00,0x18,0x03,0x21,0x02,0x00,0xDD,0xE1,0xC9,0xEB,0x76,0x90,
    0x45,0x58,0x46,0x41,0x54,0x20,0x20,0x20,0x00,0x46,0x41,0x54,0x00,0x46,0x41,0x54,
    0x33,0x32,0x00,0xDD,0xE5,0xDD,0x21,0x00,0x00,0xDD,0x39,0x21,0xE6,0xFF,0x39,0xF9,
    0x21,0x00,0x00,0xE5,0x21,0x00,0x00,0xE5,0xDD,0x6E,0x04,0xDD,0x66,0x05,0xE5,0xCD,
    0xB8,0x23,0xF1,0xF1,0xF1,0x7D,0xD6,0x02,0xB4,0x28,0x12,0x7D,0xD6,0x03,0x7C,0xDE,
    0x00,0xD2,0xBA,0x25,0xDD,0x7E,0x07,0xDD,0xB6,0x06,0xCA,0xBA,0x25,0x21,0x00,0x00,
    0x39,0x4D,0x44,0xDD,0x7E,0x04,0xDD,0x77,0xF6,0xDD,0x7E,0x05,0xDD,0x77,0xF7,0xDD,
    0x7E,0xF6,0xC6,0x29,0xDD,0x77,0xF8,0xDD,0x7E,0xF7,0xCE,0x00,0xDD,0x77,0xF9,0x11,
    0x00,0x00,0x6B,0x62,0x29,0x29,0x09,0xDD,0x75,0xFA,0xDD,0x74,0xFB,0x6B,0x62,0x29,
    0x29,0x29,0x29,0xD5,0x11,0xC6,0x01,0x19,0xD1,0x7D,0xDD,0x86,0xF8,0x6F,0x7C,0xDD,
    0x8E,0xF9,0x67,0xC5,0xD5,0xE5,0xCD,0x4D,0x03,0xF1,0xDD,0x75,0xFC,0xDD,0x74,0xFD,
    0xDD,0x73,0xFE,0xDD,0x72,0xFF,0xD1,0xC1,0xD5,0xC5,0xDD,0x5E,0xFA,0xDD,0x56,0xFB,
    0x21,0x1A,0x00,0x39,0x01,0x04,0x00,0xED,0xB0,0xC1,0xD1,0x13,0x7B,0xD6,0x04,0x7A,
    0xDE,0x00,0x38,0xAE,0xDD,0x7E,0x07,0xDD,0xB6,0x06,0x28,0x09,0xDD,0x5E,0x06,0xDD,
    0x56,0x07,0x1B,0x18,0x03,0x11,0x00,0x00,0xDD,0x73,0xFE,0xDD,0x72,0xFF,0xDD,0x6E,
    0xFE,0xDD,0x66,0xFF,0x29,0x29,0x09,0xEB,0xC5,0x21,0x16,0x00,0x39,0xEB,0x01,0x04,
    0x00,0xED,0xB0,0xC1,0xDD,0x7E,0xFD,0xDD,0xB6,0xFC,0xDD,0xB6,0xFB,0xDD,0xB6,0xFA,
    0x28,0x20,0xC5,0xDD,0x6E,0xFC,0xDD,0x66,0xFD,0xE5,0xDD,0x6E,0xFA,0xDD,0x66,0xFB,
    0xE5,0xDD,0x6E,0xF6,0xDD,0x66,0xF7,0xE5,0xCD,0xB8,0x23,0xF1,0xF1,0xF1,0xC1,0xEB,
    0x18,0x03,0x11,0x03,0x00,0xDD,0x7E,0x07,0xDD,0xB6,0x06,0x20,0x1C,0x7B,0xD6,0x02,
    0x7A,0xDE,0x00,0x38,0x14,0xDD,0x34,0xFE,0x20,0x03,0xDD,0x34,0xFF,0xDD,0x7E,0xFE,
    0xD6,0x04,0xDD,0x7E,0xFF,0xDE,0x00,0x38,0x95,0xEB,0xDD,0xF9,0xDD,0xE1,0xC9,0xDD,
    0xE5,0xDD,0x21,0x00,0x00,0xDD,0x39,0x21,0xDE,0xFF,0x39,0xF9,0xDD,0x7E,0x06,0xDD,
    0x77,0xFC,0xDD,0x7E,0x07,0xDD,0x77,0xFD,0xDD,0x6E,0xFC,0xDD,0x66,0xFD,0xAF,0x77,
    0x23,0x77,0xDD,0x6E,0x04,0xDD,0x66,0x05,0xE5,0xCD,0xF4,0x22,0xF1,0xDD,0x75,0xFE,
    0xDD,0x74,0xFF,0xDD,0xCB,0xFF,0x7E,0x28,0x05,0x2E,0x0B,0xC3,0x7A,0x2C,0x01,0x00,
    0xB0,0xDD,0x6E,0xFE,0xDD,0x66,0xFF,0x29,0x09,0x7E,0xDD,0x77,0xE0,0x23,0x7E,0xDD,
    0x77,0xE1,0xDD,0xB6,0xE0,0x20,0x05,0x2E,0x0C,0xC3,0x7A,0x2C,0xDD,0x6E,0xFC,0xDD,
    0x66,0xFD,0xDD,0x7E,0xE0,0x77,0x23,0xDD,0x7E,0xE1,0x77,0xDD,0x6E,0xE0,0xDD,0x66,
    0xE1,0x7E,0xDD,0x5E,0xE0,0xDD,0x56,0xE1,0x13,0xB7,0x28,0x10,0x1A,0x6F,0xD5,0xCD,
    0x00,0x02,0x7D,0xD1,0x0F,0x38,0x05,0x2E,0x00,0xC3,0x7A,0x2C,0xC1,0xE1,0xE5,0xC5,
    0x36,0x00,0xDD,0x4E,0xFE,0x79,0x12,0x69,0xCD,0x10,0x02,0x7D,0x0F,0x30,0x05,0x2E,
    0x03,0xC3,0x7A,0x2C,0x21,0x00,0x00,0xE5,0xDD,0x6E,0xE0,0xDD,0x66,0xE1,0xE5,0xCD,
    0x83,0x24,0xF1,0xF1,0x7D,0xD6,0x04,0xB4,0x20,0x05,0x2E,0x01,0xC3,0x7A,0x2C,0x7D,
    0xD6,0x02,0x7C,0xDE,0x00,0x38,0x05,0x2E,0x0D,0xC3,0x7A,0x2C,0xDD,0x7E,0xE0,0xDD,
    0x77,0xFE,0xDD,0x7E,0xE1,0xDD,0x77,0xFF,0xDD,0x6E,0xFE,0xDD,0x66,0xFF,0x11,0x25,
    0x00,0x19,0x7E,0xDD,0x77,0xE2,0x23,0x7E,0xDD,0x77,0xE3,0x23,0x7E,0xDD,0x77,0xE4,
    0x23,0x7E,0xDD,0x77,0xE5,0xDD,0x7E,0xE0,0xC6,0x29,0xDD,0x77,0xE6,0xDD,0x7E,0xE1,
    0xCE,0x00,0xDD,0x77,0xE7,0xDD,0x7E,0xE6,0xC6,0x0B,0xDD,0x77,0xFE,0xDD,0x7E,0xE7,
    0xCE,0x00,0xDD,0x77,0xFF,0xDD,0x6E,0xFE,0xDD,0x66,0xFF,0xE5,0xCD,0x9C,0x02,0xF1,
    0xDD,0x75,0xFE,0xDD,0x74,0xFF,0xDD,0x7E,0xFE,0xB7,0x20,0x07,0xDD,0x7E,0xFF,0xD6,
    0x02,0x28,0x05,0x2E,0x0D,0xC3,0x7A,0x2C,0xDD,0x7E,0xE6,0xC6,0x16,0xDD,0x77,0xFE,
    0xDD,0x7E,0xE7,0xCE,0x00,0xDD,0x77,0xFF,0xDD,0x6E,0xFE,0xDD,0x66,0xFF,0xE5,0xCD,
    0x9C,0x02,0xF1,0xDD,0x75,0xFE,0xDD,0x74,0xFF,0xDD,0x7E,0xFE,0xDD,0x77,0xFC,0xDD,
    0x7E,0xFF,0xDD,0x77,0xFD,0xAF,0xDD,0x77,0xFE,0xDD,0x77,0xFF,0xDD,0xB6,0xFE,0xDD,
    0xB6,0xFD,0xDD,0xB6,0xFC,0x20,0x27,0xDD,0x7E,0xE6,0xC6,0x24,0xDD,0x77,0xFE,0xDD,
    0x7E,0xE7,0xCE,0x00,0xDD,0x77,0xFF,0xDD,0x6E,0xFE,0xDD,0x66,0xFF,0xE5,0xCD,0x4D,
    0x03,0xF1,0xDD,0x75,0xFC,0xDD,0x74,0xFD,0xDD,0x73,0xFE,0xDD,0x72,0xFF,0xDD,0x7E,
    0xE0,0xC6,0x11,0xDD,0x77,0xE8,0xDD,0x7E,0xE1,0xCE,0x00,0xDD,0x77,0xE9,0xDD,0x5E,
    0xE8,0xDD,0x56,0xE9,0x21,0x1E,0x00,0x39,0x01,0x04,0x00,0xED,0xB0,0xDD,0x5E,0xE0,
    0xDD,0x56,0xE1,0x13,0x13,0xDD,0x6E,0xE6,0xDD,0x66,0xE7,0x01,0x10,0x00,0x09,0x46,
    0x78,0x12,0x4F,0x05,0x28,0x0A,0x79,0xD6,0x02,0x28,0x05,0x2E,0x0D,0xC3,0x7A,0x2C,
    0x06,0x00,0x11,0x00,0x00,0xD5,0xC5,0xDD,0x6E,0xFE,0xDD,0x66,0xFF,0xE5,0xDD,0x6E,
    0xFC,0xDD,0x66,0xFD,0xE5,0xCD,0x6A,0xA1,0xF1,0xF1,0xF1,0xF1,0xDD,0x75,0xEA,0xDD,
    0x74,0xEB,0xDD,0x73,0xEC,0xDD,0x72,0xED,0xDD,0x7E,0xE0,0xC6,0x09,0xDD,0x77,0xDE,
    0xDD,0x7E,0xE1,0xCE,0x00,0xDD,0x77,0xDF,0xDD,0x6E,0xE6,0xDD,0x66,0xE7,0x11,0x0D,
    0x00,0x19,0x5E,0x16,0x00,0xE1,0xE5,0x73,0x23,0x72,0xE1,0xE5,0x4E,0x23,0x46,0x7A,
    0xB3,0x28,0x0B,0x59,0x50,0x1B,0x79,0xA3,0x4F,0x78,0xA2,0xB1,0x28,0x05,0x2E,0x0D,
    0xC3,0x7A,0x2C,0xDD,0x7E,0xE0,0xC6,0x07,0xDD,0x77,0xEE,0xDD,0x7E,0xE1,0xCE,0x00,
    0xDD,0x77,0xEF,0xDD,0x7E,0xE6,0xC6,0x11,0x4F,0xDD,0x7E,0xE7,0xCE,0x00,0x47,0xC5,
    0xCD,0x9C,0x02,0xF1,0x4D,0x44,0xDD,0x6E,0xEE,0xDD,0x66,0xEF,0x71,0x23,0x70,0x79,
    0xE6,0x0F,0x28,0x05,0x2E,0x0D,0xC3,0x7A,0x2C,0xDD,0x7E,0xE6,0xC6,0x13,0x4F,0xDD,
    0x7E,0xE7,0xCE,0x00,0x47,0xC5,0xCD,0x9C,0x02,0xF1,0xDD,0x75,0xF8,0xDD,0x74,0xF9,
    0xAF,0xDD,0x77,0xFA,0xDD,0x77,0xFB,0xDD,0xB6,0xFA,0xDD,0xB6,0xF9,0xDD,0xB6,0xF8,
    0x20,0x35,0xDD,0x7E,0xE6,0xC6,0x20,0xDD,0x77,0xFE,0xDD,0x7E,0xE7,0xCE,0x00,0xDD,
    0x77,0xFF,0xDD,0x6E,0xFE,0xDD,0x66,0xFF,0xE5,0xCD,0x4D,0x03,0xF1,0xDD,0x75,0xFC,
    0xDD,0x74,0xFD,0xDD,0x73,0xFE,0xDD,0x72,0xFF,0x21,0x1A,0x00,0x39,0xEB,0x21,0x1E,
    0x00,0x39,0x01,0x04,0x00,0xED,0xB0,0xDD,0x7E,0xE6,0xC6,0x0E,0x4F,0xDD,0x7E,0xE7,
    0xCE,0x00,0x47,0xC5,0xCD,0x9C,0x02,0xF1,0x4D,0x7C,0x47,0xB5,0x20,0x05,0x2E,0x0D,
    0xC3,0x7A,0x2C,0xDD,0x71,0xF0,0xDD,0x70,0xF1,0xAF,0xDD,0x77,0xF2,0xDD,0x77,0xF3,
    0xDD,0x7E,0xF0,0xDD,0x86,0xEA,0xDD,0x77,0xFC,0xDD,0x7E,0xF1,0xDD,0x8E,0xEB,0xDD,
    0x77,0xFD,0xDD,0x7E,0xF2,0xDD,0x8E,0xEC,0xDD,0x77,0xFE,0xDD,0x7E,0xF3,0xDD,0x8E,
    0xED,0xDD,0x77,0xFF,0xDD,0x6E,0xEE,0xDD,0x66,0xEF,0x4E,0x23,0x46,0xCB,0x38,0xCB,
    0x19,0xCB,0x38,0xCB,0x19,0xCB,0x38,0xCB,0x19,0xCB,0x38,0xCB,0x19,0x11,0x00,0x00,
    0xDD,0x7E,0xFC,0x81,0x4F,0xDD,0x7E,0xFD,0x88,0x47,0xDD,0x7E,0xFE,0x8B,0x5F,0xDD,
    0x7E,0xFF,0x8A,0x57,0xDD,0x71,0xF4,0xDD,0x70,0xF5,0xDD,0x73,0xF6,0xDD,0x72,0xF7,
    0xDD,0x7E,0xF8,0xDD,0x96,0xF4,0xDD,0x7E,0xF9,0xDD,0x9E,0xF5,0xDD,0x7E,0xFA,0xDD,
    0x9E,0xF6,0xDD,0x7E,0xFB,0xDD,0x9E,0xF7,0x30,0x05,0x2E,0x0D,0xC3,0x7A,0x2C,0xDD,
    0x7E,0xF8,0xDD,0x96,0xF4,0xDD,0x77,0xFC,0xDD,0x7E,0xF9,0xDD,0x9E,0xF5,0xDD,0x77,
    0xFD,0xDD,0x7E,0xFA,0xDD,0x9E,0xF6,0xDD,0x77,0xFE,0xDD,0x7E,0xFB,0xDD,0x9E,0xF7,
    0xDD,0x77,0xFF,0xE1,0xE5,0x4E,0x23,0x46,0x11,0x00,0x00,0xD5,0xC5,0xDD,0x6E,0xFE,
    0xDD,0x66,0xFF,0xE5,0xDD,0x6E,0xFC,0xDD,0x66,0xFD,0xE5,0xCD,0xD8,0xA0,0xF1,0xF1,
    0xF1,0xF1,0x7A,0xB3,0xB4,0xB5,0x20,0x05,0x2E,0x0D,0xC3,0x7A,0x2C,0xAF,0xDD,0x77,
    0xF8,0xDD,0x77,0xF9,0x3E,0xF5,0xBD,0x3E,0xFF,0x9C,0x3E,0xFF,0x9B,0x3E,0x0F,0x9A,
    0x38,0x08,0xDD,0x36,0xF8,0x03,0xAF,0xDD,0x77,0xF9,0x3E,0xF5,0xBD,0x3E,0xFF,0x9C,
    0x3E,0x00,0x9B,0x3E,0x00,0x9A,0x38,0x08,0xDD,0x36,0xF8,0x02,0xAF,0xDD,0x77,0xF9,
    0x3E,0xF5,0xBD,0x3E,0x0F,0x9C,0x3E,0x00,0x9B,0x3E,0x00,0x9A,0x38,0x08,0xDD,0x36,
    0xF8,0x01,0xAF,0xDD,0x77,0xF9,0xDD,0x7E,0xF9,0xDD,0xB6,0xF8,0x20,0x05,0x2E,0x0D,
    0xC3,0x7A,0x2C,0xDD,0x7E,0xE0,0xC6,0x0D,0xDD,0x77,0xFA,0xDD,0x7E,0xE1,0xCE,0x00,
    0xDD,0x77,0xFB,0x01,0x02,0x00,0x09,0x4D,0x44,0x30,0x01,0x13,0xDD,0x6E,0xFA,0xDD,
    0x66,0xFB,0x71,0x23,0x70,0x23,0x73,0x23,0x72,0xDD,0x7E,0xE0,0xC6,0x15,0x5F,0xDD,
    0x7E,0xE1,0xCE,0x00,0x57,0x21,0x04,0x00,0x39,0x01,0x04,0x00,0xED,0xB0,0xDD,0x7E,
    0xE0,0xC6,0x19,0x4F,0xDD,0x7E,0xE1,0xCE,0x00,0x47,0xDD,0x7E,0xE2,0xDD,0x86,0xF0,
    0xDD,0x77,0xFC,0xDD,0x7E,0xE3,0xDD,0x8E,0xF1,0xDD,0x77,0xFD,0xDD,0x7E,0xE4,0xDD,
    0x8E,0xF2,0xDD,0x77,0xFE,0xDD,0x7E,0xE5,0xDD,0x8E,0xF3,0xDD,0x77,0xFF,0xC5,0x59,
    0x50,0x21,0x20,0x00,0x39,0x01,0x04,0x00,0xED,0xB0,0xC1,0xDD,0x7E,0xE0,0xC6,0x21,
    0x5F,0xDD,0x7E,0xE1,0xCE,0x00,0x57,0xDD,0x7E,0xE2,0xDD,0x86,0xF4,0xDD,0x77,0xFC,
    0xDD,0x7E,0xE3,0xDD,0x8E,0xF5,0xDD,0x77,0xFD,0xDD,0x7E,0xE4,0xDD,0x8E,0xF6,0xDD,
    0x77,0xFE,0xDD,0x7E,0xE5,0xDD,0x8E,0xF7,0xDD,0x77,0xFF,0xC5,0x21,0x20,0x00,0x39,
    0x01,0x04,0x00,0xED,0xB0,0xC1,0xDD,0x7E,0xF8,0xD6,0x03,0xDD,0xB6,0xF9,0xC2,0x23,
    0x2B,0xDD,0x7E,0xE6,0xC6,0x2A,0x4F,0xDD,0x7E,0xE7,0xCE,0x00,0x47,0xC5,0xCD,0x9C,
    0x02,0xF1,0x7C,0xB5,0x28,0x05,0x2E,0x0D,0xC3,0x7A,0x2C,0xDD,0x6E,0xEE,0xDD,0x66,
    0xEF,0x7E,0x23,0xB6,0x28,0x05,0x2E,0x0D,0xC3,0x7A,0x2C,0xDD,0x7E,0xE0,0xC6,0x1D,
    0x6F,0xDD,0x7E,0xE1,0xCE,0x00,0x67,0xDD,0x7E,0xE6,0xC6,0x2C,0x4F,0xDD,0x7E,0xE7,
    0xCE,0x00,0x47,0xE5,0xC5,0xCD,0x4D,0x03,0xF1,0x4D,0x44,0xE1,0x71,0x23,0x70,0x23,
    0x73,0x23,0x72,0xDD,0x6E,0xFA,0xDD,0x66,0xFB,0x4E,0x23,0x46,0x23,0x5E,0x23,0x56,
    0xDD,0x71,0xF4,0xDD,0x70,0xF5,0xDD,0x73,0xF6,0xDD,0x72,0xF7,0x06,0x02,0xDD,0xCB,
    0xF4,0x26,0xDD,0xCB,0xF5,0x16,0xDD,0xCB,0xF6,0x16,0xDD,0xCB,0xF7,0x16,0x10,0xEE,
    0xC3,0xF6,0x2B,0xDD,0x6E,0xEE,0xDD,0x66,0xEF,0x7E,0x23,0xB6,0x20,0x05,0x2E,0x0D,
    0xC3,0x7A,0x2C,0xDD,0x7E,0xE0,0xC6,0x1D,0xDD,0x77,0xFE,0xDD,0x7E,0xE1,0xCE,0x00,
    0xDD,0x77,0xFF,0x69,0x60,0x4E,0x23,0x46,0x23,0x5E,0x23,0x56,0x79,0xDD,0x86,0xEA,
    0x4F,0x78,0xDD,0x8E,0xEB,0x47,0x7B,0xDD,0x8E,0xEC,0x5F,0x7A,0xDD,0x8E,0xED,0x57,
    0xDD,0x6E,0xFE,0xDD,0x66,0xFF,0x71,0x23,0x70,0x23,0x73,0x23,0x72,0xDD,0x5E,0xFA,
    0xDD,0x56,0xFB,0x21,0x1E,0x00,0x39,0xEB,0x01,0x04,0x00,0xED,0xB0,0xDD,0x7E,0xF8,
    0xD6,0x02,0xDD,0xB6,0xF9,0x20,0x16,0xDD,0x4E,0xFC,0xDD,0x46,0xFD,0xDD,0x5E,0xFE,
    0xDD,0x56,0xFF,0xCB,0x21,0xCB,0x10,0xCB,0x13,0xCB,0x12,0x18,0x4D,0xDD,0x6E,0xFE,
    0xDD,0x66,0xFF,0xE5,0xDD,0x6E,0xFC,0xDD,0x66,0xFD,0xE5,0x21,0x00,0x00,0xE5,0x21,
    0x03,0x00,0xE5,0xCD,0x6A,0xA1,0xF1,0xF1,0xF1,0xF1,0xCB,0x3A,0xCB,0x1B,0xCB,0x1C,
    0xCB,0x1D,0xDD,0x7E,0xFC,0xE6,0x01,0xDD,0x77,0xF4,0xDD,0x36,0xF5,0x00,0xDD,0x36,
    0xF6,0x00,0xDD,0x36,0xF7,0x00,0x7D,0xDD,0x86,0xF4,0x4F,0x7C,0xDD,0x8E,0xF5,0x47,
    0x7B,0xDD,0x8E,0xF6,0x5F,0x7A,0xDD,0x8E,0xF7,0x57,0xDD,0x71,0xF4,0xDD,0x70,0xF5,
    0xDD,0x73,0xF6,0xDD,0x72,0xF7,0xDD,0x5E,0xE8,0xDD,0x56,0xE9,0x21,0x1E,0x00,0x39,
    0xEB,0x01,0x04,0x00,0xED,0xB0,0xDD,0x7E,0xF4,0xC6,0xFF,0xDD,0x7E,0xF5,0xCE,0x01,
    0x47,0xDD,0x7E,0xF6,0xCE,0x00,0x5F,0xDD,0x7E,0xF7,0xCE,0x00,0x6F,0x48,0x43,0x26,
    0x00,0xCB,0x3D,0xCB,0x18,0xCB,0x19,0xDD,0x7E,0xFC,0x91,0xDD,0x7E,0xFD,0x98,0xDD,
    0x7E,0xFE,0x9D,0xDD,0x7E,0xFF,0x9C,0x30,0x04,0x2E,0x0D,0x18,0x3D,0xDD,0x7E,0xF8,
    0xC1,0xE1,0xE5,0xC5,0x77,0xDD,0x7E,0xE0,0xC6,0x05,0x4F,0xDD,0x7E,0xE1,0xCE,0x00,
    0x47,0x2A,0x02,0xB0,0x23,0x22,0x02,0xB0,0xFD,0x21,0x02,0xB0,0xFD,0x7E,0x00,0x02,
    0x03,0xFD,0x7E,0x01,0x02,0xDD,0x7E,0xE0,0xC6,0x0B,0x4F,0xDD,0x7E,0xE1,0xCE,0x00,
    0x47,0x3E,0x04,0x02,0x03,0x3E,0xB0,0x02,0x2E,0x00,0xDD,0xF9,0xDD,0xE1,0xC9,0xDD,
    0xE5,0xDD,0x21,0x00,0x00,0xDD,0x39,0xF5,0x3B,0xDD,0x36,0xFD,0x09,0xDD,0x7E,0x05,
    0xDD,0xB6,0x04,0x28,0x42,0xDD,0x5E,0x04,0xDD,0x56,0x05,0x6B,0x62,0x4E,0x23,0x46,
    0x78,0xB1,0x28,0x33,0x0A,0xB7,0x28,0x2F,0xEB,0x23,0x23,0x7E,0xDD,0x77,0xFE,0x23,
    0x7E,0xDD,0x77,0xFF,0x69,0x60,0x11,0x05,0x00,0x19,0x5E,0x23,0x56,0xDD,0x6E,0xFE,
    0xDD,0x66,0xFF,0xBF,0xED,0x52,0x20,0x0F,0x69,0x60,0x23,0x6E,0xCD,0x00,0x02,0x7D,
    0x0F,0x38,0x04,0xAF,0xDD,0x77,0xFD,0xDD,0x4E,0x06,0xDD,0x46,0x07,0xDD,0x7E,0xFD,
    0xB7,0x20,0x0B,0xDD,0x6E,0x04,0xDD,0x66,0x05,0x5E,0x23,0x56,0x18,0x03,0x11,0x00,
    0x00,0x7B,0x02,0x03,0x7A,0x02,0xDD,0x6E,0xFD,0xDD,0xF9,0xDD,0xE1,0xC9,0xDD,0xE5,
    0xDD,0x21,0x00,0x00,0xDD,0x39,0x21,0xFA,0xFF,0x39,0xF9,0xDD,0x7E,0x06,0xDD,0x77,
    0xFA,0xDD,0x7E,0x07,0xDD,0x77,0xFB,0x21,0x00,0x00,0x39,0xE5,0xCD,0xF4,0x22,0xF1,
    0xDD,0x75,0xFE,0xDD,0x74,0xFF,0xDD,0xCB,0xFF,0x7E,0x28,0x05,0x2E,0x0B,0xC3,0xAF,
    0x2D,0x01,0x00,0xB0,0xDD,0x6E,0xFE,0xDD,0x66,0xFF,0x29,0x09,0xDD,0x75,0xFE,0xDD,
    0x74,0xFF,0x4E,0x23,0x46,0x59,0x78,0x57,0xB1,0x28,0x02,0xAF,0x12,0xDD,0x7E,0x05,
    0xDD,0xB6,0x04,0x28,0x08,0xDD,0x4E,0x04,0xDD,0x46,0x05,0xAF,0x02,0xDD,0x6E,0xFE,
    0xDD,0x66,0xFF,0xDD,0x7E,0x04,0x77,0x23,0xDD,0x7E,0x05,0x77,0xDD,0x7E,0x08,0xB7,
    0x20,0x03,0x6F,0x18,0x3A,0x21,0x0A,0x00,0x39,0xDD,0x75,0xFE,0xDD,0x74,0xFF,0xDD,
    0x7E,0xFE,0xDD,0x77,0xFC,0xDD,0x7E,0xFF,0xDD,0x77,0xFD,0x21,0x0C,0x00,0x39,0xDD,
    0x75,0xFE,0xDD,0x74,0xFF,0xAF,0xF5,0x33,0xDD,0x6E,0xFC,0xDD,0x66,0xFD,0xE5,0xDD,
    0x6E,0xFE,0xDD,0x66,0xFF,0xE5,0xCD,0xBF,0x25,0xF1,0xF1,0x33,0xDD,0x75,0xFF,0xDD,
    0xF9,0xDD,0xE1,0xC9,0xDD,0xE5,0xDD,0x21,0x00,0x00,0xDD,0x39,0x21,0xCB,0xFF,0x39,
    0xF9,0xDD,0x7E,0x05,0xDD,0xB6,0x04,0x20,0x05,0x2E,0x09,0xC3,0x28,0x2F,0xDD,0x7E,
    0x08,0xE6,0x01,0xDD,0x77,0x08,0x21,0x2C,0x00,0x39,0xEB,0x21,0x3B,0x00,0x39,0x4D,
    0x44,0xDD,0x7E,0x08,0xF5,0x33,0xD5,0xC5,0xCD,0xBF,0x25,0xF1,0xF1,0x33,0xDD,0x75,
    0xF9,0x7D,0xB7,0xC2,0x15,0x2F,0x21,0x00,0x00,0x39,0xDD,0x7E,0xF7,0x77,0x23,0xDD,
    0x7E,0xF8,0x77,0x21,0x00,0x00,0x39,0xEB,0x4B,0x42,0xD5,0xDD,0x6E,0x06,0xDD,0x66,
    0x07,0xE5,0xC5,0xCD,0xB7,0x21,0xF1,0xF1,0xD1,0xDD,0x75,0xF9,0x7D,0xB7,0x20,0x1E,
    0x6B,0x62,0x01,0x27,0x00,0x09,0x7E,0x07,0x30,0x06,0xDD,0x36,0xF9,0x06,0x18,0x0E,
    0x6B,0x62,0x01,0x04,0x00,0x09,0xCB,0x66,0x28,0x04,0xDD,0x36,0xF9,0x04,0xDD,0x7E,
    0xF9,0xB7,0xC2,0x15,0x2F,0xDD,0x4E,0x04,0xDD,0x46,0x05,0x21,0x06,0x00,0x09,0xDD,
    0x75,0xFA,0xDD,0x74,0xFB,0x21,0x1A,0x00,0x19,0xEB,0x6B,0x62,0x7E,0x23,0x66,0x6F,
    0xC5,0xD5,0xE5,0xDD,0x6E,0xF7,0xDD,0x66,0xF8,0xE5,0xCD,0xC4,0x0F,0xF1,0xF1,0xDD,
    0x75,0xFC,0xDD,0x74,0xFD,0xDD,0x73,0xFE,0xDD,0x72,0xFF,0xD1,0xC1,0xD5,0xC5,0xDD,
    0x5E,0xFA,0xDD,0x56,0xFB,0x21,0x35,0x00,0x39,0x01,0x04,0x00,0xED,0xB0,0xC1,0xD1,
    0x21,0x0A,0x00,0x09,0xDD,0x75,0xFA,0xDD,0x74,0xFB,0xEB,0x5E,0x23,0x56,0x21,0x1C,
    0x00,0x19,0xC5,0xE5,0xCD,0x4D,0x03,0xF1,0xDD,0x75,0xFC,0xDD,0x74,0xFD,0xDD,0x73,
    0xFE,0xDD,0x72,0xFF,0xDD,0x5E,0xFA,0xDD,0x56,0xFB,0x21,0x33,0x00,0x39,0x01,0x04,
    0x00,0xED,0xB0,0xC1,0x69,0x60,0xDD,0x7E,0xF7,0x77,0x23,0xDD,0x7E,0xF8,0x77,0x21,
    0x02,0x00,0x09,0xDD,0x75,0xFE,0xDD,0x74,0xFF,0xDD,0x6E,0xF7,0xDD,0x66,0xF8,0x11,
    0x05,0x00,0x19,0x5E,0x23,0x56,0xDD,0x6E,0xFE,0xDD,0x66,0xFF,0x73,0x23,0x72,0x21,
    0x0E,0x00,0x09,0xDD,0x7E,0x08,0x77,0x21,0x0F,0x00,0x09,0x36,0x00,0x21,0x18,0x00,
    0x09,0xAF,0x77,0x23,0x77,0x23,0x77,0x23,0x77,0x21,0x10,0x00,0x09,0xAF,0x77,0x23,
    0x77,0x23,0x77,0x23,0x77,0xDD,0x7E,0xF9,0xB7,0x28,0x0A,0xDD,0x4E,0x04,0xDD,0x46,
    0x05,0xAF,0x02,0x03,0x02,0xDD,0x6E,0xF9,0xDD,0xF9,0xDD,0xE1,0xC9,0xDD,0xE5,0xDD,
    0x21,0x00,0x00,0xDD,0x39,0x21,0xE2,0xFF,0x39,0xF9,0xDD,0x7E,0x06,0xDD,0x77,0xFE,
    0xDD,0x7E,0x07,0xDD,0x77,0xFF,0xDD,0x7E,0x0A,0xDD,0x77,0xE4,0xDD,0x7E,0x0B,0xDD,
    0x77,0xE5,0xC1,0xE1,0xE5,0xC5,0xAF,0x77,0x23,0x77,0x21,0x00,0x00,0x39,0xDD,0x7E,
    0x04,0xDD,0x77,0xFC,0xDD,0x7E,0x05,0xDD,0x77,0xFD,0xE5,0xDD,0x6E,0xFC,0xDD,0x66,
    0xFD,0xE5,0xCD,0x7F,0x2C,0xF1,0xF1,0x4D,0xDD,0x71,0xFB,0x79,0xB7,0x20,0x11,0xDD,
    0x6E,0xFC,0xDD,0x66,0xFD,0x11,0x0F,0x00,0x19,0x7E,0xDD,0x77,0xFB,0xB7,0x28,0x06,
    0xDD,0x6E,0xFB,0xC3,0xE4,0x33,0xDD,0x7E,0xFC,0xDD,0x77,0xE6,0xDD,0x7E,0xFD,0xDD,
    0x77,0xE7,0xDD,0x6E,0xFC,0xDD,0x66,0xFD,0x11,0x0E,0x00,0x19,0x7E,0x0F,0x38,0x05,
    0x2E,0x07,0xC3,0xE4,0x33,0xDD,0x6E,0xFC,0xDD,0x66,0xFD,0x11,0x0A,0x00,0x19,0x4E,
    0x23,0x46,0x23,0x5E,0x23,0x56,0xDD,0x7E,0xFC,0xC6,0x10,0xDD,0x77,0xE8,0xDD,0x7E,
    0xFD,0xCE,0x00,0xDD,0x77,0xE9,0xD5,0xC5,0xDD,0x5E,0xE8,0xDD,0x56,0xE9,0x21,0x1A,
    0x00,0x39,0xEB,0x01,0x04,0x00,0xED,0xB0,0xC1,0xD1,0x79,0xDD,0x96,0xF8,0x4F,0x78,
    0xDD,0x9E,0xF9,0x47,0x7B,0xDD,0x9E,0xFA,0x5F,0x7A,0xDD,0x9E,0xFB,0x57,0xDD,0x7E,
    0x08,0xDD,0x77,0xF8,0xDD,0x7E,0x09,0xDD,0x77,0xF9,0xAF,0xDD,0x77,0xFA,0xDD,0x77,
    0xFB,0x79,0xDD,0x96,0xF8,0x78,0xDD,0x9E,0xF9,0x7B,0xDD,0x9E,0xFA,0x7A,0xDD,0x9E,
    0xFB,0x30,0x06,0xDD,0x71,0x08,0xDD,0x70,0x09,0xDD,0x7E,0xFC,0xDD,0x77,0xEA,0xDD,
    0x7E,0xFD,0xDD,0x77,0xEB,0xDD,0x7E,0xFC,0xDD,0x77,0xEC,0xDD,0x7E,0xFD,0xDD,0x77,
    0xED,0xDD,0x7E,0xE8,0xDD,0x77,0xEE,0xDD,0x7E,0xE9,0xDD,0x77,0xEF,0xDD,0x7E,0xFC,
    0xC6,0x1C,0xDD,0x77,0xF0,0xDD,0x7E,0xFD,0xCE,0x00,0xDD,0x77,0xF1,0xDD,0x7E,0xFC,
    0xDD,0x77,0xF2,0xDD,0x7E,0xFD,0xDD,0x77,0xF3,0xDD,0x7E,0x09,0xDD,0xB6,0x08,0xCA,
    0xE2,0x33,0xDD,0x5E,0xE8,0xDD,0x56,0xE9,0x21,0x18,0x00,0x39,0xEB,0x01,0x04,0x00,
    0xED,0xB0,0xDD,0x7E,0xFA,0xB7,0xC2,0x16,0x33,0xDD,0xCB,0xFB,0x46,0xC2,0x16,0x33,
    0xDD,0x4E,0xFB,0xDD,0x46,0xFC,0xDD,0x5E,0xFD,0xCB,0x3B,0xCB,0x18,0xCB,0x19,0xE1,
    0xE5,0xC5,0x01,0x0A,0x00,0x09,0xC1,0x7E,0x2B,0x6E,0x67,0x2B,0x7D,0xA1,0x4F,0x7C,
    0xA0,0x47,0xDD,0x71,0xF4,0xDD,0x70,0xF5,0xDD,0x7E,0x04,0xDD,0x77,0xF6,0xDD,0x7E,
    0x05,0xDD,0x77,0xF7,0xDD,0x7E,0xF5,0xDD,0xB6,0xF4,0xC2,0x92,0x31,0xDD,0x7E,0xFD,
    0xDD,0xB6,0xFC,0xDD,0xB6,0xFB,0xDD,0xB6,0xFA,0x20,0x1F,0xDD,0x6E,0xEA,0xDD,0x66,
    0xEB,0x11,0x06,0x00,0x19,0x7E,0xDD,0x77,0xFA,0x23,0x7E,0xDD,0x77,0xFB,0x23,0x7E,
    0xDD,0x77,0xFC,0x23,0x7E,0xDD,0x77,0xFD,0x18,0x38,0xDD,0x7E,0xE6,0xDD,0x77,0xFC,
    0xDD,0x7E,0xE7,0xDD,0x77,0xFD,0xDD,0x6E,0xFC,0xDD,0x66,0xFD,0x11,0x14,0x00,0x19,
    0x4E,0x23,0x46,0x23,0x5E,0x23,0x56,0xD5,0xC5,0xDD,0x6E,0xE6,0xDD,0x66,0xE7,0xE5,
    0xCD,0x39,0x07,0xF1,0xF1,0xF1,0xDD,0x75,0xFA,0xDD,0x74,0xFB,0xDD,0x73,0xFC,0xDD,
    0x72,0xFD,0xDD,0x7E,0xFA,0xD6,0x02,0xDD,0x7E,0xFB,0xDE,0x00,0xDD,0x7E,0xFC,0xDE,
    0x00,0xDD,0x7E,0xFD,0xDE,0x00,0x30,0x13,0xDD,0x7E,0xF6,0xC6,0x0F,0x6F,0xDD,0x7E,
    0xF7,0xCE,0x00,0x67,0x36,0x02,0x2E,0x02,0xC3,0xE4,0x33,0xDD,0x7E,0xFA,0xDD,0xA6,
    0xFB,0xDD,0xA6,0xFC,0xDD,0xA6,0xFD,0x3C,0x20,0x13,0xDD,0x7E,0xF6,0xC6,0x0F,0x6F,
    0xDD,0x7E,0xF7,0xCE,0x00,0x67,0x36,0x01,0x2E,0x01,0xC3,0xE4,0x33,0xDD,0x7E,0xEC,
    0xC6,0x14,0x5F,0xDD,0x7E,0xED,0xCE,0x00,0x57,0x21,0x18,0x00,0x39,0x01,0x04,0x00,
    0xED,0xB0,0xDD,0x6E,0xF6,0xDD,0x66,0xF7,0x11,0x14,0x00,0x19,0x4E,0x23,0x46,0x23,
    0x5E,0x23,0x56,0xD5,0xC5,0xDD,0x6E,0xE2,0xDD,0x66,0xE3,0xE5,0xCD,0x7C,0x06,0xF1,
    0xF1,0xF1,0x7A,0xB3,0xB4,0xB5,0x20,0x13,0xDD,0x7E,0xF6,0xC6,0x0F,0x6F,0xDD,0x7E,
    0xF7,0xCE,0x00,0x67,0x36,0x02,0x2E,0x02,0xC3,0xE4,0x33,0xDD,0x7E,0xF4,0xDD,0x77,
    0xFA,0xDD,0x7E,0xF5,0xDD,0x77,0xFB,0xAF,0xDD,0x77,0xFC,0xDD,0x77,0xFD,0x7D,0xDD,
    0x86,0xFA,0x4F,0x7C,0xDD,0x8E,0xFB,0x47,0x7B,0xDD,0x8E,0xFC,0x5F,0x7A,0xDD,0x8E,
    0xFD,0x57,0xDD,0x71,0xF8,0xDD,0x70,0xF9,0xDD,0x73,0xFA,0xDD,0x72,0xFB,0xDD,0x7E,
    0x09,0xCB,0x3F,0x4F,0x06,0x00,0x78,0xB1,0xCA,0x8C,0x32,0xDD,0x7E,0xF4,0x81,0x5F,
    0xDD,0x7E,0xF5,0x88,0x57,0xDD,0x7E,0xE2,0xDD,0x77,0xFC,0xDD,0x7E,0xE3,0xDD,0x77,
    0xFD,0xDD,0x6E,0xFC,0xDD,0x66,0xFD,0xC5,0x01,0x09,0x00,0x09,0xC1,0x7E,0x23,0x66,
    0x6F,0x93,0x7C,0x9A,0x30,0x0A,0x7D,0xDD,0x96,0xF4,0x4F,0x7C,0xDD,0x9E,0xF5,0x47,
    0xDD,0x6E,0xFC,0xDD,0x66,0xFD,0x23,0x56,0xC5,0xC5,0xDD,0x6E,0xFA,0xDD,0x66,0xFB,
    0xE5,0xDD,0x6E,0xF8,0xDD,0x66,0xF9,0xE5,0xDD,0x6E,0xFE,0xDD,0x66,0xFF,0xE5,0xD5,
    0x33,0xCD,0x20,0x02,0xFD,0x21,0x09,0x00,0xFD,0x39,0xFD,0xF9,0x7D,0xC1,0xB7,0x28,
    0x13,0xDD,0x7E,0xF6,0xC6,0x0F,0x6F,0xDD,0x7E,0xF7,0xCE,0x00,0x67,0x36,0x01,0x2E,
    0x01,0xC3,0xE4,0x33,0x79,0x87,0x47,0x0E,0x00,0xC3,0x6C,0x33,0xDD,0x7E,0xF6,0xC6,
    0x18,0xDD,0x77,0xFC,0xDD,0x7E,0xF7,0xCE,0x00,0xDD,0x77,0xFD,0xDD,0x6E,0xFC,0xDD,
    0x66,0xFD,0x4E,0x23,0x46,0x23,0x5E,0x23,0x56,0xDD,0x7E,0xF8,0x91,0x20,0x11,0xDD,
    0x7E,0xF9,0x90,0x20,0x0B,0xDD,0x6E,0xFA,0xDD,0x66,0xFB,0xBF,0xED,0x52,0x28,0x47,
    0xDD,0x7E,0xF6,0xC6,0x1C,0x4F,0xDD,0x7E,0xF7,0xCE,0x00,0x47,0xE1,0xE5,0x23,0x56,
    0x21,0x01,0x00,0xE5,0xDD,0x6E,0xFA,0xDD,0x66,0xFB,0xE5,0xDD,0x6E,0xF8,0xDD,0x66,
    0xF9,0xE5,0xC5,0xD5,0x33,0xCD,0x20,0x02,0xFD,0x21,0x09,0x00,0xFD,0x39,0xFD,0xF9,
    0x7D,0xB7,0x28,0x13,0xDD,0x7E,0xF6,0xC6,0x0F,0x6F,0xDD,0x7E,0xF7,0xCE,0x00,0x67,
    0x36,0x01,0x2E,0x01,0xC3,0xE4,0x33,0xDD,0x5E,0xFC,0xDD,0x56,0xFD,0x21,0x16,0x00,
    0x39,0x01,0x04,0x00,0xED,0xB0,0xDD,0x5E,0xEE,0xDD,0x56,0xEF,0x21,0x18,0x00,0x39,
    0xEB,0x01,0x04,0x00,0xED,0xB0,0xDD,0x4E,0xFA,0xDD,0x7E,0xFB,0xE6,0x01,0x47,0xAF,
    0x91,0x4F,0x3E,0x02,0x98,0x47,0xDD,0x7E,0x08,0x91,0xDD,0x7E,0x09,0x98,0x30,0x06,
    0xDD,0x4E,0x08,0xDD,0x46,0x09,0xDD,0x5E,0xFA,0xDD,0x7E,0xFB,0xE6,0x01,0x57,0x7B,
    0xDD,0x86,0xF0,0x5F,0x7A,0xDD,0x8E,0xF1,0x57,0xDD,0x6E,0xFE,0xDD,0x66,0xFF,0xC5,
    0xC5,0xD5,0xE5,0xCD,0xF2,0x03,0x21,0x06,0x00,0x39,0xF9,0xC1,0xDD,0x7E,0x08,0x91,
    0xDD,0x77,0x08,0xDD,0x7E,0x09,0x98,0xDD,0x77,0x09,0xDD,0x6E,0xE4,0xDD,0x66,0xE5,
    0x7E,0x23,0x66,0x6F,0x09,0xEB,0xDD,0x6E,0xE4,0xDD,0x66,0xE5,0x73,0x23,0x72,0xDD,
    0x7E,0xFE,0x81,0xDD,0x77,0xFE,0xDD,0x7E,0xFF,0x88,0xDD,0x77,0xFF,0xDD,0x7E,0xF2,
    0xC6,0x10,0x5F,0xDD,0x7E,0xF3,0xCE,0x00,0x57,0xD5,0xC5,0x21,0x18,0x00,0x39,0xEB,
    0x01,0x04,0x00,0xED,0xB0,0xC1,0xD1,0x21,0x00,0x00,0x79,0xDD,0x86,0xF6,0xDD,0x77,
    0xFA,0x78,0xDD,0x8E,0xF7,0xDD,0x77,0xFB,0x7D,0xDD,0x8E,0xF8,0xDD,0x77,0xFC,0x7C,
    0xDD,0x8E,0xF9,0xDD,0x77,0xFD,0x21,0x18,0x00,0x39,0x01,0x04,0x00,0xED,0xB0,0xC3,
    0x69,0x30,0x2E,0x00,0xDD,0xF9,0xDD,0xE1,0xC9,0xF5,0x21,0x00,0x00,0x39,0xFD,0x21,
    0x04,0x00,0xFD,0x39,0xFD,0x4E,0x00,0xFD,0x46,0x01,0xC5,0xE5,0xC5,0xCD,0x7F,0x2C,
    0xF1,0xF1,0x7D,0xC1,0x5F,0xB7,0x20,0x04,0xAF,0x02,0x03,0x02,0x6B,0xF1,0xC9,0xDD,
    0xE5,0xDD,0x21,0x00,0x00,0xDD,0x39,0x21,0xDF,0xFF,0x39,0xF9,0x21,0x00,0x00,0x39,
    0xDD,0x7E,0x04,0xDD,0x77,0xE1,0xDD,0x7E,0x05,0xDD,0x77,0xE2,0xE5,0xDD,0x6E,0xE1,
    0xDD,0x66,0xE2,0xE5,0xCD,0x7F,0x2C,0xF1,0xF1,0xDD,0x75,0xE3,0x7D,0xB7,0x20,0x0C,
    0xC1,0xE1,0xE5,0xC5,0x11,0x0F,0x00,0x19,0x7E,0xDD,0x77,0xE3,0xDD,0x7E,0xE3,0xB7,
    0x28,0x06,0xDD,0x6E,0xE3,0xC3,0xD8,0x39,0xDD,0x7E,0xE1,0xDD,0x77,0xE4,0xDD,0x7E,
    0xE2,0xDD,0x77,0xE5,0xC1,0xE1,0xE5,0xC5,0x11,0x0A,0x00,0x19,0x7E,0xDD,0x77,0xFC,
    0x23,0x7E,0xDD,0x77,0xFD,0x23,0x7E,0xDD,0x77,0xFE,0x23,0x7E,0xDD,0x77,0xFF,0xDD,
    0x7E,0xFC,0xDD,0x96,0x06,0xDD,0x7E,0xFD,0xDD,0x9E,0x07,0xDD,0x7E,0xFE,0xDD,0x9E,
    0x08,0xDD,0x7E,0xFF,0xDD,0x9E,0x09,0x30,0x0E,0x21,0x27,0x00,0x39,0xEB,0x21,0x1D,
    0x00,0x39,0x01,0x04,0x00,0xED,0xB0,0xDD,0x7E,0xE1,0xC6,0x10,0xDD,0x77,0xE6,0xDD,
    0x7E,0xE2,0xCE,0x00,0xDD,0x77,0xE7,0xDD,0x7E,0xE6,0xDD,0x77,0xE8,0xDD,0x7E,0xE7,
    0xDD,0x77,0xE9,0xDD,0x5E,0xE6,0xDD,0x56,0xE7,0x21,0x0B,0x00,0x39,0xEB,0x01,0x04,
    0x00,0xED,0xB0,0xAF,0xDD,0x77,0xEE,0xDD,0x77,0xEF,0xDD,0x77,0xF0,0xDD,0x77,0xF1,
    0xDD,0x6E,0xE6,0xDD,0x66,0xE7,0xAF,0x77,0x23,0x77,0x23,0x77,0x23,0x77,0xDD,0x7E,
    0x09,0xDD,0xB6,0x08,0xDD,0xB6,0x07,0xDD,0xB6,0x06,0xCA,0x09,0x39,0xDD,0x7E,0xDF,
    0xDD,0x77,0xFE,0xDD,0x7E,0xE0,0xDD,0x77,0xFF,0xDD,0x6E,0xFE,0xDD,0x66,0xFF,0x11,
    0x09,0x00,0x19,0x7E,0xDD,0x77,0xFE,0x23,0x7E,0xDD,0x77,0xFF,0xDD,0x7E,0xFE,0xDD,
    0x77,0xFC,0xDD,0x7E,0xFF,0xDD,0x77,0xFD,0xAF,0xDD,0x77,0xFE,0xDD,0x77,0xFF,0xDD,
    0x7E,0xFC,0xDD,0x77,0xF3,0xDD,0x7E,0xFD,0xDD,0x77,0xF4,0xDD,0x7E,0xFE,0xDD,0x77,
    0xF5,0xAF,0xDD,0x77,0xF2,0xDD,0xCB,0xF3,0x26,0xDD,0xCB,0xF4,0x16,0xDD,0xCB,0xF5,
    0x16,0xDD,0x7E,0xE1,0xC6,0x14,0xDD,0x77,0xF6,0xDD,0x7E,0xE2,0xCE,0x00,0xDD,0x77,
    0xF7,0xDD,0x7E,0xED,0xDD,0xB6,0xEC,0xDD,0xB6,0xEB,0xDD,0xB6,0xEA,0xCA,0x71,0x36,
    0xDD,0x7E,0x06,0xC6,0xFF,0x4F,0xDD,0x7E,0x07,0xCE,0xFF,0x47,0xDD,0x7E,0x08,0xCE,
    0xFF,0x5F,0xDD,0x7E,0x09,0xCE,0xFF,0x57,0xDD,0x6E,0xF4,0xDD,0x66,0xF5,0xE5,0xDD,
    0x6E,0xF2,0xDD,0x66,0xF3,0xE5,0xD5,0xC5,0xCD,0xD8,0xA0,0xF1,0xF1,0xF1,0xF1,0xDD,
    0x75,0xF8,0xDD,0x74,0xF9,0xDD,0x73,0xFA,0xDD,0x72,0xFB,0xDD,0x7E,0xEA,0xC6,0xFF,
    0xDD,0x77,0xFC,0xDD,0x7E,0xEB,0xCE,0xFF,0xDD,0x77,0xFD,0xDD,0x7E,0xEC,0xCE,0xFF,
    0xDD,0x77,0xFE,0xDD,0x7E,0xED,0xCE,0xFF,0xDD,0x77,0xFF,0xDD,0x6E,0xF4,0xDD,0x66,
    0xF5,0xE5,0xDD,0x6E,0xF2,0xDD,0x66,0xF3,0xE5,0xDD,0x6E,0xFE,0xDD,0x66,0xFF,0xE5,
    0xDD,0x6E,0xFC,0xDD,0x66,0xFD,0xE5,0xCD,0xD8,0xA0,0xF1,0xF1,0xF1,0xF1,0xDD,0x7E,
    0xF8,0x95,0xDD,0x7E,0xF9,0x9C,0xDD,0x7E,0xFA,0x9B,0xDD,0x7E,0xFB,0x9A,0x38,0x71,
    0xDD,0x7E,0xF2,0xC6,0xFF,0x4F,0xDD,0x7E,0xF3,0xCE,0xFF,0x47,0xDD,0x7E,0xF4,0xCE,
    0xFF,0x5F,0xDD,0x7E,0xF5,0xCE,0xFF,0x2F,0x57,0x79,0x2F,0x4F,0x78,0x2F,0x47,0x7B,
    0x2F,0x5F,0x79,0xDD,0xA6,0xFC,0x4F,0x78,0xDD,0xA6,0xFD,0x47,0x7B,0xDD,0xA6,0xFE,
    0x5F,0x7A,0xDD,0xA6,0xFF,0x57,0xDD,0x6E,0xE6,0xDD,0x66,0xE7,0x71,0x23,0x70,0x23,
    0x73,0x23,0x72,0xDD,0x7E,0x06,0x91,0xDD,0x77,0x06,0xDD,0x7E,0x07,0x98,0xDD,0x77,
    0x07,0xDD,0x7E,0x08,0x9B,0xDD,0x77,0x08,0xDD,0x7E,0x09,0x9A,0xDD,0x77,0x09,0xDD,
    0x5E,0xF6,0xDD,0x56,0xF7,0x21,0x1D,0x00,0x39,0xEB,0x01,0x04,0x00,0xED,0xB0,0x18,
    0x2A,0xC1,0xE1,0xE5,0xC5,0x11,0x06,0x00,0x19,0x7E,0xDD,0x77,0xFC,0x23,0x7E,0xDD,
    0x77,0xFD,0x23,0x7E,0xDD,0x77,0xFE,0x23,0x7E,0xDD,0x77,0xFF,0xDD,0x5E,0xF6,0xDD,
    0x56,0xF7,0x21,0x1D,0x00,0x39,0x01,0x04,0x00,0xED,0xB0,0xDD,0x7E,0xFF,0xDD,0xB6,
    0xFE,0xDD,0xB6,0xFD,0xDD,0xB6,0xFC,0xCA,0x09,0x39,0xDD,0x7E,0xE1,0xDD,0x77,0xFA,
    0xDD,0x7E,0xE2,0xDD,0x77,0xFB,0xDD,0x7E,0xF2,0xDD,0x96,0x06,0xDD,0x7E,0xF3,0xDD,
    0x9E,0x07,0xDD,0x7E,0xF4,0xDD,0x9E,0x08,0xDD,0x7E,0xF5,0xDD,0x9E,0x09,0xD2,0x26,
    0x38,0xDD,0x7E,0x06,0xDD,0x96,0xF2,0xDD,0x77,0x06,0xDD,0x7E,0x07,0xDD,0x9E,0xF3,
    0xDD,0x77,0x07,0xDD,0x7E,0x08,0xDD,0x9E,0xF4,0xDD,0x77,0x08,0xDD,0x7E,0x09,0xDD,
    0x9E,0xF5,0xDD,0x77,0x09,0xDD,0x6E,0xE8,0xDD,0x66,0xE9,0x4E,0x23,0x46,0x23,0x5E,
    0x23,0x56,0x79,0xDD,0x86,0xF2,0x4F,0x78,0xDD,0x8E,0xF3,0x47,0x7B,0xDD,0x8E,0xF4,
    0x5F,0x7A,0xDD,0x8E,0xF5,0x57,0xDD,0x6E,0xE8,0xDD,0x66,0xE9,0x71,0x23,0x70,0x23,
    0x73,0x23,0x72,0xDD,0x6E,0xFE,0xDD,0x66,0xFF,0xE5,0xDD,0x6E,0xFC,0xDD,0x66,0xFD,
    0xE5,0xDD,0x6E,0xE4,0xDD,0x66,0xE5,0xE5,0xCD,0x39,0x07,0xF1,0xF1,0xF1,0xDD,0x75,
    0xFC,0xDD,0x74,0xFD,0xDD,0x73,0xFE,0xDD,0x72,0xFF,0xDD,0x7E,0xFC,0xDD,0xA6,0xFD,
    0xDD,0xA6,0xFE,0xDD,0xA6,0xFF,0x3C,0x20,0x29,0xDD,0x7E,0x04,0xDD,0x77,0xFC,0xDD,
    0x7E,0x05,0xDD,0x77,0xFD,0xDD,0x7E,0xFC,0xC6,0x0F,0xDD,0x77,0xFE,0xDD,0x7E,0xFD,
    0xCE,0x00,0xDD,0x77,0xFF,0xDD,0x6E,0xFE,0xDD,0x66,0xFF,0x36,0x01,0x2E,0x01,0xC3,
    0xD8,0x39,0x3E,0x01,0xDD,0xBE,0xFC,0x3E,0x00,0xDD,0x9E,0xFD,0x3E,0x00,0xDD,0x9E,
    0xFE,0x3E,0x00,0xDD,0x9E,0xFF,0x30,0x43,0xDD,0x7E,0xDF,0xDD,0x77,0xF8,0xDD,0x7E,
    0xE0,0xDD,0x77,0xF9,0xDD,0x6E,0xF8,0xDD,0x66,0xF9,0x11,0x0D,0x00,0x19,0x7E,0xDD,
    0x77,0xF6,0x23,0x7E,0xDD,0x77,0xF7,0x23,0x7E,0xDD,0x77,0xF8,0x23,0x7E,0xDD,0x77,
    0xF9,0xDD,0x7E,0xFC,0xDD,0x96,0xF6,0xDD,0x7E,0xFD,0xDD,0x9E,0xF7,0xDD,0x7E,0xFE,
    0xDD,0x9E,0xF8,0xDD,0x7E,0xFF,0xDD,0x9E,0xF9,0x38,0x29,0xDD,0x7E,0x04,0xDD,0x77,
    0xFC,0xDD,0x7E,0x05,0xDD,0x77,0xFD,0xDD,0x7E,0xFC,0xC6,0x0F,0xDD,0x77,0xFE,0xDD,
    0x7E,0xFD,0xCE,0x00,0xDD,0x77,0xFF,0xDD,0x6E,0xFE,0xDD,0x66,0xFF,0x36,0x02,0x2E,
    0x02,0xC3,0xD8,0x39,0xDD,0x7E,0xFA,0xC6,0x14,0xDD,0x77,0xF8,0xDD,0x7E,0xFB,0xCE,
    0x00,0xDD,0x77,0xF9,0xDD,0x5E,0xF8,0xDD,0x56,0xF9,0x21,0x1D,0x00,0x39,0x01,0x04,
    0x00,0xED,0xB0,0xC3,0xB6,0x36,0xDD,0x7E,0x04,0xDD,0x77,0xE1,0xDD,0x7E,0x05,0xDD,
    0x77,0xE2,0xDD,0x7E,0xE1,0xC6,0x10,0xDD,0x77,0xE6,0xDD,0x7E,0xE2,0xCE,0x00,0xDD,
    0x77,0xE7,0xDD,0x6E,0xE6,0xDD,0x66,0xE7,0x4E,0x23,0x46,0x23,0x5E,0x23,0x56,0x79,
    0xDD,0x86,0x06,0x4F,0x78,0xDD,0x8E,0x07,0x47,0x7B,0xDD,0x8E,0x08,0x5F,0x7A,0xDD,
    0x8E,0x09,0x57,0xDD,0x6E,0xE6,0xDD,0x66,0xE7,0x71,0x23,0x70,0x23,0x73,0x23,0x72,
    0xDD,0x7E,0x06,0xB7,0x20,0x07,0xDD,0xCB,0x07,0x46,0xCA,0x09,0x39,0xDD,0x6E,0xFE,
    0xDD,0x66,0xFF,0xE5,0xDD,0x6E,0xFC,0xDD,0x66,0xFD,0xE5,0xDD,0x6E,0xDF,0xDD,0x66,
    0xE0,0xE5,0xCD,0x7C,0x06,0xF1,0xF1,0xF1,0xDD,0x75,0xF8,0xDD,0x74,0xF9,0xDD,0x73,
    0xFA,0xDD,0x72,0xFB,0x7A,0xDD,0xB6,0xFA,0xDD,0xB6,0xF9,0xDD,0xB6,0xF8,0x20,0x13,
    0xDD,0x7E,0xE1,0xC6,0x0F,0x6F,0xDD,0x7E,0xE2,0xCE,0x00,0x67,0x36,0x02,0x2E,0x02,
    0xC3,0xD8,0x39,0xDD,0x7E,0x07,0xDD,0x77,0xFC,0xDD,0x7E,0x08,0xDD,0x77,0xFD,0xDD,
    0x7E,0x09,0xDD,0x77,0xFE,0xAF,0xDD,0x77,0xFF,0xDD,0xCB,0xFE,0x3E,0xDD,0xCB,0xFD,
    0x1E,0xDD,0xCB,0xFC,0x1E,0xDD,0x7E,0xFC,0xDD,0x86,0xF8,0xDD,0x77,0xEE,0xDD,0x7E,
    0xFD,0xDD,0x8E,0xF9,0xDD,0x77,0xEF,0xDD,0x7E,0xFE,0xDD,0x8E,0xFA,0xDD,0x77,0xF0,
    0xDD,0x7E,0xFF,0xDD,0x8E,0xFB,0xDD,0x77,0xF1,0xDD,0x5E,0xE6,0xDD,0x56,0xE7,0x21,
    0x1D,0x00,0x39,0xEB,0x01,0x04,0x00,0xED,0xB0,0xDD,0x7E,0xFC,0xB7,0x20,0x07,0xDD,
    0xCB,0xFD,0x46,0xCA,0xD5,0x39,0xDD,0x7E,0xE1,0xC6,0x18,0xDD,0x77,0xFB,0xDD,0x7E,
    0xE2,0xCE,0x00,0xDD,0x77,0xFC,0xDD,0x5E,0xFB,0xDD,0x56,0xFC,0x21,0x18,0x00,0x39,
    0xEB,0x01,0x04,0x00,0xED,0xB0,0xDD,0x7E,0xEE,0xDD,0x96,0xF7,0x20,0x18,0xDD,0x7E,
    0xEF,0xDD,0x96,0xF8,0x20,0x10,0xDD,0x7E,0xF0,0xDD,0x96,0xF9,0x20,0x08,0xDD,0x7E,
    0xF1,0xDD,0x96,0xFA,0x28,0x6F,0xDD,0x7E,0xE1,0xC6,0x1C,0xDD,0x77,0xFD,0xDD,0x7E,
    0xE2,0xCE,0x00,0xDD,0x77,0xFE,0xE1,0xE5,0x23,0x7E,0xDD,0x77,0xFF,0x21,0x01,0x00,
    0xE5,0xDD,0x6E,0xF0,0xDD,0x66,0xF1,0xE5,0xDD,0x6E,0xEE,0xDD,0x66,0xEF,0xE5,0xDD,
    0x6E,0xFD,0xDD,0x66,0xFE,0xE5,0xDD,0x7E,0xFF,0xF5,0x33,0xCD,0x20,0x02,0xFD,0x21,
    0x09,0x00,0xFD,0x39,0xFD,0xF9,0x7D,0xB7,0x28,0x1C,0xDD,0x7E,0xE1,0xC6,0x0F,0xDD,
    0x77,0xFE,0xDD,0x7E,0xE2,0xCE,0x00,0xDD,0x77,0xFF,0xDD,0x6E,0xFE,0xDD,0x66,0xFF,
    0x36,0x01,0x2E,0x01,0x18,0x12,0xDD,0x5E,0xFB,0xDD,0x56,0xFC,0x21,0x0F,0x00,0x39,
    0x01,0x04,0x00,0xED,0xB0,0xDD,0x6E,0xE3,0xDD,0xF9,0xDD,0xE1,0xC9,0xDD,0xE5,0xDD,
    0x21,0x00,0x00,0xDD,0x39,0x21,0xF8,0xFF,0x39,0xF9,0xDD,0x7E,0x05,0xDD,0xB6,0x04,
    0x20,0x05,0x2E,0x09,0xC3,0xDD,0x3A,0x21,0x00,0x00,0x39,0xEB,0x21,0x0E,0x00,0x39,
    0xAF,0xF5,0x33,0xD5,0xE5,0xCD,0xBF,0x25,0xF1,0xF1,0x33,0x4D,0x79,0xB7,0xC2,0xCE,
    0x3A,0xDD,0x5E,0x04,0xDD,0x56,0x05,0x6B,0x62,0xDD,0x7E,0xF8,0x77,0x23,0xDD,0x7E,
    0xF9,0x77,0xD5,0xDD,0x6E,0x06,0xDD,0x66,0x07,0xE5,0xD5,0xCD,0xB7,0x21,0xF1,0xF1,
    0x7D,0xD1,0x4F,0xB7,0xC2,0xC7,0x3A,0x6B,0x62,0xC5,0x01,0x27,0x00,0x09,0xC1,0x7E,
    0x07,0x38,0x54,0x6B,0x62,0x23,0x23,0x23,0x23,0xCB,0x66,0x28,0x48,0x21,0x06,0x00,
    0x19,0xDD,0x75,0xFA,0xDD,0x74,0xFB,0x6B,0x62,0xC5,0x01,0x1A,0x00,0x09,0xC1,0x46,
    0x23,0x66,0xC5,0xD5,0x68,0xE5,0xDD,0x6E,0xF8,0xDD,0x66,0xF9,0xE5,0xCD,0xC4,0x0F,
    0xF1,0xF1,0xDD,0x75,0xFC,0xDD,0x74,0xFD,0xDD,0x73,0xFE,0xDD,0x72,0xFF,0xD1,0xC1,
    0xD5,0xC5,0xDD,0x5E,0xFA,0xDD,0x56,0xFB,0x21,0x08,0x00,0x39,0x01,0x04,0x00,0xED,
    0xB0,0xC1,0xD1,0x18,0x02,0x0E,0x05,0x79,0xB7,0x20,0x2C,0x21,0x02,0x00,0x19,0xDD,
    0x75,0xFE,0xDD,0x74,0xFF,0xE1,0xE5,0x01,0x05,0x00,0x09,0x4E,0x23,0x46,0xDD,0x6E,
    0xFE,0xDD,0x66,0xFF,0x71,0x23,0x70,0x21,0x00,0x00,0xE5,0x21,0x00,0x00,0xE5,0xD5,
    0xCD,0x03,0x0A,0xF1,0xF1,0xF1,0x4D,0x79,0xD6,0x04,0x20,0x02,0x0E,0x05,0x79,0xB7,
    0x28,0x0A,0xDD,0x5E,0x04,0xDD,0x56,0x05,0xAF,0x12,0x13,0x12,0x69,0xDD,0xF9,0xDD,
    0xE1,0xC9,0xF5,0x21,0x00,0x00,0x39,0xFD,0x21,0x04,0x00,0xFD,0x39,0xFD,0x4E,0x00,
    0xFD,0x46,0x01,0xC5,0xE5,0xC5,0xCD,0x7F,0x2C,0xF1,0xF1,0x7D,0xC1,0x5F,0xB7,0x20,
    0x04,0xAF,0x02,0x03,0x02,0x6B,0xF1,0xC9,0xF5,0x21,0x00,0x00,0x39,0xFD,0x21,0x04,
    0x00,0xFD,0x39,0xFD,0x4E,0x00,0xFD,0x46,0x01,0xC5,0xE5,0xC5,0xCD,0x7F,0x2C,0xF1,
    0xF1,0xC1,0x7D,0xB7,0x20,0x55,0x21,0x07,0x00,0x39,0x7E,0x2B,0xB6,0x20,0x11,0x21,
    0x00,0x00,0xE5,0x21,0x00,0x00,0xE5,0xC5,0xCD,0x03,0x0A,0xF1,0xF1,0xF1,0x18,0x3B,
    0xC5,0x21,0x00,0x00,0xE5,0xC5,0xCD,0xEB,0x12,0xF1,0xF1,0xC1,0x7D,0xD6,0x04,0x20,
    0x01,0x6F,0x7D,0xB7,0x20,0x25,0x21,0x06,0x00,0x39,0x7E,0x23,0x66,0x6F,0xE5,0xC5,
    0xCD,0x5A,0x17,0xF1,0x21,0x00,0x00,0xE3,0x21,0x06,0x00,0x39,0x4E,0x23,0x46,0xC5,
    0xCD,0xF2,0x0C,0xF1,0xF1,0x7D,0xD6,0x04,0x20,0x01,0x6F,0xF1,0xC9,0xDD,0xE5,0xDD,
    0x21,0x00,0x00,0xDD,0x39,0x21,0xFA,0xFF,0x39,0xF9,0x01,0x00,0x00,0xDD,0x7E,0x04,
    0xD6,0x80,0xDD,0x7E,0x05,0xDE,0x00,0xDD,0x7E,0x06,0xDE,0x00,0xDD,0x7E,0x07,0xDE,
    0x00,0x30,0x09,0xDD,0x4E,0x04,0xDD,0x46,0x05,0xC3,0x20,0x3C,0xDD,0x7E,0x06,0xD6,
    0x01,0xDD,0x7E,0x07,0xDE,0x00,0x30,0x68,0xDD,0x7E,0x08,0xDD,0x56,0x09,0xD6,0x62,
    0x20,0x5E,0x7A,0xD6,0x03,0x20,0x59,0x01,0x00,0x00,0x33,0x33,0xC5,0xDD,0x7E,0xFA,
    0xD6,0x80,0xDD,0x7E,0xFB,0xDE,0x00,0x30,0x3A,0x69,0x60,0x29,0x11,0x27,0x3C,0x19,
    0x5E,0x23,0x56,0xDD,0x73,0xFC,0xDD,0x72,0xFD,0xAF,0xDD,0x77,0xFE,0xDD,0x77,0xFF,
    0xDD,0x7E,0x04,0xDD,0x96,0xFC,0x20,0x18,0xDD,0x7E,0x05,0xDD,0x96,0xFD,0x20,0x10,
    0xDD,0x7E,0x06,0xDD,0x96,0xFE,0x20,0x08,0xDD,0x7E,0x07,0xDD,0x96,0xFF,0x28,0x03,
    0x03,0x18,0xB7,0xDD,0x7E,0xFA,0xC6,0x80,0x4F,0xDD,0x7E,0xFB,0xCE,0x00,0x06,0x00,
    0x69,0x60,0xDD,0xF9,0xDD,0xE1,0xC9,0x10,0x04,0x11,0x04,0x12,0x04,0x13,0x04,0x14,
    0x04,0x15,0x04,0x16,0x04,0x17,0x04,0x18,0x04,0x19,0x04,0x1A,0x04,0x1B,0x04,0x1C,
    0x04,0x1D,0x04,0x1E,0x04,0x1F,0x04,0x20,0x04,0x21,0x04,0x22,0x04,0x23,0x04,0x24,
    0x04,0x25,0x04,0x26,0x04,0x27,0x04,0x28,0x04,0x29,0x04,0x2A,0x04,0x2B,0x04,0x2C,
    0x04,0x2D,0x04,0x2E,0x04,0x2F,0x04,0x30,0x04,0x31,0x04,0x32,0x04,0x33,0x04,0x34,
    0x04,0x35,0x04,0x36,0x04,0x37,0x04,0x38,0x04,0x39,0x04,0x3A,0x04,0x3B,0x04,0x3C,
    0x04,0x3D,0x04,0x3E,0x04,0x3F,0x04,0x91,0x25,0x92,0x25,0x93,0x25,0x02,0x25,0x24,
    0x25,0x61,0x25,0x62,0x25,0x56,0x25,0x55,0x25,0x63,0x25,0x51,0x25,0x57,0x25,0x5D,
    0x25,0x5C,0x25,0x5B,0x25,0x10,0x25,0x14,0x25,0x34,0x25,0x2C,0x25,0x1C,0x25,0x00,
    0x25,0x3C,0x25,0x5E,0x25,0x5F,0x25,0x5A,0x25,0x54,0x25,0x69,0x25,0x66,0x25,0x60,
    0x25,0x50,0x25,0x6C,0x25,0x67,0x25,0x68,0x25,0x64,0x25,0x65,0x25,0x59,0x25,0x58,
    0x25,0x52,0x25,0x53,0x25,0x6B,0x25,0x6A,0x25,0x18,0x25,0x0C,0x25,0x88,0x25,0x84,
    0x25,0x8C,0x25,0x90,0x25,0x80,0x25,0x40,0x04,0x41,0x04,0x42,0x04,0x43,0x04,0x44,
    0x04,0x45,0x04,0x46,0x04,0x47,0x04,0x48,0x04,0x49,0x04,0x4A,0x04,0x4B,0x04,0x4C,
    0x04,0x4D,0x04,0x4E,0x04,0x4F,0x04,0x01,0x04,0x51,0x04,0x04,0x04,0x54,0x04,0x07,
    0x04,0x57,0x04,0x0E,0x04,0x5E,0x04,0xB0,0x00,0x19,0x22,0xB7,0x00,0x1A,0x22,0x16,
    0x21,0xA4,0x00,0xA0,0x25,0xA0,0x00,0xDD,0xE5,0xDD,0x21,0x00,0x00,0xDD,0x39,0x01,
    0x00,0x00,0xDD,0x5E,0x04,0xDD,0x56,0x05,0x7B,0xD6,0x80,0x7A,0xDE,0x00,0x30,0x08,
    0xDD,0x4E,0x04,0xDD,0x46,0x05,0x18,0x24,0xDD,0x7E,0x06,0xDD,0x66,0x07,0xD6,0x62,
    0x20,0x1A,0x7C,0xD6,0x03,0x20,0x15,0x7A,0xD6,0x01,0x30,0x10,0x7B,0xC6,0x80,0x6F,
    0x7A,0xCE,0xFF,0x67,0x29,0x11,0x27,0x3C,0x19,0x4E,0x23,0x46,0x69,0x60,0xDD,0xE1,
    0xC9,0xDD,0xE5,0xDD,0x21,0x00,0x00,0xDD,0x39,0x21,0xF8,0xFF,0x39,0xF9,0xDD,0x7E,
    0x06,0xD6,0x01,0xDD,0x7E,0x07,0xDE,0x00,0xD2,0xED,0x3E,0xDD,0x4E,0x04,0xDD,0x46,
    0x05,0x33,0x33,0xC5,0xDD,0x7E,0xF9,0xD6,0x10,0x30,0x05,0x11,0xFE,0x3E,0x18,0x03,
    0x11,0xF0,0x40,0xDD,0x73,0xFE,0xDD,0x72,0xFF,0xDD,0x6E,0xFE,0xDD,0x66,0xFF,0x7E,
    0xDD,0x77,0xFA,0x23,0x7E,0xDD,0x77,0xFB,0xDD,0x5E,0xFE,0xDD,0x56,0xFF,0x13,0x13,
    0xDD,0x7E,0xFB,0xDD,0xB6,0xFA,0xCA,0xE0,0x3E,0x79,0xDD,0x96,0xFA,0x78,0xDD,0x9E,
    0xFB,0xDA,0xE0,0x3E,0x6B,0x62,0x7E,0x23,0x66,0x6F,0x13,0x13,0xDD,0x73,0xFE,0xDD,
    0x72,0xFF,0xDD,0x74,0xFC,0xDD,0x36,0xFD,0x00,0x16,0x00,0x5D,0xDD,0x6E,0xFA,0xDD,
    0x66,0xFB,0x19,0x79,0x95,0x78,0x9C,0xD2,0xC4,0x3E,0x3E,0x08,0xDD,0xBE,0xFC,0x3E,
    0x00,0xDD,0x9E,0xFD,0xDA,0xE0,0x3E,0xDD,0x5E,0xFC,0x16,0x00,0x21,0x13,0x3E,0x19,
    0x19,0x19,0xE9,0xC3,0x2E,0x3E,0xC3,0x46,0x3E,0xC3,0x62,0x3E,0xC3,0x70,0x3E,0xC3,
    0x7E,0x3E,0xC3,0x8C,0x3E,0xC3,0x9A,0x3E,0xC3,0xA8,0x3E,0xC3,0xB6,0x3E,0x79,0xDD,
    0x96,0xFA,0x6F,0x78,0xDD,0x9E,0xFB,0x67,0x29,0xDD,0x5E,0xFE,0xDD,0x56,0xFF,0x19,
    0x4E,0x23,0x46,0xC3,0xE0,0x3E,0x79,0xDD,0x96,0xFA,0x4F,0x78,0xDD,0x9E,0xFB,0x79,
    0xE6,0x01,0x4F,0x06,0x00,0xDD,0x7E,0xF8,0x91,0x4F,0xDD,0x7E,0xF9,0x98,0x47,0xC3,
    0xE0,0x3E,0xDD,0x7E,0xF8,0xC6,0xF0,0x4F,0xDD,0x7E,0xF9,0xCE,0xFF,0x47,0x18,0x70,
    0xDD,0x7E,0xF8,0xC6,0xE0,0x4F,0xDD,0x7E,0xF9,0xCE,0xFF,0x47,0x18,0x62,0xDD,0x7E,
    0xF8,0xC6,0xD0,0x4F,0xDD,0x7E,0xF9,0xCE,0xFF,0x47,0x18,0x54,0xDD,0x7E,0xF8,0xC6,
    0xE6,0x4F,0xDD,0x7E,0xF9,0xCE,0xFF,0x47,0x18,0x46,0xDD,0x7E,0xF8,0xC6,0x08,0x4F,
    0xDD,0x7E,0xF9,0xCE,0x00,0x47,0x18,0x38,0xDD,0x7E,0xF8,0xC6,0xB0,0x4F,0xDD,0x7E,
    0xF9,0xCE,0xFF,0x47,0x18,0x2A,0xDD,0x7E,0xF8,0xC6,0xA0,0x4F,0xDD,0x7E,0xF9,0xCE,
    0xE3,0x47,0x18,0x1C,0xDD,0x7E,0xFD,0xDD,0xB6,0xFC,0xC2,0xA9,0x3D,0xEB,0x29,0x7D,
    0xDD,0x86,0xFE,0xDD,0x77,0xFE,0x7C,0xDD,0x8E,0xFF,0xDD,0x77,0xFF,0xC3,0xA9,0x3D,
    0xDD,0x71,0x04,0xDD,0x70,0x05,0xAF,0xDD,0x77,0x06,0xDD,0x77,0x07,0xDD,0x6E,0x04,
    0xDD,0x66,0x05,0xDD,0x5E,0x06,0xDD,0x56,0x07,0xDD,0xF9,0xDD,0xE1,0xC9,0x61,0x00,
    0x1A,0x03,0xE0,0x00,0x17,0x03,0xF8,0x00,0x07,0x03,0xFF,0x00,0x01,0x00,0x78,0x01,
    0x00,0x01,0x30,0x01,0x32,0x01,0x06,0x01,0x39,0x01,0x10,0x01,0x4A,0x01,0x2E,0x01,
    0x79,0x01,0x06,0x01,0x80,0x01,0x4D,0x00,0x43,0x02,0x81,0x01,0x82,0x01,0x82,0x01,
    0x84,0x01,0x84,0x01,0x86,0x01,0x87,0x01,0x87,0x01,0x89,0x01,0x8A,0x01,0x8B,0x01,
    0x8B,0x01,0x8D,0x01,0x8E,0x01,0x8F,0x01,0x90,0x01,0x91,0x01,0x91,0x01,0x93,0x01,
    0x94,0x01,0xF6,0x01,0x96,0x01,0x97,0x01,0x98,0x01,0x98,0x01,0x3D,0x02,0x9B,0x01,
    0x9C,0x01,0x9D,0x01,0x20,0x02,0x9F,0x01,0xA0,0x01,0xA0,0x01,0xA2,0x01,0xA2,0x01,
    0xA4,0x01,0xA4,0x01,0xA6,0x01,0xA7,0x01,0xA7,0x01,0xA9,0x01,0xAA,0x01,0xAB,0x01,
    0xAC,0x01,0xAC,0x01,0xAE,0x01,0xAF,0x01,0xAF,0x01,0xB1,0x01,0xB2,0x01,0xB3,0x01,
    0xB3,0x01,0xB5,0x01,0xB5,0x01,0xB7,0x01,0xB8,0x01,0xB8,0x01,0xBA,0x01,0xBB,0x01,
    0xBC,0x01,0xBC,0x01,0xBE,0x01,0xF7,0x01,0xC0,0x01,0xC1,0x01,0xC2,0x01,0xC3,0x01,
    0xC4,0x01,0xC5,0x01,0xC4,0x01,0xC7,0x01,0xC8,0x01,0xC7,0x01,0xCA,0x01,0xCB,0x01,
    0xCA,0x01,0xCD,0x01,0x10,0x01,0xDD,0x01,0x01,0x00,0x8E,0x01,0xDE,0x01,0x12,0x01,
    0xF3,0x01,0x03,0x00,0xF1,0x01,0xF4,0x01,0xF4,0x01,0xF8,0x01,0x28,0x01,0x22,0x02,
    0x12,0x01,0x3A,0x02,0x09,0x00,0x65,0x2C,0x3B,0x02,0x3B,0x02,0x3D,0x02,0x66,0x2C,
    0x3F,0x02,0x40,0x02,0x41,0x02,0x41,0x02,0x46,0x02,0x0A,0x01,0x53,0x02,0x40,0x00,
};

__attribute__((aligned(4096))) const unsigned char gb_rom_profi_bank2_flashtool[16384] = {
    0x81,0x01,0x86,0x01,0x55,0x02,0x89,0x01,0x8A,0x01,0x58,0x02,0x8F,0x01,0x5A,0x02,
    0x90,0x01,0x5C,0x02,0x5D,0x02,0x5E,0x02,0x5F,0x02,0x93,0x01,0x61,0x02,0x62,0x02,
    0x94,0x01,0x64,0x02,0x65,0x02,0x66,0x02,0x67,0x02,0x97,0x01,0x96,0x01,0x6A,0x02,
    0x62,0x2C,0x6C,0x02,0x6D,0x02,0x6E,0x02,0x9C,0x01,0x70,0x02,0x71,0x02,0x9D,0x01,
    0x73,0x02,0x74,0x02,0x9F,0x01,0x76,0x02,0x77,0x02,0x78,0x02,0x79,0x02,0x7A,0x02,
    0x7B,0x02,0x7C,0x02,0x64,0x2C,0x7E,0x02,0x7F,0x02,0xA6,0x01,0x81,0x02,0x82,0x02,
    0xA9,0x01,0x84,0x02,0x85,0x02,0x86,0x02,0x87,0x02,0xAE,0x01,0x44,0x02,0xB1,0x01,
    0xB2,0x01,0x45,0x02,0x8D,0x02,0x8E,0x02,0x8F,0x02,0x90,0x02,0x91,0x02,0xB7,0x01,
    0x7B,0x03,0x03,0x00,0xFD,0x03,0xFE,0x03,0xFF,0x03,0xAC,0x03,0x04,0x00,0x86,0x03,
    0x88,0x03,0x89,0x03,0x8A,0x03,0xB1,0x03,0x11,0x03,0xC2,0x03,0x02,0x00,0xA3,0x03,
    0xA3,0x03,0xC4,0x03,0x08,0x03,0xCC,0x03,0x03,0x00,0x8C,0x03,0x8E,0x03,0x8F,0x03,
    0xD8,0x03,0x18,0x01,0xF2,0x03,0x0A,0x00,0xF9,0x03,0xF3,0x03,0xF4,0x03,0xF5,0x03,
    0xF6,0x03,0xF7,0x03,0xF7,0x03,0xF9,0x03,0xFA,0x03,0xFA,0x03,0x30,0x04,0x20,0x03,
    0x50,0x04,0x10,0x07,0x60,0x04,0x22,0x01,0x8A,0x04,0x36,0x01,0xC1,0x04,0x0E,0x01,
    0xCF,0x04,0x01,0x00,0xC0,0x04,0xD0,0x04,0x44,0x01,0x61,0x05,0x26,0x04,0x00,0x00,
    0x7D,0x1D,0x01,0x00,0x63,0x2C,0x00,0x1E,0x96,0x01,0xA0,0x1E,0x5A,0x01,0x00,0x1F,
    0x08,0x06,0x10,0x1F,0x06,0x06,0x20,0x1F,0x08,0x06,0x30,0x1F,0x08,0x06,0x40,0x1F,
    0x06,0x06,0x51,0x1F,0x07,0x00,0x59,0x1F,0x52,0x1F,0x5B,0x1F,0x54,0x1F,0x5D,0x1F,
    0x56,0x1F,0x5F,0x1F,0x60,0x1F,0x08,0x06,0x70,0x1F,0x0E,0x00,0xBA,0x1F,0xBB,0x1F,
    0xC8,0x1F,0xC9,0x1F,0xCA,0x1F,0xCB,0x1F,0xDA,0x1F,0xDB,0x1F,0xF8,0x1F,0xF9,0x1F,
    0xEA,0x1F,0xEB,0x1F,0xFA,0x1F,0xFB,0x1F,0x80,0x1F,0x08,0x06,0x90,0x1F,0x08,0x06,
    0xA0,0x1F,0x08,0x06,0xB0,0x1F,0x04,0x00,0xB8,0x1F,0xB9,0x1F,0xB2,0x1F,0xBC,0x1F,
    0xCC,0x1F,0x01,0x00,0xC3,0x1F,0xD0,0x1F,0x02,0x06,0xE0,0x1F,0x02,0x06,0xE5,0x1F,
    0x01,0x00,0xEC,0x1F,0xF3,0x1F,0x01,0x00,0xFC,0x1F,0x4E,0x21,0x01,0x00,0x32,0x21,
    0x70,0x21,0x10,0x02,0x84,0x21,0x01,0x00,0x83,0x21,0xD0,0x24,0x1A,0x05,0x30,0x2C,
    0x2F,0x04,0x60,0x2C,0x02,0x01,0x67,0x2C,0x06,0x01,0x75,0x2C,0x02,0x01,0x80,0x2C,
    0x64,0x01,0x00,0x2D,0x26,0x08,0x41,0xFF,0x1A,0x03,0x00,0x00,0xDD,0xE5,0xDD,0x21,
    0x04,0x00,0xDD,0x39,0xDD,0x5E,0x00,0xDD,0x56,0x01,0xDD,0x4E,0x02,0xDD,0x46,0x03,
    0x62,0x6B,0x09,0xEB,0x0E,0x57,0xED,0xA2,0xED,0xA2,0xED,0xA2,0xED,0xA2,0xED,0xA2,
    0xED,0xA2,0xED,0xA2,0xED,0xA2,0xED,0xA2,0xED,0xA2,0xED,0xA2,0xED,0xA2,0xED,0xA2,
    0xED,0xA2,0xED,0xA2,0xED,0xA2,0xED,0xA2,0xED,0xA2,0xED,0xA2,0xED,0xA2,0xED,0xA2,
    0xED,0xA2,0xED,0xA2,0xED,0xA2,0xED,0xA2,0xED,0xA2,0xED,0xA2,0xED,0xA2,0xED,0xA2,
    0xED,0xA2,0xED,0xA2,0xED,0xA2,0x7B,0xBD,0xC2,0xC6,0x41,0x7A,0xBC,0xC2,0xC6,0x41,
    0xDD,0xE1,0xC9,0xC9,0xD1,0xC1,0xC5,0xD5,0xDB,0x57,0x3C,0x28,0x05,0x0B,0x78,0xB1,
    0x20,0xF6,0x78,0xB1,0xD6,0x01,0x3E,0x00,0x17,0xEE,0x01,0x6F,0x26,0x00,0xC9,0x3E,
    0x03,0xD3,0x77,0xDB,0x57,0xC9,0xCD,0x9D,0x46,0x3E,0x01,0xD3,0x77,0xDB,0x57,0x21,
    0xF4,0x01,0xE5,0xCD,0x14,0x42,0xF1,0x7C,0xB5,0x28,0x04,0x21,0x01,0x00,0xC9,0xCD,
    0x2F,0x42,0x21,0x00,0x00,0xC9,0xDB,0x57,0xFE,0xFF,0x28,0xFA,0xD6,0xFE,0x28,0x04,
    0x21,0x00,0x00,0xC9,0xFD,0x21,0x04,0x00,0xFD,0x39,0xFD,0x6E,0x00,0xFD,0x66,0x01,
    0xE5,0xFD,0x2B,0xFD,0x2B,0xFD,0x6E,0x00,0xFD,0x66,0x01,0xE5,0xCD,0xAC,0x41,0xF1,
    0xF1,0xDB,0x57,0xDB,0x57,0x21,0x01,0x00,0xC9,0xDD,0xE5,0xDD,0x21,0x00,0x00,0xDD,
    0x39,0x3B,0xDD,0x7E,0x04,0xDD,0x77,0xFF,0xDD,0xCB,0xFF,0x7E,0x28,0x1F,0xDD,0x7E,
    0xFF,0xE6,0x7F,0xDD,0x77,0x04,0x21,0x00,0x00,0xE5,0x21,0x00,0x00,0xE5,0x3E,0x37,
    0xF5,0x33,0xCD,0x89,0x42,0xF1,0xF1,0x33,0x3E,0x01,0x95,0x38,0x62,0xDD,0x7E,0x04,
    0xD6,0x0C,0x3E,0x01,0x28,0x01,0xAF,0x4F,0xCB,0x41,0x20,0x10,0xC5,0xCD,0x2F,0x42,
    0xCD,0x36,0x42,0xC1,0x7C,0xB5,0x20,0x04,0x2E,0xFF,0x18,0x43,0xDD,0x46,0x04,0x78,
    0xF6,0x40,0xD3,0x57,0xDD,0x7E,0x08,0xD3,0x57,0xDD,0x7E,0x07,0xD3,0x57,0xDD,0x7E,
    0x06,0xD3,0x57,0xDD,0x7E,0x05,0xD3,0x57,0x1E,0x01,0x78,0xB7,0x20,0x02,0x1E,0x95,
    0xDD,0x7E,0x04,0xD6,0x08,0x20,0x02,0x1E,0x87,0x7B,0xD3,0x57,0x79,0xB7,0x28,0x02,
    0xDB,0x57,0x0E,0x0A,0xDB,0x57,0x6F,0xCB,0x7D,0x28,0x04,0x0D,0x79,0x20,0xF5,0x33,
    0xDD,0xE1,0xC9,0xFD,0x21,0x5E,0xB9,0xFD,0x6E,0x00,0xC9,0xDD,0xE5,0xDD,0x21,0x00,
    0x00,0xDD,0x39,0xF5,0xF5,0x0E,0x00,0x3E,0x03,0xD3,0x77,0x11,0x0A,0x02,0xDB,0x57,
    0xEB,0x2B,0x5D,0x7C,0x57,0xB5,0x20,0xF6,0x3E,0x01,0xD3,0x77,0x06,0x0A,0x3E,0xFF,
    0xD3,0x57,0x10,0xFA,0xC5,0x21,0x00,0x00,0xE5,0x21,0x00,0x00,0xE5,0xAF,0xF5,0x33,
    0xCD,0x89,0x42,0xF1,0xF1,0x33,0xC1,0x2D,0xC2,0x4B,0x44,0xC5,0x21,0x00,0x00,0xE5,
    0x21,0xAA,0x01,0xE5,0x3E,0x08,0xF5,0x33,0xCD,0x89,0x42,0xF1,0xF1,0x33,0xC1,0x2D,
    0xC2,0xFC,0x43,0x21,0x00,0x00,0x39,0xEB,0x06,0x00,0x68,0x26,0x00,0x19,0xDB,0x57,
    0x77,0x04,0x78,0xD6,0x04,0x38,0xF3,0x6B,0x62,0x23,0x23,0x7E,0x3D,0xC2,0x4B,0x44,
    0x6B,0x62,0x23,0x23,0x23,0x7E,0xD6,0xAA,0xC2,0x4B,0x44,0xC5,0xD5,0x21,0x00,0x40,
    0xE5,0x21,0x00,0x00,0xE5,0x3E,0xA9,0xF5,0x33,0xCD,0x89,0x42,0xF1,0xF1,0x33,0x7D,
    0xD1,0xC1,0xB7,0x20,0xE6,0xC5,0xD5,0x21,0x00,0x00,0xE5,0x21,0x00,0x00,0xE5,0x3E,
    0x3A,0xF5,0x33,0xCD,0x89,0x42,0xF1,0xF1,0x33,0x7D,0xD1,0xC1,0xB7,0x20,0x6C,0x4F,
    0x69,0x26,0x00,0x19,0xDB,0x57,0x77,0x0C,0x79,0xD6,0x04,0x38,0xF3,0x1A,0xCB,0x77,
    0x28,0x05,0x01,0x0C,0x00,0x18,0x54,0x01,0x04,0x00,0x18,0x4F,0x21,0x00,0x00,0xE5,
    0x21,0x00,0x00,0xE5,0x3E,0xA9,0xF5,0x33,0xCD,0x89,0x42,0xF1,0xF1,0x33,0x3E,0x01,
    0x95,0x38,0x05,0x01,0x02,0xA9,0x18,0x03,0x01,0x01,0x01,0xC5,0x21,0x00,0x00,0xE5,
    0x21,0x00,0x00,0xE5,0xC5,0x33,0xCD,0x89,0x42,0xF1,0xF1,0x33,0x7D,0xC1,0xB7,0x20,
    0xEA,0xC5,0x21,0x00,0x00,0xE5,0x21,0x00,0x02,0xE5,0x3E,0x10,0xF5,0x33,0xCD,0x89,
    0x42,0xF1,0xF1,0x33,0x7D,0xC1,0xB7,0x28,0x02,0x0E,0x00,0x21,0x06,0xB1,0x71,0x79,
    0xB7,0x28,0x0A,0x3A,0x5E,0xB9,0xE6,0xFE,0x32,0x5E,0xB9,0x18,0x04,0x3E,0x03,0xD3,
    0x77,0x3E,0x03,0xD3,0x77,0xFD,0x21,0x5E,0xB9,0xFD,0x6E,0x00,0xDD,0xF9,0xDD,0xE1,
    0xC9,0xDD,0xE5,0xDD,0x21,0x00,0x00,0xDD,0x39,0xF5,0xF5,0x3B,0x21,0x01,0x00,0x39,
    0xEB,0x21,0x0B,0x00,0x39,0x01,0x04,0x00,0xED,0xB0,0xDD,0x7E,0x0B,0xDD,0xB6,0x0A,
    0x20,0x05,0x2E,0x04,0xC3,0x4B,0x45,0x3A,0x5E,0xB9,0x0F,0x30,0x05,0x2E,0x03,0xC3,
    0x4B,0x45,0x3A,0x06,0xB1,0xCB,0x5F,0x20,0x14,0x06,0x09,0xDD,0xCB,0xFC,0x26,0xDD,
    0xCB,0xFD,0x16,0xDD,0xCB,0xFE,0x16,0xDD,0xCB,0xFF,0x16,0x10,0xEE,0x3E,0x01,0xDD,
    0xBE,0x0A,0x3E,0x00,0xDD,0x9E,0x0B,0x30,0x05,0x01,0x12,0x00,0x18,0x03,0x01,0x11,
    0x00,0xDD,0x71,0xFB,0xDD,0x6E,0xFE,0xDD,0x66,0xFF,0xE5,0xDD,0x6E,0xFC,0xDD,0x66,
    0xFD,0xE5,0xDD,0x7E,0xFB,0xF5,0x33,0xCD,0x89,0x42,0xF1,0xF1,0x33,0x7D,0xB7,0x20,
    0x47,0xDD,0x5E,0x04,0xDD,0x56,0x05,0xDD,0x4E,0x0A,0xDD,0x46,0x0B,0xC5,0xD5,0x21,
    0x00,0x02,0xE5,0xD5,0xCD,0x56,0x42,0xF1,0xF1,0xD1,0xC1,0x7C,0xB5,0x28,0x0A,0x21,
    0x00,0x02,0x19,0xEB,0x0B,0x78,0xB1,0x20,0xE4,0xDD,0x71,0x0A,0xDD,0x70,0x0B,0xDD,
    0x7E,0xFB,0xD6,0x12,0x20,0x12,0x21,0x00,0x00,0xE5,0x21,0x00,0x00,0xE5,0x3E,0x0C,
    0xF5,0x33,0xCD,0x89,0x42,0xF1,0xF1,0x33,0xCD,0x2F,0x42,0xDD,0x7E,0x0B,0xDD,0xB6,
    0x0A,0x28,0x05,0x21,0x01,0x00,0x18,0x03,0x21,0x00,0x00,0xDD,0xF9,0xDD,0xE1,0xC9,
    0xFD,0x21,0x03,0x00,0xFD,0x39,0xFD,0x4E,0x00,0xFD,0x46,0x01,0xFD,0x2B,0xFD,0x7E,
    0x00,0xD6,0x0A,0x20,0x07,0x3A,0x06,0xB1,0x02,0x2E,0x00,0xC9,0x2E,0x04,0xC9,0xDD,
    0xE5,0xDD,0x21,0x04,0x00,0xDD,0x39,0xDD,0x6E,0x00,0xDD,0x66,0x01,0xDD,0x4E,0x02,
    0xDD,0x46,0x03,0x7E,0xC6,0x9D,0x5F,0x3E,0x00,0xCE,0x45,0x57,0x1A,0x77,0x23,0x0B,
    0x78,0xB1,0xC2,0x83,0x45,0xDD,0xE1,0xC9,0x3E,0x0C,0xD3,0xC7,0xC9,0x00,0x80,0x40,
    0xC0,0x20,0xA0,0x60,0xE0,0x10,0x90,0x50,0xD0,0x30,0xB0,0x70,0xF0,0x08,0x88,0x48,
    0xC8,0x28,0xA8,0x68,0xE8,0x18,0x98,0x58,0xD8,0x38,0xB8,0x78,0xF8,0x04,0x84,0x44,
    0xC4,0x24,0xA4,0x64,0xE4,0x14,0x94,0x54,0xD4,0x34,0xB4,0x74,0xF4,0x0C,0x8C,0x4C,
    0xCC,0x2C,0xAC,0x6C,0xEC,0x1C,0x9C,0x5C,0xDC,0x3C,0xBC,0x7C,0xFC,0x02,0x82,0x42,
    0xC2,0x22,0xA2,0x62,0xE2,0x12,0x92,0x52,0xD2,0x32,0xB2,0x72,0xF2,0x0A,0x8A,0x4A,
    0xCA,0x2A,0xAA,0x6A,0xEA,0x1A,0x9A,0x5A,0xDA,0x3A,0xBA,0x7A,0xFA,0x06,0x86,0x46,
    0xC6,0x26,0xA6,0x66,0xE6,0x16,0x96,0x56,0xD6,0x36,0xB6,0x76,0xF6,0x0E,0x8E,0x4E,
    0xCE,0x2E,0xAE,0x6E,0xEE,0x1E,0x9E,0x5E,0xDE,0x3E,0xBE,0x7E,0xFE,0x01,0x81,0x41,
    0xC1,0x21,0xA1,0x61,0xE1,0x11,0x91,0x51,0xD1,0x31,0xB1,0x71,0xF1,0x09,0x89,0x49,
    0xC9,0x29,0xA9,0x69,0xE9,0x19,0x99,0x59,0xD9,0x39,0xB9,0x79,0xF9,0x05,0x85,0x45,
    0xC5,0x25,0xA5,0x65,0xE5,0x15,0x95,0x55,0xD5,0x35,0xB5,0x75,0xF5,0x0D,0x8D,0x4D,
    0xCD,0x2D,0xAD,0x6D,0xED,0x1D,0x9D,0x5D,0xDD,0x3D,0xBD,0x7D,0xFD,0x03,0x83,0x43,
    0xC3,0x23,0xA3,0x63,0xE3,0x13,0x93,0x53,0xD3,0x33,0xB3,0x73,0xF3,0x0B,0x8B,0x4B,
    0xCB,0x2B,0xAB,0x6B,0xEB,0x1B,0x9B,0x5B,0xDB,0x3B,0xBB,0x7B,0xFB,0x07,0x87,0x47,
    0xC7,0x27,0xA7,0x67,0xE7,0x17,0x97,0x57,0xD7,0x37,0xB7,0x77,0xF7,0x0F,0x8F,0x4F,
    0xCF,0x2F,0xAF,0x6F,0xEF,0x1F,0x9F,0x5F,0xDF,0x3F,0xBF,0x7F,0xFF,0xAF,0xD3,0xC7,
    0xC9,0xDB,0xC7,0xE6,0x02,0x28,0xFA,0xC9,0xDB,0xC7,0xE6,0x01,0x20,0xFA,0xC9,0xF3,
    0x3E,0x0C,0xD3,0xC7,0x7B,0xD3,0xA7,0x7C,0xD3,0x87,0x7D,0xD3,0x67,0x3E,0x1C,0xD3,
    0xC7,0xDB,0xC7,0xE6,0x01,0x20,0xFA,0x3E,0x0C,0xD3,0xC7,0xAF,0xD3,0xC7,0xFB,0xC9,
    0x7B,0xD3,0xA7,0x7C,0xD3,0x87,0x7D,0xD3,0x67,0x3E,0x0D,0xD3,0xC7,0xDB,0xC7,0xE6,
    0x02,0x28,0xFA,0xDB,0xE7,0x6F,0x3E,0x0C,0xD3,0xC7,0xC9,0xF3,0x3E,0x0C,0xD3,0xC7,
    0xDD,0xE5,0xDD,0x21,0x04,0x00,0xDD,0x39,0xDD,0x5E,0x00,0xDD,0x56,0x01,0xD9,0xDD,
    0x5E,0x02,0xD9,0xDD,0x4E,0x04,0xDD,0x46,0x05,0xDD,0x6E,0x06,0xDD,0x66,0x07,0xD9,
    0x7B,0xD3,0xA7,0xD9,0x7A,0xD3,0x87,0x7B,0xD3,0x67,0x78,0xB1,0x28,0x21,0x3E,0x0D,
    0xD3,0xC7,0xDB,0xC7,0xE6,0x02,0x28,0xFA,0xDB,0xE7,0x77,0x23,0x3E,0x0C,0xD3,0xC7,
    0x0B,0x1C,0xC2,0x17,0x47,0x14,0xC2,0x14,0x47,0xD9,0x1C,0xD9,0xC3,0x0F,0x47,0xAF,
    0xD3,0xC7,0xDD,0xE1,0xFB,0xC9,0xDD,0xE5,0xDD,0x21,0x04,0x00,0xDD,0x39,0xDD,0x6E,
    0x00,0xDD,0x66,0x01,0xDD,0x5E,0x02,0x7B,0xD3,0xA7,0x7C,0xD3,0x87,0x7D,0xD3,0x67,
    0xDD,0x7E,0x04,0xD3,0xE7,0x3E,0x0E,0xD3,0xC7,0xDB,0xC7,0xE6,0x01,0x20,0xFA,0x3E,
    0x0C,0xD3,0xC7,0xDD,0xE1,0xC9,0xF3,0x3E,0x0C,0xD3,0xC7,0xDD,0xE5,0xDD,0x21,0x04,
    0x00,0xDD,0x39,0xDD,0x5E,0x00,0xDD,0x56,0x01,0xD9,0xDD,0x5E,0x02,0xD9,0xDD,0x4E,
    0x04,0xDD,0x46,0x05,0xDD,0x6E,0x06,0xDD,0x66,0x07,0xD9,0x7B,0xD3,0xA7,0xD9,0x7A,
    0xD3,0x87,0x7B,0xD3,0x67,0x78,0xB1,0x28,0x21,0x7E,0x23,0xD3,0xE7,0x3E,0x0E,0xD3,
    0xC7,0xDB,0xC7,0xE6,0x01,0x20,0xFA,0x3E,0x0C,0xD3,0xC7,0x0B,0x1C,0xC2,0x9A,0x47,
    0x14,0xC2,0x9A,0x47,0xD9,0x1C,0xD9,0xC3,0x9A,0x47,0xAF,0xD3,0xC7,0xDD,0xE1,0xC9,
    0x4D,0xC5,0x21,0x78,0x48,0xE5,0xCD,0x64,0x91,0xF1,0xC1,0x79,0xD6,0x04,0x30,0x19,
    0x11,0x9C,0xB9,0x79,0x3D,0x6F,0x17,0x9F,0x67,0x29,0x19,0x4E,0x23,0x46,0xC5,0x21,
    0x7B,0x48,0xE5,0xCD,0x64,0x91,0xF1,0xF1,0xC9,0x06,0x00,0xC5,0x21,0x7F,0x48,0xE5,
    0xCD,0x64,0x91,0xF1,0xF1,0xC9,0x00,0x02,0x07,0x0A,0x30,0x12,0x38,0x01,0x7F,0x91,
    0x48,0x9B,0x48,0x17,0x48,0x00,0x00,0x00,0x00,0x00,0x01,0x01,0x6E,0x41,0xB0,0xB8,
    0x4F,0x0F,0x65,0xB9,0x07,0xFF,0x0D,0x0E,0x14,0x00,0x80,0x00,0x61,0x00,0x00,0x00,
    0xE6,0x49,0x00,0x00,0x00,0x00,0x0E,0x0B,0x20,0x08,0x57,0x01,0x57,0xF3,0x49,0x00,
    0x00,0x00,0x00,0x00,0x00,0x00,0x00,0x0E,0x0E,0x20,0x08,0x7F,0x01,0x7F,0xFB,0x49,
    0x05,0x4A,0x00,0x00,0x00,0x00,0x00,0x01,0x07,0x0A,0x30,0x12,0xB8,0x01,0xB8,0x27,
    0x4A,0x00,0x00,0x78,0xB9,0x00,0x00,0x00,0x01,0x0D,0x0D,0x26,0x09,0xB8,0x01,0xB8,
    0x42,0x4A,0x54,0x4A,0x89,0xB9,0x00,0x00,0x07,0x02,0x00,0x25,0x73,0x0A,0x00,0x46,
    0x61,0x69,0x6C,0x65,0x64,0x20,0x77,0x69,0x74,0x68,0x20,0x72,0x63,0x3A,0x25,0x75,
    0x00,0x41,0x74,0x74,0x65,0x6E,0x74,0x69,0x6F,0x6E,0x00,0x07,0x02,0x0A,0x0E,0x59,
    0x6F,0x75,0x20,0x65,0x78,0x70,0x72,0x65,0x73,0x73,0x6C,0x79,0x20,0x61,0x63,0x6B,
    0x6E,0x6F,0x77,0x6C,0x65,0x64,0x67,0x65,0x20,0x61,0x6E,0x64,0x20,0x61,0x67,0x72,
    0x65,0x65,0x0A,0x0E,0x74,0x68,0x61,0x74,0x20,0x74,0x68,0x65,0x20,0x75,0x73,0x65,
    0x20,0x6F,0x66,0x20,0x74,0x68,0x65,0x20,0x46,0x6C,0x61,0x73,0x68,0x54,0x6F,0x6F,
    0x6C,0x20,0x53,0x6F,0x66,0x74,0x77,0x61,0x72,0x65,0x0A,0x0E,0x69,0x73,0x20,0x61,
    0x74,0x20,0x79,0x6F,0x75,0x72,0x20,0x6F,0x77,0x6E,0x20,0x72,0x69,0x73,0x6B,0x2E,
    0x0A,0x0A,0x0E,0x54,0x68,0x65,0x20,0x53,0x6F,0x66,0x74,0x77,0x61,0x72,0x65,0x20,
    0x69,0x73,0x20,0x70,0x72,0x6F,0x76,0x69,0x64,0x65,0x64,0x20,0x22,0x41,0x53,0x20,
    0x49,0x53,0x22,0x0A,0x0E,0x61,0x6E,0x64,0x20,0x77,0x69,0x74,0x68,0x6F,0x75,0x74,
    0x20,0x77,0x61,0x72,0x72,0x61,0x6E,0x74,0x79,0x20,0x6F,0x66,0x20,0x61,0x6E,0x79,
    0x20,0x6B,0x69,0x6E,0x64,0x2E,0x0A,0x0A,0x0E,0x4B,0x61,0x72,0x61,0x62,0x61,0x73,
    0x20,0x64,0x65,0x76,0x65,0x6C,0x6F,0x70,0x65,0x72,0x73,0x20,0x61,0x6E,0x64,0x20,
    0x69,0x74,0x73,0x20,0x4C,0x69,0x63,0x65,0x6E,0x73,0x6F,0x72,0x73,0x0A,0x0E,0x64,
    0x6F,0x20,0x6E,0x6F,0x74,0x20,0x77,0x61,0x72,0x72,0x61,0x6E,0x74,0x20,0x74,0x68,
    0x61,0x74,0x20,0x61,0x6E,0x79,0x20,0x64,0x65,0x76,0x69,0x63,0x65,0x2C,0x20,0x73,
    0x6F,0x66,0x74,0x77,0x61,0x72,0x65,0x0A,0x0E,0x6F,0x72,0x20,0x64,0x61,0x74,0x61,
    0x20,0x77,0x69,0x6C,0x6C,0x20,0x6E,0x6F,0x74,0x20,0x62,0x65,0x20,0x64,0x61,0x6D,
    0x61,0x67,0x65,0x64,0x20,0x62,0x79,0x20,0x74,0x68,0x65,0x20,0x53,0x6F,0x66,0x74,
    0x77,0x61,0x72,0x65,0x2E,0x0A,0x0A,0x07,0x01,0x0E,0x49,0x6E,0x73,0x65,0x72,0x74,
    0x20,0x53,0x44,0x2F,0x4D,0x4D,0x43,0x20,0x77,0x69,0x74,0x68,0x20,0x66,0x69,0x72,
    0x6D,0x77,0x61,0x72,0x65,0x00,0x08,0xB8,0x07,0x42,0x41,0x07,0x00,0x63,0x63,0x65,
    0x70,0x74,0x00,0x07,0x00,0x45,0x72,0x72,0x6F,0x72,0x00,0x07,0x00,0x57,0x61,0x72,
    0x6E,0x69,0x6E,0x67,0x00,0x0A,0x0A,0x0E,0x4E,0x6F,0x20,0x66,0x69,0x6C,0x65,0x28,
    0x73,0x29,0x0A,0x0A,0x07,0x46,0x0E,0x50,0x72,0x65,0x73,0x73,0x20,0x53,0x50,0x41,
    0x43,0x45,0x20,0x6B,0x65,0x79,0x00,0x07,0x47,0x53,0x65,0x6C,0x65,0x63,0x74,0x20,
    0x66,0x69,0x6C,0x65,0x20,0x66,0x6F,0x72,0x20,0x66,0x6C,0x61,0x73,0x68,0x69,0x6E,
    0x67,0x00,0x07,0x47,0x46,0x6C,0x61,0x73,0x68,0x20,0x54,0x6F,0x6F,0x6C,0x20,0x76,
    0x32,0x2E,0x37,0x00,0x07,0x01,0x0E,0x43,0x68,0x6F,0x6F,0x73,0x65,0x20,0x77,0x68,
    0x61,0x74,0x20,0x79,0x6F,0x75,0x20,0x77,0x61,0x6E,0x74,0x20,0x74,0x6F,0x20,0x07,
    0x02,0x46,0x4C,0x41,0x53,0x48,0x0A,0x07,0x00,0x0E,0xC4,0xC4,0xC4,0xC4,0xC4,0xC4,
    0xC4,0xC4,0xC4,0xC4,0xC4,0xC4,0xC4,0xC4,0xC4,0xC4,0xC4,0xC4,0xC4,0xC4,0xC4,0xC4,
    0xC4,0xC4,0xC4,0xC4,0xC4,0xC4,0xC4,0xC4,0xC4,0xC4,0xC4,0xC4,0xC4,0xC4,0x0A,0x0E,
    0xFE,0x00,0x0A,0x0E,0xFE,0x01,0x30,0x0A,0x0E,0xFE,0x01,0x31,0x0A,0x0E,0xFE,0x01,
    0x32,0x0A,0x0E,0xFE,0x01,0x33,0x00,0x4D,0x79,0x0D,0xB7,0xC8,0xFB,0x76,0x18,0xF8,
    0x3B,0x21,0x03,0x00,0x39,0x4E,0x23,0x46,0xC5,0xCD,0xB8,0x9F,0xF1,0x4D,0xFD,0x21,
    0x00,0x00,0xFD,0x39,0xFD,0x71,0x00,0x0D,0xFD,0x23,0xFD,0x23,0xFD,0x23,0xFD,0x6E,
    0x00,0xFD,0x66,0x01,0x06,0x00,0x09,0xFD,0x2B,0xFD,0x2B,0xFD,0x2B,0xFD,0x7E,0x00,
    0xB7,0x28,0x05,0x7E,0xD6,0x2E,0x20,0xD6,0x33,0xC9,0x21,0x92,0xB8,0x36,0x00,0x2E,
    0x07,0xCD,0x0D,0x68,0x2A,0x9A,0xB9,0x36,0x00,0x5D,0x54,0x13,0x01,0x63,0x32,0xED,
    0xB0,0x21,0x5C,0xB3,0xE5,0x21,0x30,0xB3,0xE5,0xCD,0x08,0x3B,0xF1,0xF1,0x7D,0x32,
    0x8E,0xB8,0x3A,0x8E,0xB8,0xB7,0xC0,0x3A,0x72,0xB3,0xB7,0xC8,0x3A,0x64,0xB3,0xCB,
    0x6F,0xCA,0x03,0x4C,0x21,0x72,0xB3,0xE5,0xCD,0xC0,0x4A,0xF1,0x4D,0x44,0x3E,0x04,
    0xFD,0x21,0xCD,0xB8,0xFD,0x96,0x00,0xDA,0x03,0x4C,0xFD,0x5E,0x00,0x16,0x00,0x21,
    0x55,0x4B,0x19,0x19,0xE9,0x18,0x08,0x18,0x39,0x18,0x37,0x18,0x35,0x18,0x33,0x21,
    0x0C,0x4C,0xE5,0xC5,0xCD,0xC7,0x9F,0xF1,0xF1,0x7C,0xB5,0xC2,0x03,0x4C,0xED,0x4B,
    0x92,0xB8,0x06,0x00,0x69,0x60,0x29,0x29,0x29,0x29,0x29,0x29,0x29,0x09,0xEB,0x2A,
    0x9A,0xB9,0x19,0x11,0x72,0xB3,0xEB,0x01,0x80,0x00,0xED,0xB0,0x21,0x92,0xB8,0x34,
    0x18,0x71,0xC5,0x21,0x11,0x4C,0xE5,0xC5,0xCD,0xC7,0x9F,0xF1,0xF1,0xC1,0x7C,0xB5,
    0x28,0x2E,0xC5,0x21,0x16,0x4C,0xE5,0xC5,0xCD,0xC7,0x9F,0xF1,0xF1,0xC1,0x7C,0xB5,
    0x28,0x1E,0xC5,0x21,0x1B,0x4C,0xE5,0xC5,0xCD,0xC7,0x9F,0xF1,0xF1,0xC1,0x7C,0xB5,
    0x28,0x0E,0x21,0x20,0x4C,0xE5,0xC5,0xCD,0xC7,0x9F,0xF1,0xF1,0x7C,0xB5,0x20,0x33,
    0xED,0x4B,0x5C,0xB3,0x2A,0x5E,0xB3,0x79,0xB7,0xB0,0x20,0x27,0x7D,0x3D,0xB4,0x20,
    0x22,0xED,0x4B,0x92,0xB8,0x06,0x00,0x69,0x60,0x29,0x29,0x29,0x29,0x29,0x29,0x29,
    0x09,0xEB,0x2A,0x9A,0xB9,0x19,0x11,0x72,0xB3,0xEB,0x01,0x80,0x00,0xED,0xB0,0x21,
    0x92,0xB8,0x34,0x3A,0x92,0xB8,0xD6,0x64,0xDA,0x11,0x4B,0xC9,0x2E,0x72,0x62,0x66,
    0x00,0x2E,0x62,0x69,0x6E,0x00,0x2E,0x72,0x6F,0x6D,0x00,0x2E,0x42,0x49,0x4E,0x00,
    0x2E,0x52,0x4F,0x4D,0x00,0x21,0x67,0x48,0xE5,0xCD,0x34,0x68,0xF1,0xC9,0xDD,0xE5,
    0xDD,0x21,0x00,0x00,0xDD,0x39,0xF5,0xF5,0x3A,0x5A,0x48,0xC6,0xFC,0xDD,0x77,0xFF,
    0x3A,0x5C,0x48,0xDD,0x77,0xFC,0x2E,0x07,0xCD,0x0D,0x68,0x21,0xD6,0xB8,0x36,0x00,
    0x5D,0x54,0x13,0x01,0x80,0x00,0xED,0xB0,0xDD,0x4E,0x06,0x06,0x00,0x69,0x60,0x29,
    0x29,0x29,0x29,0x29,0x29,0x29,0x09,0xDD,0x75,0xFD,0xDD,0x74,0xFE,0xFD,0x21,0x9A,
    0xB9,0xFD,0x7E,0x00,0xDD,0x86,0xFD,0x6F,0xFD,0x7E,0x01,0xDD,0x8E,0xFE,0x67,0x11,
    0xD6,0xB8,0x01,0x80,0x00,0xED,0xB0,0xDD,0x46,0x04,0x78,0x3C,0xDD,0x77,0x04,0xDD,
    0x56,0xFC,0x1E,0xBD,0xD5,0xDD,0x7E,0x05,0xF5,0x33,0xC5,0x33,0xCD,0xF9,0x83,0xF1,
    0xF1,0xDD,0x46,0x04,0x78,0x3C,0xDD,0x77,0x04,0xDD,0x56,0xFC,0x1E,0xBE,0xD5,0xDD,
    0x7E,0x05,0xF5,0x33,0xC5,0x33,0xCD,0xF9,0x83,0xF1,0xF1,0xAF,0xDD,0x77,0xFD,0xDD,
    0x7E,0x04,0xDD,0x77,0xFE,0xDD,0x4E,0xFF,0xDD,0x35,0xFF,0x79,0xB7,0x28,0x34,0x3E,
    0xD6,0xDD,0x86,0xFD,0x4F,0x3E,0xB8,0xCE,0x00,0x47,0xDD,0x34,0xFD,0x0A,0x47,0xB7,
    0x28,0x36,0xDD,0x56,0xFE,0xDD,0x34,0xFE,0xDD,0x7E,0xFE,0xDD,0x77,0x04,0xDD,0x7E,
    0xFC,0xF5,0x33,0xC5,0x33,0xDD,0x7E,0x05,0xF5,0x33,0xD5,0x33,0xCD,0xF9,0x83,0xF1,
    0xF1,0x18,0xC2,0xDD,0x35,0x04,0xDD,0x56,0xFC,0x1E,0x7E,0xD5,0xDD,0x66,0x05,0xDD,
    0x6E,0x04,0xE5,0xCD,0xF9,0x83,0xF1,0xF1,0xDD,0xF9,0xDD,0xE1,0xC9,0x21,0x59,0x48,
    0x4E,0xD1,0xE1,0xE5,0xD5,0x23,0x23,0x23,0x7E,0x81,0x47,0x04,0x21,0x04,0x00,0x39,
    0x7E,0xF5,0x33,0xC5,0x33,0x3A,0x93,0xB8,0xF5,0x33,0xCD,0x2E,0x4C,0xF1,0x33,0xC9,
    0xCD,0xFA,0x4A,0x3A,0x92,0xB8,0xB7,0x20,0x03,0x2E,0xFF,0xC9,0x21,0x56,0x48,0xCD,
    0x70,0x81,0x3A,0x58,0x48,0x3C,0x32,0x93,0xB8,0x3A,0x59,0x48,0x3C,0x32,0x94,0xB8,
    0x3A,0x7D,0xB9,0x21,0x91,0xB8,0xC6,0xFF,0x77,0x21,0x7B,0xB9,0x36,0x00,0x21,0x7C,
    0xB9,0x36,0x00,0x06,0x00,0x21,0x92,0xB8,0x78,0x96,0x30,0x22,0xFD,0x21,0x94,0xB8,
    0xFD,0x56,0x00,0xFD,0x34,0x00,0xC5,0x4A,0xC5,0x3A,0x93,0xB8,0xF5,0x33,0xCD,0x2E,
    0x4C,0xF1,0x33,0xC1,0x21,0x91,0xB8,0x78,0x96,0x30,0x03,0x04,0x18,0xD7,0x21,0x7E,
    0xB9,0x3A,0x92,0xB8,0x77,0x2A,0x63,0x48,0xCD,0xFE,0x70,0x3A,0x7B,0xB9,0x21,0x7C,
    0xB9,0x4E,0x81,0x6F,0xC9,0x21,0x34,0x48,0xCD,0x70,0x81,0x3A,0x36,0x48,0x32,0x93,
    0xB8,0x3A,0x37,0x48,0xC6,0x03,0x32,0x94,0xB8,0x3A,0x94,0xB8,0xF5,0x33,0x3A,0x93,
    0xB8,0xF5,0x33,0xCD,0x4E,0x84,0xF1,0x21,0xEC,0x4D,0xCD,0x62,0x82,0x21,0x03,0x4E,
    0xCD,0x62,0x82,0x3E,0x20,0xF5,0x33,0xCD,0x98,0x9F,0x33,0xC9,0x07,0x42,0x0E,0x45,
    0x72,0x72,0x6F,0x72,0x20,0x77,0x61,0x73,0x20,0x6F,0x63,0x63,0x75,0x72,0x65,0x64,
    0x21,0x0A,0x00,0x07,0x47,0x0E,0x50,0x72,0x65,0x73,0x73,0x20,0x53,0x50,0x41,0x43,
    0x45,0x20,0x6B,0x65,0x79,0x00,0x7B,0x21,0x96,0xB8,0x4E,0x0C,0xF5,0x33,0x3A,0x9B,
    0xB8,0x57,0x1E,0x52,0xD5,0x79,0xF5,0x33,0x3A,0x95,0xB8,0xF5,0x33,0xCD,0x07,0x84,
    0xF1,0xF1,0x33,0xC9,0x7B,0x21,0x98,0xB8,0x4E,0x0C,0xF5,0x33,0x3A,0x9B,0xB8,0x57,
    0x1E,0x64,0xD5,0x79,0xF5,0x33,0x3A,0x97,0xB8,0xF5,0x33,0xCD,0x07,0x84,0xF1,0xF1,
    0x33,0xC9,0x7B,0x21,0x9A,0xB8,0x4E,0x0C,0xF5,0x33,0x3A,0x9B,0xB8,0x57,0x1E,0x76,
    0xD5,0x79,0xF5,0x33,0x3A,0x99,0xB8,0xF5,0x33,0xCD,0x07,0x84,0xF1,0xF1,0x33,0xC9,
    0xDD,0xE5,0xDD,0x21,0x00,0x00,0xDD,0x39,0xF5,0xF5,0x3A,0xCD,0xB8,0xB7,0x20,0x1D,
    0xFD,0x21,0xC9,0xB8,0xFD,0x36,0x00,0x00,0xFD,0x36,0x01,0x00,0xFD,0x36,0x02,0x00,
    0xFD,0x36,0x03,0x00,0x21,0x03,0x53,0x22,0x70,0xB9,0xC3,0x26,0x4F,0x3A,0xCD,0xB8,
    0x3D,0x20,0x1C,0xFD,0x21,0xC9,0xB8,0xFD,0x36,0x00,0x00,0xFD,0x36,0x01,0x00,0xFD,
    0x36,0x02,0x10,0xFD,0x36,0x03,0x00,0x21,0x0A,0x53,0x22,0x70,0xB9,0x18,0x67,0x3A,
    0xCD,0xB8,0xD6,0x02,0x20,0x1C,0xFD,0x21,0xC9,0xB8,0xFD,0x36,0x00,0x00,0xFD,0x36,
    0x01,0x00,0xFD,0x36,0x02,0x11,0xFD,0x36,0x03,0x00,0x21,0x12,0x53,0x22,0x70,0xB9,
    0x18,0x44,0x3A,0xCD,0xB8,0xD6,0x03,0x20,0x1C,0xFD,0x21,0xC9,0xB8,0xFD,0x36,0x00,
    0x00,0xFD,0x36,0x01,0x00,0xFD,0x36,0x02,0x12,0xFD,0x36,0x03,0x00,0x21,0x1A,0x53,
    0x22,0x70,0xB9,0x18,0x21,0x3A,0xCD,0xB8,0xD6,0x04,0x20,0x1A,0xFD,0x21,0xC9,0xB8,
    0xFD,0x36,0x00,0x00,0xFD,0x36,0x01,0x00,0xFD,0x36,0x02,0x13,0xFD,0x36,0x03,0x00,
    0x21,0x22,0x53,0x22,0x70,0xB9,0x21,0x67,0xB9,0xCD,0x70,0x81,0x3A,0x69,0xB9,0x3C,
    0x32,0x95,0xB8,0x3A,0x6A,0xB9,0xC6,0x02,0x32,0x96,0xB8,0x3A,0x69,0xB9,0x3C,0x32,
    0x97,0xB8,0x3A,0x6A,0xB9,0xC6,0x05,0x32,0x98,0xB8,0x3A,0x69,0xB9,0x3C,0x32,0x99,
    0xB8,0x3A,0x6A,0xB9,0xC6,0x08,0x32,0x9A,0xB8,0x3A,0x6B,0xB9,0x21,0x9B,0xB8,0xC6,
    0xFE,0x77,0x3A,0x96,0xB8,0xF5,0x33,0x3A,0x95,0xB8,0xF5,0x33,0xCD,0x4E,0x84,0x21,
    0x2A,0x53,0xE3,0xCD,0x64,0x91,0xF1,0x3A,0x98,0xB8,0xF5,0x33,0x3A,0x97,0xB8,0xF5,
    0x33,0xCD,0x4E,0x84,0x21,0x32,0x53,0xE3,0xCD,0x64,0x91,0xF1,0x3A,0x9A,0xB8,0xF5,
    0x33,0x3A,0x99,0xB8,0xF5,0x33,0xCD,0x4E,0x84,0x21,0x39,0x53,0xE3,0xCD,0x64,0x91,
    0xF1,0xFD,0x21,0x9C,0xB8,0xFD,0x36,0x00,0x00,0xFD,0x36,0x01,0x00,0xFD,0x36,0x02,
    0x00,0xFD,0x36,0x03,0x00,0x11,0x00,0x00,0x21,0x00,0x00,0xCD,0x16,0x4E,0xFD,0x21,
    0xA0,0xB8,0xFD,0x36,0x00,0x00,0xFD,0x36,0x01,0x00,0xFD,0x36,0x02,0x00,0xFD,0x36,
    0x03,0x00,0x11,0x00,0x00,0x21,0x00,0x00,0xCD,0x34,0x4E,0xFD,0x21,0xA4,0xB8,0xFD,
    0x36,0x00,0x00,0xFD,0x36,0x01,0x00,0xFD,0x36,0x02,0x00,0xFD,0x36,0x03,0x00,0x11,
    0x00,0x00,0x21,0x00,0x00,0xCD,0x52,0x4E,0xFD,0x21,0xB4,0xB8,0xFD,0x4E,0x02,0xFD,
    0x46,0x03,0x1E,0x00,0xFD,0x21,0xC7,0xB8,0xFD,0x71,0x00,0xFD,0x70,0x01,0xFD,0x21,
    0xB4,0xB8,0xFD,0x7E,0x00,0xB7,0x20,0x06,0xFD,0x7E,0x01,0xB7,0x28,0x07,0x2A,0xC7,
    0xB8,0x23,0x22,0xC7,0xB8,0x3A,0xB5,0xB8,0xFD,0x21,0xB8,0xB8,0xFD,0x77,0x00,0x3A,
    0xB6,0xB8,0xFD,0x21,0xB8,0xB8,0xFD,0x77,0x01,0x3A,0xB7,0xB8,0xFD,0x21,0xB8,0xB8,
    0xFD,0x77,0x02,0xAF,0x32,0xBB,0xB8,0xFD,0xCB,0x02,0x3E,0xFD,0xCB,0x01,0x1E,0xFD,
    0xCB,0x00,0x1E,0xFD,0x21,0xB4,0xB8,0xFD,0x7E,0x00,0xB7,0x20,0x06,0xFD,0xCB,0x01,
    0x46,0x28,0x16,0xFD,0x21,0xB8,0xB8,0xFD,0x34,0x00,0x20,0x0D,0xFD,0x34,0x01,0x20,
    0x08,0xFD,0x34,0x02,0x20,0x03,0xFD,0x34,0x03,0x21,0xC7,0xB8,0x4E,0x23,0x46,0x11,
    0x00,0x00,0xD5,0xC5,0x21,0x64,0x00,0xE5,0x21,0x00,0x00,0xE5,0xCD,0x22,0xA0,0xF1,
    0xF1,0xF1,0xF1,0x4D,0x44,0x79,0x21,0xA8,0xB8,0xC6,0x01,0x77,0x78,0xCE,0x00,0x23,
    0x77,0x7B,0xCE,0x00,0x23,0x77,0x7A,0xCE,0x00,0x23,0x77,0x11,0xBC,0xB8,0x21,0xC9,
    0xB8,0x01,0x04,0x00,0xED,0xB0,0x21,0x00,0x00,0x22,0xC4,0xB8,0x21,0xC7,0xB8,0xFD,
    0x21,0xC4,0xB8,0xFD,0x7E,0x00,0x96,0xFD,0x7E,0x01,0x23,0x9E,0x30,0x58,0x21,0x58,
    0xB9,0x36,0xB0,0x2E,0x07,0xCD,0x0D,0x68,0xFB,0x76,0x21,0xA8,0xB8,0xD5,0xFD,0x21,
    0x9C,0xB8,0xFD,0xE5,0xD1,0x1A,0x86,0x12,0x13,0x1A,0x23,0x8E,0x12,0x13,0x1A,0x23,
    0x8E,0x12,0x13,0x1A,0x23,0x8E,0x12,0xD1,0xED,0x5B,0x9E,0xB8,0x2A,0x9C,0xB8,0xCD,
    0x16,0x4E,0xED,0x5B,0xBE,0xB8,0x2A,0xBC,0xB8,0xCD,0xAF,0x46,0x21,0xBC,0xB8,0x7E,
    0x77,0x23,0x7E,0x77,0x23,0x7E,0xC6,0x01,0x77,0x30,0x02,0x23,0x34,0x2A,0xC4,0xB8,
    0x23,0x22,0xC4,0xB8,0x18,0x96,0x2A,0xBA,0xB8,0xE5,0x2A,0xB8,0xB8,0xE5,0x21,0x64,
    0x00,0xE5,0x21,0x00,0x00,0xE5,0xCD,0xD8,0xA0,0xF1,0xF1,0xF1,0xF1,0x7D,0xC6,0x01,
    0xDD,0x77,0xFC,0x7C,0xCE,0x00,0xDD,0x77,0xFD,0x7B,0xCE,0x00,0xDD,0x77,0xFE,0x7A,
    0xCE,0x00,0xDD,0x77,0xFF,0x11,0xAC,0xB8,0x21,0x00,0x00,0x39,0x01,0x04,0x00,0xED,
    0xB0,0x11,0xB0,0xB8,0x21,0x00,0x00,0x39,0x01,0x04,0x00,0xED,0xB0,0xFD,0x21,0xC0,
    0xB8,0xFD,0x36,0x00,0x00,0xFD,0x36,0x01,0x00,0xFD,0x36,0x02,0x00,0xFD,0x36,0x03,
    0x00,0x21,0xB8,0xB8,0xFD,0x21,0xC0,0xB8,0xFD,0x7E,0x00,0x96,0xFD,0x7E,0x01,0x23,
    0x9E,0xFD,0x7E,0x02,0x23,0x9E,0xFD,0x7E,0x03,0x23,0x9E,0xD2,0xAF,0x52,0x21,0x58,
    0xB9,0x36,0x90,0x2E,0x07,0xCD,0x0D,0x68,0x21,0xAC,0xB8,0xD5,0xFD,0x21,0xA0,0xB8,
    0xFD,0xE5,0xD1,0x1A,0x86,0x12,0x13,0x1A,0x23,0x8E,0x12,0x13,0x1A,0x23,0x8E,0x12,
    0x13,0x1A,0x23,0x8E,0x12,0xD1,0xED,0x5B,0xA2,0xB8,0x2A,0xA0,0xB8,0xCD,0x34,0x4E,
    0x21,0x8E,0xB6,0x36,0xFF,0x5D,0x54,0x13,0x01,0xFF,0x01,0xED,0xB0,0x21,0xCE,0xB8,
    0xE5,0x21,0x00,0x02,0xE5,0x21,0x8E,0xB6,0xE5,0x21,0x72,0xB4,0xE5,0xCD,0x2D,0x2F,
    0xF1,0xF1,0xF1,0xF1,0x7D,0x32,0x8E,0xB8,0x3A,0x8E,0xB8,0xB7,0x28,0x0D,0xCD,0xB5,
    0x4D,0xFD,0x21,0x8E,0xB8,0xFD,0x6E,0x00,0xC3,0xFE,0x52,0x21,0x58,0xB9,0x36,0xB0,
    0x2E,0x07,0xCD,0x0D,0x68,0x21,0xB0,0xB8,0xD5,0xFD,0x21,0xA4,0xB8,0xFD,0xE5,0xD1,
    0x1A,0x86,0x12,0x13,0x1A,0x23,0x8E,0x12,0x13,0x1A,0x23,0x8E,0x12,0x13,0x1A,0x23,
    0x8E,0x12,0xD1,0xED,0x5B,0xA6,0xB8,0x2A,0xA4,0xB8,0xCD,0x52,0x4E,0xED,0x4B,0xCE,
    0xB8,0x3A,0xCD,0xB8,0xB7,0x20,0x24,0xC5,0x21,0x8E,0xB6,0xE5,0xCD,0x6F,0x45,0xF1,
    0xF1,0x2A,0xCE,0xB8,0x01,0x8E,0xB6,0xC5,0xE5,0x2A,0xCB,0xB8,0xE5,0x2A,0xC9,0xB8,
    0xE5,0xCD,0x76,0x47,0x21,0x08,0x00,0x39,0xF9,0x18,0x15,0x21,0x8E,0xB6,0xE5,0xC5,
    0x2A,0xCB,0xB8,0xE5,0x2A,0xC9,0xB8,0xE5,0xCD,0x76,0x47,0x21,0x08,0x00,0x39,0xF9,
    0x21,0xC9,0xB8,0x7E,0x77,0x23,0x7E,0xC6,0x02,0x77,0x23,0x7E,0xCE,0x00,0x77,0x30,
    0x02,0x23,0x34,0xFD,0x21,0xC0,0xB8,0xFD,0x34,0x00,0xC2,0x81,0x51,0xFD,0x34,0x01,
    0xC2,0x81,0x51,0xFD,0x34,0x02,0xC2,0x81,0x51,0xFD,0x34,0x03,0xC3,0x81,0x51,0x21,
    0xC6,0xB8,0x36,0x00,0xCD,0x79,0x9D,0x7D,0xB7,0x20,0x41,0xFB,0x76,0x3A,0xC6,0xB8,
    0xD6,0x19,0x30,0x08,0x21,0x41,0x53,0xCD,0x62,0x82,0x18,0x15,0x21,0x46,0x53,0xCD,
    0x62,0x82,0x3E,0x32,0xFD,0x21,0xC6,0xB8,0xFD,0x96,0x00,0x30,0x04,0xFD,0x36,0x00,
    0x00,0x21,0x6A,0xB9,0x46,0x3A,0x69,0xB9,0xC5,0x33,0xF5,0x33,0xCD,0x4E,0x84,0xF1,
    0x21,0x4B,0x53,0xCD,0x62,0x82,0x21,0xC6,0xB8,0x34,0x18,0xB8,0x2E,0x00,0xDD,0xF9,
    0xDD,0xE1,0xC9,0x07,0x42,0xFE,0x02,0xFE,0x00,0x00,0x07,0x42,0xFE,0x02,0xFE,0x01,
    0x30,0x00,0x07,0x42,0xFE,0x02,0xFE,0x01,0x31,0x00,0x07,0x42,0xFE,0x02,0xFE,0x01,
    0x32,0x00,0x07,0x42,0xFE,0x02,0xFE,0x01,0x33,0x00,0x07,0x01,0x45,0x72,0x61,0x73,
    0x65,0x00,0x07,0x01,0x52,0x65,0x61,0x64,0x00,0x07,0x01,0x46,0x6C,0x61,0x73,0x68,
    0x00,0x08,0x00,0x07,0x44,0x00,0x08,0x00,0x07,0x04,0x00,0x0E,0x20,0x20,0x20,0x46,
    0x6C,0x61,0x73,0x68,0x20,0x63,0x6F,0x6D,0x70,0x6C,0x65,0x74,0x65,0x20,0x20,0x20,
    0x00,0xAF,0xF5,0x33,0xAF,0xF5,0x33,0xCD,0xB3,0x67,0xF1,0x21,0x5F,0xB9,0xCD,0x30,
    0x68,0xCD,0x62,0x56,0xCD,0x7B,0x65,0xCD,0x25,0x4C,0x7D,0x32,0xCD,0xB8,0x21,0x06,
    0x48,0xE5,0xCD,0x34,0x68,0xF1,0x21,0x06,0x48,0xCD,0x9F,0x80,0x3A,0x09,0x48,0x47,
    0x04,0x3A,0x08,0x48,0x3C,0xC5,0x33,0xF5,0x33,0xCD,0x4E,0x84,0xF1,0x21,0x57,0xB9,
    0x36,0x10,0x21,0x58,0xB9,0x36,0x90,0xCD,0x9D,0x46,0xFB,0x76,0x21,0x4D,0x55,0xE5,
    0xCD,0x64,0x91,0xF1,0xAF,0xF5,0x33,0x21,0x63,0x55,0xE5,0x21,0x07,0xB1,0xE5,0xCD,
    0xFE,0x2C,0xF1,0xF1,0x33,0x7D,0x32,0x8E,0xB8,0xFD,0x21,0x8E,0xB8,0xFD,0x7E,0x00,
    0xB7,0x28,0x08,0xFD,0x6E,0x00,0xCD,0xD0,0x47,0x18,0x99,0x21,0x64,0x55,0xE5,0xCD,
    0x64,0x91,0x21,0x6B,0x55,0xE3,0xCD,0x64,0x91,0x21,0x63,0x55,0xE3,0x21,0x30,0xB3,
    0xE5,0xCD,0xDD,0x39,0xF1,0xF1,0x7D,0x32,0x8E,0xB8,0xFD,0x21,0x8E,0xB8,0xFD,0x7E,
    0x00,0xB7,0x28,0x11,0xFD,0x6E,0x00,0xCD,0xD0,0x47,0x21,0x30,0xB3,0xE5,0xCD,0xE2,
    0x3A,0xF1,0xC3,0x74,0x53,0x21,0x64,0x55,0xE5,0xCD,0x64,0x91,0x21,0x90,0xB8,0xE3,
    0x3E,0x0A,0xF5,0x33,0xAF,0xF5,0x33,0xCD,0x68,0x02,0xF1,0xF1,0x7D,0xB7,0x20,0x47,
    0xFD,0x21,0x90,0xB8,0xFD,0x7E,0x00,0xE6,0x07,0x32,0x90,0xB8,0xFD,0x7E,0x00,0x3D,
    0x20,0x08,0x21,0x83,0x55,0xE5,0xCD,0x64,0x91,0xF1,0x3A,0x90,0xB8,0xD6,0x02,0x20,
    0x08,0x21,0x96,0x55,0xE5,0xCD,0x64,0x91,0xF1,0x3A,0x90,0xB8,0xD6,0x04,0x20,0x08,
    0x21,0xA8,0x55,0xE5,0xCD,0x64,0x91,0xF1,0x3A,0x90,0xB8,0xD6,0x06,0x20,0x08,0x21,
    0xBC,0x55,0xE5,0xCD,0x64,0x91,0xF1,0x2E,0x32,0xCD,0xB7,0x4A,0xCD,0x40,0x4D,0x7D,
    0x32,0x8F,0xB8,0x3A,0x8F,0xB8,0x3C,0x20,0x19,0x21,0x30,0xB3,0xE5,0xCD,0xE2,0x3A,
    0xF1,0x21,0x45,0x48,0xCD,0x70,0x81,0x3E,0x20,0xF5,0x33,0xCD,0x98,0x9F,0x33,0xC3,
    0x74,0x53,0x2E,0x07,0xCD,0x0D,0x68,0xED,0x4B,0x8F,0xB8,0x06,0x00,0x69,0x60,0x29,
    0x29,0x29,0x29,0x29,0x29,0x29,0x09,0xEB,0x2A,0x9A,0xB9,0x19,0x11,0xD6,0xB8,0x01,
    0x80,0x00,0xED,0xB0,0x21,0xD7,0x55,0xE5,0x21,0xCF,0x55,0xE5,0x11,0x02,0x01,0xD5,
    0xCD,0x8E,0x68,0xF1,0xF1,0xF1,0x7D,0x32,0x8F,0xB8,0x3A,0x8F,0xB8,0xD6,0xFC,0x20,
    0x0B,0x21,0x30,0xB3,0xE5,0xCD,0xE2,0x3A,0xF1,0xC3,0x74,0x53,0x3E,0x01,0xF5,0x33,
    0x21,0xD6,0xB8,0xE5,0x21,0x72,0xB4,0xE5,0xCD,0xB4,0x2D,0xF1,0xF1,0x33,0x7D,0x32,
    0x8E,0xB8,0x3A,0x8E,0xB8,0xB7,0x28,0x12,0x21,0x72,0xB4,0xE5,0xCD,0xE9,0x33,0x21,
    0x30,0xB3,0xE3,0xCD,0xE2,0x3A,0xF1,0xC3,0x74,0x53,0x21,0x7C,0xB4,0x7E,0x32,0xB4,
    0xB8,0x23,0x7E,0x32,0xB5,0xB8,0x23,0x7E,0x32,0xB6,0xB8,0x23,0x7E,0x32,0xB7,0xB8,
    0xCD,0x7B,0x65,0x2E,0x32,0xCD,0xB7,0x4A,0xCD,0x70,0x4E,0x21,0x72,0xB4,0xE5,0xCD,
    0xE9,0x33,0x21,0x30,0xB3,0xE3,0xCD,0xE2,0x3A,0xF1,0xC3,0x74,0x53,0x07,0x47,0x4D,
    0x6F,0x75,0x6E,0x74,0x69,0x6E,0x67,0x20,0x61,0x20,0x76,0x6F,0x6C,0x75,0x6D,0x65,
    0x2E,0x0A,0x00,0x00,0x07,0x44,0x4F,0x6B,0x2E,0x0A,0x00,0x07,0x47,0x4F,0x70,0x65,
    0x6E,0x20,0x72,0x6F,0x6F,0x74,0x20,0x64,0x69,0x72,0x65,0x63,0x74,0x6F,0x72,0x79,
    0x2E,0x0A,0x00,0x07,0x47,0x43,0x61,0x72,0x64,0x20,0x74,0x79,0x70,0x65,0x3A,0x07,
    0x46,0x4D,0x4D,0x43,0x0A,0x00,0x07,0x47,0x43,0x61,0x72,0x64,0x20,0x74,0x79,0x70,
    0x65,0x3A,0x07,0x46,0x53,0x44,0x0A,0x00,0x07,0x47,0x43,0x61,0x72,0x64,0x20,0x74,
    0x79,0x70,0x65,0x3A,0x07,0x46,0x53,0x44,0x48,0x43,0x0A,0x00,0x07,0x47,0x43,0x61,
    0x72,0x64,0x20,0x74,0x79,0x70,0x65,0x3A,0x07,0x46,0x53,0x44,0x58,0x43,0x00,0x57,
    0x61,0x72,0x6E,0x69,0x6E,0x67,0x00,0x41,0x72,0x65,0x20,0x79,0x6F,0x75,0x20,0x73,
    0x75,0x72,0x65,0x20,0x61,0x62,0x6F,0x75,0x74,0x20,0x75,0x70,0x64,0x61,0x74,0x69,
    0x6E,0x67,0x20,0x74,0x68,0x65,0x20,0x64,0x65,0x76,0x69,0x63,0x65,0x20,0x66,0x69,
    0x72,0x6D,0x77,0x61,0x72,0x65,0x3F,0x00,0x46,0x69,0x72,0x6D,0x77,0x61,0x72,0x65,
    0x00,0x52,0x4F,0x4D,0x53,0x45,0x54,0x20,0x00,0x46,0x6C,0x61,0x73,0x68,0x69,0x6E,
    0x67,0x20,0x00,0x44,0x69,0x73,0x6B,0x20,0x65,0x72,0x72,0x6F,0x72,0x2E,0x00,0x41,
    0x73,0x73,0x65,0x72,0x74,0x69,0x6F,0x6E,0x20,0x66,0x61,0x69,0x6C,0x65,0x64,0x2E,
    0x00,0x44,0x72,0x69,0x76,0x65,0x20,0x6E,0x6F,0x74,0x20,0x72,0x65,0x61,0x64,0x79,
    0x2E,0x00,0x46,0x69,0x6C,0x65,0x20,0x6E,0x6F,0x74,0x20,0x66,0x6F,0x75,0x6E,0x64,
    0x2E,0x00,0x21,0x6B,0x56,0xE5,0xCD,0x89,0x84,0xF1,0xC9,0x00,0x25,0x0C,0x12,0x40,
    0x82,0x4C,0x92,0x49,0x03,0x38,0x1B,0xA0,0xA3,0xB8,0xDB,0x20,0x70,0x20,0x70,0xDC,
    0x70,0x20,0x70,0x20,0x70,0x20,0x70,0xDC,0x70,0xDC,0x70,0xDC,0x70,0x20,0x70,0x20,
    0x70,0x20,0x70,0x20,0x70,0x20,0x70,0x20,0x70,0x20,0x70,0x20,0x70,0x20,0x70,0x20,
    0x70,0x20,0x70,0x20,0x70,0x20,0x70,0x20,0x70,0x20,0x70,0x20,0x70,0x20,0x70,0x20,
    0x70,0x20,0x70,0x20,0x70,0x20,0x70,0x20,0x70,0x20,0x70,0x20,0x70,0x20,0x70,0x20,
    0x70,0x20,0x70,0xDC,0x70,0x20,0x70,0x20,0x70,0x20,0x70,0x20,0x70,0x20,0x70,0x20,
    0x70,0x20,0x70,0x20,0x70,0x20,0x70,0x20,0x70,0x20,0x70,0x20,0x70,0x20,0x70,0x20,
    0x70,0x20,0x70,0x20,0x70,0x20,0x70,0x20,0x70,0x20,0x70,0x20,0x70,0x20,0x70,0x20,
    0x70,0x20,0x70,0x20,0x70,0x20,0x70,0x20,0x70,0x20,0x70,0x20,0x70,0x20,0x70,0xDB,
    0x70,0xDC,0x70,0xDC,0x70,0xDC,0x70,0xDC,0x70,0xDC,0x70,0xDC,0x70,0x20,0x70,0xDC,
    0x70,0xDC,0x70,0xDC,0x70,0xDC,0x70,0xDC,0x70,0xDC,0x70,0xDC,0x70,0xDC,0x70,0x20,
    0x70,0xDC,0x70,0xDC,0x70,0xDC,0x70,0xDC,0x70,0xDC,0x70,0xDC,0x70,0xDC,0x70,0x20,
    0x70,0xDC,0x70,0xDC,0x70,0xDC,0x70,0xDC,0x70,0xDC,0x70,0xDC,0x70,0xDC,0x70,0xDC,
    0x70,0x20,0x70,0xDB,0x70,0xDC,0x70,0xDC,0x70,0xDC,0x70,0xDC,0x70,0xDC,0x70,0xDC,
    0x70,0xDC,0x70,0x20,0x70,0xDC,0x70,0xDC,0x70,0xDC,0x70,0xDC,0x70,0xDC,0x70,0xDC,
    0x70,0xDC,0x70,0xDC,0x70,0x20,0x70,0xDC,0x70,0xDC,0x70,0xDC,0x70,0xDC,0x70,0xDC,
    0x70,0xDC,0x70,0xDC,0x70,0xDC,0x70,0x20,0x70,0x20,0x70,0x20,0x70,0x20,0x70,0xDB,
    0x70,0x20,0x70,0x20,0x70,0x20,0x70,0x20,0x70,0x20,0x70,0xDB,0x70,0x20,0x70,0xDC,
    0x70,0xDC,0x70,0xDC,0x70,0xDC,0x70,0xDC,0x70,0xDC,0x70,0xDC,0x70,0xDB,0x70,0x20,
    0x70,0xDB,0x70,0x20,0x70,0x20,0x70,0x20,0x70,0x20,0x70,0x20,0x70,0x20,0x70,0x20,
    0x70,0xDC,0x70,0xDC,0x70,0xDC,0x70,0xDC,0x70,0xDC,0x70,0xDC,0x70,0xDC,0x70,0xDB,
    0x70,0x20,0x70,0xDB,0x70,0x20,0x70,0x20,0x70,0x20,0x70,0x20,0x70,0x20,0x70,0x20,
    0x70,0xDB,0x70,0x20,0x70,0xDC,0x70,0xDC,0x70,0xDC,0x70,0xDC,0x70,0xDC,0x70,0xDC,
    0x70,0xDC,0x70,0xDB,0x70,0x20,0x70,0xDB,0x70,0xDC,0x70,0xDC,0x70,0xDC,0x70,0xDC,
    0x70,0xDC,0x70,0xDC,0x70,0xDC,0x70,0x20,0x70,0x20,0x70,0x20,0x70,0x20,0x70,0xDB,
    0x70,0x20,0x70,0x20,0x70,0x20,0x70,0x20,0x70,0x20,0x70,0xDB,0x70,0x20,0x70,0xDB,
    0x70,0xDC,0x70,0xDC,0x70,0xDC,0x70,0xDC,0x70,0xDC,0x70,0xDC,0x70,0xDB,0x70,0x20,
    0x70,0xDB,0x70,0x20,0x70,0x20,0x70,0x20,0x70,0x20,0x70,0x20,0x70,0x20,0x70,0x20,
    0x70,0xDB,0x70,0xDC,0x70,0xDC,0x70,0xDC,0x70,0xDC,0x70,0xDC,0x70,0xDC,0x70,0xDB,
    0x70,0x20,0x70,0xDB,0x70,0xDC,0x70,0xDC,0x70,0xDC,0x70,0xDC,0x70,0xDC,0x70,0xDC,
    0x70,0xDB,0x70,0x20,0x70,0xDB,0x70,0xDC,0x70,0xDC,0x70,0xDC,0x70,0xDC,0x70,0xDC,
    0x70,0xDC,0x70,0xDB,0x70,0x20,0x70,0xDC,0x70,0xDC,0x70,0xDC,0x70,0xDC,0x70,0xDC,
    0x70,0xDC,0x70,0xDC,0x70,0xDB,0x70,0x20,0x70,0x20,0x70,0x20,0x70,0x20,0x70,0x20,
    0x70,0x20,0x70,0x20,0x70,0x20,0x70,0x20,0x70,0x20,0x70,0x20,0x70,0x20,0x70,0x20,
    0x70,0x20,0x70,0x20,0x70,0x20,0x70,0x20,0x70,0x20,0x70,0x20,0x70,0x20,0x70,0x20,
    0x70,0x20,0x70,0x20,0x70,0x20,0x70,0x20,0x70,0x20,0x70,0x20,0x70,0x20,0x70,0x20,
    0x70,0x20,0x70,0x20,0x70,0x20,0x70,0x20,0x70,0x20,0x70,0x20,0x70,0x20,0x70,0x20,
    0x70,0x20,0x70,0x20,0x70,0x20,0x70,0x20,0x70,0x20,0x70,0x20,0x70,0x20,0x70,0x20,
    0x70,0x20,0x70,0x20,0x70,0x20,0x70,0x20,0x70,0x20,0x70,0x20,0x70,0x20,0x70,0x20,
    0x70,0x20,0x70,0x20,0x70,0x20,0x70,0x20,0x70,0x20,0x70,0x20,0x70,0x20,0x70,0x20,
    0x70,0x20,0x70,0x20,0x70,0x20,0x70,0x20,0x70,0x20,0x70,0x20,0x70,0x20,0x70,0x20,
    0x70,0x20,0x70,0x20,0x70,0x20,0x70,0xDC,0x7C,0xDC,0x7C,0xDC,0x7C,0xDC,0x7C,0x20,
    0x7C,0xDC,0x7E,0xDC,0x7E,0xDC,0x7E,0xDC,0x7E,0x20,0x7E,0xDC,0x7A,0xDC,0x7A,0xDC,
    0x7A,0xDC,0x7A,0x20,0x7A,0xDC,0x7B,0xDC,0x7B,0xDC,0x7B,0xDC,0x7B,0x20,0x7B,0x20,
    0x7B,0x20,0x7B,0x20,0x7B,0x20,0x7B,0x20,0x7B,0x20,0x7B,0x20,0x7B,0x20,0x7B,0x20,
    0x7B,0x20,0x7B,0xDB,0x70,0xDF,0x70,0xDF,0x70,0xDF,0x70,0xDF,0x70,0xDF,0x70,0xDF,
    0x70,0xDB,0x70,0x20,0x70,0xDB,0x70,0xDF,0x70,0xDF,0x70,0xDF,0x70,0xDF,0x70,0xDF,
    0x70,0xDF,0x70,0xDF,0x70,0x20,0x70,0xDB,0x70,0xDF,0x70,0xDF,0x70,0xDF,0x70,0xDF,
    0x70,0xDF,0x70,0xDF,0x70,0xDB,0x70,0x20,0x70,0x20,0x70,0x20,0x70,0xFA,0x71,0x20,
    0x70,0x20,0x70,0x20,0x70,0x20,0x70,0x20,0x70,0x20,0x70,0x20,0x70,0x20,0x70,0x20,
    0x70,0x20,0x70,0x20,0x70,0x20,0x70,0x20,0x70,0x20,0x70,0x20,0x70,0x20,0x70,0x20,
    0x70,0x20,0x70,0x20,0x70,0x20,0x70,0x20,0x70,0x20,0x70,0x20,0x70,0x20,0x70,0x20,
    0x70,0x20,0x70,0xFA,0x71,0x20,0x70,0x20,0x70,0x20,0x70,0x20,0x70,0x20,0x70,0x20,
    0x70,0x20,0x70,0xDB,0x70,0xDF,0x70,0xDF,0x70,0xDF,0x70,0xDF,0x70,0xDF,0x70,0xDF,
    0x70,0xDF,0x70,0x20,0x70,0xDB,0x70,0x20,0x70,0x20,0x70,0x20,0x70,0x20,0x70,0x20,
    0x70,0x20,0x70,0x20,0x70,0x20,0x70,0xDB,0x70,0x20,0x70,0x20,0x70,0x20,0x70,0x20,
    0x70,0x20,0x70,0x20,0x70,0xDB,0x70,0x20,0x70,0x20,0x70,0x20,0x70,0xFE,0x78,0x20,
    0x70,0xFA,0x71,0x20,0x70,0x20,0x70,0x20,0x70,0x20,0x70,0x20,0x70,0x20,0x70,0x20,
    0x70,0xFA,0x71,0x20,0x70,0x20,0x70,0x20,0x70,0x20,0x70,0x20,0x70,0x20,0x70,0x20,
    0x70,0x20,0x70,0x20,0x70,0x20,0x70,0x20,0x70,0x20,0x70,0x20,0x70,0x20,0x70,0xFA,
    0x71,0x20,0x70,0xFE,0x78,0x20,0x70,0x20,0x70,0x20,0x70,0x20,0x70,0xFA,0x71,0x20,
    0x70,0x20,0x70,0xDF,0x70,0x20,0x70,0x20,0x70,0x20,0x70,0x20,0x70,0x20,0x70,0x20,
    0x70,0x20,0x70,0x20,0x70,0xDF,0x70,0x20,0x70,0x20,0x70,0x20,0x70,0x20,0x70,0x20,
    0x70,0x20,0x70,0x20,0x70,0x20,0x70,0xDF,0x70,0xDF,0x70,0xDF,0x70,0xDF,0x70,0xDF,
    0x70,0xDF,0x70,0xDF,0x70,0xDF,0x70,0x20,0x70,0x20,0x70,0x20,0x70,0xFE,0x71,0x20,
    0x70,0xFA,0x71,0xFA,0x71,0x20,0x70,0x20,0x70,0xFA,0x71,0x20,0x70,0x20,0x70,0x20,
    0x70,0xFE,0x71,0x20,0x70,0x20,0x70,0xFA,0x71,0x20,0x70,0xFA,0x71,0x20,0x70,0x20,
    0x70,0x20,0x70,0x20,0x70,0xFA,0x71,0x20,0x70,0x20,0x70,0x20,0x70,0xFA,0x71,0xFE,
    0x78,0x20,0x70,0xFE,0x78,0x20,0x70,0x20,0x70,0xFA,0x71,0x20,0x70,0xFA,0x71,0x20,
    0x70,0x20,0x70,0x20,0x70,0xFA,0x71,0x20,0x70,0x20,0x70,0x20,0x70,0x20,0x70,0x20,
    0x70,0x20,0x70,0x20,0x70,0x20,0x70,0xFA,0x71,0x20,0x70,0x20,0x70,0x20,0x70,0x20,
    0x70,0xFA,0x71,0x20,0x70,0x20,0x70,0x20,0x70,0xFA,0x71,0x20,0x70,0x20,0x70,0xFA,
    0x71,0x20,0x70,0x20,0x70,0x20,0x70,0xFA,0x71,0x20,0x70,0xFE,0x78,0xFE,0x78,0xFA,
    0x71,0xFE,0x78,0xFA,0x71,0x20,0x70,0xFE,0x71,0xFE,0x78,0x20,0x70,0x20,0x70,0xFE,
    0x78,0xFE,0x78,0xFE,0x78,0x20,0x70,0xFA,0x71,0x20,0x70,0xFE,0x78,0x20,0x70,0x20,
    0x70,0xFA,0x71,0x20,0x70,0xFE,0x71,0x20,0x70,0x20,0x70,0xFE,0x78,0xFE,0x71,0xFE,
    0x78,0xFE,0x78,0xFE,0x71,0xFE,0x78,0x20,0x70,0xFE,0x78,0xFE,0x78,0xFE,0x78,0x20,
    0x70,0xFA,0x71,0x20,0x70,0xFE,0x71,0xFE,0x78,0x20,0x70,0xFA,0x71,0x20,0x70,0x20,
    0x70,0x20,0x70,0xFA,0x71,0x20,0x70,0xFE,0x71,0x20,0x70,0x20,0x70,0xFE,0x78,0x20,
    0x70,0xFE,0x71,0xFA,0x71,0x20,0x70,0x20,0x70,0xFE,0x71,0x20,0x70,0x20,0x70,0xFA,
    0x71,0xFA,0x71,0x20,0x70,0x20,0x70,0xFA,0x71,0xFA,0x71,0xFE,0x78,0xFE,0x71,0xFE,
    0x78,0xFE,0x78,0xFE,0x78,0xFE,0x78,0xFE,0x78,0xFE,0x71,0x20,0x70,0xFE,0x78,0xFE,
    0x78,0xFE,0x71,0xFE,0x71,0xFE,0x78,0xFE,0x78,0xFE,0x78,0xFE,0x71,0xFE,0x78,0xFE,
    0x71,0xFE,0x78,0x20,0x70,0xFE,0x78,0xFE,0x71,0xFE,0x78,0xFE,0x71,0xFE,0x78,0xFE,
    0x78,0xFE,0x71,0xFE,0x78,0xFE,0x78,0xFE,0x78,0xFE,0x78,0xFE,0x78,0xFE,0x71,0xFE,
    0x78,0xFE,0x78,0xFE,0x78,0xFE,0x78,0xFE,0x78,0xFE,0x78,0xFE,0x78,0x20,0x70,0xFE,
    0x71,0xFE,0x78,0xFE,0x71,0xFE,0x78,0xFE,0x78,0x20,0x70,0xFE,0x78,0xFE,0x78,0xFE,
    0x78,0xFE,0x78,0xFE,0x78,0xFE,0x78,0xFA,0x71,0xFE,0x78,0xFE,0x78,0xFE,0x71,0xFE,
    0x78,0xFA,0x71,0x20,0x70,0xFE,0x71,0xFE,0x78,0xFA,0x71,0xFE,0x78,0xFA,0x71,0xFE,
    0x78,0xFA,0x71,0xFE,0x78,0xFE,0x78,0xFE,0x71,0xFE,0x78,0xFE,0x71,0xFE,0x78,0xFE,
    0x71,0xFE,0x78,0xFE,0x71,0xFE,0x78,0xFE,0x78,0xFE,0x78,0xFE,0x71,0xFE,0x78,0xFE,
    0x71,0xFE,0x78,0xFE,0x71,0xFE,0x71,0xFE,0x78,0xFE,0x71,0xFE,0x78,0xFE,0x71,0xFE,
    0x78,0xFE,0x71,0xFE,0x78,0xFE,0x71,0xFE,0x71,0xFE,0x78,0xFE,0x71,0xFE,0x78,0xFE,
    0x78,0xFE,0x71,0xFE,0x78,0xFE,0x71,0xFE,0x78,0xFE,0x71,0xFE,0x78,0xFE,0x71,0xFE,
    0x78,0xFE,0x71,0xFE,0x78,0xFE,0x71,0xFE,0x78,0xFE,0x71,0xFE,0x71,0xFE,0x78,0xFE,
    0x71,0xFE,0x78,0xFE,0x78,0xFE,0x71,0xFE,0x78,0xFE,0x78,0xFE,0x71,0xFE,0x78,0xFE,
    0x71,0xFE,0x78,0xFE,0x71,0xFE,0x78,0xFE,0x78,0xFE,0x71,0xFE,0x78,0xFE,0x78,0xFE,
    0x71,0xFE,0x78,0xFE,0x78,0xFE,0x71,0xFE,0x78,0xFE,0x78,0xFE,0x78,0xFE,0x78,0xFE,
    0x71,0xFE,0x78,0xFE,0x71,0xFE,0x78,0xFE,0x71,0xFE,0x78,0xFE,0x78,0xFE,0x71,0xFE,
    0x78,0xFE,0x71,0xFE,0x78,0xFE,0x78,0xFE,0x71,0xFE,0x78,0xFE,0x71,0xFE,0x78,0xFE,
    0x71,0xFE,0x78,0xFE,0x78,0xFE,0x78,0xFE,0x78,0xFE,0x78,0xFE,0x78,0xFE,0x78,0xFE,
    0x71,0xFE,0x78,0xFE,0x78,0xFE,0x71,0xFE,0x78,0xFE,0x78,0xFE,0x71,0xFE,0x78,0xFE,
    0x78,0xFE,0x71,0xFE,0x78,0xFE,0x78,0xFE,0x78,0xFE,0x71,0xFE,0x78,0xFE,0x78,0xFE,
    0x78,0xFE,0x71,0xFE,0x78,0xFE,0x78,0xFE,0x78,0xFE,0x71,0xFE,0x78,0xFE,0x71,0xFE,
    0x71,0xFE,0x78,0xFE,0x71,0xFE,0x71,0xFE,0x78,0xFE,0x78,0xFE,0x71,0xFE,0x78,0xFE,
    0x78,0xFE,0x71,0xFE,0x71,0xFE,0x78,0xFE,0x71,0xFE,0x71,0xFE,0x78,0xFE,0x78,0xFE,
    0x71,0xFE,0x78,0xFE,0x78,0xFE,0x78,0xFE,0x71,0xFE,0x78,0xFE,0x71,0xFE,0x78,0xFE,
    0x78,0xFE,0x78,0xFE,0x78,0xFE,0x78,0xFE,0x71,0xFE,0x71,0xFE,0x71,0xFE,0x78,0xFE,
    0x78,0xFE,0x71,0xFE,0x78,0xFE,0x78,0xFE,0x71,0xFE,0x78,0xFE,0x71,0xFE,0x78,0xFE,
    0x71,0xFE,0x78,0xFE,0x71,0xFE,0x71,0xFE,0x78,0xFE,0x78,0xFE,0x78,0xFE,0x71,0xFE,
    0x78,0xFE,0x78,0xFE,0x71,0xFE,0x71,0xFE,0x78,0xFE,0x78,0xFE,0x78,0xFE,0x71,0xFE,
    0x78,0xFE,0x71,0xFE,0x71,0xFE,0x78,0xFE,0x78,0xFE,0x71,0xFE,0x78,0xFE,0x78,0xFE,
    0x78,0xFE,0x71,0xFE,0x78,0xFE,0x78,0xFE,0x78,0xFE,0x71,0xFE,0x78,0xFE,0x71,0xFE,
    0x78,0xFE,0x71,0xFE,0x78,0xFE,0x71,0xFE,0x78,0xFE,0x71,0xFE,0x78,0xFE,0x71,0xFE,
    0x71,0xFE,0x78,0xFE,0x71,0xFE,0x78,0xFE,0x78,0xFE,0x71,0xFE,0x78,0xFE,0x78,0xFE,
    0x78,0xFE,0x71,0xFE,0x78,0xFE,0x71,0xFE,0x78,0xFE,0x71,0xFE,0x78,0xFE,0x71,0xFE,
    0x78,0xFE,0x78,0xFE,0x78,0xFE,0x78,0xFE,0x78,0xFE,0x71,0xFE,0x78,0xFE,0x78,0xFE,
    0x78,0xFE,0x71,0xFE,0x78,0xFE,0x71,0xFE,0x71,0xFE,0x78,0xFE,0x71,0xFE,0x78,0xFE,
    0x71,0xFE,0x78,0xFE,0x78,0xFE,0x71,0xFE,0x78,0xFE,0x71,0xFE,0x78,0xFE,0x71,0xFE,
    0x78,0xFE,0x71,0xFE,0x78,0xFE,0x71,0xFE,0x78,0xFE,0x71,0xFE,0x78,0xFE,0x78,0xFE,
    0x78,0xFE,0x71,0xFE,0x78,0xFE,0x71,0xFE,0x71,0xFE,0x78,0xFE,0x78,0xFE,0x78,0xFE,
    0x71,0xFE,0x78,0xFE,0x71,0xFE,0x71,0xFE,0x78,0xFE,0x71,0xFE,0x78,0xFE,0x78,0xFE,
    0x71,0xFE,0x78,0xFE,0x78,0xFE,0x71,0xFE,0x71,0xFE,0x78,0xFE,0x78,0xFE,0x71,0xFE,
    0x71,0xFE,0x78,0xFE,0x78,0xFE,0x78,0xFE,0x78,0xFE,0x78,0xFE,0x78,0xFE,0x78,0xFE,
    0x78,0xFE,0x78,0xFE,0x78,0xFE,0x71,0xFE,0x78,0xFE,0x78,0xFE,0x71,0xFE,0x78,0xFE,
    0x71,0xFE,0x78,0xFE,0x71,0xFE,0x78,0xFE,0x71,0xFE,0x78,0xFE,0x78,0xFE,0x71,0xFE,
    0x78,0xFE,0x78,0xFE,0x71,0xFE,0x78,0xFE,0x78,0xFE,0x71,0xFE,0x78,0xFE,0x78,0xFE,
    0x78,0xFE,0x71,0xFE,0x78,0xFE,0x78,0xFE,0x71,0xFE,0x78,0xFE,0x78,0xFE,0x71,0xFE,
    0x78,0xFE,0x78,0xFE,0x71,0xFE,0x78,0xFE,0x78,0xFE,0x78,0xFE,0x78,0xFE,0x71,0xFE,
    0x78,0xFE,0x71,0xFE,0x78,0xFE,0x71,0xFE,0x78,0xFE,0x78,0xFE,0x78,0xFE,0x71,0xFE,
    0x78,0xFE,0x71,0xFE,0x71,0xFE,0x71,0xFE,0x78,0xFE,0x78,0xFE,0x71,0xFE,0x78,0xFE,
    0x78,0xFE,0x71,0xFE,0x78,0xFE,0x78,0xFE,0x71,0xFE,0x78,0xFE,0x78,0xFE,0x71,0xFE,
    0x78,0xFE,0x71,0xFE,0x78,0xFE,0x71,0xFE,0x78,0xFE,0x71,0xFE,0x78,0xFE,0x71,0xFE,
    0x78,0xFE,0x71,0xFE,0x78,0xFE,0x71,0xFE,0x78,0xFE,0x71,0xFE,0x78,0xFE,0x71,0xFE,
    0x78,0xFE,0x71,0xFE,0x78,0xFE,0x78,0xFE,0x71,0xFE,0x78,0xFE,0x78,0xFE,0x71,0xFE,
    0x78,0xFE,0x78,0xFE,0x71,0xFE,0x78,0xFE,0x78,0xFE,0x71,0xFE,0x78,0xFE,0x78,0xFE,
    0x71,0xFE,0x78,0xFE,0x78,0xFE,0x71,0xFE,0x78,0xFE,0x71,0xFE,0x71,0xFE,0x78,0xFE,
    0x71,0xFE,0x78,0xFE,0x71,0xFE,0x78,0xFE,0x71,0xFE,0x78,0xFE,0x71,0xFE,0x78,0xFE,
    0x71,0xFE,0x78,0xFE,0x78,0xFE,0x71,0xFE,0x78,0xFE,0x71,0xFE,0x78,0xFE,0x71,0xFE,
    0x78,0xFE,0x78,0xFE,0x78,0xFE,0x71,0xFE,0x78,0xFE,0x78,0xFE,0x71,0xFE,0x78,0xFE,
    0x71,0xFE,0x78,0xFE,0x71,0xFE,0x78,0xFE,0x78,0xFE,0x71,0xFE,0x71,0xFE,0x78,0xFE,
    0x71,0xFE,0x78,0xFE,0x78,0xFE,0x71,0xFE,0x78,0xFE,0x78,0xFE,0x71,0xFE,0x78,0xFE,
    0x78,0xFE,0x71,0xFE,0x78,0xFE,0x71,0xFE,0x78,0xFE,0x78,0xFE,0x71,0xFE,0x78,0xFE,
    0x78,0xFE,0x71,0xFE,0x78,0xFE,0x78,0xFE,0x71,0xFE,0x78,0xFE,0x78,0xFE,0x71,0xFE,
    0x78,0xFE,0x78,0xFE,0x71,0xFE,0x78,0xFE,0x71,0xFE,0x78,0xFE,0x78,0xFE,0x71,0xFE,
    0x71,0xFE,0x71,0xFE,0x78,0xFE,0x78,0xFE,0x78,0xFE,0x71,0xFE,0x78,0xFE,0x71,0xFE,
    0x78,0xFE,0x71,0xFE,0x78,0xFE,0x78,0xFE,0x71,0xFE,0x78,0xFE,0x71,0xFE,0x78,0xFE,
    0x71,0xFE,0x78,0xFE,0x78,0xFE,0x78,0xFE,0x78,0xFE,0x78,0xFE,0x78,0xFE,0x71,0xFE,
    0x78,0xFE,0x71,0xFE,0x78,0xFE,0x78,0xFE,0x71,0xFE,0x78,0xFE,0x71,0xFE,0x78,0xFE,
    0x78,0xFE,0x71,0xFE,0x78,0xFE,0x78,0xFE,0x78,0xFE,0x71,0xFE,0x78,0xFE,0x78,0xFE,
    0x71,0xFE,0x78,0xFE,0x78,0xFE,0x71,0xFE,0x78,0xFE,0x71,0xFE,0x78,0xFE,0x78,0xFE,
    0x71,0xFE,0x78,0xFE,0x71,0xFE,0x71,0xFE,0x78,0xFE,0x78,0xFE,0x71,0xFE,0x78,0xFE,
    0x71,0xFE,0x78,0xFE,0x78,0xFE,0x71,0xFE,0x78,0xFE,0x78,0xFE,0x78,0xFE,0x71,0xFE,
    0x78,0xFE,0x71,0xFE,0x78,0xFE,0x71,0xFE,0x78,0xFE,0x71,0xFE,0x71,0xFE,0x71,0xFE,
    0x71,0xFE,0x78,0xFE,0x78,0xFE,0x71,0xFE,0x78,0xFE,0x71,0xFE,0x78,0xFE,0x78,0xFE,
    0x78,0xFE,0x78,0xFE,0x71,0xFE,0x78,0xFE,0x78,0xFE,0x71,0xFE,0x78,0xFE,0x78,0xFE,
    0x71,0xFE,0x78,0xFE,0x71,0xFE,0x78,0xFE,0x71,0xFE,0x71,0xFE,0x71,0xFE,0x78,0xFE,
    0x78,0xFE,0x71,0xFE,0x78,0xFE,0x78,0xFE,0x71,0xFE,0x78,0xFE,0x78,0xFE,0x71,0xFE,
    0x78,0xFE,0x71,0xFE,0x78,0xFE,0x78,0xFE,0x71,0xFE,0x78,0xFE,0x78,0xFE,0x78,0xFE,
    0x71,0xFE,0x78,0xFE,0x78,0xFE,0x71,0xFE,0x78,0xFE,0x78,0xFE,0x78,0xFE,0x78,0xFE,
    0x78,0xFE,0x71,0xFE,0x78,0xFE,0x71,0xFE,0x78,0xFE,0x71,0xFE,0x71,0xFE,0x71,0xFE,
    0x78,0xFE,0x71,0xFE,0x78,0xFE,0x71,0xFE,0x78,0xFE,0x78,0xFE,0x71,0xFE,0x78,0xFE,
    0x71,0xFE,0x71,0xFE,0x78,0xFE,0x78,0xFE,0x78,0xFE,0x78,0xFE,0x71,0xFE,0x78,0xFE,
    0x78,0xFE,0x71,0xFE,0x78,0xFE,0x71,0xFE,0x78,0xFE,0x78,0xFE,0x71,0xFE,0x78,0xFE,
    0x78,0xFE,0x71,0xFE,0x78,0xFE,0x78,0xFE,0x71,0xFE,0x78,0xFE,0x78,0xFE,0x71,0xFE,
    0x78,0xFE,0x78,0xFE,0x78,0xFE,0x71,0xFE,0x78,0xFE,0x78,0xFE,0x71,0xFE,0x78,0xFE,
    0x78,0xFE,0x71,0xFE,0x78,0xFE,0x71,0xFE,0x78,0xFE,0x78,0xFE,0x71,0xFE,0x78,0xFE,
    0x78,0xFE,0x71,0xFE,0x78,0xFE,0x78,0xFE,0x71,0xFE,0x78,0xFE,0x78,0xFE,0x71,0xFE,
    0x78,0xFE,0x78,0xFE,0x71,0xFE,0x78,0xFE,0x78,0xFE,0x71,0xFE,0x71,0xFE,0x78,0xFE,
    0x78,0xFE,0x71,0xFE,0x71,0xFE,0x78,0xFE,0x78,0xFE,0x71,0xFE,0x78,0xFE,0x71,0xFE,
    0x78,0xFE,0x71,0xFE,0x78,0xFE,0x78,0xFE,0x71,0xFE,0x78,0xFE,0x78,0xFE,0x78,0xFE,
    0x71,0xFE,0x78,0xFE,0x78,0xFE,0x78,0xFE,0x71,0xFE,0x78,0xFE,0x78,0xFE,0x71,0xFE,
    0x78,0xFE,0x78,0xFE,0x78,0xFE,0x71,0xFE,0x78,0xFE,0x78,0xFE,0x71,0xFE,0x78,0xFE,
    0x78,0xFE,0x78,0xFE,0x71,0xFE,0x78,0xFE,0x78,0xFE,0x71,0xFE,0x78,0xFE,0x71,0xFE,
    0x78,0xFE,0x78,0xFE,0x78,0xFE,0x71,0xFE,0x78,0xFE,0x78,0xFE,0x71,0xFE,0x78,0xFE,
    0x71,0xFE,0x71,0xFE,0x78,0xFE,0x71,0xFE,0x71,0xFE,0x78,0xFE,0x71,0xFE,0x78,0xFE,
    0x78,0xFE,0x71,0xFE,0x71,0xFE,0x78,0xFE,0x71,0xFE,0x78,0xFE,0x78,0xFE,0x78,0xFE,
    0x71,0xFE,0x78,0xFE,0x78,0xFE,0x71,0xFE,0x78,0xFE,0x78,0xFE,0x71,0xFE,0x71,0xFE,
    0x78,0xFE,0x78,0xFE,0x71,0xFE,0x78,0xFE,0x71,0xFE,0x78,0xFE,0x71,0xFE,0x78,0xFE,
    0x78,0xFE,0x78,0xFE,0x71,0xFE,0x71,0xFE,0x78,0xFE,0x78,0xFE,0x71,0xFE,0x78,0xFE,
    0x78,0xFE,0x71,0xFE,0x78,0xFE,0x71,0xFE,0x78,0xFE,0x71,0xFE,0x71,0xFE,0x78,0xFE,
    0x71,0xFE,0x78,0xFE,0x78,0xFE,0x71,0xFE,0x71,0xFE,0x78,0xFE,0x71,0xFE,0x78,0xFE,
    0x78,0xFE,0x71,0xFE,0x78,0xFE,0x78,0xFE,0x78,0xFE,0x71,0xFE,0x78,0xFE,0x78,0xFE,
    0x71,0xFE,0x78,0xFE,0x78,0xFE,0x71,0xFE,0x78,0xFE,0x71,0xFE,0x71,0xFE,0x78,0xFE,
    0x71,0xFE,0x78,0xFE,0x78,0xFE,0x71,0xFE,0x71,0xFE,0x78,0xFE,0x78,0xFE,0x71,0xFE,
    0x78,0xFE,0x78,0xFE,0x71,0xFE,0x78,0xFE,0x71,0xFE,0x78,0xFE,0x78,0xFE,0x71,0xFE,
    0x78,0xFE,0x71,0xFE,0x78,0xFE,0x71,0xFE,0x78,0xFE,0x78,0xFE,0x71,0xFE,0x78,0xFE,
    0x71,0xFE,0x78,0xFE,0x71,0xFE,0x71,0xFE,0x78,0xFE,0x78,0xFE,0x71,0xFE,0x78,0xFE,
    0x71,0xFE,0x78,0xFE,0x71,0xFE,0x78,0xFE,0x78,0xFE,0x71,0xFE,0x78,0xFE,0x71,0xFE,
    0x71,0xFE,0x78,0xFE,0x71,0xFE,0x78,0xFE,0x71,0xFE,0x78,0xFE,0x71,0xFE,0x78,0xFE,
    0x71,0xFE,0x78,0xFE,0x78,0xFE,0x71,0xFE,0x71,0xFE,0x78,0xFE,0x71,0xFE,0x78,0xFE,
    0x78,0xFE,0x71,0xFE,0x71,0xFE,0x71,0xFE,0x71,0xFE,0x78,0xFE,0x71,0xFE,0x71,0xFE,
    0x71,0xFE,0x78,0xFE,0x71,0xFE,0x78,0xFE,0x71,0xFE,0x71,0xFE,0x78,0xFE,0x78,0xFE,
    0x71,0xFE,0x78,0xFE,0x78,0xFE,0x71,0xFE,0x78,0xFE,0x78,0xFE,0x71,0xFE,0x78,0xFE,
    0x71,0xFE,0x78,0xFE,0x71,0xFE,0x71,0xFE,0x78,0xFE,0x78,0xFE,0x78,0xFE,0x71,0xFE,
    0x78,0xFE,0x71,0xFE,0x78,0xFE,0x78,0xFE,0x71,0xFE,0x78,0xFE,0x71,0xFE,0x78,0xFE,
    0x71,0xFE,0x71,0xFE,0x78,0xFE,0x71,0xFE,0x78,0xFE,0x78,0xFE,0x71,0xFE,0x78,0xFE,
    0x78,0xFE,0x71,0xFE,0x78,0xFE,0x71,0xFE,0x78,0xFE,0x78,0xFE,0x71,0xFE,0x78,0xFE,
    0x78,0xFE,0x71,0xFE,0x71,0xFE,0x78,0xFE,0x78,0xFE,0x71,0xFE,0x71,0xFE,0x71,0xFE,
    0x78,0xFE,0x71,0xFE,0x78,0xFE,0x71,0xFE,0x78,0xFE,0x71,0xFE,0x78,0xFE,0x78,0xFE,
    0x71,0xFE,0x78,0xFE,0x71,0xFE,0x71,0xFE,0x78,0xFE,0x78,0xFE,0x71,0xFE,0x78,0xFE,
    0x71,0xFE,0x78,0xFE,0x71,0xFE,0x78,0xFE,0x78,0xFE,0x71,0xFE,0x71,0xFE,0x78,0xFE,
    0x78,0xFE,0x71,0xFE,0x78,0xFE,0x78,0xFE,0x71,0xFE,0x71,0xFE,0x78,0xFE,0x71,0xFE,
    0x78,0xFE,0x71,0xFE,0x78,0xFE,0x78,0xFE,0x71,0xFE,0x78,0xFE,0x71,0xFE,0x78,0xFE,
    0x71,0xFE,0x71,0xFE,0x71,0xFE,0x78,0xFE,0x71,0xFE,0x71,0xFE,0x78,0xFE,0x71,0xFE,
    0x78,0xFE,0x71,0xFE,0x78,0xFE,0x78,0xFE,0x71,0xFE,0x78,0xFE,0x71,0xFE,0x78,0xFE,
    0x71,0xFE,0x78,0xFE,0x71,0xFE,0x71,0xFE,0x71,0xFE,0x78,0xFE,0x71,0xFE,0x78,0xFE,
    0x71,0xFE,0x78,0xFE,0x71,0xFE,0x78,0xFE,0x71,0xFE,0x78,0xFE,0x71,0xFE,0x78,0xFE,
    0x71,0xFE,0x78,0xFE,0x78,0xFE,0x71,0xFE,0x78,0xFE,0x71,0xFE,0x78,0xFE,0x71,0xFE,
    0x71,0xFE,0x78,0xFE,0x71,0xFE,0x71,0xFE,0x78,0xFE,0x71,0xFE,0x78,0xFE,0x71,0xFE,
    0x78,0xFE,0x78,0xFE,0x71,0xFE,0x78,0xFE,0x71,0xFE,0x71,0xFE,0x71,0xFE,0x78,0xFE,
    0x71,0xFE,0x78,0xFE,0x71,0xFE,0x78,0xFE,0x78,0xFE,0x71,0xFE,0x78,0xFE,0x78,0xFE,
    0x78,0xFE,0x71,0xFE,0x78,0xFE,0x78,0xFE,0x71,0xFE,0x78,0xFE,0x78,0xFE,0x71,0xFE,
    0x78,0xFE,0x71,0xFE,0x71,0xFE,0x71,0xFE,0x78,0xFE,0x71,0xFE,0x78,0xFE,0x71,0xFE,
    0x78,0xFE,0x78,0xFE,0x71,0xFE,0x78,0xFE,0x71,0xFE,0x78,0xFE,0x71,0xFE,0x78,0xFE,
    0x71,0xFE,0x71,0xFE,0x78,0xFE,0x71,0xFE,0x78,0xFE,0x71,0xFE,0x78,0xFE,0x71,0xFE,
    0x78,0xFE,0x71,0xFE,0x78,0xFE,0x71,0xFE,0x78,0xFE,0x71,0xFE,0x71,0xFE,0x71,0xFE,
    0x78,0xFE,0x71,0xFE,0x78,0xFE,0x78,0xFE,0x71,0xFE,0x78,0xFE,0x78,0xFE,0x71,0xFE,
    0x78,0xFE,0x71,0xFE,0x71,0xFE,0x78,0xFE,0x71,0xFE,0x78,0xFE,0x78,0xFE,0x71,0xFE,
    0x78,0xFE,0x78,0xFE,0x71,0xFE,0x78,0xFE,0x78,0xFE,0x71,0xFE,0x71,0xFE,0x78,0xFE,
    0x71,0xFE,0x78,0xFE,0x78,0xFE,0x71,0xFE,0x78,0xFE,0x78,0xFE,0x71,0xFE,0x78,0xFE,
    0x78,0xFE,0x71,0xFE,0x78,0xFE,0x71,0xFE,0x78,0xFE,0x71,0xFE,0x78,0xFE,0x71,0xFE,
    0x78,0xFE,0x71,0xFE,0x78,0xFE,0x78,0xFE,0x71,0xFE,0x78,0xFE,0x78,0xFE,0x71,0xFE,
    0x78,0xFE,0x71,0xFE,0x78,0xFE,0x71,0xFE,0x78,0xFE,0x71,0xFE,0x78,0xFE,0x78,0xFE,
    0x71,0xFE,0x78,0xFE,0x71,0xFE,0x78,0xFE,0x78,0xFE,0x71,0xFE,0x78,0xFE,0x71,0xFE,
    0x71,0xFE,0x78,0xFE,0x78,0xFE,0x71,0xFE,0x78,0xFE,0x71,0xFE,0x78,0xFE,0x71,0xFE,
    0x78,0xFE,0x71,0xFE,0x78,0xFE,0x78,0xFE,0x78,0xFE,0x71,0xFE,0x71,0xFE,0x78,0xFE,
    0x71,0xFE,0x78,0xFE,0x71,0xFE,0x78,0xFE,0x71,0xFE,0x71,0xFE,0x78,0xFE,0x71,0xFE,
    0x78,0xFE,0x78,0xFE,0x71,0xFE,0x78,0xFE,0x71,0xFE,0x78,0xFE,0x78,0xFE,0x71,0xFE,
    0x78,0xFE,0x78,0xFE,0x71,0xFE,0x78,0xFE,0x71,0xFE,0x78,0xFE,0x71,0xFE,0x71,0xFE,
    0x71,0xFE,0x78,0xFE,0x71,0xFE,0x71,0xFE,0x78,0xFE,0x71,0xFE,0x71,0xFE,0x78,0xFE,
    0x71,0xFE,0x78,0xFE,0x71,0xFE,0x78,0xFE,0x71,0xFE,0x78,0xFE,0x78,0xFE,0x71,0xFE,
    0x78,0xFE,0x71,0xFE,0x78,0xFE,0x71,0xFE,0x78,0xFE,0x71,0xFE,0x71,0xFE,0x78,0xFE,
    0x78,0xFE,0x71,0xFE,0x78,0xFE,0x71,0xFE,0x78,0xFE,0x78,0xFE,0x71,0xFE,0x78,0xFE,
    0x78,0xFE,0x71,0xFE,0x78,0xFE,0x78,0xFE,0x78,0xFE,0x71,0xFE,0x78,0xFE,0x78,0xFE,
    0x71,0xFE,0x78,0xFE,0x71,0xFE,0x78,0xFE,0x71,0xFE,0x71,0xFE,0x71,0xFE,0x78,0xFE,
    0x71,0xFE,0x78,0xFE,0x78,0xFE,0x71,0xFE,0x71,0xFE,0x78,0xFE,0x71,0xFE,0x78,0xFE,
    0x78,0xFE,0x71,0xFE,0x78,0xFE,0x78,0xFE,0x71,0xFE,0x78,0xFE,0x78,0xFE,0x71,0xFE,
    0x71,0xFE,0x71,0xFE,0x78,0xFE,0x71,0xFE,0x78,0xFE,0x71,0xFE,0x78,0xFE,0x71,0xFE,
    0x78,0xFE,0x71,0xFE,0x78,0xFE,0x71,0xFE,0x78,0xFE,0x71,0xFE,0x78,0xFE,0x71,0xFE,
    0x78,0xFE,0x78,0xFE,0x71,0xFE,0x71,0xFE,0x71,0xFE,0x71,0xDD,0xE5,0xDD,0x21,0x00,
    0x00,0xDD,0x39,0xF5,0x3B,0x3E,0x00,0xD3,0xFE,0x0E,0x00,0x06,0x00,0x59,0xAF,0xAF,
    0xCB,0x1F,0x53,0xCB,0x1A,0x1F,0x5F,0x68,0x26,0x00,0x29,0x19,0xEB,0x6B,0x62,0x13,
    0xD5,0x11,0x7B,0x56,0x19,0xD1,0x7E,0xDD,0x77,0xFD,0x21,0x7B,0x56,0x19,0x7E,0xDD,
    0x77,0xFE,0xAF,0xDD,0x77,0xFF,0xDD,0x7E,0xFE,0xE6,0x0F,0x5F,0x16,0x00,0x21,0xA4,
    0xB9,0x19,0x5E,0xDD,0x7E,0xFE,0xE6,0xF0,0x6F,0x26,0x00,0xCB,0x2C,0xCB,0x1D,0xCB,
    0x2C,0xCB,0x1D,0xCB,0x2C,0xCB,0x1D,0xCB,0x2C,0xCB,0x1D,0xD5,0x11,0xB4,0xB9,0x19,
    0xD1,0x7E,0xB3,0xC5,0xF5,0x33,0xDD,0x7E,0xFD,0xF5,0x33,0x79,0xF5,0x33,0xC5,0x33,
    0xCD,0xF9,0x83,0xF1,0xF1,0xC1,0x04,0x78,0xD6,0x40,0x38,0x91,0x0C,0x79,0xD6,0x1E,
    0x38,0x89,0xDD,0xF9,0xDD,0xE1,0xC9,0x3A,0x5D,0x66,0x32,0x57,0x66,0x3A,0x5E,0x66,
    0x32,0x58,0x66,0x3A,0x5F,0x66,0x32,0x59,0x66,0x3A,0x60,0x66,0x32,0x5A,0x66,0x3A,
    0x61,0x66,0x32,0x5B,0x66,0x3A,0x62,0x66,0x32,0x5C,0x66,0xC9,0x3A,0x57,0x66,0x32,
    0x5D,0x66,0x3A,0x58,0x66,0x32,0x5E,0x66,0x3A,0x59,0x66,0x32,0x5F,0x66,0x3A,0x5A,
    0x66,0x32,0x60,0x66,0x3A,0x5B,0x66,0x32,0x61,0x66,0x32,0x65,0x66,0x32,0x66,0x66,
    0x3A,0x5C,0x66,0x32,0x62,0x66,0xC9,0x00,0x00,0x00,0x00,0x00,0x00,0x00,0x00,0x00,
    0x00,0x00,0x00,0x00,0x00,0x00,0x00,0x00,0x00,0x00,0x00,0x00,0x00,0x00,0x00,0x00,
    0x00,0x00,0x00,0x00,0x00,0x80,0x82,0xFF,0xFF,0xFF,0xFF,0xFF,0xFF,0xFF,0xFF,0xFF,
    0xFF,0xFF,0xFF,0xFF,0xFF,0xFF,0xFF,0xFF,0xFF,0xFF,0xFF,0xFF,0xFF,0xFF,0xFF,0xFF,
    0xFF,0xFF,0xFF,0xFF,0xFF,0xFF,0xFF,0xFF,0xFF,0xFF,0xFF,0xFF,0xFF,0xFF,0xFF,0xFF,
    0xFF,0xFF,0xFF,0xFF,0xFF,0xFF,0xFF,0xFF,0xFF,0xFF,0xFF,0xFF,0xFF,0xFF,0xFF,0xFF,
    0xFF,0xFF,0xFF,0xFF,0xFF,0xFF,0xFF,0xFF,0xFF,0xFF,0xFF,0xFF,0xFF,0xFF,0xFF,0xFF,
    0xFF,0xFF,0xFF,0xFF,0xFF,0xFF,0xFF,0xFF,0xFF,0xFF,0xFF,0xFF,0xFF,0xFF,0xFF,0xFF,
    0xFF,0xFF,0xFF,0xFF,0xFF,0xFF,0xFF,0xFF,0xFF,0xFF,0xFF,0xFF,0xFF,0xFF,0xFF,0xFF,
    0xFF,0xFF,0xFF,0xFF,0xFF,0xFF,0xFF,0xFF,0xFF,0xFF,0xFF,0xFF,0xFF,0xFF,0xFF,0xFF,
    0xFF,0xFF,0xFF,0xFF,0xFF,0xFF,0xFF,0xFF,0xFF,0xFF,0xFF,0xFF,0xFF,0xFF,0xFF,0xFF,
    0xFF,0xFF,0xFF,0xFF,0xFF,0xFF,0xFF,0xFF,0xFF,0xFF,0xFF,0xFF,0xFF,0xFF,0xFF,0xFF,
    0xFF,0xFF,0xFF,0xFF,0xFF,0xFF,0xFF,0xF0,0x90,0x0E,0x07,0xB7,0x0F,0x40,0x20,0xDB,
    0xDB,0xDB,0x20,0x20,0x20,0x20,0x20,0x20,0x20,0xC4,0x20,0xDB,0xDB,0xDB,0x04,0x05,
    0x06,0x07,0x08,0x09,0x0A,0xC4,0x20,0xC9,0xCD,0xBB,0xBA,0xBA,0xC8,0xCD,0xBC,0xC7,
    0xB6,0xC4,0x20,0x20,0x20,0x20,0x20,0x20,0x20,0x20,0x20,0x20,0x20,0xC4,0x20,0x01,
    0x02,0x03,0x04,0x05,0x06,0x07,0x08,0x09,0x0A,0xC4,0x20,0x01,0x02,0x03,0x04,0x05,
    0x06,0x07,0x08,0x09,0x0A,0xC4,0x20,0x20,0x20,0x20,0x20,0x20,0x20,0x20,0x20,0x20,
    0x20,0xC4,0x20,0x04,0x20,0x05,0x04,0x05,0x06,0x07,0x08,0x09,0x0A,0xC4,0x20,0xBA,
    0x20,0xBA,0xBA,0xBA,0xC8,0xCD,0xBC,0xC7,0xB6,0xC4,0xFF,0xFF,0xFF,0xFF,0xFF,0xFF,
    0xFF,0xFF,0xFF,0xFF,0xFF,0xFF,0xFF,0xFF,0xFF,0xFF,0xFF,0xFF,0xFF,0xFF,0xFF,0xFF,
    0xFF,0xFF,0xFF,0xFF,0xFF,0xFF,0xFF,0xFF,0xFF,0xFF,0xFF,0xFF,0xFF,0xFF,0xFF,0xFF,
    0xFF,0xFF,0xC9,0x21,0x02,0x00,0x39,0x7E,0x23,0x32,0x75,0x66,0x7E,0x32,0x76,0x66,
    0x3E,0x10,0x32,0x57,0xB9,0x3E,0xB0,0x32,0x58,0xB9,0x2E,0x04,0xCD,0x0D,0x68,0xCD,
    0xF6,0x67,0x2E,0x38,0xCD,0x0D,0x68,0xCD,0xF6,0x67,0xAF,0x32,0x73,0x66,0x32,0x74,
    0x66,0xF3,0x3E,0x3F,0xED,0x47,0xED,0x56,0x21,0x38,0x00,0x11,0x03,0x68,0x36,0xC3,
    0x23,0x73,0x23,0x72,0xFB,0xC9,0x21,0x00,0xC0,0x11,0x01,0xC0,0x01,0xFF,0x3F,0x75,
    0xED,0xB0,0xC9,0xF5,0xC5,0xD5,0xE5,0xE1,0xD1,0xC1,0xF1,0xFB,0xC9,0xF5,0xC5,0xD5,
    0x3A,0x57,0xB9,0x5F,0x3A,0x58,0xB9,0x57,0x7D,0xE6,0x07,0xB3,0x01,0xFD,0x7F,0xED,
    0x79,0x7D,0x1F,0x1F,0x1F,0xE6,0x07,0xB2,0x06,0xDF,0xED,0x79,0xD1,0xC1,0xF1,0xC9,
    0x22,0x69,0x66,0xC9,0xDD,0xE5,0xDD,0x21,0x00,0x00,0xDD,0x39,0x3B,0xAF,0xDD,0x77,
    0xFF,0xDD,0x5E,0x04,0xDD,0x56,0x05,0x6B,0x62,0x01,0x0D,0x00,0x09,0x4E,0x23,0x46,
    0xC5,0xD5,0xEB,0xCD,0x70,0x81,0xD1,0xC1,0xEB,0x23,0x7E,0xFE,0x01,0x28,0x0A,0xFE,
    0x02,0x28,0x15,0xD6,0x03,0x28,0x1B,0x18,0x1E,0x69,0x60,0xE5,0xCD,0xE6,0x70,0xE1,
    0xCD,0xFE,0x70,0xDD,0x75,0xFF,0x18,0x0F,0x69,0x60,0xCD,0xBD,0x74,0xDD,0x75,0xFF,
    0x18,0x05,0x69,0x60,0xCD,0xDA,0x78,0xDD,0x6E,0xFF,0x33,0xDD,0xE1,0xC9,0xDD,0xE5,
    0xDD,0x21,0x00,0x00,0xDD,0x39,0x21,0x6A,0xFF,0x39,0xF9,0xDD,0x6E,0x08,0xDD,0x66,
    0x09,0xCD,0xE8,0x83,0xDD,0x75,0xFF,0xDD,0x6E,0x08,0xDD,0x66,0x09,0xCD,0xCF,0x83,
    0x7D,0xC6,0x0A,0xDD,0x77,0xFC,0xD6,0x28,0x30,0x04,0xDD,0x36,0xFC,0x28,0xDD,0x7E,
    0xFC,0xDD,0x77,0xFA,0xAF,0xDD,0x77,0xFB,0x3E,0x3E,0xDD,0x96,0xFA,0x4F,0x3E,0x00,
    0xDD,0x9E,0xFB,0x47,0xCB,0x28,0xCB,0x19,0xDD,0x71,0xF2,0xDD,0x4E,0xFF,0x06,0x00,
    0x3E,0x18,0x91,0x4F,0x3E,0x00,0x98,0x47,0xCB,0x28,0xCB,0x19,0xDD,0x71,0xF3,0x21,
    0x02,0x00,0x39,0x4D,0x44,0x59,0x50,0x13,0xAF,0x12,0x59,0x50,0x13,0x13,0xDD,0x7E,
    0xF2,0x12,0x59,0x50,0x13,0x13,0x13,0xDD,0x7E,0xF3,0x12,0x21,0x04,0x00,0x09,0xDD,
    0x7E,0xFC,0xC6,0x02,0x77,0x21,0x05,0x00,0x09,0xEB,0xDD,0x7E,0xFF,0xDD,0x77,0xFD,
    0xC6,0x06,0x12,0x21,0x06,0x00,0x09,0x36,0x38,0x21,0x07,0x00,0x09,0xDD,0x7E,0x05,
    0x77,0x21,0x08,0x00,0x09,0x36,0x7F,0x21,0x09,0x00,0x09,0xDD,0x7E,0x06,0x77,0x23,
    0xDD,0x7E,0x07,0x77,0x21,0x0B,0x00,0x09,0xAF,0x77,0x23,0x77,0x69,0x60,0xCD,0x70,
    0x81,0x21,0x13,0x00,0x39,0xDD,0x75,0xF4,0xDD,0x74,0xF5,0x23,0x23,0x4D,0x44,0xAF,
    0x02,0xDD,0x6E,0xF4,0xDD,0x66,0xF5,0xCB,0xFE,0xDD,0x7E,0xF4,0xC6,0x06,0x6F,0xDD,
    0x7E,0xF5,0xCE,0x00,0x67,0x36,0x57,0xDD,0x7E,0xF4,0xC6,0x07,0x6F,0xDD,0x7E,0xF5,
    0xCE,0x00,0x67,0x36,0xB0,0xDD,0x7E,0xF4,0xC6,0x08,0x6F,0xDD,0x7E,0xF5,0xCE,0x00,
    0x67,0x36,0xB8,0xDD,0x7E,0xF4,0xC6,0x0B,0x4F,0xDD,0x7E,0xF5,0xCE,0x00,0x47,0x21,
    0x80,0x00,0x39,0xE3,0xD1,0xD5,0x7B,0x02,0x03,0x7A,0x02,0x21,0x20,0x00,0x39,0x36,
    0x00,0x21,0x20,0x00,0x39,0xDD,0x75,0xFE,0xDD,0x74,0xFF,0x23,0x4D,0x44,0xAF,0x02,
    0xDD,0x6E,0xFE,0xDD,0x66,0xFF,0x23,0x23,0x36,0x08,0xDD,0x6E,0xFE,0xDD,0x66,0xFF,
    0x23,0x23,0x23,0x36,0x01,0xDD,0x7E,0xFE,0xC6,0x04,0x4F,0xDD,0x7E,0xFF,0xCE,0x00,
    0x47,0xAF,0x02,0xDD,0x7E,0xFE,0xC6,0x0C,0x4F,0xDD,0x7E,0xFF,0xCE,0x00,0x47,0xDD,
    0x7E,0x08,0x02,0x03,0xDD,0x7E,0x09,0x02,0xDD,0x7E,0x04,0xB7,0x28,0x1A,0xDD,0x7E,
    0x04,0x3D,0xCA,0xB1,0x6A,0xDD,0x7E,0x04,0xD6,0x02,0xCA,0xE8,0x6B,0xDD,0x7E,0x04,
    0xD6,0x04,0xCA,0x1F,0x6D,0xC3,0x3A,0x70,0xDD,0x6E,0xF4,0xDD,0x66,0xF5,0x23,0x36,
    0xFF,0xDD,0x7E,0xF4,0xC6,0x04,0x6F,0xDD,0x7E,0xF5,0xCE,0x00,0x67,0x36,0x01,0xDD,
    0x6E,0xF4,0xDD,0x66,0xF5,0x23,0x23,0x23,0x36,0x02,0x21,0x30,0x00,0x39,0xEB,0x4B,
    0x42,0xE1,0xE5,0x71,0x23,0x70,0xE1,0xE5,0x23,0x23,0xDD,0x4E,0xFE,0xDD,0x46,0xFF,
    0x71,0x23,0x70,0x3E,0x07,0x12,0x6B,0x62,0x23,0x36,0xFF,0x4B,0x42,0x03,0x03,0xDD,
    0x7E,0xFA,0xC6,0xF6,0xDD,0x77,0xFE,0xDD,0x7E,0xFB,0xCE,0xFF,0xDD,0x77,0xFF,0xDD,
    0x6E,0xFE,0xDD,0x66,0xFF,0xCB,0x2C,0xCB,0x1D,0x7D,0x02,0x4B,0x42,0x03,0x03,0x03,
    0xDD,0x7E,0xFD,0x3C,0x3C,0x02,0x21,0x04,0x00,0x19,0x36,0x0A,0x21,0x05,0x00,0x19,
    0x36,0x00,0x21,0x06,0x00,0x19,0x36,0x00,0x21,0x08,0x00,0x19,0x36,0x6F,0x21,0x09,
    0x00,0x19,0x36,0x00,0x21,0x0C,0x00,0x19,0x01,0x98,0x70,0x71,0x23,0x70,0xC3,0x3A,
    0x70,0xDD,0x6E,0xF4,0xDD,0x66,0xF5,0x23,0x36,0xFE,0xDD,0x6E,0xF4,0xDD,0x66,0xF5,
    0x23,0x23,0x23,0x36,0x03,0xDD,0x7E,0xF4,0xC6,0x04,0x6F,0xDD,0x7E,0xF5,0xCE,0x00,
    0x67,0x36,0x02,0x21,0x30,0x00,0x39,0x4D,0x44,0x59,0x50,0xE1,0xE5,0x73,0x23,0x72,
    0xFD,0x21,0x00,0x00,0xFD,0x39,0xFD,0x7E,0x00,0xC6,0x02,0xDD,0x77,0xF8,0xFD,0x7E,
    0x01,0xCE,0x00,0xDD,0x77,0xF9,0x21,0x40,0x00,0x39,0xEB,0xDD,0x73,0xFA,0xDD,0x72,
    0xFB,0xDD,0x6E,0xF8,0xDD,0x66,0xF9,0xDD,0x7E,0xFA,0x77,0x23,0xDD,0x7E,0xFB,0x77,
    0xFD,0x7E,0x00,0xC6,0x04,0xDD,0x77,0xFA,0xFD,0x7E,0x01,0xCE,0x00,0xDD,0x77,0xFB,
    0xDD,0x6E,0xFE,0xDD,0x66,0xFF,0xDD,0x75,0xFE,0xDD,0x74,0xFF,0xDD,0x6E,0xFA,0xDD,
    0x66,0xFB,0xDD,0x7E,0xFE,0x77,0x23,0xDD,0x7E,0xFF,0x77,0x3E,0x07,0x02,0x69,0x60,
    0x23,0x36,0xFF,0x21,0x02,0x00,0x09,0xDD,0x75,0xFA,0xDD,0x74,0xFB,0xDD,0x7E,0xFC,
    0xCB,0x3F,0xDD,0x77,0xFE,0xC6,0xF4,0xDD,0x6E,0xFA,0xDD,0x66,0xFB,0x77,0x21,0x03,
    0x00,0x09,0xDD,0x75,0xFB,0xDD,0x74,0xFC,0xDD,0x7E,0xFD,0xC6,0x02,0xDD,0x77,0xFF,
    0xDD,0x6E,0xFB,0xDD,0x66,0xFC,0xDD,0x7E,0xFF,0x77,0x21,0x04,0x00,0x09,0x36,0x0A,
    0x21,0x05,0x00,0x09,0x36,0x00,0x21,0x06,0x00,0x09,0x36,0x00,0x21,0x08,0x00,0x09,
    0x36,0x6F,0x21,0x09,0x00,0x09,0x36,0x00,0x21,0x0C,0x00,0x09,0x01,0x98,0x70,0x71,
    0x23,0x70,0x3E,0x07,0x12,0x6B,0x62,0x23,0x36,0xFE,0x4B,0x42,0x03,0x03,0xDD,0x7E,
    0xFE,0x3C,0x3C,0x02,0x4B,0x42,0x03,0x03,0x03,0xDD,0x7E,0xFF,0x02,0x21,0x04,0x00,
    0x19,0x36,0x0A,0x21,0x05,0x00,0x19,0x36,0x00,0x21,0x06,0x00,0x19,0x36,0x00,0x21,
    0x08,0x00,0x19,0x36,0x63,0x21,0x09,0x00,0x19,0x36,0x00,0x21,0x0C,0x00,0x19,0x01,
    0xA1,0x70,0x71,0x23,0x70,0xC3,0x3A,0x70,0xDD,0x6E,0xF4,0xDD,0x66,0xF5,0x23,0x36,
    0xFC,0xDD,0x6E,0xF4,0xDD,0x66,0xF5,0x23,0x23,0x23,0x36,0x03,0xDD,0x7E,0xF4,0xC6,
    0x04,0x6F,0xDD,0x7E,0xF5,0xCE,0x00,0x67,0x36,0x02,0x21,0x30,0x00,0x39,0x4D,0x44,
    0x59,0x50,0xE1,0xE5,0x73,0x23,0x72,0xFD,0x21,0x00,0x00,0xFD,0x39,0xFD,0x7E,0x00,
    0xC6,0x02,0xDD,0x77,0xF8,0xFD,0x7E,0x01,0xCE,0x00,0xDD,0x77,0xF9,0x21,0x40,0x00,
    0x39,0xEB,0xDD,0x73,0xFA,0xDD,0x72,0xFB,0xDD,0x6E,0xF8,0xDD,0x66,0xF9,0xDD,0x7E,
    0xFA,0x77,0x23,0xDD,0x7E,0xFB,0x77,0xFD,0x7E,0x00,0xC6,0x04,0xDD,0x77,0xFA,0xFD,
    0x7E,0x01,0xCE,0x00,0xDD,0x77,0xFB,0xDD,0x6E,0xFE,0xDD,0x66,0xFF,0xDD,0x75,0xFE,
    0xDD,0x74,0xFF,0xDD,0x6E,0xFA,0xDD,0x66,0xFB,0xDD,0x7E,0xFE,0x77,0x23,0xDD,0x7E,
    0xFF,0x77,0x3E,0x07,0x02,0x69,0x60,0x23,0x36,0xFD,0x21,0x02,0x00,0x09,0xDD,0x75,
    0xFA,0xDD,0x74,0xFB,0xDD,0x7E,0xFC,0xCB,0x3F,0xDD,0x77,0xFE,0xC6,0xF4,0xDD,0x6E,
    0xFA,0xDD,0x66,0xFB,0x77,0x21,0x03,0x00,0x09,0xDD,0x75,0xFB,0xDD,0x74,0xFC,0xDD,
    0x7E,0xFD,0xC6,0x02,0xDD,0x77,0xFF,0xDD,0x6E,0xFB,0xDD,0x66,0xFC,0xDD,0x7E,0xFF,
    0x77,0x21,0x04,0x00,0x09,0x36,0x0B,0x21,0x05,0x00,0x09,0x36,0x00,0x21,0x06,0x00,
    0x09,0x36,0x00,0x21,0x08,0x00,0x09,0x36,0x79,0x21,0x09,0x00,0x09,0x36,0x00,0x21,
    0x0C,0x00,0x09,0x01,0xAE,0x70,0x71,0x23,0x70,0x3E,0x07,0x12,0x6B,0x62,0x23,0x36,
    0xFC,0x4B,0x42,0x03,0x03,0xDD,0x7E,0xFE,0x3C,0x3C,0x02,0x4B,0x42,0x03,0x03,0x03,
    0xDD,0x7E,0xFF,0x02,0x21,0x04,0x00,0x19,0x36,0x0A,0x21,0x05,0x00,0x19,0x36,0x00,
    0x21,0x06,0x00,0x19,0x36,0x00,0x21,0x08,0x00,0x19,0x36,0x6E,0x21,0x09,0x00,0x19,
    0x36,0x00,0x21,0x0C,0x00,0x19,0x01,0xB8,0x70,0x71,0x23,0x70,0xC3,0x3A,0x70,0xDD,
    0x6E,0xF4,0xDD,0x66,0xF5,0x23,0x36,0xFA,0xDD,0x6E,0xF4,0xDD,0x66,0xF5,0x23,0x23,
    0x23,0x36,0x04,0xDD,0x7E,0xF4,0xC6,0x04,0x6F,0xDD,0x7E,0xF5,0xCE,0x00,0x67,0x36,
    0x03,0x21,0x50,0x00,0x39,0xDD,0x75,0xF6,0xDD,0x74,0xF7,0x4D,0x44,0xE1,0xE5,0x71,
    0x23,0x70,0xC1,0xC5,0x03,0x03,0x21,0x60,0x00,0x39,0xDD,0x75,0xF8,0xDD,0x74,0xF9,
    0xEB,0x7B,0x02,0x03,0x7A,0x02,0xFD,0x21,0x00,0x00,0xFD,0x39,0xFD,0x7E,0x00,0xC6,
    0x04,0x4F,0xFD,0x7E,0x01,0xCE,0x00,0x47,0x21,0x70,0x00,0x39,0xDD,0x75,0xFA,0xDD,
    0x74,0xFB,0xEB,0x7B,0x02,0x03,0x7A,0x02,0xFD,0x7E,0x00,0xC6,0x06,0xF5,0xFD,0x7E,
    0x01,0xCE,0x00,0xF5,0xF1,0x67,0xF1,0x6F,0xDD,0x4E,0xFE,0xDD,0x46,0xFF,0x71,0x23,
    0x70,0xDD,0x6E,0xF6,0xDD,0x66,0xF7,0x36,0x07,0xDD,0x6E,0xF6,0xDD,0x66,0xF7,0x23,
    0x36,0xFB,0xDD,0x4E,0xF6,0xDD,0x46,0xF7,0x03,0x03,0xDD,0xCB,0xFC,0x3E,0xDD,0x7E,
    0xFC,0xC6,0xEE,0x02,0xDD,0x7E,0xF6,0xC6,0x03,0xDD,0x77,0xFE,0xDD,0x7E,0xF7,0xCE,
    0x00,0xDD,0x77,0xFF,0xDD,0x34,0xFD,0xDD,0x34,0xFD,0xDD,0x6E,0xFE,0xDD,0x66,0xFF,
    0xDD,0x7E,0xFD,0x77,0xDD,0x7E,0xF6,0xC6,0x04,0xDD,0x77,0xFE,0xDD,0x7E,0xF7,0xCE,
    0x00,0xDD,0x77,0xFF,0xDD,0x6E,0xFE,0xDD,0x66,0xFF,0x36,0x0B,0xDD,0x7E,0xF6,0xC6,
    0x05,0xDD,0x77,0xFE,0xDD,0x7E,0xF7,0xCE,0x00,0xDD,0x77,0xFF,0xDD,0x6E,0xFE,0xDD,
    0x66,0xFF,0x36,0x00,0xDD,0x7E,0xF6,0xC6,0x06,0xDD,0x77,0xFE,0xDD,0x7E,0xF7,0xCE,
    0x00,0xDD,0x77,0xFF,0xDD,0x6E,0xFE,0xDD,0x66,0xFF,0x36,0x00,0xDD,0x7E,0xF6,0xC6,
    0x08,0xDD,0x77,0xFE,0xDD,0x7E,0xF7,0xCE,0x00,0xDD,0x77,0xFF,0xDD,0x6E,0xFE,0xDD,
    0x66,0xFF,0x36,0x72,0xDD,0x7E,0xF6,0xC6,0x09,0xDD,0x77,0xFE,0xDD,0x7E,0xF7,0xCE,
    0x00,0xDD,0x77,0xFF,0xDD,0x6E,0xFE,0xDD,0x66,0xFF,0x36,0x00,0xDD,0x7E,0xF6,0xC6,
    0x0C,0xDD,0x77,0xFE,0xDD,0x7E,0xF7,0xCE,0x00,0xDD,0x77,0xFF,0xDD,0x6E,0xFE,0xDD,
    0x66,0xFF,0x36,0xC1,0x23,0x36,0x70,0xDD,0x6E,0xF8,0xDD,0x66,0xF9,0x36,0x07,0xDD,
    0x6E,0xF8,0xDD,0x66,0xF9,0x23,0x36,0xFA,0xDD,0x7E,0xF8,0xC6,0x02,0xDD,0x77,0xFE,
    0xDD,0x7E,0xF9,0xCE,0x00,0xDD,0x77,0xFF,0xDD,0x7E,0xFC,0xC6,0xFB,0xDD,0x6E,0xFE,
    0xDD,0x66,0xFF,0x77,0xDD,0x7E,0xF8,0xC6,0x03,0xDD,0x77,0xFE,0xDD,0x7E,0xF9,0xCE,
    0x00,0xDD,0x77,0xFF,0xDD,0x6E,0xFE,0xDD,0x66,0xFF,0xDD,0x7E,0xFD,0x77,0xDD,0x7E,
    0xF8,0xC6,0x04,0xDD,0x77,0xFE,0xDD,0x7E,0xF9,0xCE,0x00,0xDD,0x77,0xFF,0xDD,0x6E,
    0xFE,0xDD,0x66,0xFF,0x36,0x0B,0xDD,0x7E,0xF8,0xC6,0x05,0xDD,0x77,0xFE,0xDD,0x7E,
    0xF9,0xCE,0x00,0xDD,0x77,0xFF,0xDD,0x6E,0xFE,0xDD,0x66,0xFF,0x36,0x00,0xDD,0x7E,
    0xF8,0xC6,0x06,0xDD,0x77,0xFE,0xDD,0x7E,0xF9,0xCE,0x00,0xDD,0x77,0xFF,0xDD,0x6E,
    0xFE,0xDD,0x66,0xFF,0x36,0x00,0xDD,0x7E,0xF8,0xC6,0x08,0xDD,0x77,0xFE,0xDD,0x7E,
    0xF9,0xCE,0x00,0xDD,0x77,0xFF,0xDD,0x6E,0xFE,0xDD,0x66,0xFF,0x36,0x61,0xDD,0x7E,
    0xF8,0xC6,0x09,0xDD,0x77,0xFE,0xDD,0x7E,0xF9,0xCE,0x00,0xDD,0x77,0xFF,0xDD,0x6E,
    0xFE,0xDD,0x66,0xFF,0x36,0x00,0xDD,0x7E,0xF8,0xC6,0x0C,0xDD,0x77,0xFE,0xDD,0x7E,
    0xF9,0xCE,0x00,0xDD,0x77,0xFF,0xDD,0x6E,0xFE,0xDD,0x66,0xFF,0x36,0xCD,0x23,0x36,
    0x70,0xDD,0x6E,0xFA,0xDD,0x66,0xFB,0x36,0x07,0xDD,0x7E,0xFA,0xC6,0x01,0xDD,0x77,
    0xFE,0xDD,0x7E,0xFB,0xCE,0x00,0xDD,0x77,0xFF,0xDD,0x6E,0xFE,0xDD,0x66,0xFF,0x36,
    0xF9,0xDD,0x7E,0xFA,0xC6,0x02,0xDD,0x77,0xFE,0xDD,0x7E,0xFB,0xCE,0x00,0xDD,0x77,
    0xFF,0xDD,0x7E,0xFC,0xC6,0x08,0xDD,0x6E,0xFE,0xDD,0x66,0xFF,0x77,0xDD,0x7E,0xFA,
    0xC6,0x03,0xDD,0x77,0xFE,0xDD,0x7E,0xFB,0xCE,0x00,0xDD,0x77,0xFF,0xDD,0x6E,0xFE,
    0xDD,0x66,0xFF,0xDD,0x7E,0xFD,0x77,0xDD,0x7E,0xFA,0xC6,0x04,0xDD,0x77,0xFE,0xDD,
    0x7E,0xFB,0xCE,0x00,0xDD,0x77,0xFF,0xDD,0x6E,0xFE,0xDD,0x66,0xFF,0x36,0x0A,0xDD,
    0x7E,0xFA,0xC6,0x05,0xDD,0x77,0xFE,0xDD,0x7E,0xFB,0xCE,0x00,0xDD,0x77,0xFF,0xDD,
    0x6E,0xFE,0xDD,0x66,0xFF,0x36,0x00,0xDD,0x7E,0xFA,0xC6,0x06,0xDD,0x77,0xFE,0xDD,
    0x7E,0xFB,0xCE,0x00,0xDD,0x77,0xFF,0xDD,0x6E,0xFE,0xDD,0x66,0xFF,0x36,0x00,0xDD,
    0x7E,0xFA,0xC6,0x08,0xDD,0x77,0xFE,0xDD,0x7E,0xFB,0xCE,0x00,0xDD,0x77,0xFF,0xDD,
    0x6E,0xFE,0xDD,0x66,0xFF,0x36,0x69,0xDD,0x7E,0xFA,0xC6,0x09,0xDD,0x77,0xFE,0xDD,
    0x7E,0xFB,0xCE,0x00,0xDD,0x77,0xFF,0xDD,0x6E,0xFE,0xDD,0x66,0xFF,0x36,0x00,0xDD,
    0x7E,0xFA,0xC6,0x0C,0xDD,0x77,0xFE,0xDD,0x7E,0xFB,0xCE,0x00,0xDD,0x77,0xFF,0xDD,
    0x6E,0xFE,0xDD,0x66,0xFF,0x36,0xD9,0x23,0x36,0x70,0xAF,0xDD,0x77,0xFE,0xDD,0x7E,
    0xF3,0xDD,0x86,0xFE,0xDD,0x77,0xFC,0xAF,0xDD,0x77,0xFF,0xDD,0x7E,0xFE,0xDD,0x77,
    0xFD,0x4F,0x87,0x81,0x87,0xDD,0x4E,0xFF,0x81,0xC6,0x0E,0x57,0xDD,0x4E,0xFC,0x0C,
    0x0C,0xDD,0x7E,0xF2,0xDD,0x86,0xFF,0x47,0x04,0x3E,0x7E,0xF5,0x33,0x59,0xD5,0xC5,
    0x33,0xCD,0xF9,0x83,0xF1,0xF1,0xDD,0x34,0xFF,0xDD,0x7E,0xFF,0xD6,0x06,0x38,0xCB,
    0xDD,0x34,0xFE,0xDD,0x7E,0xFE,0xD6,0x03,0x38,0xB4,0xDD,0x6E,0xF4,0xDD,0x66,0xF5,
    0xCD,0xBD,0x74,0xDD,0xF9,0xDD,0xE1,0xC9,0x08,0xB8,0x07,0x42,0x4F,0x07,0x00,0x6B,
    0x00,0x08,0xB8,0x07,0x42,0x43,0x07,0x00,0x61,0x6E,0x63,0x65,0x6C,0x00,0x08,0xB8,
    0x07,0x42,0x59,0x07,0x00,0x65,0x73,0x00,0x08,0xB8,0x07,0x42,0x4E,0x07,0x00,0x6F,
    0x00,0x08,0xB8,0x07,0x42,0x52,0x07,0x00,0x65,0x74,0x72,0x79,0x00,0x08,0xB8,0x07,
    0x42,0x41,0x07,0x00,0x62,0x6F,0x72,0x74,0x00,0x08,0xB8,0x07,0x42,0x49,0x07,0x00,
    0x67,0x6E,0x6F,0x72,0x65,0x00,0xDD,0xE5,0xE5,0xDD,0xE1,0xE5,0xCD,0xD2,0x71,0xE1,
    0xDD,0xE1,0xC9,0xDD,0xE5,0xE5,0xDD,0xE1,0xCD,0xD2,0x71,0xDD,0xE1,0xC9,0xE5,0xDD,
    0xE1,0xCD,0xDD,0x72,0xCD,0xD9,0x73,0xCD,0x89,0x72,0xFB,0x76,0xCD,0x57,0x73,0xCD,
    0x79,0x9D,0x7D,0xB7,0x28,0xF4,0xFE,0x0A,0x28,0x56,0xFE,0x0B,0x28,0x72,0xFE,0x08,
    0x28,0x2B,0xFE,0x09,0x28,0x36,0xFE,0x0D,0x28,0x1C,0xFE,0x0E,0x28,0x0B,0xCD,0xA9,
    0x72,0x7D,0xFE,0xFF,0x20,0xD4,0x2E,0xFD,0xC9,0xDD,0x7E,0x00,0xE6,0x80,0x28,0xCA,
    0xCD,0xB1,0x73,0x2E,0xFE,0xC9,0xCD,0xB1,0x73,0xDD,0x6E,0x03,0xC9,0xCD,0xB1,0x73,
    0xAF,0xDD,0x77,0x03,0xCD,0xD9,0x73,0xCD,0x89,0x72,0x18,0xAE,0xCD,0xB1,0x73,0xDD,
    0x7E,0x06,0xB7,0x28,0xEC,0xDD,0xBE,0x05,0x38,0x03,0xDD,0x7E,0x05,0x3D,0x18,0xE1,
    0xCD,0xB1,0x73,0xDD,0x7E,0x03,0x3C,0xDD,0xBE,0x06,0x30,0xD8,0xDD,0xBE,0x05,0x20,
    0xD0,0xCD,0x08,0x72,0xDD,0x7E,0x00,0xE6,0x40,0x28,0xC6,0xDD,0x7E,0x03,0x18,0xC1,
    0xCD,0xB1,0x73,0xDD,0x7E,0x03,0x3D,0xF2,0x51,0x71,0xCD,0x3E,0x72,0xDD,0x7E,0x00,
    0xE6,0x40,0xDD,0x7E,0x03,0x20,0xAA,0xDD,0x7E,0x05,0x3D,0x18,0xA4,0xDD,0x5E,0x0B,
    0xDD,0x56,0x0C,0x7B,0xB2,0xC9,0xDD,0x7E,0x03,0xDD,0x86,0x04,0x81,0xC9,0x3A,0x5E,
    0x66,0xDD,0x86,0x02,0xDD,0x86,0x03,0x81,0x32,0x64,0x66,0x3A,0x5D,0x66,0x32,0x63,
    0x66,0xC9,0xCD,0xAD,0x71,0xC8,0x0E,0x00,0xDD,0x7E,0x06,0xB7,0xC8,0xDD,0x7E,0x03,
    0xF5,0xDD,0x36,0x03,0x00,0xCD,0xED,0x71,0xF1,0xDD,0x77,0x03,0xC9,0xCD,0xBE,0x71,
    0xCD,0xB6,0x71,0xCD,0x71,0x72,0xDD,0x7E,0x04,0x0C,0x81,0xDD,0xBE,0x06,0xC8,0xDD,
    0x96,0x04,0xDD,0xBE,0x05,0x20,0xE6,0xC9,0xCD,0xAD,0x71,0xC8,0xDD,0xE5,0xFD,0xE5,
    0x2A,0x6D,0x66,0xE5,0xDD,0x7E,0x03,0x3C,0xDD,0x86,0x04,0xDD,0xBE,0x06,0x30,0x12,
    0xDD,0x34,0x04,0xF5,0xD5,0xCD,0xC1,0x7E,0x0E,0x00,0xCD,0xBE,0x71,0xD1,0xF1,0xCD,
    0x71,0x72,0xE1,0x22,0x6D,0x66,0xCD,0x52,0x80,0xFD,0xE1,0xDD,0xE1,0xC9,0xCD,0xAD,
    0x71,0xC8,0xDD,0xE5,0xFD,0xE5,0x2A,0x6D,0x66,0xE5,0xDD,0x7E,0x03,0xDD,0x86,0x04,
    0x28,0x13,0x3D,0xDD,0x35,0x04,0xF5,0xD5,0x0E,0x00,0xCD,0xBE,0x71,0xCD,0x00,0x7F,
    0xD1,0xF1,0xCD,0x71,0x72,0xE1,0x22,0x6D,0x66,0xCD,0x52,0x80,0xFD,0xE1,0xDD,0xE1,
    0xC9,0xDD,0xE5,0xD5,0xC5,0xF5,0xF5,0x33,0xDD,0xE5,0x21,0x80,0x72,0xE5,0xEB,0xE9,
    0xF1,0xF1,0x3B,0xF1,0xC1,0xD1,0xDD,0xE1,0xC9,0xDD,0x5E,0x07,0xDD,0x56,0x08,0x7B,
    0xB2,0xC8,0xDD,0xE5,0xFD,0xE5,0x2A,0x6D,0x66,0xE5,0xCD,0x71,0x72,0xE1,0x22,0x6D,
    0x66,0xCD,0x52,0x80,0xFD,0xE1,0xDD,0xE1,0xC9,0xDD,0xE5,0xFD,0xE5,0xDD,0x5E,0x09,
    0xDD,0x56,0x0A,0x7B,0xB2,0x28,0x1F,0xED,0x4B,0x6D,0x66,0xC5,0x7D,0xCD,0x71,0x72,
    0xD1,0xED,0x53,0x6D,0x66,0xE5,0xEB,0xCD,0x52,0x80,0xE1,0x7D,0xFE,0xFE,0x20,0x08,
    0xCD,0xDD,0x72,0xCD,0xD9,0x73,0x2E,0x00,0xFD,0xE1,0xDD,0xE1,0xC9,0xDD,0x6E,0x0D,
    0xDD,0x66,0x0E,0x7D,0xB4,0xC8,0xAF,0xF5,0xCD,0xF3,0x72,0xF1,0x3C,0xDD,0xBE,0x05,
    0x20,0xF5,0xC9,0xF5,0x4F,0x3A,0x5E,0x66,0xDD,0x86,0x02,0x81,0x67,0x3A,0x5D,0x66,
    0x6F,0xE5,0xCD,0x4E,0x84,0xE1,0xF1,0x87,0x4F,0x06,0x00,0xDD,0x6E,0x0D,0xDD,0x66,
    0x0E,0x09,0x7E,0x23,0x66,0x6F,0x7E,0x23,0x5E,0x23,0x56,0xFE,0x00,0x28,0x0A,0xFE,
    0x01,0x28,0x0A,0xFE,0x02,0xCA,0x71,0x72,0xC9,0xEB,0xC3,0x62,0x82,0xEB,0xDD,0xE5,
    0xE5,0xDD,0xE1,0xDD,0x6E,0x00,0xDD,0x66,0x01,0x7E,0xF5,0xDD,0x6E,0x02,0xDD,0x66,
    0x03,0xCD,0x62,0x82,0xF1,0xDD,0xE1,0x6F,0x26,0x00,0x29,0xDD,0x5E,0x0F,0xDD,0x56,
    0x10,0x19,0x5E,0x23,0x56,0x18,0xD2,0xCD,0x92,0x9C,0x4D,0xDD,0x66,0x05,0x3A,0x5E,
    0x66,0xDD,0x86,0x02,0x84,0x3D,0x95,0x38,0x40,0xBC,0x30,0x3D,0xCD,0x86,0x9C,0x3A,
    0x5F,0x66,0x67,0x3A,0x5D,0x66,0x3D,0x84,0x95,0x38,0x2E,0xBC,0x30,0x2B,0x3A,0x5E,
    0x66,0xDD,0x86,0x02,0x6F,0x79,0x95,0xDD,0xBE,0x05,0x30,0x1D,0x4F,0x3E,0x01,0x32,
    0x68,0x66,0x3A,0xB1,0x9B,0xB7,0xC0,0x79,0xF5,0xCD,0xB1,0x73,0xF1,0xDD,0x77,0x03,
    0xCD,0xD9,0x73,0x76,0xE1,0xDD,0x6E,0x03,0xC9,0xAF,0x32,0x68,0x66,0xC9,0xE5,0xDD,
    0xE1,0x3A,0x5E,0x66,0xDD,0x86,0x02,0xDD,0x86,0x03,0x57,0x3A,0x5D,0x66,0x3D,0x5F,
    0x3A,0x62,0x66,0xCD,0x09,0x87,0x3A,0x5F,0x66,0x47,0x3A,0x61,0x66,0xCD,0x03,0x87,
    0x3A,0x62,0x66,0xC3,0x09,0x87,0xE5,0xDD,0xE1,0x3A,0x5E,0x66,0xDD,0x86,0x02,0xDD,
    0x86,0x03,0x57,0x3A,0x5D,0x66,0x3D,0x5F,0xDD,0x7E,0x01,0xE6,0xB8,0x4F,0x3A,0x62,
    0x66,0xE6,0x47,0xB1,0xCD,0x09,0x87,0x3A,0x5F,0x66,0x47,0xDD,0x7E,0x01,0xCD,0x03,
    0x87,0xDD,0x7E,0x01,0xE6,0xB8,0x4F,0x3A,0x62,0x66,0xE6,0x47,0xB1,0xC3,0x09,0x87,
    0xDD,0xE5,0xCD,0x20,0x74,0x3A,0xB1,0x9B,0xB7,0x28,0x02,0x2E,0xFF,0xDD,0xE1,0xC9,
    0xDD,0xE5,0xE5,0xDD,0xE1,0xAF,0xF5,0xDD,0xE5,0xCD,0x5A,0x75,0xE5,0xDD,0xE1,0xCD,
    0x86,0x9C,0x4D,0xCD,0x92,0x9C,0x45,0x3A,0x5D,0x66,0xDD,0x86,0x02,0x5F,0x3A,0x5E,
    0x66,0xDD,0x86,0x03,0x57,0x78,0xBA,0x20,0x09,0x79,0x93,0x38,0x05,0xDD,0xBE,0x04,
    0x38,0x17,0xDD,0xE1,0xF1,0x3C,0xDD,0xBE,0x04,0x20,0xCB,0x2E,0xFF,0xAF,0x32,0x68,
    0x66,0xDD,0xE1,0xC9,0xDD,0xE1,0xF1,0x18,0xF2,0xDD,0x7E,0x06,0xE6,0x01,0x20,0xF4,
    0xDD,0x7E,0x00,0x2E,0x01,0xFE,0x04,0x20,0x01,0x2C,0x7D,0x32,0x68,0x66,0xDD,0xE1,
    0xF1,0x6F,0xDD,0xE1,0xC9,0xDD,0xE5,0xE5,0xDD,0xE1,0xAF,0xF5,0xDD,0xE5,0xCD,0x5A,
    0x75,0xE5,0xDD,0xE1,0xDD,0x7E,0x06,0xE6,0x01,0x20,0x14,0x3A,0x93,0x9F,0xB7,0x28,
    0x0E,0x4F,0xDD,0x7E,0x08,0xB9,0x20,0x07,0xDD,0xE1,0xF1,0x6F,0xDD,0xE1,0xC9,0xDD,
    0xE1,0xF1,0x3C,0xDD,0xBE,0x04,0x20,0xD3,0x2E,0xFF,0xDD,0xE1,0xC9,0xDD,0xE5,0x22,
    0x6F,0x66,0xE5,0xDD,0xE1,0xCD,0xDA,0x78,0xDD,0x7E,0x02,0xCD,0x5A,0x75,0xCD,0x15,
    0x79,0xAF,0x3D,0x32,0xB1,0x9B,0xFB,0x76,0xDD,0x7E,0x02,0xCD,0x5A,0x75,0xE5,0x2A,
    0x6F,0x66,0xCD,0x10,0x74,0x7D,0xFE,0xFF,0xC2,0x99,0x75,0xCD,0x79,0x9D,0xE5,0x2A,
    0x6F,0x66,0xCD,0x85,0x74,0x7D,0xFE,0xFF,0xE1,0xC2,0x6C,0x75,0x7D,0xFE,0x07,0x20,
    0x06,0xDD,0x7E,0x01,0xB7,0x20,0x4C,0xDD,0x7E,0x00,0xE6,0x80,0x20,0x2C,0x7D,0xFE,
    0x05,0xCA,0x28,0x76,0xFE,0x04,0xCA,0x39,0x76,0xFE,0x0A,0xCA,0x06,0x76,0xFE,0x09,
    0xCA,0x28,0x76,0xFE,0x08,0xCA,0x39,0x76,0xFE,0x0B,0xCA,0x17,0x76,0xFE,0x0D,0xCA,
    0xCD,0x75,0xFE,0x20,0xCA,0x58,0x77,0xE1,0x18,0x97,0x7D,0xFE,0x08,0xCA,0x17,0x76,
    0xFE,0x09,0xCA,0x06,0x76,0xFE,0x0D,0xCA,0xCD,0x75,0xFE,0x20,0xCA,0x58,0x77,0xE1,
    0xC3,0xD1,0x74,0xE1,0xDD,0x6E,0x01,0xDD,0xE1,0xC9,0xD5,0x6F,0xDD,0x5E,0x0B,0xDD,
    0x56,0x0C,0x26,0x00,0x29,0x19,0x7E,0x23,0x66,0x6F,0xD1,0xC9,0xE1,0xF5,0xDD,0x7E,
    0x02,0xCD,0x5A,0x75,0xCD,0x6B,0x79,0xF1,0xDD,0x77,0x02,0xCD,0x5A,0x75,0xE5,0xCD,
    0x15,0x79,0xDD,0xE3,0xDD,0x7E,0x00,0xDD,0xE3,0xFE,0x04,0xCA,0xCD,0x75,0xFE,0x07,
    0x28,0x3B,0xFE,0x0A,0x28,0x37,0xC3,0x58,0x77,0xE1,0xF5,0xDD,0x7E,0x02,0xCD,0x5A,
    0x75,0xCD,0x6B,0x79,0xF1,0xDD,0x77,0x02,0xCD,0x5A,0x75,0xE5,0xCD,0x15,0x79,0x76,
    0x3A,0xB1,0x9B,0xB7,0x28,0xF9,0xDD,0xE3,0xDD,0x7E,0x00,0xDD,0xE3,0xFE,0x04,0xCA,
    0xCD,0x75,0xFE,0x07,0x28,0x07,0xFE,0x0A,0x28,0x03,0xC3,0x58,0x77,0xE1,0xDD,0xE5,
    0xE5,0xDD,0xE1,0xDD,0x7E,0x00,0xFE,0x04,0xCA,0x4A,0x76,0xFE,0x0A,0xCA,0x8A,0x76,
    0xFE,0x07,0x28,0x05,0xDD,0xE1,0xC3,0xC8,0x74,0x3E,0xFF,0xDD,0x77,0x09,0xCD,0x9E,
    0x79,0x06,0x05,0xFB,0x76,0x10,0xFD,0xAF,0xDD,0x77,0x09,0xCD,0x9E,0x79,0xDD,0x6E,
    0x01,0xDD,0xE1,0xDD,0xE1,0xC9,0xE1,0xCD,0x6B,0x79,0xDD,0xE5,0xE1,0xCD,0x3F,0x78,
    0x7D,0xDD,0x77,0x02,0xC3,0xC8,0x74,0xE1,0xCD,0x6B,0x79,0xDD,0xE5,0xE1,0xCD,0x6C,
    0x78,0x7D,0xDD,0x77,0x02,0xC3,0xC8,0x74,0xE1,0xCD,0x6B,0x79,0xDD,0xE5,0xE1,0xCD,
    0x06,0x78,0x7D,0xDD,0x77,0x02,0xC3,0xC8,0x74,0xE1,0xCD,0x6B,0x79,0xDD,0xE5,0xE1,
    0xCD,0xCC,0x77,0x7D,0xDD,0x77,0x02,0xC3,0xC8,0x74,0xCD,0x07,0x66,0xDD,0x7E,0x04,
    0x3A,0x5D,0x66,0xDD,0x86,0x02,0x5F,0x3A,0x5E,0x66,0xDD,0x86,0x03,0x57,0x3A,0x1C,
    0x67,0x32,0x61,0x66,0x32,0x65,0x66,0x3A,0x1C,0x67,0x32,0x62,0x66,0xD5,0xDD,0x7E,
    0x04,0xF5,0x33,0xDD,0x6E,0x0C,0xDD,0x66,0x0D,0xE5,0xCD,0x20,0x7D,0x21,0x05,0x00,
    0x39,0xF9,0xCD,0x2C,0x66,0xDD,0xE1,0xC3,0xC8,0x74,0xCD,0x07,0x66,0xDD,0x7E,0x04,
    0xD6,0x02,0x32,0x5F,0x66,0x3A,0x5D,0x66,0xDD,0x86,0x02,0x5F,0x3C,0x32,0x5D,0x66,
    0x3A,0x5E,0x66,0xDD,0x86,0x03,0x3C,0x32,0x5E,0x66,0x57,0x3A,0x1C,0x67,0x32,0x61,
    0x66,0x32,0x65,0x66,0x3A,0x1C,0x67,0x32,0x62,0x66,0xD5,0x3A,0x1C,0x67,0xF5,0x33,
    0x3E,0xF1,0xF5,0x33,0x3A,0x1C,0x67,0xF5,0x33,0xDD,0x6E,0x04,0xDD,0x66,0x09,0x24,
    0xE5,0xD5,0x3A,0x73,0x66,0x3C,0xF5,0x33,0xCD,0x3A,0x7F,0x21,0x08,0x00,0x39,0xF9,
    0xD1,0x1C,0xDD,0x46,0x09,0xAF,0xF5,0xC5,0xD5,0x87,0x4F,0x06,0x00,0xDD,0x6E,0x0C,
    0xDD,0x66,0x0D,0x09,0x7E,0x23,0x66,0x6F,0xCD,0x6A,0x82,0xD1,0x14,0xC1,0xF1,0x3C,
    0x10,0xE4,0xDD,0x5E,0x0A,0xDD,0x56,0x0B,0x21,0x00,0x00,0xE5,0xE5,0xE5,0xE5,0xE5,
    0xDD,0x4E,0x09,0x41,0xC5,0xAF,0xF5,0x33,0x1A,0xF5,0x33,0xAF,0xF5,0x33,0x3A,0x1B,
    0x67,0xE6,0x07,0x07,0x07,0x07,0xF5,0x33,0xAF,0xF5,0x33,0x39,0xD5,0xCD,0xFE,0x70,
    0xD1,0x7D,0xFE,0xFF,0x28,0x01,0x12,0x21,0x11,0x00,0x39,0xF9,0xCD,0x2C,0x66,0x3A,
    0x73,0x66,0xF5,0x2A,0x6D,0x66,0xCD,0x70,0x81,0xF1,0x32,0x73,0x66,0xDD,0xE1,0xDD,
    0xE5,0xE1,0xCD,0xDA,0x78,0xC3,0xC8,0x74,0xE1,0xDD,0xE5,0xE5,0xDD,0xE1,0xDD,0x5E,
    0x0E,0xDD,0x56,0x0F,0x7B,0xB2,0x28,0x0C,0xDD,0xE5,0xE5,0x21,0x71,0x77,0xE5,0xEB,
    0xE9,0xE1,0xDD,0xE1,0xDD,0x7E,0x00,0xFE,0x09,0x28,0x35,0xFE,0x0A,0x28,0x1D,0xFE,
    0x08,0x28,0x05,0xDD,0xE1,0xC3,0xC8,0x74,0xDD,0x5E,0x0A,0xDD,0x56,0x0B,0x1A,0xB7,
    0x20,0x03,0x2F,0x18,0x01,0xAF,0x12,0xCD,0x9E,0x79,0x18,0xE7,0xDD,0x5E,0x0A,0xDD,
    0x56,0x0B,0x1A,0x3C,0xDD,0xBE,0x09,0x38,0x01,0xAF,0x12,0xCD,0x9E,0x79,0x18,0xD3,
    0xDD,0x5E,0x0A,0xDD,0x56,0x0B,0xDD,0x7E,0x09,0x12,0x3E,0x09,0xF5,0x33,0x2A,0x6F,
    0x66,0xE5,0xCD,0x9A,0x78,0x21,0x03,0x00,0x39,0xF9,0x18,0xB7,0xDD,0xE5,0xE5,0xDD,
    0xE1,0xDD,0x7E,0x02,0xB7,0x28,0x27,0x3D,0xF5,0xDD,0xE5,0xCD,0x5A,0x75,0xE5,0xDD,
    0xE1,0xDD,0x7E,0x06,0xE6,0x80,0x20,0x05,0xDD,0xE1,0xF1,0x18,0xE7,0xDD,0x7E,0x06,
    0xE6,0x01,0xDD,0xE1,0x28,0x03,0xF1,0x18,0xDB,0xF1,0xDD,0xE1,0x6F,0xC9,0xDD,0x7E,
    0x04,0x3D,0xDD,0xE1,0x6F,0xC9,0xDD,0xE5,0xE5,0xDD,0xE1,0xDD,0x7E,0x02,0x3C,0xDD,
    0xBE,0x04,0x20,0x05,0xAF,0xDD,0xE1,0x6F,0xC9,0xF5,0xDD,0xE5,0xCD,0x5A,0x75,0xE5,
    0xDD,0xE1,0xDD,0x7E,0x06,0xE6,0x80,0x20,0x05,0xDD,0xE1,0xF1,0x18,0xE0,0xDD,0x7E,
    0x06,0xE6,0x01,0xDD,0xE1,0x28,0x03,0xF1,0x18,0xD4,0xF1,0xDD,0xE1,0x6F,0xC9,0xDD,
    0xE5,0xE5,0xDD,0xE1,0xDD,0x7E,0x02,0x3C,0xDD,0xBE,0x04,0x20,0x05,0xAF,0xDD,0xE1,
    0x6F,0xC9,0xF5,0xDD,0xE5,0xCD,0x5A,0x75,0xE5,0xDD,0xE1,0xDD,0x7E,0x06,0xE6,0x01,
    0xDD,0xE1,0x28,0x03,0xF1,0x18,0xE0,0xF1,0xDD,0xE1,0x6F,0xC9,0xDD,0xE5,0xE5,0xDD,
    0xE1,0xDD,0x7E,0x02,0xB7,0x28,0x1B,0x3D,0xF5,0xDD,0xE5,0xCD,0x5A,0x75,0xE5,0xDD,
    0xE1,0xDD,0x7E,0x06,0xE6,0x01,0xDD,0xE1,0x28,0x03,0xF1,0x18,0xE7,0xF1,0xDD,0xE1,
    0x6F,0xC9,0xDD,0x7E,0x04,0x3D,0xDD,0xE1,0x6F,0xC9,0xDD,0xE5,0xDD,0x21,0x04,0x00,
    0xDD,0x39,0xDD,0x6E,0x00,0xDD,0x66,0x01,0xDD,0x5E,0x02,0xE5,0xDD,0xE1,0xDD,0x46,
    0x03,0xC5,0xDD,0xE5,0xD5,0x78,0x3D,0xCD,0x5A,0x75,0xE5,0xDD,0xE1,0xD1,0xD5,0xDD,
    0x7E,0x00,0xBB,0xCC,0x9E,0x79,0xD1,0xDD,0xE1,0xC1,0x10,0xE5,0xDD,0xE1,0xC9,0xDD,
    0xE5,0xE5,0xDD,0xE1,0xDD,0x46,0x04,0xC3,0x06,0x79,0xDD,0xE5,0xE5,0xDD,0xE1,0xDD,
    0x7E,0x05,0x32,0x19,0x67,0xDD,0x7E,0x06,0x32,0x1A,0x67,0xDD,0x7E,0x07,0x32,0x17,
    0x67,0xDD,0x7E,0x08,0x32,0x18,0x67,0xDD,0x7E,0x09,0x32,0x1B,0x67,0xDD,0x7E,0x0A,
    0x32,0x1C,0x67,0xDD,0x46,0x03,0xC5,0x78,0x3D,0xCD,0x5A,0x75,0xCD,0x9E,0x79,0xC1,
    0x10,0xF4,0xDD,0xE1,0xC9,0xDD,0xE5,0xE5,0xDD,0xE1,0x3A,0x5D,0x66,0xDD,0x86,0x02,
    0x5F,0x3A,0x5E,0x66,0xDD,0x86,0x03,0x57,0xDD,0x46,0x04,0xCD,0x2A,0x87,0xE6,0x47,
    0x4F,0xDD,0x7E,0x00,0xFE,0x07,0x20,0x08,0x3A,0x17,0x67,0xE6,0xB8,0xB1,0x18,0x10,
    0xFE,0x0A,0x20,0x05,0x3A,0x1B,0x67,0x18,0x07,0xFE,0x04,0x28,0x0B,0x3A,0x19,0x67,
    0xCD,0x09,0x87,0x10,0xD6,0xDD,0xE1,0xC9,0x3A,0x1C,0x67,0x07,0x07,0x07,0xCD,0x09,
    0x87,0x3A,0x1B,0x67,0x05,0xC4,0x03,0x87,0xDD,0xE1,0xC9,0xDD,0xE5,0xE5,0xDD,0xE1,
    0x3A,0x5D,0x66,0xDD,0x86,0x02,0x5F,0x3A,0x5E,0x66,0xDD,0x86,0x03,0x57,0xDD,0x46,
    0x04,0xDD,0x7E,0x00,0xFE,0x07,0x20,0x05,0x3A,0x18,0x67,0x18,0x03,0x3A,0x61,0x66,
    0xCD,0x09,0x87,0x10,0xEC,0xDD,0xE5,0xE1,0xCD,0x9E,0x79,0xDD,0xE1,0xC9,0xDD,0xE5,
    0xE5,0xE5,0xDD,0xE1,0xCD,0x07,0x66,0x3A,0x5D,0x66,0xDD,0x86,0x02,0x5F,0x32,0x63,
    0x66,0x32,0x5D,0x66,0x3A,0x5E,0x66,0xDD,0x86,0x03,0x57,0x32,0x64,0x66,0x32,0x5E,
    0x66,0xDD,0x7E,0x04,0x32,0x5F,0x66,0xDD,0x6E,0x0C,0xDD,0x66,0x0D,0x01,0x07,0x7A,
    0xC5,0xDD,0x7E,0x00,0xFE,0x00,0xCA,0xA9,0x7B,0xFE,0x01,0xCA,0x98,0x7A,0xFE,0x02,
    0xCA,0x41,0x7B,0xFE,0x09,0xCA,0xFB,0x7A,0xFE,0x08,0xCA,0xB9,0x7A,0xFE,0x07,0xCA,
    0xC9,0x7B,0xFE,0x0C,0xCA,0x5F,0x7C,0xFE,0x0A,0xCA,0x4D,0x7A,0xFE,0x04,0xCA,0x2F,
    0x7A,0xFE,0x0D,0xCA,0xAF,0x7B,0xC1,0xDD,0x7E,0x00,0xFE,0x08,0x28,0x0E,0xFE,0x09,
    0x28,0x0A,0xFE,0x04,0x28,0x06,0xFE,0x0D,0x28,0x02,0x18,0x0C,0x3A,0x57,0x66,0xDD,
    0x86,0x02,0x4F,0x7B,0x91,0xDD,0x77,0x04,0xCD,0x2C,0x66,0xE1,0xDD,0xE1,0xC9,0xD5,
    0xCD,0xA9,0x7B,0xD1,0xDD,0x46,0x04,0xDD,0x7E,0x06,0xE6,0x01,0x3A,0x1C,0x67,0xCA,
    0x03,0x87,0xE6,0xB8,0x4F,0x3A,0x1D,0x67,0xB1,0x4F,0xC3,0x03,0x87,0xE5,0xDD,0x7E,
    0x06,0xE6,0x01,0x3A,0x1C,0x67,0x28,0x07,0xE6,0xB8,0x4F,0x3A,0x1D,0x67,0xB1,0x4F,
    0xD5,0xDD,0x7E,0x04,0x3D,0x3D,0x83,0x5F,0x3E,0xF4,0xCD,0x99,0x86,0x3E,0xF5,0xCD,
    0x99,0x86,0xD1,0xD5,0x79,0x32,0x65,0x66,0xDD,0x46,0x04,0xCD,0x03,0x87,0xD1,0x3E,
    0x04,0xCD,0x99,0x86,0xE1,0xDD,0x4E,0x0A,0xDD,0x46,0x0B,0x0A,0x87,0x4F,0x06,0x00,
    0x09,0x7E,0x23,0x66,0x6F,0xC3,0xA9,0x7B,0xE5,0xD5,0x1D,0x3A,0x62,0x66,0x4F,0x3E,
    0x09,0xCD,0x2F,0x80,0x3A,0x59,0x66,0x47,0x3E,0x0B,0xCD,0x2F,0x80,0x10,0xFB,0x3E,
    0x0A,0xCD,0x2F,0x80,0xD1,0xE1,0xC3,0xA9,0x7B,0x3A,0x65,0x66,0xF5,0x4F,0xDD,0x7E,
    0x06,0xE6,0x01,0x28,0x0D,0x3A,0x1D,0x67,0xE6,0x0F,0x4F,0x3A,0x61,0x66,0xE6,0xF0,
    0xB1,0x4F,0x79,0x32,0x65,0x66,0xDD,0x4E,0x0A,0xDD,0x46,0x0B,0x0A,0xB7,0x3E,0xD4,
    0x28,0x02,0xC6,0x02,0xED,0x4B,0x65,0x66,0xE5,0xF5,0xCD,0x99,0x86,0xF1,0x3C,0xCD,
    0x99,0x86,0xE1,0xCD,0xA9,0x7B,0xF1,0x32,0x65,0x66,0xC9,0x3A,0x65,0x66,0xF5,0x4F,
    0xDD,0x7E,0x06,0xE6,0x01,0x28,0x0B,0x3A,0x1D,0x67,0x4F,0x3A,0x61,0x66,0xE6,0xB8,
    0xB1,0x4F,0x79,0x32,0x65,0x66,0xDD,0x4E,0x0A,0xDD,0x46,0x0B,0x0A,0xDD,0xBE,0x09,
    0x3E,0xD0,0x20,0x02,0xC6,0x02,0xED,0x4B,0x65,0x66,0xE5,0xF5,0xCD,0x99,0x86,0xF1,
    0x3C,0xED,0x4B,0x65,0x66,0xCD,0x99,0x86,0xE1,0xCD,0xA9,0x7B,0xF1,0x32,0x65,0x66,
    0xC9,0xE5,0xD5,0x3A,0x57,0x66,0x3D,0xDD,0x86,0x02,0x32,0x5D,0x66,0xDD,0x7E,0x04,
    0x32,0x5F,0x66,0x3A,0x1A,0x67,0xE6,0x47,0x4F,0x3A,0x61,0x66,0xE6,0xB8,0xB1,0x4F,
    0xD5,0x3E,0xDA,0xCD,0x99,0x86,0xDD,0x46,0x04,0x05,0x05,0x3E,0xC4,0xCD,0x8F,0x86,
    0x3E,0xBF,0xCD,0x99,0x86,0xD1,0x14,0xDD,0x46,0x05,0x05,0x05,0xD5,0x3E,0xB3,0xCD,
    0x99,0x86,0x7B,0xDD,0x86,0x04,0x3D,0x3D,0x5F,0x3E,0xB3,0xCD,0x99,0x86,0xD1,0x14,
    0x10,0xEA,0x3E,0xC0,0xCD,0x99,0x86,0xDD,0x46,0x04,0x05,0x05,0x3E,0xC4,0xCD,0x8F,
    0x86,0x3E,0xD9,0xCD,0x99,0x86,0xD1,0x1C,0xE1,0x7D,0xB4,0xC8,0xC3,0x6A,0x82,0xDD,
    0x6E,0x0A,0xDD,0x66,0x0B,0x7E,0xF5,0x33,0xDD,0x6E,0x09,0xDD,0x66,0x04,0xE5,0xD5,
    0xCD,0x07,0x84,0x21,0x05,0x00,0x39,0xF9,0xC9,0x3A,0x57,0x66,0xDD,0x86,0x02,0x32,
    0x5D,0x66,0xDD,0x7E,0x04,0x32,0x5F,0x66,0xDD,0x7E,0x09,0xB7,0x20,0x3A,0xE5,0xD5,
    0xDD,0x46,0x04,0x3A,0x18,0x67,0x4F,0x3E,0x20,0xCD,0x8F,0x86,0x3A,0x61,0x66,0x4F,
    0x3E,0xDC,0xCD,0x99,0x86,0xD1,0xE1,0xD5,0x3A,0x65,0x66,0xF5,0x3A,0x17,0x67,0x32,
    0x65,0x66,0xCD,0x19,0x83,0xF1,0x32,0x65,0x66,0xD1,0x14,0x1C,0xDD,0x46,0x04,0x3A,
    0x61,0x66,0x4F,0x3E,0xDF,0xC3,0x8F,0x86,0xE5,0xD5,0x3A,0x61,0x66,0x4F,0x3E,0x20,
    0xCD,0x99,0x86,0xDD,0x46,0x04,0x3A,0x18,0x67,0x4F,0x3E,0x20,0xCD,0x8F,0x86,0x3A,
    0x61,0x66,0x4F,0x3E,0x20,0xCD,0x99,0x86,0xD1,0xE1,0x1C,0x7B,0x32,0x5D,0x66,0xD5,
    0x3A,0x65,0x66,0xF5,0x3A,0x18,0x67,0x32,0x65,0x66,0xCD,0x19,0x83,0xF1,0x32,0x65,
    0x66,0xD1,0x14,0xDD,0x46,0x04,0x3A,0x61,0x66,0x4F,0x3E,0x20,0xC3,0x8F,0x86,0xCD,
    0xA9,0x7B,0x7B,0x32,0x5D,0x66,0x32,0x63,0x66,0xDD,0x6E,0x0A,0xDD,0x66,0x0B,0xDD,
    0x7E,0x07,0x4F,0xE6,0x04,0x28,0x5E,0x79,0xE6,0x03,0x28,0x1F,0xFE,0x02,0x28,0x33,
    0x7E,0x23,0x66,0x6F,0xDD,0xE5,0xDD,0x21,0x78,0x66,0xCD,0x85,0x90,0xDD,0x36,0x00,
    0x00,0xDD,0xE1,0x21,0x77,0x66,0x36,0x0F,0xC3,0x6A,0x82,0x7E,0xDD,0xE5,0xDD,0x21,
    0x78,0x66,0xCD,0x92,0x90,0xDD,0x36,0x00,0x00,0xDD,0xE1,0x21,0x77,0x66,0x36,0x0F,
    0xC3,0x6A,0x82,0xD5,0x5E,0x23,0x56,0x23,0x7E,0x23,0x66,0x6F,0xEB,0xDD,0xE5,0xDD,
    0x21,0x78,0x66,0xCD,0x68,0x90,0xDD,0x36,0x00,0x00,0xDD,0xE1,0xD1,0x21,0x77,0x66,
    0x36,0x0F,0xC3,0x6A,0x82,0x79,0xE6,0x03,0x28,0x06,0xFE,0x01,0x28,0x1D,0x18,0x35,
    0xD5,0x6E,0x26,0x00,0x54,0x5C,0x4C,0xDD,0xE5,0xDD,0x21,0x78,0x66,0xCD,0xD3,0x8F,
    0xDD,0xE1,0xD1,0x21,0x77,0x66,0x36,0x0F,0xC3,0x6A,0x82,0xD5,0x7E,0x23,0x66,0x6F,
    0x4C,0xDD,0xE5,0xDD,0x21,0x78,0x66,0xCD,0xD7,0x8F,0xDD,0xE1,0xD1,0x21,0x77,0x66,
    0x36,0x0F,0xC3,0x6A,0x82,0x5E,0x23,0x56,0x23,0x7E,0x23,0x66,0x6F,0xC3,0xE6,0x90,
    0xDD,0xE5,0xDD,0x21,0x04,0x00,0xDD,0x39,0x21,0xDF,0xFF,0x39,0x22,0x58,0x7E,0xF9,
    0x3E,0x20,0x06,0x1F,0x77,0x23,0x10,0xFC,0xDD,0x6E,0x00,0xDD,0x66,0x01,0xED,0x5B,
    0x58,0x7E,0x06,0x00,0xDD,0x4E,0x02,0xED,0xB0,0xAF,0xDD,0x77,0xFB,0xCD,0xE9,0x7D,
    0xFB,0x76,0xCD,0x79,0x9D,0x7D,0xFE,0x08,0x28,0x3B,0xFE,0x09,0x28,0x2C,0xFE,0x0C,
    0x28,0x42,0xFE,0x10,0x28,0x50,0xFE,0x0F,0x28,0x44,0xFE,0x0D,0xCA,0x40,0x7E,0xFE,
    0x11,0x28,0xD6,0xFE,0x12,0x28,0x27,0xFE,0x20,0x38,0xD5,0x08,0xCD,0xD5,0x7D,0x2A,
    0x58,0x7E,0x06,0x00,0xDD,0x4E,0xFB,0x09,0x08,0x77,0xDD,0x7E,0xFB,0x3C,0xDD,0xBE,
    0x02,0x30,0xBA,0x18,0xB5,0xDD,0x7E,0xFB,0x3D,0xFA,0x4D,0x7D,0x18,0xAC,0xDD,0x7E,
    0x02,0x3D,0x18,0xA6,0xDD,0x7E,0xFB,0x3D,0xFA,0xAE,0x7D,0xDD,0x77,0xFB,0xCD,0xBF,
    0x7D,0x2B,0x36,0x20,0x18,0x97,0xCD,0xD5,0x7D,0x23,0x23,0x36,0x20,0x18,0x8E,0x2A,
    0x58,0x7E,0xDD,0x4E,0xFB,0x06,0x00,0x09,0x5D,0x54,0x23,0x3E,0x1F,0xDD,0x96,0xFB,
    0xC8,0x4F,0xED,0xB0,0xC9,0x2A,0x58,0x7E,0x0E,0x1F,0x06,0x00,0x09,0x5D,0x54,0x2B,
    0x3E,0x20,0xDD,0x96,0xFB,0x4F,0xED,0xB8,0xC9,0x2A,0x58,0x7E,0xDD,0x5E,0x03,0xDD,
    0x56,0x04,0xD5,0xDD,0x46,0x02,0xCD,0x6B,0x83,0xD1,0xDD,0x7E,0xFB,0x83,0x5F,0x3A,
    0x19,0x67,0x87,0x87,0x87,0xE6,0xB8,0xC3,0x09,0x87,0x2A,0x6F,0x66,0xCD,0x20,0x74,
    0x3A,0xB1,0x9B,0xB7,0xC0,0xCD,0x92,0x9C,0xDD,0x7E,0x04,0xBD,0x20,0x0E,0xCD,0x86,
    0x9C,0x7D,0xDD,0x96,0x03,0x30,0x09,0xDD,0xBE,0x02,0x38,0x04,0xE1,0xC3,0x40,0x7E,
    0x7D,0xDD,0x96,0x03,0xDD,0xBE,0x02,0x30,0xF3,0xDD,0x77,0xFB,0xE1,0xC3,0x4D,0x7D,
    0x2A,0x58,0x7E,0xDD,0x5E,0x00,0xDD,0x56,0x01,0xDD,0x4E,0x02,0x06,0x00,0xED,0xB0,
    0x21,0x21,0x00,0x39,0xF9,0xDD,0xE1,0xC9,0x00,0x00,0x3A,0x73,0x66,0xF5,0x6F,0x26,
    0x00,0x29,0x29,0x11,0x8A,0x67,0x19,0x23,0x23,0x7E,0x23,0x66,0x6F,0xE5,0xDD,0xE1,
    0xDD,0x5E,0x02,0xDD,0x56,0x03,0xDD,0x46,0x04,0x04,0x04,0xDD,0x4E,0x05,0x0C,0xCD,
    0x6D,0x87,0xF1,0x3D,0x32,0x73,0x66,0xC3,0x8A,0x7E,0x3A,0x73,0x66,0xF5,0x32,0x73,
    0x66,0xF5,0x6F,0x26,0x00,0x29,0x29,0x11,0x8A,0x67,0x19,0x23,0x23,0x7E,0x23,0x66,
    0x6F,0xE5,0xCD,0x70,0x81,0xDD,0xE1,0xDD,0x7E,0x01,0xFE,0x01,0x20,0x09,0xDD,0x6E,
    0x0D,0xDD,0x66,0x0E,0xCD,0xF3,0x70,0xF1,0x3D,0xC2,0x8E,0x7E,0xF1,0x32,0x73,0x66,
    0xC9,0xDD,0xE5,0xE5,0xDD,0xE1,0xDD,0xE5,0xDD,0x6E,0x04,0xDD,0x66,0x05,0x2D,0x2D,
    0x25,0x25,0xE5,0xDD,0x6E,0x02,0xDD,0x66,0x03,0x2C,0x24,0xE5,0xCD,0xBA,0x84,0xF1,
    0xF1,0xDD,0xE1,0xDD,0x5E,0x02,0xDD,0x7E,0x03,0xDD,0x86,0x05,0x3D,0x3D,0x57,0x1C,
    0xDD,0x46,0x04,0x05,0x05,0xDD,0x4E,0x06,0x3E,0x20,0xCD,0x8F,0x86,0xDD,0xE1,0xC9,
    0xDD,0xE5,0xE5,0xDD,0xE1,0xDD,0xE5,0xDD,0x6E,0x04,0xDD,0x66,0x05,0x2D,0x2D,0x25,
    0x25,0xE5,0xDD,0x6E,0x02,0xDD,0x66,0x03,0x2C,0x24,0xE5,0xCD,0x0E,0x86,0xF1,0xF1,
    0xDD,0xE1,0xDD,0x5E,0x02,0xDD,0x56,0x03,0x14,0x1C,0xDD,0x46,0x04,0x05,0x05,0xDD,
    0x4E,0x06,0x3E,0x20,0xCD,0x8F,0x86,0xDD,0xE1,0xC9,0xDD,0xE5,0xDD,0x21,0x04,0x00,
    0xDD,0x39,0xDD,0x7E,0x00,0x32,0x74,0x66,0xAF,0x32,0x68,0x66,0x11,0x1E,0x67,0xDD,
    0x7E,0x06,0xE6,0x53,0x28,0x36,0x11,0x2A,0x67,0xFE,0x01,0x28,0x2F,0x11,0x36,0x67,
    0xFE,0x02,0x28,0x28,0x11,0x42,0x67,0xFE,0x40,0x28,0x21,0x11,0x4E,0x67,0xFE,0x41,
    0x28,0x1A,0x11,0x5A,0x67,0xFE,0x42,0x28,0x13,0xE6,0x13,0x11,0x66,0x67,0xFE,0x10,
    0x28,0x0A,0x11,0x72,0x67,0xFE,0x11,0x28,0x03,0x11,0x7E,0x67,0xED,0x53,0x71,0x66,
    0xDD,0x5E,0x01,0xDD,0x56,0x02,0xDD,0x4E,0x07,0xDD,0x46,0x03,0x05,0x05,0x3E,0x01,
    0xCD,0x2F,0x80,0x3E,0x02,0xCD,0x2F,0x80,0x10,0xFB,0x3E,0x03,0xCD,0x2F,0x80,0x14,
    0xDD,0x46,0x04,0x05,0x05,0xCD,0xFB,0x7F,0x10,0xFB,0xDD,0x5E,0x01,0x3E,0x06,0xDD,
    0x4E,0x07,0xCD,0x2F,0x80,0xDD,0x46,0x03,0x05,0x05,0x3E,0x07,0xCD,0x2F,0x80,0x10,
    0xFB,0x3E,0x08,0xCD,0x2F,0x80,0xDD,0xCB,0x06,0x7E,0x20,0x08,0x3E,0xC0,0xCD,0x09,
    0x87,0xCD,0x09,0x87,0x14,0xDD,0x5E,0x01,0x1C,0x1C,0xDD,0xCB,0x06,0x7E,0x20,0x08,
    0xDD,0x46,0x03,0x3E,0xC0,0xCD,0x03,0x87,0xDD,0xE1,0xC9,0xC5,0xDD,0x5E,0x01,0xDD,
};

__attribute__((aligned(4096))) const unsigned char gb_rom_profi_bank3_flashtool[16384] = {
    0x46,0x03,0x05,0x05,0xDD,0x4E,0x07,0x3E,0x04,0xCD,0x2F,0x80,0x3E,0x00,0xDD,0x4E,
    0x05,0xCD,0x2F,0x80,0x10,0xFB,0x3E,0x05,0xDD,0x4E,0x07,0xCD,0x2F,0x80,0xDD,0xCB,
    0x06,0x7E,0x20,0x08,0x3E,0xC0,0xCD,0x09,0x87,0xCD,0x09,0x87,0x14,0xC1,0xC9,0x6F,
    0xF5,0xC5,0x26,0x00,0xED,0x4B,0x71,0x66,0x09,0x7E,0xC1,0xCD,0x99,0x86,0xF1,0xC9,
    0xE5,0xE5,0xE5,0xCD,0x52,0x80,0xE1,0xCD,0x9F,0x80,0xE1,0xCD,0xDF,0x80,0xE1,0xC3,
    0x55,0x81,0xDD,0xE5,0xE5,0xDD,0xE1,0xDD,0x56,0x03,0x7A,0x3C,0x32,0x5E,0x66,0x32,
    0x64,0x66,0xDD,0x5E,0x02,0x7B,0x3C,0x32,0x5D,0x66,0x32,0x63,0x66,0xDD,0x7E,0x04,
    0xD6,0x02,0x32,0x5F,0x66,0xDD,0x7E,0x05,0xD6,0x02,0x32,0x60,0x66,0xDD,0x4E,0x0D,
    0xDD,0x46,0x0E,0xED,0x43,0x6B,0x66,0x22,0x6D,0x66,0xDD,0x7E,0x08,0x32,0x62,0x66,
    0xDD,0x7E,0x06,0x32,0x61,0x66,0x32,0x65,0x66,0x32,0x66,0x66,0xDD,0xE1,0xC9,0xDD,
    0xE5,0xCD,0x52,0x80,0xE5,0xDD,0xE1,0xDD,0x6E,0x07,0xDD,0x66,0x08,0xCB,0xFD,0xE5,
    0xDD,0x7E,0x06,0xF5,0x33,0xDD,0x6E,0x04,0xDD,0x66,0x05,0xE5,0xDD,0x6E,0x02,0xDD,
    0x66,0x03,0xE5,0xDD,0x7E,0x00,0xF5,0x33,0xCD,0x3A,0x7F,0x21,0x08,0x00,0x39,0xF9,
    0xDD,0xE5,0xE1,0xCD,0xDF,0x80,0xDD,0xE5,0xE1,0xCD,0x52,0x80,0xDD,0xE1,0xC9,0xDD,
    0xE5,0xE5,0xDD,0xE1,0xDD,0xCB,0x07,0x76,0x20,0x49,0xDD,0x7E,0x08,0x5F,0xE6,0x07,
    0x87,0x87,0x87,0xCB,0x73,0x28,0x02,0xF6,0x80,0x32,0x65,0x66,0x32,0x61,0x66,0x32,
    0x66,0x66,0xDD,0x56,0x03,0xDD,0x5E,0x02,0x1C,0xDD,0x6E,0x09,0xDD,0x66,0x0A,0x7D,
    0xB4,0xC4,0x19,0x83,0xDD,0xCB,0x07,0x6E,0x20,0x19,0x21,0x42,0x81,0xDD,0x5E,0x02,
    0x1C,0xCD,0x6A,0x82,0xDD,0x7E,0x08,0xE6,0x47,0x4F,0x3E,0xA8,0xB1,0x4F,0x3E,0xD8,
    0xCD,0x99,0x86,0xDD,0x7E,0x06,0x32,0x61,0x66,0x32,0x65,0x66,0x32,0x66,0x66,0xDD,
    0xE1,0xC9,0x07,0x42,0xD8,0x08,0x90,0x07,0x46,0xD8,0x08,0xB0,0x07,0x44,0xD8,0x08,
    0xA0,0x07,0x45,0xD8,0x00,0xDD,0xE5,0xE5,0xDD,0xE1,0xDD,0x56,0x03,0x14,0xDD,0x5E,
    0x02,0x1C,0xDD,0x6E,0x0B,0xDD,0x66,0x0C,0x7D,0xB4,0xC4,0x6A,0x82,0xDD,0xE1,0xC9,
    0xCD,0x52,0x80,0xDD,0xE5,0xE5,0xDD,0xE1,0xDD,0x6E,0x07,0xDD,0x66,0x08,0xE5,0xDD,
    0x7E,0x06,0xF5,0x33,0xDD,0x6E,0x04,0xDD,0x66,0x05,0xE5,0xDD,0x6E,0x02,0xDD,0x66,
    0x03,0xE5,0x3A,0x73,0x66,0x3C,0x32,0x73,0x66,0xDD,0x77,0x00,0xF5,0x33,0xCD,0x3A,
    0x7F,0x21,0x08,0x00,0x39,0xF9,0xDD,0xE5,0xE1,0xCD,0xDF,0x80,0xDD,0xE5,0xE1,0xCD,
    0x55,0x81,0xDD,0xE1,0xC9,0x3A,0x61,0x82,0xB7,0x20,0x69,0x7D,0xFE,0x09,0xCA,0x13,
    0x82,0xFE,0x0A,0x28,0x31,0xFE,0x0D,0x28,0x42,0x32,0x61,0x82,0xFE,0x20,0xD8,0xAF,
    0x32,0x61,0x82,0x3A,0x5D,0x66,0x5F,0x3A,0x5F,0x66,0x83,0x5F,0x3A,0x63,0x66,0xBB,
    0xD0,0x5F,0x32,0x63,0x66,0x3A,0x64,0x66,0x57,0x3A,0x65,0x66,0x4F,0x7D,0xCD,0x99,
    0x86,0x7B,0x32,0x63,0x66,0xC9,0x3A,0x60,0x66,0x47,0x3A,0x5E,0x66,0x80,0x47,0x3A,
    0x64,0x66,0x3C,0xB8,0xD4,0x53,0x82,0x32,0x64,0x66,0x57,0x3A,0x5D,0x66,0x32,0x63,
    0x66,0x5F,0xC9,0x3A,0x5D,0x66,0x67,0x3A,0x63,0x66,0x94,0xC6,0x08,0xE6,0xF8,0x84,
    0x32,0x63,0x66,0xC9,0x08,0xAF,0x32,0x61,0x82,0x08,0xFE,0x07,0x28,0x05,0xFE,0x08,
    0x28,0x0F,0xC9,0x7D,0xE6,0x47,0x6F,0x3A,0x66,0x66,0xE6,0xB8,0xB5,0x32,0x65,0x66,
    0xC9,0x3A,0x65,0x66,0xE6,0x47,0x67,0x7D,0x87,0x87,0x87,0x32,0x66,0x66,0xB4,0x32,
    0x65,0x66,0xC9,0xE5,0xD5,0x2A,0x6D,0x66,0xCD,0xC1,0x7E,0xD1,0xE1,0x3A,0x64,0x66,
    0xC9,0x00,0x3A,0x63,0x66,0x5F,0x3A,0x64,0x66,0x57,0x7E,0xB7,0xC8,0x23,0xFE,0x07,
    0xCA,0xAD,0x82,0xFE,0x08,0xCA,0xBE,0x82,0xFE,0x09,0xCA,0x0F,0x83,0xFE,0x0A,0xCA,
    0xF0,0x82,0xFE,0x0C,0xCA,0xD2,0x82,0xFE,0x0D,0xCA,0x05,0x83,0xFE,0x0E,0xCA,0x19,
    0x83,0xFE,0x0F,0xCA,0x30,0x83,0xFE,0xFE,0xCA,0x45,0x83,0xE5,0x6F,0x3A,0x65,0x66,
    0x4F,0x7D,0xCD,0x99,0x86,0x7B,0x32,0x63,0x66,0xE1,0xC3,0x6A,0x82,0x3A,0x66,0x66,
    0xE6,0xB8,0x4F,0x7E,0x23,0xE6,0x47,0xB1,0x32,0x65,0x66,0xC3,0x6A,0x82,0x3A,0x65,
    0x66,0xE6,0x47,0x4F,0x7E,0x23,0xE6,0xB8,0xB1,0x32,0x65,0x66,0x32,0x66,0x66,0xC3,
    0x6A,0x82,0x3A,0x65,0x66,0x4F,0xE6,0x07,0x17,0x17,0x17,0x32,0x65,0x66,0x79,0x1F,
    0x1F,0x1F,0x4F,0x3A,0x65,0x66,0xB1,0x32,0x65,0x66,0x32,0x66,0x66,0xC3,0x6A,0x82,
    0x3A,0x60,0x66,0x47,0x3A,0x5E,0x66,0x80,0x47,0x3A,0x64,0x66,0x3C,0xB8,0xD4,0x5D,
    0x83,0x32,0x64,0x66,0x57,0x3A,0x5D,0x66,0x32,0x63,0x66,0x5F,0xC3,0x6A,0x82,0x7E,
    0x23,0x83,0x5F,0x32,0x63,0x66,0xC3,0x6A,0x82,0xE5,0xCD,0x81,0x83,0xE1,0x3A,0x5F,
    0x66,0x90,0xCB,0x3F,0x47,0x3A,0x5D,0x66,0x80,0x5F,0x32,0x63,0x66,0xC3,0x6A,0x82,
    0xE5,0xCD,0x81,0x83,0xE1,0x3A,0x5F,0x66,0x4F,0x3A,0x5D,0x66,0x81,0x90,0x5F,0x32,
    0x63,0x66,0xC3,0x6A,0x82,0x7E,0x23,0xE5,0x6F,0x26,0x00,0x29,0xED,0x4B,0x69,0x66,
    0x09,0x7E,0x23,0x66,0x6F,0xB4,0xC4,0x6A,0x82,0xE1,0xC3,0x6A,0x82,0xE5,0xD5,0x2A,
    0x6D,0x66,0xCD,0xC1,0x7E,0xD1,0xE1,0x3A,0x64,0x66,0xC9,0x7E,0x23,0xB7,0xC8,0xC5,
    0xED,0x4B,0x65,0x66,0xE5,0xCD,0x99,0x86,0x7B,0x32,0x63,0x66,0xE1,0xC1,0x10,0xEB,
    0xC9,0x06,0xFF,0x7E,0x23,0xFE,0x07,0x28,0x20,0xFE,0x08,0x28,0x1C,0xFE,0x09,0x28,
    0x1F,0xFE,0x0C,0x28,0x14,0xFE,0x0E,0x28,0x09,0xFE,0x0F,0x28,0x05,0xFE,0xFE,0x28,
    0x15,0x04,0xFE,0x0A,0xC8,0xB7,0x20,0xDB,0xC9,0x23,0x18,0xD7,0x23,0x23,0x18,0xD3,
    0x7E,0x23,0x80,0x47,0x18,0xCD,0x05,0x7E,0x23,0xE5,0x6F,0x26,0x00,0x29,0xC5,0xED,
    0x4B,0x69,0x66,0x09,0xC1,0x7E,0x23,0x66,0x6F,0xCD,0x83,0x83,0xE1,0x18,0xB4,0xE5,
    0xCD,0xE8,0x83,0x55,0xE1,0x0E,0x00,0x7A,0xB7,0x28,0x0B,0xCD,0x81,0x83,0x79,0xB8,
    0x30,0x01,0x48,0x15,0x18,0xF1,0x69,0xC9,0x06,0x00,0x7E,0xB7,0x28,0x08,0x23,0xFE,
    0x0A,0x20,0xF7,0x04,0x18,0xF4,0x04,0x68,0xC9,0x21,0x02,0x00,0x39,0x5E,0x23,0x56,
    0x23,0x7E,0x23,0x4E,0xC3,0x99,0x86,0x21,0x02,0x00,0x39,0x5E,0x23,0x56,0x23,0x4E,
    0x23,0x7E,0x23,0x66,0x6F,0xE5,0xD5,0xC5,0x5D,0x44,0x21,0x00,0x00,0x54,0x78,0xB7,
    0x28,0x10,0x19,0x10,0xFD,0x01,0x64,0x10,0xAF,0x29,0x17,0xB9,0x38,0x02,0x2C,0x91,
    0x10,0xF7,0xC1,0x45,0xD1,0xE1,0x78,0xB7,0x28,0x09,0xC5,0xE5,0x3E,0xDB,0xCD,0x8F,
    0x86,0xE1,0xC1,0x7D,0x90,0x28,0x06,0x47,0x3E,0x20,0xCD,0x8F,0x86,0xC9,0x21,0x02,
    0x00,0x39,0x7E,0x23,0x32,0x63,0x66,0x7E,0x23,0x32,0x64,0x66,0xC9,0x01,0xAF,0x13,
    0x3A,0x75,0x66,0xEE,0x01,0xED,0x79,0x21,0x02,0x00,0x39,0x7E,0x23,0x5E,0x23,0x56,
    0xD5,0x6F,0x26,0x00,0x29,0x29,0x29,0x11,0x00,0xC0,0x19,0xEB,0xE1,0x06,0x08,0x4E,
    0x1A,0x77,0x79,0x12,0x23,0x13,0x10,0xF7,0xC9,0x76,0x7D,0xB4,0x20,0x03,0x21,0xAA,
    0x84,0x11,0x00,0x10,0x7E,0x23,0xCD,0x9E,0x84,0x1C,0x15,0x20,0xF7,0xC9,0x2F,0x47,
    0x0E,0x7E,0x7B,0xEE,0x0F,0xD3,0xFE,0xED,0x79,0xC9,0x00,0x02,0x10,0x12,0x80,0x82,
    0x90,0x92,0x49,0x03,0x18,0x1B,0xC0,0xC3,0xD8,0xDB,0xDD,0xE5,0xDD,0x21,0x04,0x00,
    0xDD,0x39,0xDD,0x5E,0x00,0xDD,0x56,0x01,0xDD,0x4E,0x02,0xDD,0x7E,0x03,0xB7,0x28,
    0x4B,0x3D,0x28,0x48,0x47,0xCD,0x76,0x86,0x5D,0x54,0xCD,0x1F,0x85,0xCB,0x6C,0x28,
    0x1F,0xE5,0x2E,0x04,0xCD,0x0D,0x68,0xE1,0xCD,0x47,0x85,0xE5,0x2E,0x38,0xCD,0x0D,
    0x68,0xE1,0xCD,0x47,0x85,0xCD,0x1F,0x85,0xCD,0x29,0x85,0x10,0xE4,0xDD,0xE1,0xC9,
    0xE5,0x2E,0x04,0xCD,0x0D,0x68,0xE1,0xCD,0x83,0x85,0xE5,0x2E,0x38,0xCD,0x0D,0x68,
    0xE1,0xCD,0x83,0x85,0xCD,0x1F,0x85,0xCD,0x29,0x85,0x10,0xE4,0xDD,0xE1,0xC9,0x7D,
    0xC6,0x20,0x6F,0xD0,0x7C,0xC6,0x08,0x67,0xC9,0x7B,0xC6,0x20,0x5F,0xD0,0x7A,0xC6,
    0x08,0x57,0xC9,0x7D,0xD6,0x20,0x6F,0xD0,0x7C,0xD6,0x08,0x67,0xC9,0x7B,0xD6,0x20,
    0x5F,0xD0,0x7A,0xD6,0x08,0x57,0xC9,0xC5,0xD5,0xE5,0x06,0x00,0x79,0x32,0x69,0x85,
    0xCB,0x39,0x3E,0x08,0x08,0xC5,0xD5,0xE5,0xC5,0xD5,0xE5,0xCD,0xBF,0x85,0xE1,0xD1,
    0xC1,0xCB,0xAC,0xCB,0xAA,0xCD,0xBF,0x85,0x3E,0x00,0x0F,0x30,0x08,0xCB,0xEC,0xCB,
    0xEA,0x2C,0x1C,0x7E,0x12,0xE1,0xD1,0xC1,0x24,0x14,0x08,0x3D,0xC2,0x54,0x85,0xE1,
    0xD1,0xC1,0xC9,0xC5,0xD5,0xE5,0x06,0x00,0x79,0x32,0xA7,0x85,0xCB,0x39,0x3E,0x08,
    0x08,0xC5,0xD5,0xE5,0xC5,0xD5,0xE5,0xCD,0xBF,0x85,0xE1,0xD1,0xC1,0xCB,0xEC,0xCB,
    0xEA,0x2C,0x1C,0xCD,0xBF,0x85,0x3E,0x00,0x0F,0x30,0x06,0xCB,0xAC,0xCB,0xAA,0x7E,
    0x12,0xE1,0xD1,0xC1,0x24,0x14,0x08,0x3D,0xC2,0x90,0x85,0xE1,0xD1,0xC1,0xC9,0x3E,
    0x20,0x91,0xE6,0x1F,0x87,0x32,0xC9,0x85,0x18,0xFE,0xED,0xA0,0xED,0xA0,0xED,0xA0,
    0xED,0xA0,0xED,0xA0,0xED,0xA0,0xED,0xA0,0xED,0xA0,0xED,0xA0,0xED,0xA0,0xED,0xA0,
    0xED,0xA0,0xED,0xA0,0xED,0xA0,0xED,0xA0,0xED,0xA0,0xED,0xA0,0xED,0xA0,0xED,0xA0,
    0xED,0xA0,0xED,0xA0,0xED,0xA0,0xED,0xA0,0xED,0xA0,0xED,0xA0,0xED,0xA0,0xED,0xA0,
    0xED,0xA0,0xED,0xA0,0xED,0xA0,0xED,0xA0,0xED,0xA0,0xEA,0xCA,0x85,0xC9,0xDD,0xE5,
    0xDD,0x21,0x04,0x00,0xDD,0x39,0xDD,0x5E,0x00,0xDD,0x56,0x01,0xDD,0x4E,0x02,0xDD,
    0x7E,0x03,0xB7,0x28,0x4E,0x3D,0x28,0x4B,0x47,0x7A,0x80,0x57,0xCD,0x76,0x86,0x5D,
    0x54,0xCD,0x33,0x85,0xCB,0x6C,0x28,0x1F,0xE5,0x2E,0x04,0xCD,0x0D,0x68,0xE1,0xCD,
    0x47,0x85,0xE5,0x2E,0x38,0xCD,0x0D,0x68,0xE1,0xCD,0x47,0x85,0xCD,0x33,0x85,0xCD,
    0x3D,0x85,0x10,0xE4,0xDD,0xE1,0xC9,0xE5,0x2E,0x04,0xCD,0x0D,0x68,0xE1,0xCD,0x83,
    0x85,0xE5,0x2E,0x38,0xCD,0x0D,0x68,0xE1,0xCD,0x83,0x85,0xCD,0x33,0x85,0xCD,0x3D,
    0x85,0x10,0xE4,0xDD,0xE1,0xC9,0x7A,0xE6,0x18,0x6B,0xCB,0x3B,0x26,0xC0,0x38,0x02,
    0x26,0xE0,0xB4,0x67,0x7A,0xE6,0x07,0x1F,0x1F,0x1F,0x1F,0xB3,0x5D,0x6F,0xC9,0xF5,
    0xC5,0xCD,0x99,0x86,0xC1,0xF1,0x10,0xF7,0xC9,0xD9,0x2E,0x04,0xCD,0x0D,0x68,0xD9,
    0x08,0x7B,0xFE,0x40,0xD0,0x7A,0xE6,0x18,0x6B,0xCB,0x3B,0x26,0xC0,0x38,0x02,0x26,
    0xE0,0xB4,0x67,0x7A,0xE6,0x07,0x1F,0x1F,0x1F,0x1F,0xB3,0x5D,0x6F,0x1C,0x08,0xE5,
    0xD9,0x6F,0x26,0x00,0x29,0x29,0x29,0x11,0x62,0x93,0x19,0xD1,0x7E,0x12,0x23,0x14,
    0x7E,0x12,0x23,0x14,0x7E,0x12,0x23,0x14,0x7E,0x12,0x23,0x14,0x7E,0x12,0x23,0x14,
    0x7E,0x12,0x23,0x14,0x7E,0x12,0x23,0x14,0x7E,0x12,0x2E,0x38,0xCD,0x0D,0x68,0xD9,
    0x79,0xD9,0x12,0x15,0x12,0x15,0x12,0x15,0x12,0x15,0x12,0x15,0x12,0x15,0x12,0x15,
    0x12,0xD9,0xC9,0xCD,0x09,0x87,0x10,0xFB,0xC9,0xD9,0x2E,0x38,0xCD,0x0D,0x68,0xD9,
    0x08,0x7B,0xFE,0x40,0xD0,0xCD,0x76,0x86,0x08,0x77,0x24,0x77,0x24,0x77,0x24,0x77,
    0x24,0x77,0x24,0x77,0x24,0x77,0x24,0x77,0x1C,0xC9,0xC9,0x62,0x6B,0xCB,0xFC,0xCB,
    0xF4,0xCB,0xFD,0x7E,0xC9,0xC9,0xEB,0xCB,0xFC,0xCB,0xF4,0xCB,0xFD,0x11,0x97,0x66,
    0x48,0x06,0x00,0xED,0xB0,0xC9,0xC9,0x6A,0x26,0x00,0x29,0x29,0x29,0x29,0x29,0x29,
    0x21,0x97,0x66,0x48,0x06,0x00,0xED,0xB0,0xC9,0xF5,0x7A,0x0F,0x0F,0x67,0xE6,0xC0,
    0x83,0xC6,0x84,0x6F,0x8C,0x95,0xE6,0x3F,0xC6,0x87,0x67,0xF1,0xC9,0xCD,0x59,0x87,
    0xD5,0xC5,0xE5,0xAF,0x77,0x23,0x10,0xFC,0xE1,0x01,0x40,0x00,0x09,0xC1,0x0D,0xC2,
    0x71,0x87,0xD1,0xC9,0xFF,0xFF,0xFF,0xFF,0xFF,0xFF,0xFF,0xFF,0xFF,0xFF,0xFF,0xFF,
    0xFF,0xFF,0xFF,0xFF,0xFF,0xFF,0xFF,0xFF,0xFF,0xFF,0xFF,0xFF,0xFF,0xFF,0xFF,0xFF,
    0xFF,0xFF,0xFF,0xFF,0xFF,0xFF,0xFF,0xFF,0xFF,0xFF,0xFF,0xFF,0xFF,0xFF,0xFF,0xFF,
    0xFF,0xFF,0xFF,0xFF,0xFF,0xFF,0xFF,0xFF,0xFF,0xFF,0xFF,0xFF,0xFF,0xFF,0xFF,0xFF,
    0xFF,0xFF,0xFF,0xFF,0xFF,0xFF,0xFF,0xFF,0xFF,0xFF,0xFF,0xFF,0xFF,0xFF,0xFF,0xFF,
    0xFF,0xFF,0xFF,0xFF,0xFF,0xFF,0xFF,0xFF,0xFF,0xFF,0xFF,0xFF,0xFF,0xFF,0xFF,0xFF,
    0xFF,0xFF,0xFF,0xFF,0xFF,0xFF,0xFF,0xFF,0xFF,0xFF,0xFF,0xFF,0xFF,0xFF,0xFF,0xFF,
    0xFF,0xFF,0xFF,0xFF,0xFF,0xFF,0xFF,0xFF,0xFF,0xFF,0xFF,0xFF,0xFF,0xFF,0xFF,0xFF,
    0xFF,0xFF,0xFF,0xFF,0xFF,0xFF,0xFF,0xFF,0xFF,0xFF,0xFF,0xFF,0xFF,0xFF,0xFF,0xFF,
    0xFF,0xFF,0xFF,0xFF,0xFF,0xFF,0xFF,0xFF,0xFF,0xFF,0xFF,0xFF,0xFF,0xFF,0xFF,0xFF,
    0xFF,0xFF,0xFF,0xFF,0xFF,0xFF,0xFF,0xFF,0xFF,0xFF,0xFF,0xFF,0xFF,0xFF,0xFF,0xFF,
    0xFF,0xFF,0xFF,0xFF,0xFF,0xFF,0xFF,0xFF,0xFF,0xFF,0xFF,0xFF,0xFF,0xFF,0xFF,0xFF,
    0xFF,0xFF,0xFF,0xFF,0xFF,0xFF,0xFF,0xFF,0xFF,0xFF,0xFF,0xFF,0xFF,0xFF,0xFF,0xFF,
    0xFF,0xFF,0xFF,0xFF,0xFF,0xFF,0xFF,0xFF,0xFF,0xFF,0xFF,0xFF,0xFF,0xFF,0xFF,0xFF,
    0xFF,0xFF,0xFF,0xFF,0xFF,0xFF,0xFF,0xFF,0xFF,0xFF,0xFF,0xFF,0xFF,0xFF,0xFF,0xFF,
    0xFF,0xFF,0xFF,0xFF,0xFF,0xFF,0xFF,0xFF,0xFF,0xFF,0xFF,0xFF,0xFF,0xFF,0xFF,0xFF,
    0xFF,0xFF,0xFF,0xFF,0xFF,0xFF,0xFF,0xFF,0xFF,0xFF,0xFF,0xFF,0xFF,0xFF,0xFF,0xFF,
    0xFF,0xFF,0xFF,0xFF,0xFF,0xFF,0xFF,0xFF,0xFF,0xFF,0xFF,0xFF,0xFF,0xFF,0xFF,0xFF,
    0xFF,0xFF,0xFF,0xFF,0xFF,0xFF,0xFF,0xFF,0xFF,0xFF,0xFF,0xFF,0xFF,0xFF,0xFF,0xFF,
    0xFF,0xFF,0xFF,0xFF,0xFF,0xFF,0xFF,0xFF,0xFF,0xFF,0xFF,0xFF,0xFF,0xFF,0xFF,0xFF,
    0xFF,0xFF,0xFF,0xFF,0xFF,0xFF,0xFF,0xFF,0xFF,0xFF,0xFF,0xFF,0xFF,0xFF,0xFF,0xFF,
    0xFF,0xFF,0xFF,0xFF,0xFF,0xFF,0xFF,0xFF,0xFF,0xFF,0xFF,0xFF,0xFF,0xFF,0xFF,0xFF,
    0xFF,0xFF,0xFF,0xFF,0xFF,0xFF,0xFF,0xFF,0xFF,0xFF,0xFF,0xFF,0xFF,0xFF,0xFF,0xFF,
    0xFF,0xFF,0xFF,0xFF,0xFF,0xFF,0xFF,0xFF,0xFF,0xFF,0xFF,0xFF,0xFF,0xFF,0xFF,0xFF,
    0xFF,0xFF,0xFF,0xFF,0xFF,0xFF,0xFF,0xFF,0xFF,0xFF,0xFF,0xFF,0xFF,0xFF,0xFF,0xFF,
    0xFF,0xFF,0xFF,0xFF,0xFF,0xFF,0xFF,0xFF,0xFF,0xFF,0xFF,0xFF,0xFF,0xFF,0xFF,0xFF,
    0xFF,0xFF,0xFF,0xFF,0xFF,0xFF,0xFF,0xFF,0xFF,0xFF,0xFF,0xFF,0xFF,0xFF,0xFF,0xFF,
    0xFF,0xFF,0xFF,0xFF,0xFF,0xFF,0xFF,0xFF,0xFF,0xFF,0xFF,0xFF,0xFF,0xFF,0xFF,0xFF,
    0xFF,0xFF,0xFF,0xFF,0xFF,0xFF,0xFF,0xFF,0xFF,0xFF,0xFF,0xFF,0xFF,0xFF,0xFF,0xFF,
    0xFF,0xFF,0xFF,0xFF,0xFF,0xFF,0xFF,0xFF,0xFF,0xFF,0xFF,0xFF,0xFF,0xFF,0xFF,0xFF,
    0xFF,0xFF,0xFF,0xFF,0xFF,0xFF,0xFF,0xFF,0xFF,0xFF,0xFF,0xFF,0xFF,0xFF,0xFF,0xFF,
    0xFF,0xFF,0xFF,0xFF,0xFF,0xFF,0xFF,0xFF,0xFF,0xFF,0xFF,0xFF,0xFF,0xFF,0xFF,0xFF,
    0xFF,0xFF,0xFF,0xFF,0xFF,0xFF,0xFF,0xFF,0xFF,0xFF,0xFF,0xFF,0xFF,0xFF,0xFF,0xFF,
    0xFF,0xFF,0xFF,0xFF,0xFF,0xFF,0xFF,0xFF,0xFF,0xFF,0xFF,0xFF,0xFF,0xFF,0xFF,0xFF,
    0xFF,0xFF,0xFF,0xFF,0xFF,0xFF,0xFF,0xFF,0xFF,0xFF,0xFF,0xFF,0xFF,0xFF,0xFF,0xFF,
    0xFF,0xFF,0xFF,0xFF,0xFF,0xFF,0xFF,0xFF,0xFF,0xFF,0xFF,0xFF,0xFF,0xFF,0xFF,0xFF,
    0xFF,0xFF,0xFF,0xFF,0xFF,0xFF,0xFF,0xFF,0xFF,0xFF,0xFF,0xFF,0xFF,0xFF,0xFF,0xFF,
    0xFF,0xFF,0xFF,0xFF,0xFF,0xFF,0xFF,0xFF,0xFF,0xFF,0xFF,0xFF,0xFF,0xFF,0xFF,0xFF,
    0xFF,0xFF,0xFF,0xFF,0xFF,0xFF,0xFF,0xFF,0xFF,0xFF,0xFF,0xFF,0xFF,0xFF,0xFF,0xFF,
    0xFF,0xFF,0xFF,0xFF,0xFF,0xFF,0xFF,0xFF,0xFF,0xFF,0xFF,0xFF,0xFF,0xFF,0xFF,0xFF,
    0xFF,0xFF,0xFF,0xFF,0xFF,0xFF,0xFF,0xFF,0xFF,0xFF,0xFF,0xFF,0xFF,0xFF,0xFF,0xFF,
    0xFF,0xFF,0xFF,0xFF,0xFF,0xFF,0xFF,0xFF,0xFF,0xFF,0xFF,0xFF,0xFF,0xFF,0xFF,0xFF,
    0xFF,0xFF,0xFF,0xFF,0xFF,0xFF,0xFF,0xFF,0xFF,0xFF,0xFF,0xFF,0xFF,0xFF,0xFF,0xFF,
    0xFF,0xFF,0xFF,0xFF,0xFF,0xFF,0xFF,0xFF,0xFF,0xFF,0xFF,0xFF,0xFF,0xFF,0xFF,0xFF,
    0xFF,0xFF,0xFF,0xFF,0xFF,0xFF,0xFF,0xFF,0xFF,0xFF,0xFF,0xFF,0xFF,0xFF,0xFF,0xFF,
    0xFF,0xFF,0xFF,0xFF,0xFF,0xFF,0xFF,0xFF,0xFF,0xFF,0xFF,0xFF,0xFF,0xFF,0xFF,0xFF,
    0xFF,0xFF,0xFF,0xFF,0xFF,0xFF,0xFF,0xFF,0xFF,0xFF,0xFF,0xFF,0xFF,0xFF,0xFF,0xFF,
    0xFF,0xFF,0xFF,0xFF,0xFF,0xFF,0xFF,0xFF,0xFF,0xFF,0xFF,0xFF,0xFF,0xFF,0xFF,0xFF,
    0xFF,0xFF,0xFF,0xFF,0xFF,0xFF,0xFF,0xFF,0xFF,0xFF,0xFF,0xFF,0xFF,0xFF,0xFF,0xFF,
    0xFF,0xFF,0xFF,0xFF,0xFF,0xFF,0xFF,0xFF,0xFF,0xFF,0xFF,0xFF,0xFF,0xFF,0xFF,0xFF,
    0xFF,0xFF,0xFF,0xFF,0xFF,0xFF,0xFF,0xFF,0xFF,0xFF,0xFF,0xFF,0xFF,0xFF,0xFF,0xFF,
    0xFF,0xFF,0xFF,0xFF,0xFF,0xFF,0xFF,0xFF,0xFF,0xFF,0xFF,0xFF,0xFF,0xFF,0xFF,0xFF,
    0xFF,0xFF,0xFF,0xFF,0xFF,0xFF,0xFF,0xFF,0xFF,0xFF,0xFF,0xFF,0xFF,0xFF,0xFF,0xFF,
    0xFF,0xFF,0xFF,0xFF,0xFF,0xFF,0xFF,0xFF,0xFF,0xFF,0xFF,0xFF,0xFF,0xFF,0xFF,0xFF,
    0xFF,0xFF,0xFF,0xFF,0xFF,0xFF,0xFF,0xFF,0xFF,0xFF,0xFF,0xFF,0xFF,0xFF,0xFF,0xFF,
    0xFF,0xFF,0xFF,0xFF,0xFF,0xFF,0xFF,0xFF,0xFF,0xFF,0xFF,0xFF,0xFF,0xFF,0xFF,0xFF,
    0xFF,0xFF,0xFF,0xFF,0xFF,0xFF,0xFF,0xFF,0xFF,0xFF,0xFF,0xFF,0xFF,0xFF,0xFF,0xFF,
    0xFF,0xFF,0xFF,0xFF,0xFF,0xFF,0xFF,0xFF,0xFF,0xFF,0xFF,0xFF,0xFF,0xFF,0xFF,0xFF,
    0xFF,0xFF,0xFF,0xFF,0xFF,0xFF,0xFF,0xFF,0xFF,0xFF,0xFF,0xFF,0xFF,0xFF,0xFF,0xFF,
    0xFF,0xFF,0xFF,0xFF,0xFF,0xFF,0xFF,0xFF,0xFF,0xFF,0xFF,0xFF,0xFF,0xFF,0xFF,0xFF,
    0xFF,0xFF,0xFF,0xFF,0xFF,0xFF,0xFF,0xFF,0xFF,0xFF,0xFF,0xFF,0xFF,0xFF,0xFF,0xFF,
    0xFF,0xFF,0xFF,0xFF,0xFF,0xFF,0xFF,0xFF,0xFF,0xFF,0xFF,0xFF,0xFF,0xFF,0xFF,0xFF,
    0xFF,0xFF,0xFF,0xFF,0xFF,0xFF,0xFF,0xFF,0xFF,0xFF,0xFF,0xFF,0xFF,0xFF,0xFF,0xFF,
    0xFF,0xFF,0xFF,0xFF,0xFF,0xFF,0xFF,0xFF,0xFF,0xFF,0xFF,0xFF,0xFF,0xFF,0xFF,0xFF,
    0xFF,0xFF,0xFF,0xFF,0xFF,0xFF,0xFF,0xFF,0xFF,0xFF,0xFF,0xFF,0xFF,0xFF,0xFF,0xFF,
    0xFF,0xFF,0xFF,0xFF,0xFF,0xFF,0xFF,0xFF,0xFF,0xFF,0xFF,0xFF,0xFF,0xFF,0xFF,0xFF,
    0xFF,0xFF,0xFF,0xFF,0xFF,0xFF,0xFF,0xFF,0xFF,0xFF,0xFF,0xFF,0xFF,0xFF,0xFF,0xFF,
    0xFF,0xFF,0xFF,0xFF,0xFF,0xFF,0xFF,0xFF,0xFF,0xFF,0xFF,0xFF,0xFF,0xFF,0xFF,0xFF,
    0xFF,0xFF,0xFF,0xFF,0xFF,0xFF,0xFF,0xFF,0xFF,0xFF,0xFF,0xFF,0xFF,0xFF,0xFF,0xFF,
    0xFF,0xFF,0xFF,0xFF,0xFF,0xFF,0xFF,0xFF,0xFF,0xFF,0xFF,0xFF,0xFF,0xFF,0xFF,0xFF,
    0xFF,0xFF,0xFF,0xFF,0xFF,0xFF,0xFF,0xFF,0xFF,0xFF,0xFF,0xFF,0xFF,0xFF,0xFF,0xFF,
    0xFF,0xFF,0xFF,0xFF,0xFF,0xFF,0xFF,0xFF,0xFF,0xFF,0xFF,0xFF,0xFF,0xFF,0xFF,0xFF,
    0xFF,0xFF,0xFF,0xFF,0xFF,0xFF,0xFF,0xFF,0xFF,0xFF,0xFF,0xFF,0xFF,0xFF,0xFF,0xFF,
    0xFF,0xFF,0xFF,0xFF,0xFF,0xFF,0xFF,0xFF,0xFF,0xFF,0xFF,0xFF,0xFF,0xFF,0xFF,0xFF,
    0xFF,0xFF,0xFF,0xFF,0xFF,0xFF,0xFF,0xFF,0xFF,0xFF,0xFF,0xFF,0xFF,0xFF,0xFF,0xFF,
    0xFF,0xFF,0xFF,0xFF,0xFF,0xFF,0xFF,0xFF,0xFF,0xFF,0xFF,0xFF,0xFF,0xFF,0xFF,0xFF,
    0xFF,0xFF,0xFF,0xFF,0xFF,0xFF,0xFF,0xFF,0xFF,0xFF,0xFF,0xFF,0xFF,0xFF,0xFF,0xFF,
    0xFF,0xFF,0xFF,0xFF,0xFF,0xFF,0xFF,0xFF,0xFF,0xFF,0xFF,0xFF,0xFF,0xFF,0xFF,0xFF,
    0xFF,0xFF,0xFF,0xFF,0xFF,0xFF,0xFF,0xFF,0xFF,0xFF,0xFF,0xFF,0xFF,0xFF,0xFF,0xFF,
    0xFF,0xFF,0xFF,0xFF,0xFF,0xFF,0xFF,0xFF,0xFF,0xFF,0xFF,0xFF,0xFF,0xFF,0xFF,0xFF,
    0xFF,0xFF,0xFF,0xFF,0xFF,0xFF,0xFF,0xFF,0xFF,0xFF,0xFF,0xFF,0xFF,0xFF,0xFF,0xFF,
    0xFF,0xFF,0xFF,0xFF,0xFF,0xFF,0xFF,0xFF,0xFF,0xFF,0xFF,0xFF,0xFF,0xFF,0xFF,0xFF,
    0xFF,0xFF,0xFF,0xFF,0xFF,0xFF,0xFF,0xFF,0xFF,0xFF,0xFF,0xFF,0xFF,0xFF,0xFF,0xFF,
    0xFF,0xFF,0xFF,0xFF,0xFF,0xFF,0xFF,0xFF,0xFF,0xFF,0xFF,0xFF,0xFF,0xFF,0xFF,0xFF,
    0xFF,0xFF,0xFF,0xFF,0xFF,0xFF,0xFF,0xFF,0xFF,0xFF,0xFF,0xFF,0xFF,0xFF,0xFF,0xFF,
    0xFF,0xFF,0xFF,0xFF,0xFF,0xFF,0xFF,0xFF,0xFF,0xFF,0xFF,0xFF,0xFF,0xFF,0xFF,0xFF,
    0xFF,0xFF,0xFF,0xFF,0xFF,0xFF,0xFF,0xFF,0xFF,0xFF,0xFF,0xFF,0xFF,0xFF,0xFF,0xFF,
    0xFF,0xFF,0xFF,0xFF,0xFF,0xFF,0xFF,0xFF,0xFF,0xFF,0xFF,0xFF,0xFF,0xFF,0xFF,0xFF,
    0xFF,0xFF,0xFF,0xFF,0xFF,0xFF,0xFF,0xFF,0xFF,0xFF,0xFF,0xFF,0xFF,0xFF,0xFF,0xFF,
    0xFF,0xFF,0xFF,0xFF,0xFF,0xFF,0xFF,0xFF,0xFF,0xFF,0xFF,0xFF,0xFF,0xFF,0xFF,0xFF,
    0xFF,0xFF,0xFF,0xFF,0xFF,0xFF,0xFF,0xFF,0xFF,0xFF,0xFF,0xFF,0xFF,0xFF,0xFF,0xFF,
    0xFF,0xFF,0xFF,0xFF,0xFF,0xFF,0xFF,0xFF,0xFF,0xFF,0xFF,0xFF,0xFF,0xFF,0xFF,0xFF,
    0xFF,0xFF,0xFF,0xFF,0xFF,0xFF,0xFF,0xFF,0xFF,0xFF,0xFF,0xFF,0xFF,0xFF,0xFF,0xFF,
    0xFF,0xFF,0xFF,0xFF,0xFF,0xFF,0xFF,0xFF,0xFF,0xFF,0xFF,0xFF,0xFF,0xFF,0xFF,0xFF,
    0xFF,0xFF,0xFF,0xFF,0xFF,0xFF,0xFF,0xFF,0xFF,0xFF,0xFF,0xFF,0xFF,0xFF,0xFF,0xFF,
    0xFF,0xFF,0xFF,0xFF,0xFF,0xFF,0xFF,0xFF,0xFF,0xFF,0xFF,0xFF,0xFF,0xFF,0xFF,0xFF,
    0xFF,0xFF,0xFF,0xFF,0xFF,0xFF,0xFF,0xFF,0xFF,0xFF,0xFF,0xFF,0xFF,0xFF,0xFF,0xFF,
    0xFF,0xFF,0xFF,0xFF,0xFF,0xFF,0xFF,0xFF,0xFF,0xFF,0xFF,0xFF,0xFF,0xFF,0xFF,0xFF,
    0xFF,0xFF,0xFF,0xFF,0xFF,0xFF,0xFF,0xFF,0xFF,0xFF,0xFF,0xFF,0xFF,0xFF,0xFF,0xFF,
    0xFF,0xFF,0xFF,0xFF,0xFF,0xFF,0xFF,0xFF,0xFF,0xFF,0xFF,0xFF,0xFF,0xFF,0xFF,0xFF,
    0xFF,0xFF,0xFF,0xFF,0xFF,0xFF,0xFF,0xFF,0xFF,0xFF,0xFF,0xFF,0xFF,0xFF,0xFF,0xFF,
    0xFF,0xFF,0xFF,0xFF,0xFF,0xFF,0xFF,0xFF,0xFF,0xFF,0xFF,0xFF,0xFF,0xFF,0xFF,0xFF,
    0xFF,0xFF,0xFF,0xFF,0xFF,0xFF,0xFF,0xFF,0xFF,0xFF,0xFF,0xFF,0xFF,0xFF,0xFF,0xFF,
    0xFF,0xFF,0xFF,0xFF,0xFF,0xFF,0xFF,0xFF,0xFF,0xFF,0xFF,0xFF,0xFF,0xFF,0xFF,0xFF,
    0xFF,0xFF,0xFF,0xFF,0xFF,0xFF,0xFF,0xFF,0xFF,0xFF,0xFF,0xFF,0xFF,0xFF,0xFF,0xFF,
    0xFF,0xFF,0xFF,0xFF,0xFF,0xFF,0xFF,0xFF,0xFF,0xFF,0xFF,0xFF,0xFF,0xFF,0xFF,0xFF,
    0xFF,0xFF,0xFF,0xFF,0xFF,0xFF,0xFF,0xFF,0xFF,0xFF,0xFF,0xFF,0xFF,0xFF,0xFF,0xFF,
    0xFF,0xFF,0xFF,0xFF,0xFF,0xFF,0xFF,0xFF,0xFF,0xFF,0xFF,0xFF,0xFF,0xFF,0xFF,0xFF,
    0xFF,0xFF,0xFF,0xFF,0xFF,0xFF,0xFF,0xFF,0xFF,0xFF,0xFF,0xFF,0xFF,0xFF,0xFF,0xFF,
    0xFF,0xFF,0xFF,0xFF,0xFF,0xFF,0xFF,0xFF,0xFF,0xFF,0xFF,0xFF,0xFF,0xFF,0xFF,0xFF,
    0xFF,0xFF,0xFF,0xFF,0xFF,0xFF,0xFF,0xFF,0xFF,0xFF,0xFF,0xFF,0xFF,0xFF,0xFF,0xFF,
    0xFF,0xFF,0xFF,0xFF,0xFF,0xFF,0xFF,0xFF,0xFF,0xFF,0xFF,0xFF,0xFF,0xFF,0xFF,0xFF,
    0xFF,0xFF,0xFF,0xFF,0xFF,0xFF,0xFF,0xFF,0xFF,0xFF,0xFF,0xFF,0xFF,0xFF,0xFF,0xFF,
    0xFF,0xFF,0xFF,0xFF,0xFF,0xFF,0xFF,0xFF,0xFF,0xFF,0xFF,0xFF,0xFF,0xFF,0xFF,0xFF,
    0xFF,0xFF,0xFF,0xFF,0xFF,0xFF,0xFF,0xFF,0xFF,0xFF,0xFF,0xFF,0xFF,0xFF,0xFF,0xFF,
    0xFF,0xFF,0xFF,0xFF,0xFF,0xFF,0xFF,0xFF,0xFF,0xFF,0xFF,0xFF,0xFF,0xFF,0xFF,0xFF,
    0xFF,0xFF,0xFF,0xFF,0xFF,0xFF,0xFF,0xFF,0xFF,0xFF,0xFF,0xFF,0xFF,0xFF,0xFF,0xFF,
    0xFF,0xFF,0xFF,0xFF,0xFF,0xFF,0xFF,0xFF,0xFF,0xFF,0xFF,0xFF,0xFF,0xFF,0xFF,0xFF,
    0xFF,0xFF,0xFF,0xFF,0xFF,0xFF,0xFF,0xFF,0xFF,0xFF,0xFF,0xFF,0xFF,0xFF,0xFF,0xFF,
    0xFF,0xFF,0xFF,0xFF,0xFF,0xFF,0xFF,0xFF,0xFF,0xFF,0xFF,0xFF,0xFF,0xFF,0xFF,0xFF,
    0xFF,0xFF,0xFF,0xFF,0x26,0x00,0xDD,0xE5,0xDD,0x21,0x77,0x66,0xCD,0xD3,0x8F,0xDD,
    0xE1,0x21,0x77,0x66,0xC9,0x26,0x00,0xDD,0xE5,0xDD,0x21,0x77,0x66,0xCB,0x7D,0x28,
    0x0A,0x7D,0xED,0x44,0x6F,0xDD,0x36,0x00,0x2D,0xDD,0x23,0xCD,0xD3,0x8F,0xDD,0xE1,
    0x21,0x77,0x66,0xC9,0xDD,0xE5,0xDD,0x21,0x77,0x66,0xCD,0xD7,0x8F,0xDD,0xE1,0x21,
    0x77,0x66,0xC9,0xDD,0xE5,0xDD,0x21,0x77,0x66,0xCB,0x7C,0x28,0x09,0xCD,0x4A,0x91,
    0xDD,0x36,0x00,0x2D,0xDD,0x23,0xCD,0xD7,0x8F,0xDD,0xE1,0x21,0x77,0x66,0xC9,0xDD,
    0xE5,0xDD,0x21,0x77,0x66,0xCD,0x6E,0x8F,0xDD,0xE1,0x21,0x77,0x66,0xC9,0xD5,0xD9,
    0xE1,0xD9,0x0E,0x00,0xD9,0x11,0x9A,0x3B,0xD9,0x11,0x00,0xCA,0xCD,0xF5,0x8F,0xD9,
    0x11,0xF5,0x05,0xD9,0x11,0x00,0xE1,0xCD,0xF5,0x8F,0xD9,0x11,0x98,0x00,0xD9,0x11,
    0x80,0x96,0xCD,0xF5,0x8F,0xD9,0x11,0x0F,0x00,0xD9,0x11,0x40,0x42,0xCD,0xF5,0x8F,
    0xD9,0x11,0x01,0x00,0xD9,0x11,0xA0,0x86,0xCD,0xF5,0x8F,0xD9,0x11,0x00,0x00,0xD9,
    0x11,0x10,0x27,0xCD,0xF5,0x8F,0x11,0xE8,0x03,0xCD,0xF5,0x8F,0x11,0x64,0x00,0xCD,
    0xE0,0x8F,0x11,0x0A,0x00,0xCD,0xE0,0x8F,0x7D,0xF6,0x30,0xDD,0x77,0x00,0xDD,0x36,
    0x01,0x00,0xC9,0x0E,0x00,0x18,0xE5,0x0E,0x00,0xD9,0x21,0x00,0x00,0xD9,0x18,0xCB,
    0x3E,0x30,0xB7,0xED,0x52,0x38,0x04,0x3C,0x0C,0x18,0xF8,0x19,0x0C,0x0D,0xC8,0xDD,
    0x77,0x00,0xDD,0x23,0xC9,0x3E,0x30,0xB7,0xED,0x52,0xD9,0xED,0x52,0xD9,0x38,0x04,
    0x3C,0x0C,0x18,0xF4,0x19,0xD9,0xED,0x5A,0xD9,0x0C,0x0D,0xC8,0xDD,0x77,0x00,0xDD,
    0x23,0xC9,0xDD,0xE5,0xDD,0x21,0x77,0x66,0xCB,0x7A,0x28,0x09,0xCD,0x53,0x91,0xDD,
    0x36,0x00,0x2D,0xDD,0x23,0xCD,0x6E,0x8F,0xDD,0xE1,0x21,0x77,0x66,0xC9,0xDD,0xE5,
    0x7D,0xDD,0x21,0x77,0x66,0xCD,0x92,0x90,0xDD,0x36,0x00,0x00,0xDD,0xE1,0x21,0x77,
    0x66,0xC9,0xDD,0xE5,0xDD,0x21,0x77,0x66,0xCD,0x85,0x90,0xDD,0x36,0x00,0x00,0xDD,
    0xE1,0x21,0x77,0x66,0xC9,0xDD,0xE5,0xDD,0x21,0x77,0x66,0xCD,0x68,0x90,0xDD,0x36,
    0x00,0x00,0xDD,0xE1,0x21,0x77,0x66,0xC9,0x0E,0x00,0x7A,0xCD,0xA6,0x90,0x7A,0xCD,
    0xB3,0x90,0x7B,0xCD,0xA6,0x90,0x7B,0xCD,0xB3,0x90,0x7C,0xCD,0xA6,0x90,0x7C,0xCD,
    0xB3,0x90,0x7D,0x18,0x0F,0x0E,0x00,0x7C,0xCD,0xA6,0x90,0x7C,0xCD,0xB3,0x90,0x7D,
    0x18,0x02,0x0E,0x00,0xF5,0xCD,0xA6,0x90,0xF1,0xF6,0xF0,0x27,0xC6,0xA0,0xCE,0x40,
    0xDD,0x77,0x00,0xDD,0x23,0xC9,0x1F,0x1F,0x1F,0x1F,0xF6,0xF0,0x27,0xC6,0xA0,0xCE,
    0x40,0x18,0x07,0xF6,0xF0,0x27,0xC6,0xA0,0xCE,0x40,0xFE,0x30,0x28,0x01,0x0C,0x0C,
    0x0D,0xC8,0xDD,0x77,0x00,0xDD,0x23,0xC9,0xCD,0x04,0x8F,0xC3,0x62,0x82,0xCD,0x15,
    0x8F,0xC3,0x62,0x82,0xCD,0x34,0x8F,0xC3,0x62,0x82,0xCD,0x43,0x8F,0xC3,0x62,0x82,
    0xCD,0x12,0x90,0xC3,0x62,0x82,0xCD,0x5F,0x8F,0xC3,0x62,0x82,0xCD,0x2E,0x90,0xC3,
    0x62,0x82,0xCD,0x42,0x90,0xC3,0x62,0x82,0xCD,0x55,0x90,0xC3,0x62,0x82,0x7E,0xFE,
    0x2D,0x20,0x01,0x23,0x08,0xCD,0x0D,0x91,0x08,0xC0,0xC3,0x53,0x91,0xE5,0xDD,0xE1,
    0x2E,0x00,0x65,0x5D,0x55,0xDD,0x7E,0x00,0xD6,0x30,0xFE,0x0A,0xD0,0xDD,0x23,0xCD,
    0x31,0x91,0x0E,0x00,0x85,0x6F,0x7C,0x89,0x67,0x7B,0x89,0x5F,0x7A,0x89,0x57,0x18,
    0xE4,0x29,0xCB,0x13,0xCB,0x12,0xD5,0xE5,0x29,0xCB,0x13,0xCB,0x12,0x29,0xCB,0x13,
    0xCB,0x12,0xC1,0x09,0xEB,0xC1,0xED,0x4A,0xEB,0xC9,0x7D,0xED,0x44,0x6F,0x3E,0x00,
    0x9C,0x67,0xC9,0x7D,0xED,0x44,0x6F,0x3E,0x00,0x9C,0x67,0x3E,0x00,0x9B,0x5F,0x3E,
    0x00,0x9A,0x57,0xC9,0xDD,0xE5,0xDD,0x21,0x04,0x00,0xDD,0x39,0xDD,0x6E,0x00,0xDD,
    0x66,0x01,0xAF,0x32,0x5E,0x93,0x3E,0x20,0x32,0x5F,0x93,0xDD,0x23,0xDD,0x23,0x7E,
    0xB7,0xCA,0x5B,0x93,0x23,0xFE,0x25,0x20,0x4E,0x7E,0xB7,0xCA,0x5B,0x93,0xFE,0x3A,
    0x30,0x1A,0xFE,0x30,0x38,0x41,0x20,0x05,0x3E,0x30,0x32,0x5F,0x93,0xDD,0xE5,0xCD,
    0x0D,0x91,0x7D,0x32,0x5E,0x93,0xDD,0xE5,0xE1,0xDD,0xE1,0x7E,0x23,0xFE,0x6C,0xCA,
    0xDF,0x91,0xFE,0x75,0xCA,0xA4,0x92,0xFE,0x64,0xCA,0xB5,0x92,0xFE,0x78,0xCA,0x78,
    0x92,0xFE,0x58,0xCA,0x78,0x92,0xFE,0x73,0xCA,0xF7,0x91,0xFE,0x6D,0x28,0x36,0xFE,
    0x63,0xC2,0xD7,0x91,0xDD,0x7E,0x00,0xE5,0x6F,0xCD,0xB5,0x81,0xE1,0x18,0xA0,0x7E,
    0x23,0xFE,0x75,0xCA,0xC6,0x92,0xFE,0x64,0xCA,0xE1,0x92,0xFE,0x78,0xCA,0x89,0x92,
    0xFE,0x58,0xCA,0x89,0x92,0x18,0xE0,0xE5,0xDD,0x6E,0x00,0xDD,0x66,0x01,0xCD,0x62,
    0x82,0xE1,0xC3,0x72,0x91,0x7E,0x23,0xFE,0x78,0x28,0x02,0x18,0xCA,0x7E,0x23,0x32,
    0x20,0x92,0xFE,0x62,0x28,0x0B,0xFE,0x77,0x28,0x07,0xFE,0x64,0x28,0x03,0x18,0xB7,
    0x00,0xE5,0xDD,0x6E,0x00,0xDD,0x66,0x01,0xDD,0x23,0xDD,0x23,0xDD,0x4E,0x00,0xDD,
    0x46,0x01,0xDD,0xE5,0xE5,0xDD,0xE1,0x78,0xB1,0x28,0x37,0xC5,0x11,0x00,0x00,0x63,
    0xDD,0x6E,0x00,0xDD,0x23,0x3A,0x20,0x92,0xFE,0x62,0x28,0x13,0xDD,0x66,0x00,0xDD,
    0x23,0xFE,0x77,0x28,0x0A,0xDD,0x5E,0x00,0xDD,0x23,0xDD,0x56,0x00,0xDD,0x23,0xDD,
    0xE5,0xCD,0x55,0x90,0xCD,0x3E,0x93,0x2E,0x20,0xCD,0xB5,0x81,0xDD,0xE1,0xC1,0x0B,
    0x18,0xC5,0xDD,0xE1,0xE1,0xC3,0x72,0x91,0xE5,0xDD,0x6E,0x00,0xDD,0x66,0x01,0xCD,
    0x42,0x90,0xCD,0x3E,0x93,0xE1,0xC3,0x72,0x91,0xE5,0xDD,0x6E,0x00,0xDD,0x66,0x01,
    0xDD,0x23,0xDD,0x23,0xDD,0x5E,0x00,0xDD,0x56,0x01,0xCD,0x55,0x90,0xCD,0x3E,0x93,
    0xE1,0xC3,0x72,0x91,0xE5,0xDD,0x6E,0x00,0xDD,0x66,0x01,0xCD,0x34,0x8F,0xCD,0x3E,
    0x93,0xE1,0xC3,0x72,0x91,0xE5,0xDD,0x6E,0x00,0xDD,0x66,0x01,0xCB,0x7C,0xC4,0x4A,
    0x91,0xCD,0x34,0x8F,0x18,0x34,0xE5,0xDD,0x6E,0x00,0xDD,0x66,0x01,0xDD,0x23,0xDD,
    0x23,0xDD,0x5E,0x00,0xDD,0x56,0x01,0xCD,0x5F,0x8F,0xCD,0x3E,0x93,0xE1,0xC3,0x72,
    0x91,0xE5,0xDD,0x6E,0x00,0xDD,0x66,0x01,0xDD,0x23,0xDD,0x23,0xDD,0x5E,0x00,0xDD,
    0x56,0x01,0xCB,0x7A,0xC4,0x53,0x91,0xCD,0x5F,0x8F,0xE5,0xCD,0x81,0x83,0x3A,0x5F,
    0x93,0xFE,0x20,0x28,0x10,0xDD,0xCB,0x01,0x7E,0xC4,0x32,0x93,0x3A,0x5E,0x93,0x90,
    0xD4,0x4D,0x93,0x18,0x15,0x3A,0x5E,0x93,0xDD,0xCB,0x01,0x7E,0x28,0x01,0x04,0x90,
    0xD4,0x4D,0x93,0xDD,0xCB,0x01,0x7E,0xC4,0x32,0x93,0xE1,0xCD,0x62,0x82,0xE1,0xC3,
    0x72,0x91,0x04,0xE5,0xC5,0x3E,0x2D,0x6F,0xCD,0xB5,0x81,0xC1,0xE1,0xC9,0xE5,0xCD,
    0x81,0x83,0x3A,0x5E,0x93,0x90,0xD4,0x4D,0x93,0xE1,0xC3,0x62,0x82,0xC8,0x47,0xC5,
    0x3A,0x5F,0x93,0x6F,0xCD,0xB5,0x81,0xC1,0x10,0xF5,0xC9,0xDD,0xE1,0xC9,0x00,0x00,
    0x00,0x08,0x00,0x00,0x00,0x00,0x00,0x00,0x00,0x00,0xFF,0xC0,0xC0,0xC0,0xC0,0xC0,
    0xC0,0xC0,0xFF,0x00,0x00,0x00,0x00,0x00,0x00,0x00,0xFF,0x03,0x03,0x03,0x03,0x03,
    0x03,0x03,0xC0,0xC0,0xC0,0xC0,0xC0,0xC0,0xC0,0xC0,0x03,0x03,0x03,0x03,0x03,0x03,
    0x03,0x03,0xC0,0xC0,0xC0,0xC0,0xC0,0xC0,0xC0,0xFF,0x00,0x00,0x00,0x00,0x00,0x00,
    0x00,0xFF,0x03,0x03,0x03,0x03,0x03,0x03,0x03,0xFF,0xC0,0xC0,0xC0,0xFF,0xC0,0xC0,
    0xC0,0xC0,0x03,0x03,0x03,0xFF,0x03,0x03,0x03,0x03,0xFF,0x18,0x18,0x18,0x18,0x18,
    0x18,0x18,0x18,0x18,0x18,0x18,0x18,0x18,0x18,0xFF,0x01,0x03,0x07,0x0F,0x1F,0x3F,
    0x7F,0xFF,0x00,0x00,0x00,0x00,0x00,0x00,0x00,0x00,0x00,0x00,0x00,0x00,0x00,0x00,
    0x00,0x00,0x00,0x01,0x03,0x07,0x0F,0x1C,0x38,0x78,0x00,0x00,0x80,0xC0,0xE0,0x70,
    0x38,0x3C,0x00,0x00,0x00,0x00,0x00,0x00,0x00,0x00,0x00,0x00,0x00,0x00,0x00,0x00,
    0x00,0x00,0x00,0x00,0x00,0x00,0x00,0x00,0x00,0x00,0x00,0x01,0x03,0x07,0x0F,0x1F,
    0x3F,0x7F,0xF8,0xF8,0xF8,0xF8,0xF8,0xF8,0xF8,0xFC,0x3E,0x3F,0x3F,0x3F,0x3F,0x3F,
    0x3F,0x7F,0x00,0x00,0x80,0xC0,0xE0,0xF0,0xF8,0xFC,0x00,0x00,0x00,0x00,0x00,0x00,
    0x00,0x00,0x00,0x01,0x03,0x07,0x0F,0x1F,0x3F,0x00,0xFF,0xFF,0xFF,0xFF,0xFF,0xFF,
    0xFF,0x00,0xFF,0xFF,0xFC,0xF8,0xFC,0xFF,0xFF,0x00,0xFF,0xFF,0x7F,0x3F,0x7F,0xFF,
    0xFF,0x00,0xFE,0xFF,0xFF,0xFF,0xFF,0xFF,0xFF,0x00,0x00,0x00,0x80,0xC0,0xE0,0xF0,
    0xF8,0x00,0x00,0x00,0x00,0x00,0x00,0x00,0x00,0x00,0x00,0x30,0x30,0x30,0x30,0x00,
    0x30,0x00,0x00,0x6C,0x24,0x48,0x00,0x00,0x00,0x00,0x00,0x24,0x7E,0x24,0x24,0x7E,
    0x24,0x00,0x18,0x3E,0x60,0x3C,0x06,0x7C,0x18,0x00,0x63,0x66,0x0C,0x18,0x30,0x66,
    0xC6,0x00,0x00,0x18,0x34,0x18,0x2C,0x66,0x3A,0x00,0x00,0x18,0x08,0x10,0x00,0x00,
    0x00,0x00,0x06,0x0C,0x18,0x18,0x18,0x0C,0x06,0x00,0x60,0x30,0x18,0x18,0x18,0x30,
    0x60,0x00,0x00,0x24,0x18,0x7E,0x18,0x24,0x00,0x00,0x00,0x18,0x18,0x7E,0x18,0x18,
    0x00,0x00,0x00,0x00,0x00,0x00,0x00,0x00,0x18,0x30,0x00,0x00,0x00,0x7C,0x00,0x00,
    0x00,0x00,0x00,0x00,0x00,0x00,0x00,0x00,0x30,0x00,0x03,0x06,0x0C,0x18,0x30,0x60,
    0xC0,0x00,0x00,0x3C,0x66,0x6E,0x76,0x66,0x3C,0x00,0x00,0x18,0x38,0x18,0x18,0x18,
    0x18,0x00,0x00,0x3C,0x66,0x06,0x3C,0x60,0x7E,0x00,0x00,0x3C,0x66,0x0C,0x06,0x66,
    0x3C,0x00,0x00,0x66,0x66,0x66,0x7E,0x06,0x06,0x00,0x00,0x7E,0x60,0x7C,0x06,0x66,
    0x3C,0x00,0x00,0x3C,0x60,0x7C,0x66,0x66,0x3C,0x00,0x00,0x7E,0x06,0x06,0x0C,0x18,
    0x18,0x00,0x00,0x3C,0x66,0x3C,0x66,0x66,0x3C,0x00,0x00,0x3C,0x66,0x66,0x3E,0x06,
    0x3C,0x00,0x00,0x00,0x30,0x00,0x00,0x30,0x00,0x00,0x00,0x00,0x30,0x00,0x00,0x30,
    0x10,0x20,0x06,0x0C,0x18,0x30,0x18,0x0C,0x06,0x00,0x00,0x00,0x3C,0x00,0x3C,0x00,
    0x00,0x00,0x60,0x30,0x18,0x0C,0x18,0x30,0x60,0x00,0x00,0x3C,0x66,0x06,0x1C,0x00,
    0x18,0x00,0x00,0x3C,0x66,0x5A,0x5E,0x60,0x3C,0x00,0x00,0x3C,0x66,0x66,0x7E,0x66,
    0x66,0x00,0x00,0x7C,0x66,0x7C,0x66,0x66,0x7C,0x00,0x00,0x3C,0x66,0x60,0x60,0x66,
    0x3C,0x00,0x00,0x7C,0x66,0x66,0x66,0x66,0x7C,0x00,0x00,0x7E,0x60,0x78,0x60,0x60,
    0x7E,0x00,0x00,0x7E,0x60,0x60,0x7C,0x60,0x60,0x00,0x00,0x3C,0x66,0x60,0x6E,0x66,
    0x3E,0x00,0x00,0x66,0x66,0x7E,0x66,0x66,0x66,0x00,0x00,0x3C,0x18,0x18,0x18,0x18,
    0x3C,0x00,0x00,0x06,0x06,0x06,0x06,0x66,0x3C,0x00,0x00,0x66,0x6C,0x78,0x6C,0x66,
    0x66,0x00,0x00,0x60,0x60,0x60,0x60,0x60,0x7E,0x00,0x00,0x82,0xC6,0xEE,0xD6,0xC6,
    0xC6,0x00,0x00,0x46,0x66,0x76,0x6E,0x66,0x62,0x00,0x00,0x3C,0x66,0x66,0x66,0x66,
    0x3C,0x00,0x00,0x7C,0x66,0x66,0x7C,0x60,0x60,0x00,0x00,0x3C,0x66,0x66,0x66,0x6E,
    0x3C,0x06,0x00,0x7C,0x66,0x66,0x7C,0x66,0x66,0x00,0x00,0x3C,0x60,0x3C,0x06,0x66,
    0x3C,0x00,0x00,0x7E,0x18,0x18,0x18,0x18,0x18,0x00,0x00,0x66,0x66,0x66,0x66,0x66,
    0x3C,0x00,0x00,0x66,0x66,0x66,0x66,0x24,0x18,0x00,0x00,0xC6,0xC6,0xC6,0xD6,0xEE,
    0x44,0x00,0x00,0x66,0x66,0x3C,0x66,0x66,0x66,0x00,0x00,0x66,0x66,0x66,0x3C,0x18,
    0x18,0x00,0x00,0x7E,0x0C,0x18,0x30,0x60,0x7E,0x00,0x1E,0x18,0x18,0x18,0x18,0x18,
    0x1E,0x00,0xC0,0x60,0x30,0x18,0x0C,0x06,0x03,0x00,0x78,0x18,0x18,0x18,0x18,0x18,
    0x78,0x00,0x00,0x18,0x3C,0x66,0x00,0x00,0x00,0x00,0x00,0x00,0x00,0x00,0x00,0x00,
    0x00,0xFF,0x00,0x18,0x10,0x08,0x00,0x00,0x00,0x00,0x00,0x00,0x3C,0x06,0x3E,0x66,
    0x3E,0x00,0x00,0x60,0x60,0x7C,0x66,0x66,0x7C,0x00,0x00,0x00,0x3C,0x66,0x60,0x66,
    0x3C,0x00,0x00,0x06,0x06,0x3E,0x66,0x66,0x3E,0x00,0x00,0x00,0x3C,0x66,0x7E,0x60,
    0x3C,0x00,0x00,0x1C,0x36,0x30,0x78,0x30,0x30,0x00,0x00,0x00,0x3E,0x66,0x66,0x3E,
    0x06,0x3C,0x00,0x60,0x60,0x7C,0x66,0x66,0x66,0x00,0x00,0x18,0x00,0x38,0x18,0x18,
    0x3C,0x00,0x00,0x0C,0x00,0x0C,0x0C,0x0C,0x0C,0x38,0x00,0x60,0x66,0x6C,0x78,0x6C,
    0x66,0x00,0x00,0x30,0x30,0x30,0x30,0x30,0x1C,0x00,0x00,0x00,0xFC,0xD6,0xD6,0xD6,
    0xD6,0x00,0x00,0x00,0x7C,0x66,0x66,0x66,0x66,0x00,0x00,0x00,0x3C,0x66,0x66,0x66,
    0x3C,0x00,0x00,0x00,0x7C,0x66,0x66,0x7C,0x60,0x60,0x00,0x00,0x3E,0x66,0x66,0x3E,
    0x06,0x06,0x00,0x00,0x3C,0x60,0x60,0x60,0x60,0x00,0x00,0x00,0x3C,0x60,0x3C,0x06,
    0x7C,0x00,0x00,0x30,0x78,0x30,0x30,0x30,0x1C,0x00,0x00,0x00,0x66,0x66,0x66,0x66,
    0x3E,0x00,0x00,0x00,0x66,0x66,0x66,0x24,0x18,0x00,0x00,0x00,0xC6,0xC6,0xD6,0xEE,
    0x44,0x00,0x00,0x00,0x66,0x66,0x3C,0x66,0x66,0x00,0x00,0x00,0x66,0x66,0x66,0x3E,
    0x06,0x3C,0x00,0x00,0x7E,0x0C,0x18,0x30,0x7E,0x00,0x1C,0x30,0x30,0xE0,0x30,0x30,
    0x1C,0x00,0x18,0x18,0x18,0x18,0x18,0x18,0x18,0x00,0x70,0x18,0x18,0x0E,0x18,0x18,
    0x70,0x00,0x00,0x34,0x58,0x00,0x00,0x00,0x00,0x00,0x3C,0x42,0x99,0xA1,0xA1,0x99,
    0x42,0x3C,0x00,0x3C,0x66,0x66,0x7E,0x66,0x66,0x00,0x00,0x7C,0x60,0x7C,0x66,0x66,
    0x7C,0x00,0x00,0x7C,0x66,0x7C,0x66,0x66,0x7C,0x00,0x00,0x7E,0x60,0x60,0x60,0x60,
    0x60,0x00,0x00,0x1E,0x36,0x66,0x66,0x66,0xFF,0xC3,0x00,0x7E,0x60,0x78,0x60,0x60,
    0x7E,0x00,0x00,0xD6,0xD6,0x7C,0x7C,0xD6,0xD6,0x00,0x00,0x3C,0x66,0x0C,0x06,0x66,
    0x3C,0x00,0x00,0x62,0x66,0x6E,0x76,0x66,0x46,0x00,0x04,0x6A,0x66,0x6E,0x76,0x66,
    0x46,0x00,0x00,0x66,0x6C,0x78,0x6C,0x66,0x66,0x00,0x00,0x1E,0x36,0x66,0x66,0x66,
    0x66,0x00,0x00,0x82,0xC6,0xEE,0xD6,0xC6,0xC6,0x00,0x00,0x66,0x66,0x7E,0x66,0x66,
    0x66,0x00,0x00,0x3C,0x66,0x66,0x66,0x66,0x3C,0x00,0x00,0x7E,0x66,0x66,0x66,0x66,
    0x66,0x00,0x00,0x7C,0x66,0x66,0x7C,0x60,0x60,0x00,0x00,0x3C,0x66,0x60,0x60,0x66,
    0x3C,0x00,0x00,0x7E,0x18,0x18,0x18,0x18,0x18,0x00,0x00,0x66,0x66,0x66,0x3E,0x06,
    0x3C,0x00,0x00,0x7C,0xD6,0xD6,0xD6,0x7C,0x10,0x00,0x00,0x66,0x66,0x3C,0x66,0x66,
    0x66,0x00,0x00,0x66,0x66,0x66,0x66,0x66,0x7F,0x01,0x00,0x66,0x66,0x66,0x3E,0x06,
    0x06,0x00,0x00,0xD6,0xD6,0xD6,0xD6,0xD6,0xFE,0x00,0x00,0xD6,0xD6,0xD6,0xD6,0xD6,
    0xFF,0x01,0x00,0xE0,0x60,0x7C,0x66,0x66,0x7C,0x00,0x00,0xC6,0xC6,0xF6,0xDE,0xDE,
    0xF6,0x00,0x00,0x60,0x60,0x7C,0x66,0x66,0x7C,0x00,0x00,0x3C,0x66,0x0E,0x06,0x66,
    0x3C,0x00,0x00,0xCE,0xDB,0xFB,0xDB,0xDB,0xCE,0x00,0x00,0x3E,0x66,0x66,0x3E,0x66,
    0x66,0x00,0x00,0x00,0x3C,0x06,0x3E,0x66,0x3E,0x00,0x00,0x3C,0x60,0x3C,0x66,0x66,
    0x3C,0x00,0x00,0x00,0x7C,0x66,0x7C,0x66,0x7C,0x00,0x00,0x00,0x3C,0x06,0x3C,0x60,
    0x3E,0x00,0x00,0x3C,0x06,0x3E,0x66,0x66,0x3C,0x00,0x00,0x00,0x3C,0x66,0x7E,0x60,
    0x3C,0x00,0x00,0x00,0xD6,0x7C,0x7C,0xD6,0xD6,0x00,0x00,0x00,0x3C,0x66,0x0C,0x66,
    0x3C,0x00,0x00,0x00,0x62,0x66,0x6E,0x76,0x66,0x00,0x00,0x04,0x6A,0x66,0x6E,0x76,
    0x66,0x00,0x00,0x00,0x66,0x6C,0x78,0x6C,0x66,0x00,0x00,0x00,0x1E,0x36,0x66,0x66,
    0x66,0x00,0x00,0x00,0x82,0xC6,0xEE,0xD6,0xC6,0x00,0x00,0x00,0x66,0x66,0x7E,0x66,
    0x66,0x00,0x00,0x00,0x3C,0x66,0x66,0x66,0x3C,0x00,0x00,0x00,0x7E,0x66,0x66,0x66,
    0x66,0x00,0x22,0x88,0x22,0x88,0x22,0x88,0x22,0x88,0x55,0xAA,0x55,0xAA,0x55,0xAA,
    0x55,0xAA,0x77,0xDD,0x77,0xDD,0x77,0xDD,0x77,0xDD,0x18,0x18,0x18,0x18,0x18,0x18,
    0x18,0x18,0x18,0x18,0x18,0xF8,0x18,0x18,0x18,0x18,0x18,0x18,0xF8,0x18,0xF8,0x18,
    0x18,0x18,0x66,0x66,0x66,0xE6,0x66,0x66,0x66,0x66,0x00,0x00,0x00,0xFE,0x66,0x66,
    0x66,0x66,0x00,0x00,0xF8,0x18,0xF8,0x18,0x18,0x18,0x00,0x7F,0xF0,0xEF,0xDF,0xBF,
    0xFF,0x00,0x00,0xF0,0x00,0xFE,0xFC,0xF8,0xF0,0x00,0x00,0x00,0xFF,0xFF,0xFF,0xFF,
    0xFF,0x00,0x7C,0xFC,0x00,0xFC,0xFC,0xFC,0xFC,0x00,0x1E,0x1E,0x1E,0x1F,0x1F,0x1F,
    0x1F,0x00,0x60,0x70,0x00,0xF8,0xF8,0xF8,0xF8,0x00,0x00,0x00,0x00,0xF8,0x18,0x18,
    0x18,0x18,0x18,0x18,0x18,0x1F,0x00,0x00,0x00,0x00,0x18,0x18,0x18,0xFF,0x00,0x00,
    0x00,0x00,0x00,0x00,0x00,0xFF,0x18,0x18,0x18,0x18,0x18,0x18,0x18,0x1F,0x18,0x18,
    0x18,0x18,0x00,0x00,0x00,0xFF,0x00,0x00,0x00,0x00,0x18,0x18,0x18,0xFF,0x18,0x18,
    0x18,0x18,0x18,0x18,0x1F,0x18,0x1F,0x18,0x18,0x18,0x66,0x66,0x66,0x67,0x66,0x66,
    0x66,0x66,0x66,0x66,0x67,0x60,0x7F,0x00,0x00,0x00,0x00,0x00,0x7F,0x60,0x67,0x66,
    0x66,0x66,0x66,0x66,0xE7,0x00,0xFF,0x00,0x00,0x00,0x00,0x00,0xFF,0x00,0xE7,0x66,
    0x66,0x66,0x66,0x66,0x67,0x60,0x67,0x66,0x66,0x66,0x00,0x00,0xFF,0x00,0xFF,0x00,
    0x00,0x00,0x66,0x66,0xE7,0x00,0xE7,0x66,0x66,0x66,0x18,0x18,0xFF,0x00,0xFF,0x00,
    0x00,0x00,0x00,0x07,0x18,0x30,0x30,0x18,0x07,0x00,0x00,0xE0,0x18,0x0C,0x0C,0x18,
    0xE0,0x00,0x00,0x07,0x18,0x33,0x33,0x18,0x07,0x00,0x00,0xE0,0x18,0xCC,0xCC,0x18,
    0xE0,0x00,0x00,0x3F,0x30,0x30,0x30,0x30,0x3F,0x00,0x00,0xFC,0x0C,0x0C,0x0C,0x0C,
    0xFC,0x00,0x00,0x3F,0x30,0x2C,0x36,0x33,0x3D,0x00,0x03,0xF6,0x0C,0x18,0x34,0x6C,
    0xDC,0x80,0x01,0x03,0x07,0x0F,0x1F,0x3F,0x7F,0xFF,0x18,0x18,0x18,0xF8,0x00,0x00,
    0x00,0x00,0x00,0x00,0x00,0x1F,0x18,0x18,0x18,0x18,0xFF,0xFF,0xFF,0xFF,0xFF,0xFF,
    0xFF,0xFF,0x00,0x00,0x00,0x00,0xFF,0xFF,0xFF,0xFF,0xF0,0xF0,0xF0,0xF0,0xF0,0xF0,
    0xF0,0xF0,0x0F,0x0F,0x0F,0x0F,0x0F,0x0F,0x0F,0x0F,0xFF,0xFF,0xFF,0xFF,0x00,0x00,
    0x00,0x00,0x00,0x00,0x7C,0x66,0x66,0x7C,0x60,0x60,0x00,0x00,0x3C,0x66,0x60,0x66,
    0x3C,0x00,0x00,0x00,0x7E,0x18,0x18,0x18,0x18,0x00,0x00,0x00,0x66,0x66,0x66,0x3E,
    0x06,0x3C,0x00,0x00,0x7C,0xD6,0xD6,0x7C,0x10,0x10,0x00,0x00,0x66,0x66,0x3C,0x66,
    0x66,0x00,0x00,0x00,0x66,0x66,0x66,0x66,0x7F,0x01,0x00,0x00,0x66,0x66,0x3E,0x06,
    0x06,0x00,0x00,0x00,0xD6,0xD6,0xD6,0xD6,0xFE,0x00,0x00,0x00,0xD6,0xD6,0xD6,0xD6,
    0xFF,0x01,0x00,0x00,0xE0,0x60,0x7C,0x66,0x7C,0x00,0x00,0x00,0xC6,0xC6,0xF6,0xDE,
    0xF6,0x00,0x00,0x00,0x60,0x60,0x7C,0x66,0x7C,0x00,0x00,0x00,0x3C,0x66,0x0E,0x66,
    0x3C,0x00,0x00,0x00,0xCE,0xDB,0xFB,0xDB,0xCE,0x00,0x00,0x00,0x3E,0x66,0x3E,0x66,
    0x66,0x00,0x24,0x7E,0x60,0x78,0x60,0x60,0x7E,0x00,0x00,0x24,0x3C,0x66,0x7E,0x60,
    0x3C,0x00,0x3F,0x3F,0x3E,0x3C,0x38,0x30,0x3F,0x3F,0xFF,0x7F,0x3F,0x1F,0x0F,0x07,
    0xFF,0xFF,0x3F,0x3F,0x30,0x38,0x3C,0x3E,0x3F,0x3F,0xFF,0xFF,0x07,0x0F,0x1F,0x3F,
    0x7F,0xFF,0x00,0x18,0x00,0x7E,0x00,0x18,0x00,0x00,0x00,0x76,0xDC,0x00,0x76,0xDC,
    0x00,0x00,0x00,0x3C,0x66,0x3C,0x00,0x00,0x00,0x00,0x00,0x18,0x3C,0x18,0x00,0x00,
    0x00,0x00,0x00,0x00,0x00,0x00,0x18,0x00,0x00,0x00,0x0E,0x0E,0x0C,0x0C,0x6C,0x3C,
    0x1C,0x00,0x8F,0xCD,0xEF,0xFC,0xDC,0xCC,0xCC,0x00,0x38,0x6C,0x18,0x30,0x7C,0x00,
    0x00,0x00,0x00,0x00,0x3C,0x3C,0x3C,0x3C,0x00,0x00,0xAA,0x54,0xAA,0x54,0xAA,0x54,
    0xAA,0x00,0x21,0x02,0x00,0x39,0x7E,0x23,0x01,0xAF,0x13,0xED,0x79,0x01,0xAF,0x19,
    0xED,0x79,0x7E,0xE6,0x0F,0x87,0x87,0x87,0x87,0x32,0xB4,0x9B,0x21,0xB6,0x9B,0x11,
    0x00,0xC0,0x3E,0x30,0xD5,0xED,0xA0,0xED,0xA0,0xED,0xA0,0xED,0xA0,0xD1,0x14,0x3D,
    0x20,0xF2,0x3C,0x32,0xB5,0x9B,0x01,0xDF,0xFB,0xED,0x78,0x32,0xAE,0x9B,0x01,0xDF,
    0xFF,0xED,0x78,0x32,0xAF,0x9B,0xC9,0xFF,0xFF,0xFF,0xFF,0xFF,0xFF,0xFF,0x00,0x00,
    0x00,0x00,0x00,0x00,0x00,0x00,0x80,0x00,0x00,0x00,0x88,0x00,0x00,0x00,0x8F,0x80,
    0x00,0x00,0x8F,0xF8,0x00,0x00,0x8F,0xFF,0x80,0x00,0x8F,0xFF,0xF8,0x00,0x8F,0xFF,
    0xFF,0x80,0x8F,0xFF,0x88,0x80,0x8F,0x88,0x00,0x00,0x88,0x00,0x00,0x00,0x00,0x00,
    0x00,0x00,0x00,0x00,0x00,0x00,0x00,0x00,0x00,0x00,0x00,0x00,0x00,0x00,0x00,0x00,
    0x00,0x00,0x00,0x00,0x00,0x00,0x80,0x00,0x00,0x00,0x88,0x00,0x00,0x00,0x8F,0x80,
    0x00,0x00,0x8F,0xF8,0x00,0x00,0x8F,0xFF,0x80,0x00,0x8F,0xFF,0xF8,0x00,0x8F,0xFF,
    0xFF,0x80,0x8F,0xFF,0x88,0x80,0x8F,0x88,0x00,0x00,0x88,0x00,0x88,0x00,0x00,0x08,
    0xFF,0x80,0x00,0x08,0xFF,0x80,0x00,0x00,0x88,0x00,0x00,0x00,0x00,0x00,0x00,0x00,
    0x00,0x00,0x00,0x00,0x00,0x00,0x80,0x00,0x00,0x00,0x88,0x00,0x00,0x00,0x8F,0x80,
    0x00,0x00,0x8F,0xF8,0x00,0x00,0x8F,0xFF,0x80,0x00,0x8F,0xFF,0xF8,0x00,0x8F,0xFF,
    0xFF,0x80,0x8F,0xFF,0x88,0x80,0x8F,0x88,0x00,0x00,0x88,0x00,0x0F,0x0F,0x00,0x00,
    0x00,0xF0,0x00,0x00,0x00,0xF0,0x00,0x00,0x00,0xF0,0x00,0x00,0x00,0xF0,0x00,0x00,
    0x0F,0x0F,0x00,0x00,0x00,0x00,0x2A,0x59,0xB9,0xC9,0x2A,0x5B,0xB9,0xC9,0xFD,0x21,
    0x5D,0xB9,0xFD,0x6E,0x00,0xC9,0x2A,0x59,0xB9,0xCB,0x3C,0xCB,0x1D,0xCB,0x3C,0xCB,
    0x1D,0xC9,0x2A,0x5B,0xB9,0xCB,0x3C,0xCB,0x1D,0xCB,0x3C,0xCB,0x1D,0xCB,0x3C,0xCB,
    0x1D,0xC9,0x3A,0xB5,0x9B,0xB7,0xC8,0xE5,0x01,0xDF,0xFA,0xED,0x58,0x7B,0x0F,0x0F,
    0x0F,0x0F,0xE6,0x0F,0x32,0x5D,0xB9,0x7B,0xE6,0x0F,0x32,0xB0,0x9B,0xE6,0x01,0x32,
    0xB1,0x9B,0x7B,0xE6,0x02,0x32,0xB2,0x9B,0x7B,0xE6,0x04,0x32,0xB3,0x9B,0x01,0xDF,
    0xFB,0x3A,0xAE,0x9B,0x5F,0xED,0x78,0x32,0xAE,0x9B,0x93,0x5F,0x07,0x9F,0x57,0x2A,
    0x59,0xB9,0x19,0x11,0x00,0xFF,0xED,0x52,0x19,0x38,0x03,0x21,0x00,0x00,0x11,0xC1,
    0xFE,0x19,0xED,0x52,0x30,0x03,0x21,0x3F,0x01,0x22,0x59,0xB9,0x01,0xDF,0xFF,0x3A,
    0xAF,0x9B,0x5F,0xED,0x78,0x32,0xAF,0x9B,0x93,0x5F,0xAF,0x93,0x5F,0x07,0x9F,0x57,
    0x2A,0x5B,0xB9,0x19,0x11,0x00,0xFF,0xED,0x52,0x19,0x38,0x03,0x21,0x00,0x00,0x11,
    0x11,0xFF,0x19,0xED,0x52,0x30,0x03,0x21,0xEF,0x00,0x22,0x5B,0xB9,0x11,0xA8,0x9B,
    0x2A,0x5B,0xB9,0x7D,0x12,0x13,0x7C,0xE6,0x01,0xF6,0x62,0x12,0x13,0x2A,0x59,0xB9,
    0x7D,0x12,0x13,0x7C,0xE6,0x01,0x12,0x13,0xE1,0xAF,0xCB,0x3D,0x1F,0x12,0x13,0x3A,
    0xB4,0x9B,0xB5,0x12,0x3E,0x0C,0x01,0xAF,0x21,0xED,0x79,0xC5,0x3E,0x10,0x01,0xAF,
    0x15,0xED,0x79,0xC5,0x21,0xA8,0x9B,0x11,0x00,0x02,0x01,0x06,0x00,0xED,0xB0,0xC1,
    0xAF,0xED,0x79,0xC1,0x3E,0x0E,0xED,0x79,0xC9,0xCD,0x81,0x9D,0x3A,0x93,0x9F,0x6F,
    0xC9,0xCD,0xDE,0x9D,0xB7,0x20,0x0A,0x32,0x93,0x9F,0x3A,0x96,0x9F,0x32,0x95,0x9F,
    0xC9,0x4F,0x3A,0x96,0x9F,0x47,0x3A,0x95,0x9F,0xB8,0x20,0x08,0x78,0x3D,0x32,0x95,
    0x9F,0x79,0x18,0x0F,0x3D,0x32,0x95,0x9F,0x3E,0x00,0x20,0x07,0x3A,0x94,0x9F,0x32,
    0x95,0x9F,0x79,0x32,0x93,0x9F,0x3A,0x97,0x9F,0x4F,0x3A,0x93,0x9F,0xFE,0x06,0x20,
    0x0E,0xCB,0x61,0x28,0x0A,0xF5,0x3E,0x08,0xA9,0x4F,0x32,0x97,0x9F,0xF1,0xC9,0xFE,
    0x14,0xC0,0xCB,0x49,0xC8,0xF5,0x79,0xEE,0x01,0x32,0x97,0x9F,0xF1,0xC9,0x21,0xA3,
    0x9E,0x01,0xFE,0x7F,0x16,0x10,0xED,0x58,0x7B,0xA2,0x28,0x1D,0x23,0xCB,0x0A,0x30,
    0xF5,0xCB,0x08,0x38,0xEF,0x01,0xFE,0xFE,0xED,0x78,0x1F,0x3E,0x00,0xD8,0x06,0x7F,
    0xED,0x78,0x2F,0xE6,0x02,0xC8,0x3E,0x0E,0xC9,0x7E,0xB7,0x28,0xDF,0xCB,0x1A,0x38,
    0x17,0x7B,0xA2,0x20,0xF8,0x7A,0xFE,0x02,0x20,0x05,0x78,0xFE,0x7F,0x28,0x09,0xAF,
    0x15,0xC0,0x78,0xFE,0xFE,0x3E,0x00,0xC0,0x37,0xCB,0x18,0x30,0x12,0xED,0x78,0x2F,
    0xE6,0x1F,0x28,0xF4,0xFE,0x01,0x3E,0x00,0xC0,0x78,0xFE,0xFE,0x3E,0x00,0xC0,0x01,
    0xFE,0xFE,0x11,0x28,0x00,0xED,0x78,0x1F,0x38,0x12,0x19,0x11,0x78,0x00,0x3A,0x97,
    0x9F,0x1F,0x30,0x01,0x19,0xE6,0x04,0x7E,0xC4,0x77,0x9E,0xC9,0x06,0x7F,0xED,0x78,
    0xE6,0x02,0x20,0x02,0x19,0x19,0x11,0x78,0x00,0x3A,0x97,0x9F,0x1F,0x30,0x01,0x19,
    0xE6,0x04,0x7E,0xC4,0x8D,0x9E,0xC9,0xFE,0x41,0xD8,0xFE,0xA0,0xD0,0xFE,0x5B,0x38,
    0x09,0xFE,0x80,0xD8,0xFE,0x90,0x38,0x02,0xC6,0x30,0xC6,0x20,0xC9,0xFE,0x61,0xD8,
    0xFE,0x7B,0x38,0x0C,0xFE,0xA0,0xD8,0xFE,0xB0,0x38,0x05,0xD6,0x30,0xFE,0xC0,0xD0,
    0xD6,0x20,0xC9,0x62,0x6E,0x6D,0x00,0x20,0x68,0x6A,0x6B,0x6C,0x0D,0x79,0x75,0x69,
    0x6F,0x70,0x36,0x37,0x38,0x39,0x30,0x35,0x34,0x33,0x32,0x31,0x74,0x72,0x65,0x77,
    0x71,0x67,0x66,0x64,0x73,0x61,0x76,0x63,0x78,0x7A,0x00,0x42,0x4E,0x4D,0x00,0x16,
    0x48,0x4A,0x4B,0x4C,0x15,0x59,0x55,0x49,0x4F,0x50,0x0A,0x0B,0x09,0x0F,0x0C,0x08,
    0x05,0x04,0x06,0x07,0x54,0x52,0x45,0x57,0x51,0x47,0x46,0x44,0x53,0x41,0x56,0x43,
    0x58,0x5A,0x00,0x2A,0x2C,0x2E,0x00,0x14,0x5E,0x2D,0x2B,0x3D,0x13,0x5B,0x5D,0x7F,
    0x3B,0x22,0x26,0x27,0x28,0x29,0x5F,0x25,0x24,0x23,0x40,0x21,0x3E,0x3C,0x12,0x10,
    0x11,0x7D,0x7B,0x5C,0x7C,0x7E,0x2F,0x3F,0x60,0x3A,0x00,0xA8,0xE2,0xEC,0x00,0x20,
    0xE0,0xAE,0xAB,0xA4,0x0D,0xAD,0xA3,0xE8,0xE9,0xA7,0x36,0x37,0x38,0x39,0x30,0x35,
    0x34,0x33,0x32,0x31,0xA5,0xAA,0xE3,0xE6,0xA9,0xAF,0xA0,0xA2,0xEB,0xE4,0xAC,0xE1,
    0xE7,0xEF,0x00,0x88,0x92,0x9C,0x00,0x16,0x90,0x8E,0x8B,0x84,0x15,0x8D,0x83,0x98,
    0x99,0x87,0x0A,0x0B,0x09,0x0F,0x0C,0x08,0x05,0x04,0x06,0x07,0x85,0x8A,0x93,0x96,
    0x89,0x8F,0x80,0x82,0x9B,0x94,0x8C,0x91,0x97,0x9F,0x00,0x2A,0xA1,0xEE,0x00,0x14,
    0x5E,0x2D,0x2B,0x3D,0x13,0xE5,0xEA,0x7F,0xA6,0xED,0x26,0x27,0xE5,0xEA,0x5F,0x25,
    0x24,0x23,0x40,0x21,0x3E,0x3C,0x12,0x10,0x11,0x7D,0x7B,0x5C,0x7C,0x7E,0x2F,0x3F,
    0x60,0xA6,0x00,0x00,0x01,0x1E,0x1E,0x12,0xFB,0x76,0xCD,0x79,0x9D,0x4D,0xFD,0x21,
    0x02,0x00,0xFD,0x39,0xFD,0x7E,0x00,0x91,0x20,0xEE,0xC9,0xFB,0x76,0xCD,0x79,0x9D,
    0x7D,0xB7,0x20,0xF7,0xC9,0x2E,0x00,0xC9,0xC1,0xE1,0xE5,0xC5,0xAF,0x47,0x4F,0xED,
    0xB1,0x21,0xFF,0xFF,0xED,0x42,0xC9,0xDD,0xE5,0xDD,0x21,0x00,0x00,0xDD,0x39,0xF5,
    0x3B,0xDD,0x4E,0x04,0xDD,0x46,0x05,0xDD,0x5E,0x06,0xDD,0x56,0x07,0x0A,0xDD,0x77,
    0xFD,0xAF,0xDD,0x77,0xFE,0x1A,0xDD,0x77,0xFF,0x6F,0x26,0x00,0xDD,0x7E,0xFD,0x95,
    0x6F,0xDD,0x7E,0xFE,0x9C,0x67,0xB5,0x20,0x0A,0xDD,0x7E,0xFF,0xB7,0x28,0x04,0x03,
    0x13,0x18,0xDA,0xDD,0xF9,0xDD,0xE1,0xC9,0xF1,0xC1,0xD1,0xD5,0xC5,0xF5,0xAF,0x6F,
    0xB0,0x06,0x10,0x20,0x04,0x06,0x08,0x79,0x29,0xCB,0x11,0x17,0x30,0x01,0x19,0x10,
    0xF7,0xC9,0xDD,0xE5,0xDD,0x21,0x00,0x00,0xDD,0x39,0x21,0xFA,0xFF,0x39,0xF9,0xDD,
    0x7E,0x07,0x07,0xE6,0x01,0xDD,0x77,0xFA,0xB7,0x28,0x19,0xAF,0xDD,0x96,0x04,0x4F,
    0x3E,0x00,0xDD,0x9E,0x05,0x47,0x3E,0x00,0xDD,0x9E,0x06,0x5F,0x3E,0x00,0xDD,0x9E,
    0x07,0x57,0x18,0x0C,0xDD,0x4E,0x04,0xDD,0x46,0x05,0xDD,0x5E,0x06,0xDD,0x56,0x07,
    0xDD,0x7E,0x0B,0x07,0xE6,0x01,0xDD,0x77,0xFB,0xB7,0x28,0x21,0xAF,0xDD,0x96,0x08,
    0xDD,0x77,0xFC,0x3E,0x00,0xDD,0x9E,0x09,0xDD,0x77,0xFD,0x3E,0x00,0xDD,0x9E,0x0A,
    0xDD,0x77,0xFE,0x3E,0x00,0xDD,0x9E,0x0B,0xDD,0x77,0xFF,0x18,0x18,0xDD,0x7E,0x08,
    0xDD,0x77,0xFC,0xDD,0x7E,0x09,0xDD,0x77,0xFD,0xDD,0x7E,0x0A,0xDD,0x77,0xFE,0xDD,
    0x7E,0x0B,0xDD,0x77,0xFF,0xDD,0x6E,0xFE,0xDD,0x66,0xFF,0xE5,0xDD,0x6E,0xFC,0xDD,
    0x66,0xFD,0xE5,0xD5,0xC5,0xCD,0xD8,0xA0,0xF1,0xF1,0xF1,0xF1,0xDD,0x7E,0xFA,0xDD,
    0xAE,0xFB,0x28,0x0F,0xAF,0x95,0x6F,0x3E,0x00,0x9C,0x67,0x3E,0x00,0x9B,0x5F,0x3E,
    0x00,0x9A,0x57,0xDD,0xF9,0xDD,0xE1,0xC9,0xDD,0xE5,0xDD,0x21,0x00,0x00,0xDD,0x39,
    0x3B,0x01,0x00,0x00,0x11,0x00,0x00,0xDD,0x36,0xFF,0x20,0xDD,0x7E,0x07,0xCB,0x07,
    0xE6,0x01,0x6F,0xDD,0xCB,0x04,0x26,0xDD,0xCB,0x05,0x16,0xDD,0xCB,0x06,0x16,0xDD,
    0xCB,0x07,0x16,0xCB,0x21,0xCB,0x10,0xCB,0x13,0xCB,0x12,0xCB,0x45,0x28,0x02,0xCB,
    0xC1,0x79,0xDD,0x96,0x08,0x78,0xDD,0x9E,0x09,0x7B,0xDD,0x9E,0x0A,0x7A,0xDD,0x9E,
    0x0B,0x38,0x2E,0x79,0xDD,0x96,0x08,0x4F,0x78,0xDD,0x9E,0x09,0x47,0x7B,0xDD,0x9E,
    0x0A,0x5F,0x7A,0xDD,0x9E,0x0B,0x57,0xDD,0x7E,0x04,0xF6,0x01,0xDD,0x77,0x04,0xDD,
    0x7E,0x05,0xDD,0x77,0x05,0xDD,0x7E,0x06,0xDD,0x77,0x06,0xDD,0x7E,0x07,0xDD,0x77,
    0x07,0xDD,0x35,0xFF,0xDD,0x7E,0xFF,0xB7,0x20,0x91,0xDD,0x6E,0x04,0xDD,0x66,0x05,
    0xDD,0x5E,0x06,0xDD,0x56,0x07,0x33,0xDD,0xE1,0xC9,0xDD,0xE5,0xDD,0x21,0x00,0x00,
    0xDD,0x39,0x21,0xF8,0xFF,0x39,0xF9,0x21,0x0C,0x00,0x39,0xEB,0x4B,0x42,0x03,0x03,
    0xDD,0x71,0xFE,0xDD,0x70,0xFF,0x6B,0x62,0x23,0x23,0x4E,0x23,0x46,0x21,0x10,0x00,
    0x39,0xE3,0xE1,0xE5,0x7E,0x23,0x66,0x6F,0xD5,0xE5,0xC5,0xCD,0x08,0xA0,0xF1,0xF1,
    0x4D,0x44,0xD1,0xDD,0x6E,0xFE,0xDD,0x66,0xFF,0x71,0x23,0x70,0x4B,0x42,0x03,0x03,
    0xDD,0x71,0xFC,0xDD,0x70,0xFD,0x6B,0x62,0x23,0x23,0x7E,0xDD,0x77,0xFE,0x23,0x7E,
    0xDD,0x77,0xFF,0xE1,0xE5,0x23,0x23,0x4E,0x23,0x46,0x6B,0x62,0x7E,0x23,0x66,0x6F,
    0xD5,0xE5,0xC5,0xCD,0x08,0xA0,0xF1,0xF1,0xD1,0xDD,0x7E,0xFE,0x85,0x4F,0xDD,0x7E,
    0xFF,0x8C,0x47,0xDD,0x6E,0xFC,0xDD,0x66,0xFD,0x71,0x23,0x70,0x4B,0x42,0x03,0x03,
    0xDD,0x71,0xFD,0xDD,0x70,0xFE,0x6B,0x62,0x23,0x23,0x4E,0x23,0x46,0x6B,0x62,0x23,
    0x7E,0xDD,0x77,0xFF,0xE1,0xE5,0x23,0x66,0xD5,0xC5,0xDD,0x5E,0xFF,0x2E,0x00,0x55,
    0x06,0x08,0x29,0x30,0x01,0x19,0x10,0xFA,0xC1,0xD1,0x09,0x4D,0x44,0xDD,0x6E,0xFD,
    0xDD,0x66,0xFE,0x71,0x23,0x70,0xE1,0xE5,0x4E,0x6B,0x62,0x23,0x66,0xD5,0x59,0x2E,
    0x00,0x55,0x06,0x08,0x29,0x30,0x01,0x19,0x10,0xFA,0xD1,0xDD,0x75,0xFA,0xDD,0x74,
    0xFB,0xC1,0xC5,0x03,0xDD,0x71,0xFE,0xDD,0x70,0xFF,0x6B,0x62,0x4E,0xE1,0xE5,0x23,
    0x66,0xD5,0x59,0x2E,0x00,0x55,0x06,0x08,0x29,0x30,0x01,0x19,0x10,0xFA,0xD1,0x4D,
    0x44,0xDD,0x6E,0xFE,0xDD,0x66,0xFF,0x71,0x23,0x70,0xC1,0xC5,0x03,0x03,0x03,0xDD,
    0x71,0xFC,0xDD,0x70,0xFD,0xC1,0xC5,0x03,0xDD,0x71,0xFE,0xDD,0x70,0xFF,0xE1,0xE5,
    0x23,0x4E,0x23,0x46,0x79,0xDD,0x86,0xFA,0x4F,0x78,0xDD,0x8E,0xFB,0x47,0xDD,0x6E,
    0xFE,0xDD,0x66,0xFF,0x71,0x23,0x70,0x79,0xDD,0x96,0xFA,0x78,0xDD,0x9E,0xFB,0x3E,
    0x00,0x17,0xDD,0x6E,0xFC,0xDD,0x66,0xFD,0x77,0x4B,0x42,0x1A,0x5F,0xE1,0xE5,0x66,
    0xC5,0x2E,0x00,0x55,0x06,0x08,0x29,0x30,0x01,0x19,0x10,0xFA,0xC1,0xEB,0x7B,0x02,
    0x03,0x7A,0x02,0xC1,0xC5,0xAF,0x02,0xDD,0x7E,0x04,0xDD,0x86,0x08,0x6F,0xDD,0x7E,
    0x05,0xDD,0x8E,0x09,0x67,0xDD,0x7E,0x06,0xDD,0x8E,0x0A,0x5F,0xDD,0x7E,0x07,0xDD,
    0x8E,0x0B,0x57,0xDD,0xF9,0xDD,0xE1,0xC9,0x01,0x08,0x56,0x11,0x56,0x19,0x56,0x24,
    0x48,0x00,0x00,0x07,0x0C,0x30,0x0C,0xB8,0x01,0xB8,0x00,0x00,0x00,0x00,0x00,0x00,
    0x00,0x00,0x40,0xA8,0x00,0x00,0x00,0x10,0x19,0x00,0x00,0x00,0x00,0x1D,0x4D,0x00,
    0x00,0x00,0x00,0x40,0xA8,0x02,0x00,0x00,0x05,0x05,0x00,0x00,0x00,0x00,0x00,0x00,
    0x00,0x00,0x00,0x00,0x00,0xC0,0x23,0x56,0x2F,0x56,0x41,0x56,0x52,0x56,0x00,0x01,
    0x04,0x05,0x02,0x03,0x06,0x07,0x40,0x41,0x44,0x45,0x42,0x43,0x46,0x47,0x00,0x08,
    0x20,0x28,0x10,0x18,0x30,0x38,0x80,0x88,0xA0,0xA8,0x90,0x98,0xB0,0xB8,0x00,0x00,
    0x00,0x00,0x00,0x00,0x00,0x00,0x00,0x00,0x00,0x00,0x00,0x00,0x00,0x00,0x00,0x00,
    0x00,0x00,0x00,0x00,0x00,0x00,0x00,0x00,0x00,0x00,0x00,0x00,0x00,0x00,0x00,0x00,
    0x00,0x00,0x00,0x00,0x00,0x00,0x00,0x00,0x00,0x00,0x00,0x00,0x00,0x00,0x00,0x00,
    0x00,0x00,0x00,0x00,0x00,0x00,0x00,0x00,0x00,0x00,0x00,0x00,0x00,0x00,0x00,0x00,
    0x00,0x00,0x00,0x00,0x00,0x00,0x00,0x00,0x00,0x00,0x00,0x00,0x00,0x00,0x00,0x00,
    0x00,0x00,0x00,0x00,0x00,0x00,0x00,0x00,0x00,0x00,0x00,0x00,0x00,0x00,0x00,0x00,
    0x00,0x00,0x00,0x00,0x00,0x00,0x00,0x00,0x00,0x00,0x00,0x00,0x00,0x00,0x00,0x00,
    0x00,0x00,0x00,0x00,0x00,0x00,0x00,0x00,0x00,0x00,0x00,0x00,0x00,0x00,0x00,0x00,
    0x00,0x00,0x00,0x00,0x00,0x00,0x00,0x00,0x00,0x00,0x00,0x00,0x00,0x00,0x00,0x00,
    0x00,0x00,0x00,0x00,0x00,0x00,0x00,0x00,0x00,0x00,0x00,0x00,0x00,0x00,0x00,0x00,
    0x00,0x00,0x00,0x00,0x00,0x00,0x00,0x00,0x00,0x00,0x00,0x00,0x00,0x00,0x00,0x00,
    0x00,0x00,0x00,0x00,0x00,0x00,0x00,0x00,0x00,0x00,0x00,0x00,0x00,0x00,0x00,0x00,
    0x00,0x00,0x00,0x00,0x00,0x00,0x00,0x00,0x00,0x00,0x00,0x00,0x00,0x00,0x00,0x00,
    0x00,0x00,0x00,0x00,0x00,0x00,0x00,0x00,0x00,0x00,0x00,0x00,0x00,0x00,0x00,0x00,
    0x00,0x00,0x00,0x00,0x00,0x00,0x00,0x00,0x00,0x00,0x00,0x00,0x00,0x00,0x00,0x00,
    0x00,0x00,0x00,0x00,0x00,0x00,0x00,0x00,0x00,0x00,0x00,0x00,0x00,0x00,0x00,0x00,
    0x00,0x00,0x00,0x00,0x00,0x00,0x00,0x00,0x00,0x00,0x00,0x00,0x00,0x00,0x00,0x00,
    0x00,0x00,0x00,0x00,0x00,0x00,0x00,0x00,0x00,0x00,0x00,0x00,0x00,0x00,0x00,0x00,
    0x00,0x00,0x00,0x00,0x00,0x00,0x00,0x00,0x00,0x00,0x00,0x00,0x00,0x00,0x00,0x00,
    0x00,0x00,0x00,0x00,0x00,0x00,0x00,0x00,0x00,0x00,0x00,0x00,0x00,0x00,0x00,0x00,
    0x00,0x00,0x00,0x00,0x00,0x00,0x00,0x00,0x00,0x00,0x00,0x00,0x00,0x00,0x00,0x00,
    0x00,0x00,0x00,0x00,0x00,0x00,0x00,0x00,0x00,0x00,0x00,0x00,0x00,0x00,0x00,0x00,
    0x00,0x00,0x00,0x00,0x00,0x00,0x00,0x00,0x00,0x00,0x00,0x00,0x00,0x00,0x00,0x00,
    0x00,0x00,0x00,0x00,0x00,0x00,0x00,0x00,0x00,0x00,0x00,0x00,0x00,0x00,0x00,0x00,
    0x00,0x00,0x00,0x00,0x00,0x00,0x00,0x00,0x00,0x00,0x00,0x00,0x00,0x00,0x00,0x00,
    0x00,0x00,0x00,0x00,0x00,0x00,0x00,0x00,0x00,0x00,0x00,0x00,0x00,0x00,0x00,0x00,
    0x00,0x00,0x00,0x00,0x00,0x00,0x00,0x00,0x00,0x00,0x00,0x00,0x00,0x00,0x00,0x00,
    0x00,0x00,0x00,0x00,0x00,0x00,0x00,0x00,0x00,0x00,0x00,0x00,0x00,0x00,0x00,0x00,
    0x00,0x00,0x00,0x00,0x00,0x00,0x00,0x00,0x00,0x00,0x00,0x00,0x00,0x00,0x00,0x00,
    0x00,0x00,0x00,0x00,0x00,0x00,0x00,0x00,0x00,0x00,0x00,0x00,0x00,0x00,0x00,0x00,
    0x00,0x00,0x00,0x00,0x00,0x00,0x00,0x00,0x00,0x00,0x00,0x00,0x00,0x00,0x00,0x00,
    0x00,0x00,0x00,0x00,0x00,0x00,0x00,0x00,0x00,0x00,0x00,0x00,0x00,0x00,0x00,0x00,
    0x00,0x00,0x00,0x00,0x00,0x00,0x00,0x00,0x00,0x00,0x00,0x00,0x00,0x00,0x00,0x00,
    0x00,0x00,0x00,0x00,0x00,0x00,0x00,0x00,0x00,0x00,0x00,0x00,0x00,0x00,0x00,0x00,
    0x00,0x00,0x00,0x00,0x00,0x00,0x00,0x00,0x00,0x00,0x00,0x00,0x00,0x00,0x00,0x00,
    0x00,0x00,0x00,0x00,0x00,0x00,0x00,0x00,0x00,0x00,0x00,0x00,0x00,0x00,0x00,0x00,
    0x00,0x00,0x00,0x00,0x00,0x00,0x00,0x00,0x00,0x00,0x00,0x00,0x00,0x00,0x00,0x00,
    0x00,0x00,0x00,0x00,0x00,0x00,0x00,0x00,0x00,0x00,0x00,0x00,0x00,0x00,0x00,0x00,
    0x00,0x00,0x00,0x00,0x00,0x00,0x00,0x00,0x00,0x00,0x00,0x00,0x00,0x00,0x00,0x00,
    0x00,0x00,0x00,0x00,0x00,0x00,0x00,0x00,0x00,0x00,0x00,0x00,0x00,0x00,0x00,0x00,
    0x00,0x00,0x00,0x00,0x00,0x00,0x00,0x00,0x00,0x00,0x00,0x00,0x00,0x00,0x00,0x00,
    0x00,0x00,0x00,0x00,0x00,0x00,0x00,0x00,0x00,0x00,0x00,0x00,0x00,0x00,0x00,0x00,
    0x00,0x00,0x00,0x00,0x00,0x00,0x00,0x00,0x00,0x00,0x00,0x00,0x00,0x00,0x00,0x00,
    0x00,0x00,0x00,0x00,0x00,0x00,0x00,0x00,0x00,0x00,0x00,0x00,0x00,0x00,0x00,0x00,
    0x00,0x00,0x00,0x00,0x00,0x00,0x00,0x00,0x00,0x00,0x00,0x00,0x00,0x00,0x00,0x00,
    0x00,0x00,0x00,0x00,0x00,0x00,0x00,0x00,0x00,0x00,0x00,0x00,0x00,0x00,0x00,0x00,
    0x00,0x00,0x00,0x00,0x00,0x00,0x00,0x00,0x00,0x00,0x00,0x00,0x00,0x00,0x00,0x00,
    0x00,0x00,0x00,0x00,0x00,0x00,0x00,0x00,0x00,0x00,0x00,0x00,0x00,0x00,0x00,0x00,
    0x00,0x00,0x00,0x00,0x00,0x00,0x00,0x00,0x00,0x00,0x00,0x00,0x00,0x00,0x00,0x00,
    0x00,0x00,0x00,0x00,0x00,0x00,0x00,0x00,0x00,0x00,0x00,0x00,0x00,0x00,0x00,0x00,
    0x00,0x00,0x00,0x00,0x00,0x00,0x00,0x00,0x00,0x00,0x00,0x00,0x00,0x00,0x00,0x00,
    0x00,0x00,0x00,0x00,0x00,0x00,0x00,0x00,0x00,0x00,0x00,0x00,0x00,0x00,0x00,0x00,
    0x00,0x00,0x00,0x00,0x00,0x00,0x00,0x00,0x00,0x00,0x00,0x00,0x00,0x00,0x00,0x00,
    0x00,0x00,0x00,0x00,0x00,0x00,0x00,0x00,0x00,0x00,0x00,0x00,0x00,0x00,0x00,0x00,
    0x00,0x00,0x00,0x00,0x00,0x00,0x00,0x00,0x00,0x00,0x00,0x00,0x00,0x00,0x00,0x00,
    0x00,0x00,0x00,0x00,0x00,0x00,0x00,0x00,0x00,0x00,0x00,0x00,0x00,0x00,0x00,0x00,
    0x00,0x00,0x00,0x00,0x00,0x00,0x00,0x00,0x00,0x00,0x00,0x00,0x00,0x00,0x00,0x00,
    0x00,0x00,0x00,0x00,0x00,0x00,0x00,0x00,0x00,0x00,0x00,0x00,0x00,0x00,0x00,0x00,
    0x00,0x00,0x00,0x00,0x00,0x00,0x00,0x00,0x00,0x00,0x00,0x00,0x00,0x00,0x00,0x00,
    0x00,0x00,0x00,0x00,0x00,0x00,0x00,0x00,0x00,0x00,0x00,0x00,0x00,0x00,0x00,0x00,
    0x00,0x00,0x00,0x00,0x00,0x00,0x00,0x00,0x00,0x00,0x00,0x00,0x00,0x00,0x00,0x00,
    0x00,0x00,0x00,0x00,0x00,0x00,0x00,0x00,0x00,0x00,0x00,0x00,0x00,0x00,0x00,0x00,
    0x00,0x00,0x00,0x00,0x00,0x00,0x00,0x00,0x00,0x00,0x00,0x00,0x00,0x00,0x00,0x00,
    0x00,0x00,0x00,0x00,0x00,0x00,0x00,0x00,0x00,0x00,0x00,0x00,0x00,0x00,0x00,0x00,
    0x00,0x00,0x00,0x00,0x00,0x00,0x00,0x00,0x00,0x00,0x00,0x00,0x00,0x00,0x00,0x00,
    0x00,0x00,0x00,0x00,0x00,0x00,0x00,0x00,0x00,0x00,0x00,0x00,0x00,0x00,0x00,0x00,
    0x00,0x00,0x00,0x00,0x00,0x00,0x00,0x00,0x00,0x00,0x00,0x00,0x00,0x00,0x00,0x00,
    0x00,0x00,0x00,0x00,0x00,0x00,0x00,0x00,0x00,0x00,0x00,0x00,0x00,0x00,0x00,0x00,
    0x00,0x00,0x00,0x00,0x00,0x00,0x00,0x00,0x00,0x00,0x00,0x00,0x00,0x00,0x00,0x00,
    0x00,0x00,0x00,0x00,0x00,0x00,0x00,0x00,0x00,0x00,0x00,0x00,0x00,0x00,0x00,0x00,
    0x00,0x00,0x00,0x00,0x00,0x00,0x00,0x00,0x00,0x00,0x00,0x00,0x00,0x00,0x00,0x00,
    0x00,0x00,0x00,0x00,0x00,0x00,0x00,0x00,0x00,0x00,0x00,0x00,0x00,0x00,0x00,0x00,
    0x00,0x00,0x00,0x00,0x00,0x00,0x00,0x00,0x00,0x00,0x00,0x00,0x00,0x00,0x00,0x00,
    0x00,0x00,0x00,0x00,0x00,0x00,0x00,0x00,0x00,0x00,0x00,0x00,0x00,0x00,0x00,0x00,
    0x00,0x00,0x00,0x00,0x00,0x00,0x00,0x00,0x00,0x00,0x00,0x00,0x00,0x00,0x00,0x00,
    0x00,0x00,0x00,0x00,0x00,0x00,0x00,0x00,0x00,0x00,0x00,0x00,0x00,0x00,0x00,0x00,
    0x00,0x00,0x00,0x00,0x00,0x00,0x00,0x00,0x00,0x00,0x00,0x00,0x00,0x00,0x00,0x00,
    0x00,0x00,0x00,0x00,0x00,0x00,0x00,0x00,0x00,0x00,0x00,0x00,0x00,0x00,0x00,0x00,
    0x00,0x00,0x00,0x00,0x00,0x00,0x00,0x00,0x00,0x00,0x00,0x00,0x00,0x00,0x00,0x00,
    0x00,0x00,0x00,0x00,0x00,0x00,0x00,0x00,0x00,0x00,0x00,0x00,0x00,0x00,0x00,0x00,
    0x00,0x00,0x00,0x00,0x00,0x00,0x00,0x00,0x00,0x00,0x00,0x00,0x00,0x00,0x00,0x00,
    0x00,0x00,0x00,0x00,0x00,0x00,0x00,0x00,0x00,0x00,0x00,0x00,0x00,0x00,0x00,0x00,
    0x00,0x00,0x00,0x00,0x00,0x00,0x00,0x00,0x00,0x00,0x00,0x00,0x00,0x00,0x00,0x00,
    0x00,0x00,0x00,0x00,0x00,0x00,0x00,0x00,0x00,0x00,0x00,0x00,0x00,0x00,0x00,0x00,
    0x00,0x00,0x00,0x00,0x00,0x00,0x00,0x00,0x00,0x00,0x00,0x00,0x00,0x00,0x00,0x00,
    0x00,0x00,0x00,0x00,0x00,0x00,0x00,0x00,0x00,0x00,0x00,0x00,0x00,0x00,0x00,0x00,
    0x00,0x00,0x00,0x00,0x00,0x00,0x00,0x00,0x00,0x00,0x00,0x00,0x00,0x00,0x00,0x00,
    0x00,0x00,0x00,0x00,0x00,0x00,0x00,0x00,0x00,0x00,0x00,0x00,0x00,0x00,0x00,0x00,
    0x00,0x00,0x00,0x00,0x00,0x00,0x00,0x00,0x00,0x00,0x00,0x00,0x00,0x00,0x00,0x00,
    0x00,0x00,0x00,0x00,0x00,0x00,0x00,0x00,0x00,0x00,0x00,0x00,0x00,0x00,0x00,0x00,
    0x00,0x00,0x00,0x00,0x00,0x00,0x00,0x00,0x00,0x00,0x00,0x00,0x00,0x00,0x00,0x00,
    0x00,0x00,0x00,0x00,0x00,0x00,0x00,0x00,0x00,0x00,0x00,0x00,0x00,0x00,0x00,0x00,
    0x00,0x00,0x00,0x00,0x00,0x00,0x00,0x00,0x00,0x00,0x00,0x00,0x00,0x00,0x00,0x00,
    0x00,0x00,0x00,0x00,0x00,0x00,0x00,0x00,0x00,0x00,0x00,0x00,0x00,0x00,0x00,0x00,
    0x00,0x00,0x00,0x00,0x00,0x00,0x00,0x00,0x00,0x00,0x00,0x00,0x00,0x00,0x00,0x00,
    0x00,0x00,0x00,0x00,0x00,0x00,0x00,0x00,0x00,0x00,0x00,0x00,0x00,0x00,0x00,0x00,
    0x00,0x00,0x00,0x00,0x00,0x00,0x00,0x00,0x00,0x00,0x00,0x00,0x00,0x00,0x00,0x00,
    0x00,0x00,0x00,0x00,0x00,0x00,0x00,0x00,0x00,0x00,0x00,0x00,0x00,0x00,0x00,0x00,
    0x00,0x00,0x00,0x00,0x00,0x00,0x00,0x00,0x00,0x00,0x00,0x00,0x00,0x00,0x00,0x00,
    0x00,0x00,0x00,0x00,0x00,0x00,0x00,0x00,0x00,0x00,0x00,0x00,0x00,0x00,0x00,0x00,
    0x00,0x00,0x00,0x00,0x00,0x00,0x00,0x00,0x00,0x00,0x00,0x00,0x00,0x00,0x00,0x00,
    0x00,0x00,0x00,0x00,0x00,0x00,0x00,0x00,0x00,0x00,0x00,0x00,0x00,0x00,0x00,0x00,
    0x00,0x00,0x00,0x00,0x00,0x00,0x00,0x00,0x00,0x00,0x00,0x00,0x00,0x00,0x00,0x00,
    0x00,0x00,0x00,0x00,0x00,0x00,0x00,0x00,0x00,0x00,0x00,0x00,0x00,0x00,0x00,0x00,
    0x00,0x00,0x00,0x00,0x00,0x00,0x00,0x00,0x00,0x00,0x00,0x00,0x00,0x00,0x00,0x00,
    0x00,0x00,0x00,0x00,0x00,0x00,0x00,0x00,0x00,0x00,0x00,0x00,0x00,0x00,0x00,0x00,
    0x00,0x00,0x00,0x00,0x00,0x00,0x00,0x00,0x00,0x00,0x00,0x00,0x00,0x00,0x00,0x00,
    0x00,0x00,0x00,0x00,0x00,0x00,0x00,0x00,0x00,0x00,0x00,0x00,0x00,0x00,0x00,0x00,
    0x00,0x00,0x00,0x00,0x00,0x00,0x00,0x00,0x00,0x00,0x00,0x00,0x00,0x00,0x00,0x00,
    0x00,0x00,0x00,0x00,0x00,0x00,0x00,0x00,0x00,0x00,0x00,0x00,0x00,0x00,0x00,0x00,
    0x00,0x00,0x00,0x00,0x00,0x00,0x00,0x00,0x00,0x00,0x00,0x00,0x00,0x00,0x00,0x00,
    0x00,0x00,0x00,0x00,0x00,0x00,0x00,0x00,0x00,0x00,0x00,0x00,0x00,0x00,0x00,0x00,
    0x00,0x00,0x00,0x00,0x00,0x00,0x00,0x00,0x00,0x00,0x00,0x00,0x00,0x00,0x00,0x00,
    0x00,0x00,0x00,0x00,0x00,0x00,0x00,0x00,0x00,0x00,0x00,0x00,0x00,0x00,0x00,0x00,
    0x00,0x00,0x00,0x00,0x00,0x00,0x00,0x00,0x00,0x00,0x00,0x00,0x00,0x00,0x00,0x00,
    0x00,0x00,0x00,0x00,0x00,0x00,0x00,0x00,0x00,0x00,0x00,0x00,0x00,0x00,0x00,0x00,
    0x00,0x00,0x00,0x00,0x00,0x00,0x00,0x00,0x00,0x00,0x00,0x00,0x00,0x00,0x00,0x00,
    0x00,0x00,0x00,0x00,0x00,0x00,0x00,0x00,0x00,0x00,0x00,0x00,0x00,0x00,0x00,0x00,
    0x00,0x00,0x00,0x00,0x00,0x00,0x00,0x00,0x00,0x00,0x00,0x00,0x00,0x00,0x00,0x00,
    0x00,0x00,0x00,0x00,0x00,0x00,0x00,0x00,0x00,0x00,0x00,0x00,0x00,0x00,0x00,0x00,
    0x00,0x00,0x00,0x00,0x00,0x00,0x00,0x00,0x00,0x00,0x00,0x00,0x00,0x00,0x00,0x00,
    0x00,0x00,0x00,0x00,0x00,0x00,0x00,0x00,0x00,0x00,0x00,0x00,0x00,0x00,0x00,0x00,
    0x00,0x00,0x00,0x00,0x00,0x00,0x00,0x00,0x00,0x00,0x00,0x00,0x00,0x00,0x00,0x00,
    0x00,0x00,0x00,0x00,0x00,0x00,0x00,0x00,0x00,0x00,0x00,0x00,0x00,0x00,0x00,0x00,
    0x00,0x00,0x00,0x00,0x00,0x00,0x00,0x00,0x00,0x00,0x00,0x00,0x00,0x00,0x00,0x00,
    0x00,0x00,0x00,0x00,0x00,0x00,0x00,0x00,0x00,0x00,0x00,0x00,0x00,0x00,0x00,0x00,
    0x00,0x00,0x00,0x00,0x00,0x00,0x00,0x00,0x00,0x00,0x00,0x00,0x00,0x00,0x00,0x00,
    0x00,0x00,0x00,0x00,0x00,0x00,0x00,0x00,0x00,0x00,0x00,0x00,0x00,0x00,0x00,0x00,
    0x00,0x00,0x00,0x00,0x00,0x00,0x00,0x00,0x00,0x00,0x00,0x00,0x00,0x00,0x00,0x00,
    0x00,0x00,0x00,0x00,0x00,0x00,0x00,0x00,0x00,0x00,0x00,0x00,0x00,0x00,0x00,0x00,
    0x00,0x00,0x00,0x00,0x00,0x00,0x00,0x00,0x00,0x00,0x00,0x00,0x00,0x00,0x00,0x00,
    0x00,0x00,0x00,0x00,0x00,0x00,0x00,0x00,0x00,0x00,0x00,0x00,0x00,0x00,0x00,0x00,
    0x00,0x00,0x00,0x00,0x00,0x00,0x00,0x00,0x00,0x00,0x00,0x00,0x00,0x00,0x00,0x00,
    0x00,0x00,0x00,0x00,0x00,0x00,0x00,0x00,0x00,0x00,0x00,0x00,0x00,0x00,0x00,0x00,
    0x00,0x00,0x00,0x00,0x00,0x00,0x00,0x00,0x00,0x00,0x00,0x00,0x00,0x00,0x00,0x00,
    0x00,0x00,0x00,0x00,0x00,0x00,0x00,0x00,0x00,0x00,0x00,0x00,0x00,0x00,0x00,0x00,
    0x00,0x00,0x00,0x00,0x00,0x00,0x00,0x00,0x00,0x00,0x00,0x00,0x00,0x00,0x00,0x00,
    0x00,0x00,0x00,0x00,0x00,0x00,0x00,0x00,0x00,0x00,0x00,0x00,0x00,0x00,0x00,0x00,
    0x00,0x00,0x00,0x00,0x00,0x00,0x00,0x00,0x00,0x00,0x00,0x00,0x00,0x00,0x00,0x00,
    0x00,0x00,0x00,0x00,0x00,0x00,0x00,0x00,0x00,0x00,0x00,0x00,0x00,0x00,0x00,0x00,
    0x00,0x00,0x00,0x00,0x00,0x00,0x00,0x00,0x00,0x00,0x00,0x00,0x00,0x00,0x00,0x00,
    0x00,0x00,0x00,0x00,0x00,0x00,0x00,0x00,0x00,0x00,0x00,0x00,0x00,0x00,0x00,0x00,
    0x00,0x00,0x00,0x00,0x00,0x00,0x00,0x00,0x00,0x00,0x00,0x00,0x00,0x00,0x00,0x00,
    0x00,0x00,0x00,0x00,0x00,0x00,0x00,0x00,0x00,0x00,0x00,0x00,0x00,0x00,0x00,0x00,
    0x00,0x00,0x00,0x00,0x00,0x00,0x00,0x00,0x00,0x00,0x00,0x00,0x00,0x00,0x00,0x00,
    0x00,0x00,0x00,0x00,0x00,0x00,0x00,0x00,0x00,0x00,0x00,0x00,0x00,0x00,0x00,0x00,
    0x00,0x00,0x00,0x00,0x00,0x00,0x00,0x00,0x00,0x00,0x00,0x00,0x00,0x00,0x00,0x00,
    0x00,0x00,0x00,0x00,0x00,0x00,0x00,0x00,0x00,0x00,0x00,0x00,0x00,0x00,0x00,0x00,
    0x00,0x00,0x00,0x00,0x00,0x00,0x00,0x00,0x00,0x00,0x00,0x00,0x00,0x00,0x00,0x00,
    0x00,0x00,0x00,0x00,0x00,0x00,0x00,0x00,0x00,0x00,0x00,0x00,0x00,0x00,0x00,0x00,
    0x00,0x00,0x00,0x00,0x00,0x00,0x00,0x00,0x00,0x00,0x00,0x00,0x00,0x00,0x00,0x00,
    0x00,0x00,0x00,0x00,0x00,0x00,0x00,0x00,0x00,0x00,0x00,0x00,0x00,0x00,0x00,0x00,
    0x00,0x00,0x00,0x00,0x00,0x00,0x00,0x00,0x00,0x00,0x00,0x00,0x00,0x00,0x00,0x00,
    0x00,0x00,0x00,0x00,0x00,0x00,0x00,0x00,0x00,0x00,0x00,0x00,0x00,0x00,0x00,0x00,
    0x00,0x00,0x00,0x00,0x00,0x00,0x00,0x00,0x00,0x00,0x00,0x00,0x00,0x00,0x00,0x00,
    0x00,0x00,0x00,0x00,0x00,0x00,0x00,0x00,0x00,0x00,0x00,0x00,0x00,0x00,0x00,0x00,
    0x00,0x00,0x00,0x00,0x00,0x00,0x00,0x00,0x00,0x00,0x00,0x00,0x00,0x00,0x00,0x00,
    0x00,0x00,0x00,0x00,0x00,0x00,0x00,0x00,0x00,0x00,0x00,0x00,0x00,0x00,0x00,0x00,
    0x00,0x00,0x00,0x00,0x00,0x00,0x00,0x00,0x00,0x00,0x00,0x00,0x00,0x00,0x00,0x00,
    0x00,0x00,0x00,0x00,0x00,0x00,0x00,0x00,0x00,0x00,0x00,0x00,0x00,0x00,0x00,0x00,
    0x00,0x00,0x00,0x00,0x00,0x00,0x00,0x00,0x00,0x00,0x00,0x00,0x00,0x00,0x00,0x00,
    0x00,0x00,0x00,0x00,0x00,0x00,0x00,0x00,0x00,0x00,0x00,0x00,0x00,0x00,0x00,0x00,
    0x00,0x00,0x00,0x00,0x00,0x00,0x00,0x00,0x00,0x00,0x00,0x00,0x00,0x00,0x00,0x00,
    0x00,0x00,0x00,0x00,0x00,0x00,0x00,0x00,0x00,0x00,0x00,0x00,0x00,0x00,0x00,0x00,
    0x00,0x00,0x00,0x00,0x00,0x00,0x00,0x00,0x00,0x00,0x00,0x00,0x00,0x00,0x00,0x00,
    0x00,0x00,0x00,0x00,0x00,0x00,0x00,0x00,0x00,0x00,0x00,0x00,0x00,0x00,0x00,0x00,
    0x00,0x00,0x00,0x00,0x00,0x00,0x00,0x00,0x00,0x00,0x00,0x00,0x00,0x00,0x00,0x00,
    0x00,0x00,0x00,0x00,0x00,0x00,0x00,0x00,0x00,0x00,0x00,0x00,0x00,0x00,0x00,0x00,
    0x00,0x00,0x00,0x00,0x00,0x00,0x00,0x00,0x00,0x00,0x00,0x00,0x00,0x00,0x00,0x00,
    0x00,0x00,0x00,0x00,0x00,0x00,0x00,0x00,0x00,0x00,0x00,0x00,0x00,0x00,0x00,0x00,
    0x00,0x00,0x00,0x00,0x00,0x00,0x00,0x00,0x00,0x00,0x00,0x00,0x00,0x00,0x00,0x00,
    0x00,0x00,0x00,0x00,0x00,0x00,0x00,0x00,0x00,0x00,0x00,0x00,0x00,0x00,0x00,0x00,
    0x00,0x00,0x00,0x00,0x00,0x00,0x00,0x00,0x00,0x00,0x00,0x00,0x00,0x00,0x00,0x00,
    0x00,0x00,0x00,0x00,0x00,0x00,0x00,0x00,0x00,0x00,0x00,0x00,0x00,0x00,0x00,0x00,
    0x00,0x00,0x00,0x00,0x00,0x00,0x00,0x00,0x00,0x00,0x00,0x00,0x00,0x00,0x00,0x00,
    0x00,0x00,0x00,0x00,0x00,0x00,0x00,0x00,0x00,0x00,0x00,0x00,0x00,0x00,0x00,0x00,
    0x00,0x00,0x00,0x00,0x00,0x00,0x00,0x00,0x00,0x00,0x00,0x00,0x00,0x00,0x00,0x00,
    0x00,0x00,0x00,0x00,0x00,0x00,0x00,0x00,0x00,0x00,0x00,0x00,0x00,0x00,0x00,0x00,
    0x00,0x00,0x00,0x00,0x00,0x00,0x00,0x00,0x00,0x00,0x00,0x00,0x00,0x00,0x00,0x00,
    0x00,0x00,0x00,0x00,0x00,0x00,0x00,0x00,0x00,0x00,0x00,0x00,0x00,0x00,0x00,0x00,
    0x00,0x00,0x00,0x00,0x00,0x00,0x00,0x00,0x00,0x00,0x00,0x00,0x00,0x00,0x00,0x00,
    0x00,0x00,0x00,0x00,0x00,0x00,0x00,0x00,0x00,0x00,0x00,0x00,0x00,0x00,0x00,0x00,
    0x00,0x00,0x00,0x00,0x00,0x00,0x00,0x00,0x00,0x00,0x00,0x00,0x00,0x00,0x00,0x00,
    0x00,0x00,0x00,0x00,0x00,0x00,0x00,0x00,0x00,0x00,0x00,0x00,0x00,0x00,0x00,0x00,
    0x00,0x00,0x00,0x00,0x00,0x00,0x00,0x00,0x00,0x00,0x00,0x00,0x00,0x00,0x00,0x00,
    0x00,0x00,0x00,0x00,0x00,0x00,0x00,0x00,0x00,0x00,0x00,0x00,0x00,0x00,0x00,0x00,
    0x00,0x00,0x00,0x00,0x00,0x00,0x00,0x00,0x00,0x00,0x00,0x00,0x00,0x00,0x00,0x00,
    0x00,0x00,0x00,0x00,0x00,0x00,0x00,0x00,0x00,0x00,0x00,0x00,0x00,0x00,0x00,0x00,
    0x00,0x00,0x00,0x00,0x00,0x00,0x00,0x00,0x00,0x00,0x00,0x00,0x00,0x00,0x00,0x00,
    0x00,0x00,0x00,0x00,0x00,0x00,0x00,0x00,0x00,0x00,0x00,0x00,0x00,0x00,0x00,0x00,
    0x00,0x00,0x00,0x00,0x00,0x00,0x00,0x00,0x00,0x00,0x00,0x00,0x00,0x00,0x00,0x00,
    0x00,0x00,0x00,0x00,0x00,0x00,0x00,0x00,0x00,0x00,0x00,0x00,0x00,0x00,0x00,0x00,
    0x00,0x00,0x00,0x00,0x00,0x00,0x00,0x00,0x00,0x00,0x00,0x00,0x00,0x00,0x00,0x00,
    0x00,0x00,0x00,0x00,0x00,0x00,0x00,0x00,0x00,0x00,0x00,0x00,0x00,0x00,0x00,0x00,
    0x00,0x00,0x00,0x00,0x00,0x00,0x00,0x00,0x00,0x00,0x00,0x00,0x00,0x00,0x00,0x00,
    0x00,0x00,0x00,0x00,0x00,0x00,0x00,0x00,0x00,0x00,0x00,0x00,0x00,0x00,0x00,0x00,
    0x00,0x00,0x00,0x00,0x00,0x00,0x00,0x00,0x00,0x00,0x00,0x00,0x00,0x00,0x00,0x00,
    0x00,0x00,0x00,0x00,0x00,0x00,0x00,0x00,0x00,0x00,0x00,0x00,0x00,0x00,0x00,0x00,
    0x00,0x00,0x00,0x00,0x00,0x00,0x00,0x00,0x00,0x00,0x00,0x00,0x00,0x00,0x00,0x00,
    0x00,0x00,0x00,0x00,0x00,0x00,0x00,0x00,0x00,0x00,0x00,0x00,0x00,0x00,0x00,0x00,
    0x00,0x00,0x00,0x00,0x00,0x00,0x00,0x00,0x00,0x00,0x00,0x00,0x00,0x00,0x00,0x00,
    0x00,0x00,0x00,0x00,0x00,0x00,0x00,0x00,0x00,0x00,0x00,0x00,0x00,0x00,0x00,0x00,
    0x00,0x00,0x00,0x00,0x00,0x00,0x00,0x00,0x00,0x00,0x00,0x00,0x00,0x00,0x00,0x00,
    0x00,0x00,0x00,0x00,0x00,0x00,0x00,0x00,0x00,0x00,0x00,0x00,0x00,0x00,0x00,0x00,
    0x00,0x00,0x00,0x00,0x00,0x00,0x00,0x00,0x00,0x00,0x00,0x00,0x00,0x00,0x00,0x00,
    0x00,0x00,0x00,0x00,0x00,0x00,0x00,0x00,0x00,0x00,0x00,0x00,0x00,0x00,0x00,0x00,
    0x00,0x00,0x00,0x00,0x00,0x00,0x00,0x00,0x00,0x00,0x00,0x00,0x00,0x00,0x00,0x00,
    0x00,0x00,0x00,0x00,0x00,0x00,0x00,0x00,0x00,0x00,0x00,0x00,0x00,0x00,0x00,0x00,
    0x00,0x00,0x00,0x00,0x00,0x00,0x00,0x00,0x00,0x00,0x00,0x00,0x00,0x00,0x00,0x00,
    0x00,0x00,0x00,0x00,0x00,0x00,0x00,0x00,0x00,0x00,0x00,0x00,0x00,0x00,0x00,0x00,
    0x00,0x00,0x00,0x00,0x00,0x00,0x00,0x00,0x00,0x00,0x00,0x00,0x00,0x00,0x00,0x00,
    0x00,0x00,0x00,0x00,0x00,0x00,0x00,0x00,0x00,0x00,0x00,0x00,0x00,0x00,0x00,0x00,
    0x00,0x00,0x00,0x00,0x00,0x00,0x00,0x00,0x00,0x00,0x00,0x00,0x00,0x00,0x00,0x00,
    0x00,0x00,0x00,0x00,0x00,0x00,0x00,0x00,0x00,0x00,0x00,0x00,0x00,0x00,0x00,0x00,
    0x00,0x00,0x00,0x00,0x00,0x00,0x00,0x00,0x00,0x00,0x00,0x00,0x00,0x00,0x00,0x00,
    0x00,0x00,0x00,0x00,0x00,0x00,0x00,0x00,0x00,0x00,0x00,0x00,0x00,0x00,0x00,0x00,
    0x00,0x00,0x00,0x00,0x00,0x00,0x00,0x00,0x00,0x00,0x00,0x00,0x00,0x00,0x00,0x00,
    0x00,0x00,0x00,0x00,0x00,0x00,0x00,0x00,0x00,0x00,0x00,0x00,0x00,0x00,0x00,0x00,
    0x00,0x00,0x00,0x00,0x00,0x00,0x00,0x00,0x00,0x00,0x00,0x00,0x00,0x00,0x00,0x00,
    0x00,0x00,0x00,0x00,0x00,0x00,0x00,0x00,0x00,0x00,0x00,0x00,0x00,0x00,0x00,0x00,
    0x00,0x00,0x00,0x00,0x00,0x00,0x00,0x00,0x00,0x00,0x00,0x00,0x00,0x00,0x00,0x00,
    0x00,0x00,0x00,0x00,0x00,0x00,0x00,0x00,0x00,0x00,0x00,0x00,0x00,0x00,0x00,0x00,
    0x00,0x00,0x00,0x00,0x00,0x00,0x00,0x00,0x00,0x00,0x00,0x00,0x00,0x00,0x00,0x00,
    0x00,0x00,0x00,0x00,0x00,0x00,0x00,0x00,0x00,0x00,0x00,0x00,0x00,0x00,0x00,0x00,
    0x00,0x00,0x00,0x00,0x00,0x00,0x00,0x00,0x00,0x00,0x00,0x00,0x00,0x00,0x00,0x00,
    0x00,0x00,0x00,0x00,0x00,0x00,0x00,0x00,0x00,0x00,0x00,0x00,0x00,0x00,0x00,0x00,
    0x00,0x00,0x00,0x00,0x00,0x00,0x00,0x00,0x00,0x00,0x00,0x00,0x00,0x00,0x00,0x00,
    0x00,0x00,0x00,0x00,0x00,0x00,0x00,0x00,0x00,0x00,0x00,0x00,0x00,0x00,0x00,0x00,
    0x00,0x00,0x00,0x00,0x00,0x00,0x00,0x00,0x00,0x00,0x00,0x00,0x00,0x00,0x00,0x00,
    0x00,0x00,0x00,0x00,0x00,0x00,0x00,0x00,0x00,0x00,0x00,0x00,0x00,0x00,0x00,0x00,
    0x00,0x00,0x00,0x00,0x00,0x00,0x00,0x00,0x00,0x00,0x00,0x00,0x00,0x00,0x00,0x00,
    0x00,0x00,0x00,0x00,0x00,0x00,0x00,0x00,0x00,0x00,0x00,0x00,0x00,0x00,0x00,0x00,
    0x00,0x00,0x00,0x00,0x00,0x00,0x00,0x00,0x00,0x00,0x00,0x00,0x00,0x00,0x00,0x00,
    0x00,0x00,0x00,0x00,0x00,0x00,0x00,0x00,0x00,0x00,0x00,0x00,0x00,0x00,0x00,0x00,
    0x00,0x00,0x00,0x00,0x00,0x00,0x00,0x00,0x00,0x00,0x00,0x00,0x00,0x00,0x00,0x00,
    0x00,0x00,0x00,0x00,0x00,0x00,0x00,0x00,0x00,0x00,0x00,0x00,0x00,0x00,0x00,0x00,
    0x00,0x00,0x00,0x00,0x00,0x00,0x00,0x00,0x00,0x00,0x00,0x00,0x00,0x00,0x00,0x00,
    0x00,0x00,0x00,0x00,0x00,0x00,0x00,0x00,0x00,0x00,0x00,0x00,0x00,0x00,0x00,0x00,
    0x00,0x00,0x00,0x00,0x00,0x00,0x00,0x00,0x00,0x00,0x00,0x00,0x00,0x00,0x00,0x00,
    0x00,0x00,0x00,0x00,0x00,0x00,0x00,0x00,0x00,0x00,0x00,0x00,0x00,0x00,0x00,0x00,
    0x00,0x00,0x00,0x00,0x00,0x00,0x00,0x00,0x00,0x00,0x00,0x00,0x00,0x00,0x00,0x00,
    0x00,0x00,0x00,0x00,0x00,0x00,0x00,0x00,0x00,0x00,0x00,0x00,0x00,0x00,0x00,0x00,
    0x00,0x00,0x00,0x00,0x00,0x00,0x00,0x00,0x00,0x00,0x00,0x00,0x00,0x00,0x00,0x00,
    0x00,0x00,0x00,0x00,0x00,0x00,0x00,0x00,0x00,0x00,0x00,0x00,0x00,0x00,0x00,0x00,
    0x00,0x00,0x00,0x00,0x00,0x00,0x00,0x00,0x00,0x00,0x00,0x00,0x00,0x00,0x00,0x00,
    0x00,0x00,0x00,0x00,0x00,0x00,0x00,0x00,0x00,0x00,0x00,0x00,0x00,0x00,0x00,0x00,
    0x00,0x00,0x00,0x00,0x00,0x00,0x00,0x00,0x00,0x00,0x00,0x00,0x00,0x00,0x00,0x00,
    0x00,0x00,0x00,0x00,0x00,0x00,0x00,0x00,0x00,0x00,0x00,0x00,0x00,0x00,0x00,0x00,
    0x00,0x00,0x00,0x00,0x00,0x00,0x00,0x00,0x00,0x00,0x00,0x00,0x00,0x00,0x00,0x00,
    0x00,0x00,0x00,0x00,0x00,0x00,0x00,0x00,0x00,0x00,0x00,0x00,0x00,0x00,0x00,0x00,
    0x00,0x00,0x00,0x00,0x00,0x00,0x00,0x00,0x00,0x00,0x00,0x00,0x00,0x00,0x00,0x00,
    0x00,0x00,0x00,0x00,0x00,0x00,0x00,0x00,0x00,0x00,0x00,0x00,0x00,0x00,0x00,0x00,
    0x00,0x00,0x00,0x00,0x00,0x00,0x00,0x00,0x00,0x00,0x00,0x00,0x00,0x00,0x00,0x00,
    0x00,0x00,0x00,0x00,0x00,0x00,0x00,0x00,0x00,0x00,0x00,0x00,0x00,0x00,0x00,0x00,
    0x00,0x00,0x00,0x00,0x00,0x00,0x00,0x00,0x00,0x00,0x00,0x00,0x00,0x00,0x00,0x00,
    0x00,0x00,0x00,0x00,0x00,0x00,0x00,0x00,0x00,0x00,0x00,0x00,0x00,0x00,0x00,0x00,
    0x00,0x00,0x00,0x00,0x00,0x00,0x00,0x00,0x00,0x00,0x00,0x00,0x00,0x00,0x00,0x00,
    0x00,0x00,0x00,0x00,0x00,0x00,0x00,0x00,0x00,0x00,0x00,0x00,0x00,0x00,0x00,0x00,
    0x00,0x00,0x00,0x00,0x00,0x00,0x00,0x00,0x00,0x00,0x00,0x00,0x00,0x00,0x00,0x00,
    0x00,0x00,0x00,0x00,0x00,0x00,0x00,0x00,0x00,0x00,0x00,0x00,0x00,0x00,0x00,0x00,
    0x00,0x00,0x00,0x00,0x00,0x00,0x00,0x00,0x00,0x00,0x00,0x00,0x00,0x00,0x00,0x00,
    0x00,0x00,0x00,0x00,0x00,0x00,0x00,0x00,0x00,0x00,0x00,0x00,0x00,0x00,0x00,0x00,
    0x00,0x00,0x00,0x00,0x00,0x00,0x00,0x00,0x00,0x00,0x00,0x00,0x00,0x00,0x00,0x00,
    0x00,0x00,0x00,0x00,0x00,0x00,0x00,0x00,0x00,0x00,0x00,0x00,0x00,0x00,0x00,0x00,
    0x00,0x00,0x00,0x00,0x00,0x00,0x00,0x00,0x00,0x00,0x00,0x00,0x00,0x00,0x00,0x00,
    0x00,0x00,0x00,0x00,0x00,0x00,0x00,0x00,0x00,0x00,0x00,0x00,0x00,0x00,0x00,0x00,
    0x00,0x00,0x00,0x00,0x00,0x00,0x00,0x00,0x00,0x00,0x00,0x00,0x00,0x00,0x00,0x00,
    0x00,0x00,0x00,0x00,0x00,0x00,0x00,0x00,0x00,0x00,0x00,0x00,0x00,0x00,0x00,0x00,
    0x00,0x00,0x00,0x00,0x00,0x00,0x00,0x00,0x00,0x00,0x00,0x00,0x00,0x00,0x00,0x00,
    0x00,0x00,0x00,0x00,0x00,0x00,0x00,0x00,0x00,0x00,0x00,0x00,0x00,0x00,0x00,0x00,
    0x00,0x00,0x00,0x00,0x00,0x00,0x00,0x00,0x00,0x00,0x00,0x00,0x00,0x00,0x00,0x00,
    0x00,0x00,0x00,0x00,0x00,0x00,0x00,0x00,0x00,0x00,0x00,0x00,0x00,0x00,0x00,0x00,
    0x00,0x00,0x00,0x00,0x00,0x00,0x00,0x00,0x00,0x00,0x00,0x00,0x00,0x00,0x00,0x00,
    0x00,0x00,0x00,0x00,0x00,0x00,0x00,0x00,0x00,0x00,0x00,0x00,0x00,0x00,0x00,0x00,
    0x00,0x00,0x00,0x00,0x00,0x00,0x00,0x00,0x00,0x00,0x00,0x00,0x00,0x00,0x00,0x00,
    0x00,0x00,0x00,0x00,0x00,0x00,0x00,0x00,0x00,0x00,0x00,0x00,0x00,0x00,0x00,0x00,
    0x00,0x00,0x00,0x00,0x00,0x00,0x00,0x00,0x00,0x00,0x00,0x00,0x00,0x00,0x00,0x00,
    0x00,0x00,0x00,0x00,0x00,0x00,0x00,0x00,0x00,0x00,0x00,0x00,0x00,0x00,0x00,0x00,
    0x00,0x00,0x00,0x00,0x00,0x00,0x00,0x00,0x00,0x00,0x00,0x00,0x00,0x00,0x00,0x00,
    0x00,0x00,0x00,0x00,0x00,0x00,0x00,0x00,0x00,0x00,0x00,0x00,0x00,0x00,0x00,0x00,
    0x00,0x00,0x00,0x00,0x00,0x00,0x00,0x00,0x00,0x00,0x00,0x00,0x00,0x00,0x00,0x00,
    0x00,0x00,0x00,0x00,0x00,0x00,0x00,0x00,0x00,0x00,0x00,0x00,0x00,0x00,0x00,0x00,
    0x00,0x00,0x00,0x00,0x00,0x00,0x00,0x00,0x00,0x00,0x00,0x00,0x00,0x00,0x00,0x00,
    0x00,0x00,0x00,0x00,0x00,0x00,0x00,0x00,0x00,0x00,0x00,0x00,0x00,0x00,0x00,0x00,
    0x00,0x00,0x00,0x00,0x00,0x00,0x00,0x00,0x00,0x00,0x00,0x00,0x00,0x00,0x00,0x00,
    0x00,0x00,0x00,0x00,0x00,0x00,0x00,0x00,0x00,0x00,0x00,0x00,0x00,0x00,0x00,0x00,
    0x00,0x00,0x00,0x00,0x00,0x00,0x00,0x00,0x00,0x00,0x00,0x00,0x00,0x00,0x00,0x00,
    0x00,0x00,0x00,0x00,0x00,0x00,0x00,0x00,0x00,0x00,0x00,0x00,0x00,0x00,0x00,0x00,
    0x00,0x00,0x00,0x00,0x00,0x00,0x00,0x00,0x00,0x00,0x00,0x00,0x00,0x00,0x00,0x00,
    0x00,0x00,0x00,0x00,0x00,0x00,0x00,0x00,0x00,0x00,0x00,0x00,0x00,0x00,0x00,0x00,
    0x00,0x00,0x00,0x00,0x00,0x00,0x00,0x00,0x00,0x00,0x00,0x00,0x00,0x00,0x00,0x00,
    0x00,0x00,0x00,0x00,0x00,0x00,0x00,0x00,0x00,0x00,0x00,0x00,0x00,0x00,0x00,0x00,
    0x00,0x00,0x00,0x00,0x00,0x00,0x00,0x00,0x00,0x00,0x00,0x00,0x00,0x00,0x00,0x00,
    0x00,0x00,0x00,0x00,0x00,0x00,0x00,0x00,0x00,0x00,0x00,0x00,0x00,0x00,0x00,0x00,
    0x00,0x00,0x00,0x00,0x00,0x00,0x00,0x00,0x00,0x00,0x00,0x00,0x00,0x00,0x00,0x00,
    0x00,0x00,0x00,0x00,0x00,0x00,0x00,0x00,0x00,0x00,0x00,0x00,0x00,0x00,0x00,0x00,
    0x00,0x00,0x00,0x00,0x00,0x00,0x00,0x00,0x00,0x00,0x00,0x00,0x00,0x00,0x00,0x00,
    0x00,0x00,0x00,0x00,0x00,0x00,0x00,0x00,0x00,0x00,0x00,0x00,0x00,0x00,0x00,0x00,
    0x00,0x00,0x00,0x00,0x00,0x00,0x00,0x00,0x00,0x00,0x00,0x00,0x00,0x00,0x00,0x00,
    0x00,0x00,0x00,0x00,0x00,0x00,0x00,0x00,0x00,0x00,0x00,0x00,0x00,0x00,0x00,0x00,
    0x00,0x00,0x00,0x00,0x00,0x00,0x00,0x00,0x00,0x00,0x00,0x00,0x00,0x00,0x00,0x00,
    0x00,0x00,0x00,0x00,0x00,0x00,0x00,0x00,0x00,0x00,0x00,0x00,0x00,0x00,0x00,0x00,
    0x00,0x00,0x00,0x00,0x00,0x00,0x00,0x00,0x00,0x00,0x00,0x00,0x00,0x00,0x00,0x00,
    0x00,0x00,0x00,0x00,0x00,0x00,0x00,0x00,0x00,0x00,0x00,0x00,0x00,0x00,0x00,0x00,
    0x00,0x00,0x00,0x00,0x00,0x00,0x00,0x00,0x00,0x00,0x00,0x00,0x00,0x00,0x00,0x00,
    0x00,0x00,0x00,0x00,0x00,0x00,0x00,0x00,0x00,0x00,0x00,0x00,0x00,0x00,0x00,0x00,
    0x00,0x00,0x00,0x00,0x00,0x00,0x00,0x00,0x00,0x00,0x00,0x00,0x00,0x00,0x00,0x00,
    0x00,0x00,0x00,0x00,0x00,0x00,0x00,0x00,0x00,0x00,0x00,0x00,0x00,0x00,0x00,0x00,
    0x00,0x00,0x00,0x00,0x00,0x00,0x00,0x00,0x00,0x00,0x00,0x00,0x00,0x00,0x00,0x00,
    0x00,0x00,0x00,0x00,0x00,0x00,0x00,0x00,0x00,0x00,0x00,0x00,0x00,0x00,0x00,0x00,
    0x00,0x00,0x00,0x00,0x00,0x00,0x00,0x00,0x00,0x00,0x00,0x00,0x00,0x00,0x00,0x00,
    0x00,0x00,0x00,0x00,0x00,0x00,0x00,0x00,0x00,0x00,0x00,0x00,0x00,0x00,0x00,0x00,
    0x00,0x00,0x00,0x00,0x00,0x00,0x00,0x00,0x00,0x00,0x00,0x00,0x00,0x00,0x00,0x00,
    0x00,0x00,0x00,0x00,0x00,0x00,0x00,0x00,0x00,0x00,0x00,0x00,0x00,0x00,0x00,0x00,
    0x00,0x00,0x00,0x00,0x00,0x00,0x00,0x00,0x00,0x00,0x00,0x00,0x00,0x00,0x00,0x00,
    0x00,0x00,0x00,0x00,0x00,0x00,0x00,0x00,0x00,0x00,0x00,0x00,0x00,0x00,0x00,0x00,
    0x00,0x00,0x00,0x00,0x00,0x00,0x00,0x00,0x00,0x00,0x00,0x00,0x00,0x00,0x00,0x00,
    0x00,0x00,0x00,0x00,0x00,0x00,0x00,0x00,0x00,0x00,0x00,0x00,0x00,0x00,0x00,0x00,
    0x00,0x00,0x00,0x00,0x00,0x00,0x00,0x00,0x00,0x00,0x00,0x00,0x00,0x00,0x00,0x00,
    0x00,0x00,0x00,0x00,0x00,0x00,0x00,0x00,0x00,0x00,0x00,0x00,0x00,0x00,0x00,0x00,
    0x00,0x00,0x00,0x00,0x00,0x00,0x00,0x00,0x00,0x00,0x00,0x00,0x00,0x00,0x00,0x00,
    0x00,0x00,0x00,0x00,0x00,0x00,0x00,0x00,0x00,0x00,0x00,0x00,0x00,0x00,0x00,0x00,
    0x00,0x00,0x00,0x00,0x00,0x00,0x00,0x00,0x00,0x00,0x00,0x00,0x00,0x00,0x00,0x00,
    0x00,0x00,0x00,0x00,0x00,0x00,0x00,0x00,0x00,0x00,0x00,0x00,0x00,0x00,0x00,0x00,
    0x00,0x00,0x00,0x00,0x00,0x00,0x00,0x00,0x00,0x00,0x00,0x00,0x00,0x00,0x00,0x00,
    0x00,0x00,0x00,0x00,0x00,0x00,0x00,0x00,0x00,0x00,0x00,0x00,0x00,0x00,0x00,0x00,
    0x00,0x00,0x00,0x00,0x00,0x00,0x00,0x00,0x00,0x00,0x00,0x00,0x00,0x00,0x00,0x00,
    0x00,0x00,0x00,0x00,0x00,0x00,0x00,0x00,0x00,0x00,0x00,0x00,0x00,0x00,0x00,0x00,
    0x00,0x00,0x00,0x00,0x00,0x00,0x00,0x00,0x00,0x00,0x00,0x00,0x00,0x00,0x00,0x00,
    0x00,0x00,0x00,0x00,0x00,0x00,0x00,0x00,0x00,0x00,0x00,0x00,0x00,0x00,0x00,0x00,
    0x00,0x00,0x00,0x00,0x00,0x00,0x00,0x00,0x00,0x00,0x00,0x00,0x00,0x00,0x00,0x00,
    0x00,0x00,0x00,0x00,0x00,0x00,0x00,0x00,0x00,0x00,0x00,0x00,0x00,0x00,0x00,0x00,
    0x00,0x00,0x00,0x00,0x00,0x00,0x00,0x00,0x00,0x00,0x00,0x00,0x00,0x00,0x00,0x00,
    0x00,0x00,0x00,0x00,0x00,0x00,0x00,0x00,0x00,0x00,0x00,0x00,0x00,0x00,0x00,0x00,
    0x00,0x00,0x00,0x00,0x00,0x00,0x00,0x00,0x00,0x00,0x00,0x00,0x00,0x00,0x00,0x00,
    0x00,0x00,0x00,0x00,0x00,0x00,0x00,0x00,0x00,0x00,0x00,0x00,0x00,0x00,0x00,0x00,
    0x00,0x00,0x00,0x00,0x00,0x00,0x00,0x00,0x00,0x00,0x00,0x00,0x00,0x00,0x00,0x00,
    0x00,0x00,0x00,0x00,0x00,0x00,0x00,0x00,0x00,0x00,0x00,0x00,0x00,0x00,0x00,0x00,
    0x00,0x00,0x00,0x00,0x00,0x00,0x00,0x00,0x00,0x00,0x00,0x00,0x00,0x00,0x00,0x00,
    0x00,0x00,0x00,0x00,0x00,0x00,0x00,0x00,0x00,0x00,0x00,0x00,0x00,0x00,0x00,0x00,
    0x00,0x00,0x00,0x00,0x00,0x00,0x00,0x00,0x00,0x00,0x00,0x00,0x00,0x00,0x00,0x00,
    0x00,0x00,0x00,0x00,0x00,0x00,0x00,0x00,0x00,0x00,0x00,0x00,0x00,0x00,0x00,0x00,
    0x00,0x00,0x00,0x00,0x00,0x00,0x00,0x00,0x00,0x00,0x00,0x00,0x00,0x00,0x00,0x00,
    0x00,0x00,0x00,0x00,0x00,0x00,0x00,0x00,0x00,0x00,0x00,0x00,0x00,0x00,0x00,0x00,
    0x00,0x00,0x00,0x00,0x00,0x00,0x00,0x00,0x00,0x00,0x00,0x00,0x00,0x00,0x00,0x00,
    0x00,0x00,0x00,0x00,0x00,0x00,0x00,0x00,0x00,0x00,0x00,0x00,0x00,0x00,0x00,0x00,
    0x00,0x00,0x00,0x00,0x00,0x00,0x00,0x00,0x00,0x00,0x00,0x00,0x00,0x00,0x00,0x00,
    0x00,0x00,0x00,0x00,0x00,0x00,0x00,0x00,0x00,0x00,0x00,0x00,0x00,0x00,0x00,0x00,
    0x00,0x00,0x00,0x00,0x00,0x00,0x00,0x00,0x00,0x00,0x00,0x00,0x00,0x00,0x00,0x00,
    0x00,0x00,0x00,0x00,0x00,0x00,0x00,0x00,0x00,0x00,0x00,0x00,0x00,0x00,0x00,0x00,
    0x00,0x00,0x00,0x00,0x00,0x00,0x00,0x00,0x00,0x00,0x00,0x00,0x00,0x00,0x00,0x00,
    0x00,0x00,0x00,0x00,0x00,0x00,0x00,0x00,0x00,0x00,0x00,0x00,0x00,0x00,0x00,0x00,
    0x00,0x00,0x00,0x00,0x00,0x00,0x00,0x00,0x00,0x00,0x00,0x00,0x00,0x00,0x00,0x00,
    0x00,0x00,0x00,0x00,0x00,0x00,0x00,0x00,0x00,0x00,0x00,0x00,0x00,0x00,0x00,0x00,
    0x00,0x00,0x00,0x00,0x00,0x00,0x00,0x00,0x00,0x00,0x00,0x00,0x00,0x00,0x00,0x00,
    0x00,0x00,0x00,0x00,0x00,0x00,0x00,0x00,0x00,0x00,0x00,0x00,0x00,0x00,0x00,0x00,
    0x00,0x00,0x00,0x00,0x00,0x00,0x00,0x00,0x00,0x00,0x00,0x00,0x00,0x00,0x00,0x00,
    0x00,0x00,0x00,0x00,0x00,0x00,0x00,0x00,0x00,0x00,0x00,0x00,0x00,0x00,0x00,0x00,
    0x00,0x00,0x00,0x00,0x00,0x00,0x00,0x00,0x00,0x00,0x00,0x00,0x00,0x00,0x00,0x00,
    0x00,0x00,0x00,0x00,0x00,0x00,0x00,0x00,0x00,0x00,0x00,0x00,0x00,0x00,0x00,0x00,
    0x00,0x00,0x00,0x00,0x00,0x00,0x00,0x00,0x00,0x00,0x00,0x00,0x00,0x00,0x00,0x00,
    0x00,0x00,0x00,0x00,0x00,0x00,0x00,0x00,0x00,0x00,0x00,0x00,0x00,0x00,0x00,0x00,
    0x00,0x00,0x00,0x00,0x00,0x00,0x00,0x00,0x00,0x00,0x00,0x00,0x00,0x00,0x00,0x00,
    0x00,0x00,0x00,0x00,0x00,0x00,0x00,0x00,0x00,0x00,0x00,0x00,0x00,0x00,0x00,0x00,
    0x00,0x00,0x00,0x00,0x00,0x00,0x00,0x00,0x00,0x00,0x00,0x00,0x00,0x00,0x00,0x00,
    0x00,0x00,0x00,0x00,0x00,0x00,0x00,0x00,0x00,0x00,0x00,0x00,0x00,0x00,0x00,0x00,
    0x00,0x00,0x00,0x00,0x00,0x00,0x00,0x00,0x00,0x00,0x00,0x00,0x00,0x00,0x00,0x00,
    0x00,0x00,0x00,0x00,0x00,0x00,0x00,0x00,0x00,0x00,0x00,0x00,0x00,0x00,0x00,0x00,
    0x00,0x00,0x00,0x00,0x00,0x00,0x00,0x00,0x00,0x00,0x00,0x00,0x00,0x00,0x00,0x00,
    0x00,0x00,0x00,0x00,0x00,0x00,0x00,0x00,0x00,0x00,0x00,0x00,0x00,0x00,0x00,0x00,
    0x00,0x00,0x00,0x00,0x00,0x00,0x00,0x00,0x00,0x00,0x00,0x00,0x00,0x00,0x00,0x00,
    0x00,0x00,0x00,0x00,0x00,0x00,0x00,0x00,0x00,0x00,0x00,0x00,0x00,0x00,0x00,0x00,
    0x00,0x00,0x00,0x00,0x00,0x00,0x00,0x00,0x00,0x00,0x00,0x00,0x00,0x00,0x00,0x00,
    0x00,0x00,0x00,0x00,0x00,0x00,0x00,0x00,0x00,0x00,0x00,0x00,0x00,0x00,0x00,0x00,
    0x00,0x00,0x00,0x00,0x00,0x00,0x00,0x00,0x00,0x00,0x00,0x00,0x00,0x00,0x00,0x00,
    0x00,0x00,0x00,0x00,0x00,0x00,0x00,0x00,0x00,0x00,0x00,0x00,0x00,0x00,0x00,0x00,
    0x00,0x00,0x00,0x00,0x00,0x00,0x00,0x00,0x00,0x00,0x00,0x00,0x00,0x00,0x00,0x00,
    0x00,0x00,0x00,0x00,0x00,0x00,0x00,0x00,0x00,0x00,0x00,0x00,0x00,0x00,0x00,0x00,
    0x00,0x00,0x00,0x00,0x00,0x00,0x00,0x00,0x00,0x00,0x00,0x00,0x00,0x00,0x00,0x00,
    0x00,0x00,0x00,0x00,0x00,0x00,0x00,0x00,0x00,0x00,0x00,0x00,0x00,0x00,0x00,0x00,
    0x00,0x00,0x00,0x00,0x00,0x00,0x00,0x00,0x00,0x00,0x00,0x00,0x00,0x00,0x00,0x00,
    0x00,0x00,0x00,0x00,0x00,0x00,0x00,0x00,0x00,0x00,0x00,0x00,0x00,0x00,0x00,0x00,
    0x00,0x00,0x00,0x00,0x00,0x00,0x00,0x00,0x00,0x00,0x00,0x00,0x00,0x00,0x00,0x00,
    0x00,0x00,0x00,0x00,0x00,0x00,0x00,0x00,0x00,0x00,0x00,0x00,0x00,0x00,0x00,0x00,
    0x00,0x00,0x00,0x00,0x00,0x00,0x00,0x00,0x00,0x00,0x00,0x00,0x00,0x00,0x00,0x00,
    0x00,0x00,0x00,0x00,0x00,0x00,0x00,0x00,0x00,0x00,0x00,0x00,0x00,0x00,0x00,0x00,
    0x00,0x00,0x00,0x00,0x00,0x00,0x00,0x00,0x00,0x00,0x00,0x00,0x00,0x00,0x00,0x00,
    0x00,0x00,0x00,0x00,0x00,0x00,0x00,0x00,0x00,0x00,0x00,0x00,0x00,0x00,0x00,0x00,
    0x00,0x00,0x00,0x00,0x00,0x00,0x00,0x00,0x00,0x00,0x00,0x00,0x00,0x00,0x00,0x00,
    0x00,0x00,0x00,0x00,0x00,0x00,0x00,0x00,0x00,0x00,0x00,0x00,0x00,0x00,0x00,0x00,
    0x00,0x00,0x00,0x00,0x00,0x00,0x00,0x00,0x00,0x00,0x00,0x00,0x00,0x00,0x00,0x00,
    0x00,0x00,0x00,0x00,0x00,0x00,0x00,0x00,0x00,0x00,0x00,0x00,0x00,0x00,0x00,0x00,
    0x00,0x00,0x00,0x00,0x00,0x00,0x00,0x00,0x00,0x00,0x00,0x00,0x00,0x00,0x00,0x00,
    0x00,0x00,0x00,0x00,0x00,0x00,0x00,0x00,0x00,0x00,0x00,0x00,0x00,0x00,0x00,0x00,
    0x00,0x00,0x00,0x00,0x00,0x00,0x00,0x00,0x00,0x00,0x00,0x00,0x00,0x00,0x00,0x00,
    0x00,0x00,0x00,0x00,0x00,0x00,0x00,0x00,0x00,0x00,0x00,0x00,0x00,0x00,0x00,0x00,
    0x00,0x00,0x00,0x00,0x00,0x00,0x00,0x00,0x00,0x00,0x00,0x00,0x00,0x00,0x00,0x00,
    0x00,0x00,0x00,0x00,0x00,0x00,0x00,0x00,0x00,0x00,0x00,0x00,0x00,0x00,0x00,0x00,
    0x00,0x00,0x00,0x00,0x00,0x00,0x00,0x00,0x00,0x00,0x00,0x00,0x00,0x00,0x00,0x00,
    0x00,0x00,0x00,0x00,0x00,0x00,0x00,0x00,0x00,0x00,0x00,0x00,0x00,0x00,0x00,0x00,
    0x00,0x00,0x00,0x00,0x00,0x00,0x00,0x00,0x00,0x00,0x00,0x00,0x00,0x00,0x00,0x00,
    0x00,0x00,0x00,0x00,0x00,0x00,0x00,0x00,0x00,0x00,0x00,0x00,0x00,0x00,0x00,0x00,
    0x00,0x00,0x00,0x00,0x00,0x00,0x00,0x00,0x00,0x00,0x00,0x00,0x00,0x00,0x00,0x00,
    0x00,0x00,0x00,0x00,0x00,0x00,0x00,0x00,0x00,0x00,0x00,0x00,0x00,0x00,0x00,0x00,
    0x00,0x00,0x00,0x00,0x00,0x00,0x00,0x00,0x00,0x00,0x00,0x00,0x00,0x00,0x00,0x00,
    0x00,0x00,0x00,0x00,0x00,0x00,0x00,0x00,0x00,0x00,0x00,0x00,0x00,0x00,0x00,0x00,
    0x00,0x00,0x00,0x00,0x00,0x00,0x00,0x00,0x00,0x00,0x00,0x00,0x00,0x00,0x00,0x00,
    0x00,0x00,0x00,0x00,0x00,0x00,0x00,0x00,0x00,0x00,0x00,0x00,0x00,0x00,0x00,0x00,
    0x00,0x00,0x00,0x00,0x00,0x00,0x00,0x00,0x00,0x00,0x00,0x00,0x00,0x00,0x00,0x00,
    0x00,0x00,0x00,0x00,0x00,0x00,0x00,0x00,0x00,0x00,0x00,0x00,0x00,0x00,0x00,0x00,
    0x00,0x00,0x00,0x00,0x00,0x00,0x00,0x00,0x00,0x00,0x00,0x00,0x00,0x00,0x00,0x00,
    0x00,0x00,0x00,0x00,0x00,0x00,0x00,0x00,0x00,0x00,0x00,0x00,0x00,0x00,0x00,0x00,
    0x00,0x00,0x00,0x00,0x00,0x00,0x00,0x00,0x00,0x00,0x00,0x00,0x00,0x00,0x00,0x00,
    0x00,0x00,0x00,0x00,0x00,0x00,0x00,0x00,0x00,0x00,0x00,0x00,0x00,0x00,0x00,0x00,
    0x00,0x00,0x00,0x00,0x00,0x00,0x00,0x00,0x00,0x00,0x00,0x00,0x00,0x00,0x00,0x00,
    0x00,0x00,0x00,0x00,0x00,0x00,0x00,0x00,0x00,0x00,0x00,0x00,0x00,0x00,0x00,0x00,
    0x00,0x00,0x00,0x00,0x00,0x00,0x00,0x00,0x00,0x00,0x00,0x00,0x00,0x00,0x00,0x00,
    0x00,0x00,0x00,0x00,0x00,0x00,0x00,0x00,0x00,0x00,0x00,0x00,0x00,0x00,0x00,0x00,
    0x00,0x00,0x00,0x00,0x00,0x00,0x00,0x00,0x00,0x00,0x00,0x00,0x00,0x00,0x00,0x00,
    0x00,0x00,0x00,0x00,0x00,0x00,0x00,0x00,0x00,0x00,0x00,0x00,0x00,0x00,0x00,0x00,
    0x00,0x00,0x00,0x00,0x00,0x00,0x00,0x00,0x00,0x00,0x00,0x00,0x00,0x00,0x00,0x00,
    0x00,0x00,0x00,0x00,0x00,0x00,0x00,0x00,0x00,0x00,0x00,0x00,0x00,0x00,0x00,0x00,
    0x00,0x00,0x00,0x00,0x00,0x00,0x00,0x00,0x00,0x00,0x00,0x00,0x00,0x00,0x00,0x00,
    0x00,0x00,0x00,0x00,0x00,0x00,0x00,0x00,0x00,0x00,0x00,0x00,0x00,0x00,0x00,0x00,
    0x00,0x00,0x00,0x00,0x00,0x00,0x00,0x00,0x00,0x00,0x00,0x00,0x00,0x00,0x00,0x00,
    0x00,0x00,0x00,0x00,0x00,0x00,0x00,0x00,0x00,0x00,0x00,0x00,0x00,0x00,0x00,0x00,
    0x00,0x00,0x00,0x00,0x00,0x00,0x00,0x00,0x00,0x00,0x00,0x00,0x00,0x00,0x00,0x00,
    0x00,0x00,0x00,0x00,0x00,0x00,0x00,0x00,0x00,0x00,0x00,0x00,0x00,0x00,0x00,0x00,
    0x00,0x00,0x00,0x00,0x00,0x00,0x00,0x00,0x00,0x00,0x00,0x00,0x00,0x00,0x00,0x00,
    0x00,0x00,0x00,0x00,0x00,0x00,0x00,0x00,0x00,0x00,0x00,0x00,0x00,0x00,0x00,0x00,
    0x00,0x00,0x00,0x00,0x00,0x00,0x00,0x00,0x00,0x00,0x00,0x00,0x00,0x00,0x00,0x00,
    0x00,0x00,0x00,0x00,0x00,0x00,0x00,0x00,0x00,0x00,0x00,0x00,0x00,0x00,0x00,0x00,
    0x00,0x00,0x00,0x00,0x00,0x00,0x00,0x00,0x00,0x00,0x00,0x00,0x00,0x00,0x00,0x00,
    0x00,0x00,0x00,0x00,0x00,0x00,0x00,0x00,0x00,0x00,0x00,0x00,0x00,0x00,0x00,0x00,
    0x00,0x00,0x00,0x00,0x00,0x00,0x00,0x00,0x00,0x00,0x00,0x00,0x00,0x00,0x00,0x00,
    0x00,0x00,0x00,0x00,0x00,0x00,0x00,0x00,0x00,0x00,0x00,0x00,0x00,0x00,0x00,0x00,
    0x00,0x00,0x00,0x00,0x00,0x00,0x00,0x00,0x00,0x00,0x00,0x00,0x00,0x00,0x00,0x00,
    0x00,0x00,0x00,0x00,0x00,0x00,0x00,0x00,0x00,0x00,0x00,0x00,0x00,0x00,0x00,0x00,
    0x00,0x00,0x00,0x00,0x00,0x00,0x00,0x00,0x00,0x00,0x00,0x00,0x00,0x00,0x00,0x00,
    0x00,0x00,0x00,0x00,0x00,0x00,0x00,0x00,0x00,0x00,0x00,0x00,0x00,0x00,0x00,0x00,
    0x00,0x00,0x00,0x00,0x00,0x00,0x00,0x00,0x00,0x00,0x00,0x00,0x00,0x00,0x00,0x00,
    0x00,0x00,0x00,0x00,0x00,0x00,0x00,0x00,0x00,0x00,0x00,0x00,0x00,0x00,0x00,0x00,
    0x00,0x00,0x00,0x00,0x00,0x00,0x00,0x00,0x00,0x00,0x00,0x00,0x00,0x00,0x00,0x00,
    0x00,0x00,0x00,0x00,0x00,0x00,0x00,0x00,0x00,0x00,0x00,0x00,0x00,0x00,0x00,0x00,
    0x00,0x00,0x00,0x00,0x00,0x00,0x00,0x00,0x00,0x00,0x00,0x00,0x00,0x00,0x00,0x00,
    0x00,0x00,0x00,0x00,0x00,0x00,0x00,0x00,0x00,0x00,0x00,0x00,0x00,0x00,0x00,0x00,
    0x00,0x00,0x00,0x00,0x00,0x00,0x00,0x00,0x00,0x00,0x00,0x00,0x00,0x00,0x00,0x00,
    0x00,0x00,0x00,0x00,0x00,0x00,0x00,0x00,0x00,0x00,0x00,0x00,0x00,0x00,0x00,0x00,
    0x00,0x00,0x00,0x00,0x00,0x00,0x00,0x00,0x00,0x00,0x00,0x00,0x00,0x00,0x00,0x00,
    0x00,0x00,0x00,0x00,0x00,0x00,0x00,0x00,0x00,0x00,0x00,0x00,0x00,0x00,0x00,0x00,
    0x00,0x00,0x00,0x00,0x00,0x00,0x00,0x00,0x00,0x00,0x00,0x00,0x00,0x00,0x00,0x00,
    0x00,0x00,0x00,0x00,0x00,0x00,0x00,0x00,0x00,0x00,0x00,0x00,0x00,0x00,0x00,0x00,
    0x00,0x00,0x00,0x00,0x00,0x00,0x00,0x00,0x00,0x00,0x00,0x00,0x00,0x00,0x00,0x00,
    0x00,0x00,0x00,0x00,0x00,0x00,0x00,0x00,0x00,0x00,0x00,0x00,0x00,0x00,0x00,0x00,
    0x00,0x00,0x00,0x00,0x00,0x00,0x00,0x00,0x00,0x00,0x00,0x00,0x00,0x00,0x00,0x00,
    0x00,0x00,0x00,0x00,0x00,0x00,0x00,0x00,0x00,0x00,0x00,0x00,0x00,0x00,0x00,0x00,
    0x00,0x00,0x00,0x00,0x00,0x00,0x00,0x00,0x00,0x00,0x00,0x00,0x00,0x00,0x00,0x00,
    0x00,0x00,0x00,0x00,0x00,0x00,0x00,0x00,0x00,0x00,0x00,0x00,0x00,0x00,0x00,0x00,
    0x00,0x00,0x00,0x00,0x00,0x00,0x00,0x00,0x00,0x00,0x00,0x00,0x00,0x00,0x00,0x00,
};

__attribute__((aligned(4096))) const unsigned char gb_rom_profi_bank0_fdimage[16384] = {
    0xF3,0x21,0x00,0x00,0x11,0x00,0xC0,0x01,0x00,0x40,0xED,0xB0,0xC3,0x0F,0xC0,0x01,
    0xFD,0x7F,0x3E,0x10,0xED,0x79,0x21,0x00,0x00,0x11,0x00,0x80,0x01,0x00,0x40,0xED,
    0xB0,0x01,0xFD,0x7F,0xAF,0xED,0x79,0x21,0x00,0x00,0x11,0x00,0x40,0x01,0x00,0x40,
    0xED,0xB0,0x01,0xFD,0xDF,0x3E,0x90,0xED,0x79,0x21,0x00,0xC0,0x11,0x00,0x00,0x01,
    0x00,0x40,0xED,0xB0,0xC3,0x80,0x00,0xFF,0xFF,0xFF,0xFF,0xFF,0xFF,0xFF,0xFF,0xFF,
    0xFF,0xFF,0xFF,0xFF,0xFF,0xFF,0xFF,0xFF,0xFF,0xFF,0xFF,0xFF,0xFF,0xFF,0xFF,0xFF,
    0xFF,0xFF,0xFF,0xFF,0xFF,0xFF,0xFF,0xFF,0xFF,0xFF,0xFF,0xFF,0xFF,0xFF,0xFF,0xFF,
    0xFF,0xFF,0xFF,0xFF,0xFF,0xFF,0xFF,0xFF,0xFF,0xFF,0xFF,0xFF,0xFF,0xFF,0xFF,0xFF,
    0x31,0x00,0xC0,0x3E,0x97,0x01,0xFD,0xDF,0xED,0x79,0xCD,0xB3,0x00,0x3E,0x90,0x01,
    0xFD,0xDF,0xED,0x79,0x01,0xFD,0x7F,0x3E,0x14,0xED,0x79,0xCD,0xB3,0x00,0xCD,0xA4,
    0x00,0xC3,0xB4,0x61,0x01,0x7A,0x00,0x78,0xB1,0xC8,0x11,0xA8,0xBC,0x21,0x2E,0xBC,
    0xED,0xB0,0xC9,0x21,0x00,0xC0,0x11,0x01,0xC0,0x01,0xFF,0x3F,0x75,0xED,0xB0,0xC9,
    0x46,0x44,0x49,0x6D,0x61,0x67,0x65,0x20,0x66,0x6F,0x72,0x20,0x4B,0x61,0x72,0x61,
    0x62,0x61,0x73,0x50,0x72,0x6F,0x20,0x62,0x79,0x20,0x44,0x6F,0x63,0x74,0x6F,0x72,
    0x20,0x4D,0x61,0x78,0x20,0x28,0x63,0x29,0x32,0x30,0x32,0x34,0xFF,0xFF,0xFF,0xFF,
    0xFF,0xFF,0xFF,0xFF,0xFF,0xFF,0xFF,0xFF,0xFF,0xFF,0xFF,0xFF,0xFF,0xFF,0xFF,0xFF,
    0x00,0x00,0x00,0x00,0x03,0x03,0x06,0x03,0xCD,0x27,0x01,0xDB,0x1F,0xCB,0x47,0x20,
    0x10,0xCB,0x77,0x20,0x0F,0xE6,0x20,0x28,0x05,0x10,0xED,0x2E,0x03,0xC9,0x2E,0x00,
    0xC9,0x2E,0x05,0xC9,0x2E,0x04,0xC9,0xF3,0xC5,0xD5,0xE5,0x3E,0xF0,0xD3,0x1F,0x11,
    0x00,0xC0,0x0E,0x7F,0xCD,0xA7,0x01,0xE1,0xD1,0xC1,0xFB,0xC9,0xDD,0xE5,0xDD,0x21,
    0x04,0x00,0xDD,0x39,0xDD,0x6E,0x00,0xDD,0x66,0x01,0xDD,0x56,0x02,0xDD,0x5E,0x03,
    0x3A,0x04,0x01,0x4F,0x3A,0x05,0x01,0x47,0x7B,0xCD,0x8F,0x01,0xDB,0x1F,0xE6,0x7F,
    0x28,0x1E,0xCB,0x47,0x20,0x1F,0xCB,0x77,0x20,0x20,0x10,0xEC,0xCD,0xD1,0x02,0x7A,
    0xCD,0xDC,0x02,0xCD,0xEE,0x02,0x38,0x0D,0x0D,0x20,0xD9,0x2E,0x03,0xDD,0xE1,0xC9,
    0x2E,0x00,0xDD,0xE1,0xC9,0x2E,0x05,0xDD,0xE1,0xC9,0x2E,0x04,0xDD,0xE1,0xC9,0xF3,
    0x3C,0xD3,0x5F,0x3E,0xA0,0xD3,0x1F,0xC5,0xD5,0xE5,0x11,0x00,0xC0,0x0E,0x7F,0xCD,
    0xA7,0x01,0xE1,0xD1,0xC1,0xFB,0xC9,0x06,0x10,0xDB,0xBF,0xE6,0xC0,0x20,0x0F,0x1B,
    0x7A,0xB3,0x20,0xF5,0x10,0xF3,0xC9,0xDB,0xBF,0xE6,0xC0,0x28,0xFA,0xF8,0xED,0xA3,
    0x18,0xF5,0xDD,0xE5,0xDD,0x21,0x04,0x00,0xDD,0x39,0xDD,0x6E,0x00,0xDD,0x66,0x01,
    0xDD,0x56,0x02,0xDD,0x5E,0x03,0x3A,0x04,0x01,0x4F,0x3A,0x05,0x01,0x47,0x7B,0xCD,
    0x0A,0x02,0xDB,0x1F,0xE6,0x7F,0x28,0x18,0xCB,0x47,0x20,0x19,0x10,0xF0,0xCD,0xD1,
    0x02,0x7A,0xCD,0xDC,0x02,0xCD,0x09,0x03,0x0D,0x20,0xDF,0x2E,0x02,0xDD,0xE1,0xC9,
    0x2E,0x00,0xDD,0xE1,0xC9,0x2E,0x05,0xDD,0xE1,0xC9,0xF3,0x3C,0xD3,0x5F,0x3E,0x80,
    0xD3,0x1F,0xC5,0xD5,0xE5,0x0E,0x7F,0x16,0xC0,0xCD,0x21,0x02,0xE1,0xD1,0xC1,0xFB,
    0xC9,0xDB,0xBF,0xE6,0xC0,0x20,0x0D,0x1B,0x7A,0xB3,0x20,0xF5,0xC9,0xDB,0xBF,0xE6,
    0xC0,0x28,0xFA,0xF8,0xED,0xA2,0x18,0xF5,0xF5,0xC5,0x3A,0x00,0x01,0xE6,0x03,0x4F,
    0x3A,0x03,0x01,0xEE,0x01,0x07,0x07,0x07,0x07,0xF6,0x0C,0xB1,0xD3,0xBF,0x06,0x00,
    0x10,0xFE,0xC1,0xF1,0xC9,0x21,0x03,0x00,0x39,0x7E,0x32,0x03,0x01,0x2B,0x7E,0x32,
    0x01,0x01,0xCD,0x38,0x02,0xCD,0xDC,0x02,0xCD,0x09,0x03,0xCD,0xEE,0x02,0x28,0x04,
    0x3E,0x05,0x6F,0xC9,0xCD,0x09,0x03,0x3E,0x00,0x6F,0xC9,0x3E,0x48,0xD3,0x1F,0x06,
    0x00,0x10,0xFE,0xCD,0x09,0x03,0x3A,0x01,0x01,0x3C,0xD3,0x3F,0x10,0xFE,0xC9,0x7D,
    0xE6,0x03,0x32,0x00,0x01,0xCD,0x38,0x02,0xCD,0xE3,0x02,0xAF,0x32,0x28,0x88,0xCD,
    0xD7,0x02,0xDB,0x1F,0xCB,0x57,0x20,0x0E,0x3A,0x28,0x88,0xFE,0x64,0x38,0xF3,0xCD,
    0xC9,0x02,0x3E,0x06,0x6F,0xC9,0xCD,0x09,0x03,0xCD,0xEE,0x02,0x30,0x07,0xCD,0xC9,
    0x02,0x3E,0x05,0x6F,0xC9,0x3E,0x00,0x6F,0xC9,0xCD,0xE3,0x02,0x3E,0x00,0xD3,0x1F,
    0xC9,0xCD,0xD7,0x02,0xC3,0x03,0x03,0x3E,0x08,0xD3,0x1F,0xC9,0xD3,0x7F,0x3E,0x18,
    0xD3,0x1F,0xC9,0xC5,0x3E,0xD8,0xD3,0x1F,0x06,0x00,0x10,0xFE,0xC1,0xC9,0xAF,0x32,
    0x28,0x88,0xDB,0x1F,0xCB,0x4F,0x20,0x09,0x3A,0x28,0x88,0xFE,0x64,0x38,0xF3,0x37,
    0xC9,0xAF,0xC9,0xDB,0xBF,0x07,0x30,0xFB,0xC9,0xDB,0x1F,0x0F,0x38,0xFB,0xC9,0xDB,
    0x1F,0x0F,0x30,0xFB,0xC9,0xFF,0xFF,0xFF,0xFF,0xFF,0xFF,0xFF,0xFF,0xFF,0xFF,0xFF,
    0xFF,0xFF,0xFF,0xFF,0xFF,0xFF,0xFF,0xFF,0xFF,0xFF,0xFF,0xFF,0xFF,0xFF,0xFF,0xFF,
    0xFF,0xFF,0xFF,0xFF,0xFF,0xFF,0xFF,0xFF,0xFF,0xFF,0xFF,0xFF,0xFF,0xFF,0xFF,0xFF,
    0xFF,0xFF,0xFF,0xFF,0xFF,0xFF,0xFF,0xFF,0xFF,0xFF,0xFF,0xFF,0xFF,0xFF,0xFF,0xFF,
    0xFF,0xFF,0xFF,0xFF,0xFF,0xFF,0xFF,0xFF,0xFF,0xFF,0xFF,0xFF,0xFF,0xFF,0xFF,0xFF,
    0xFF,0xFF,0xFF,0xFF,0xFF,0xFF,0xFF,0xFF,0xFF,0xFF,0xFF,0xFF,0xFF,0xFF,0xFF,0xFF,
    0xFF,0xFF,0xFF,0xFF,0xFF,0xFF,0xFF,0xFF,0xFF,0xFF,0xFF,0xFF,0xFF,0xFF,0xFF,0xFF,
    0xFF,0xFF,0xFF,0xFF,0xFF,0xFF,0xFF,0xFF,0xFF,0xFF,0xFF,0xFF,0xFF,0xFF,0xFF,0xFF,
    0xFF,0xFF,0xFF,0xFF,0xFF,0xFF,0xFF,0xFF,0xFF,0xFF,0xFF,0xFF,0xFF,0xFF,0xFF,0xFF,
    0xFF,0xFF,0xFF,0xFF,0xFF,0xFF,0xFF,0xFF,0xFF,0xFF,0xFF,0xFF,0xFF,0xFF,0xFF,0xFF,
    0xFF,0xFF,0xFF,0xFF,0xFF,0xFF,0xFF,0xFF,0xFF,0xFF,0xFF,0xFF,0xFF,0xFF,0xFF,0xFF,
    0xFF,0xFF,0xFF,0xFF,0xFF,0xFF,0xFF,0xFF,0xFF,0xFF,0xFF,0xFF,0xFF,0xFF,0xFF,0xFF,
    0xFF,0xFF,0xFF,0xFF,0xFF,0xFF,0xFF,0xFF,0xFF,0xFF,0xFF,0xFF,0xFF,0xFF,0xFF,0xFF,
    0xFF,0xFF,0xFF,0xFF,0xFF,0xFF,0xFF,0xFF,0xFF,0xFF,0xFF,0xFF,0xFF,0xFF,0xFF,0xFF,
    0xFF,0xFF,0xFF,0xFF,0xFF,0xFF,0xFF,0xFF,0xFF,0xFF,0xFF,0xFF,0xFF,0xFF,0xFF,0xFF,
    0xD1,0xC1,0xC5,0xD5,0x69,0x60,0x23,0x23,0x23,0x56,0x03,0x0A,0xD5,0x33,0xF5,0x33,
    0x21,0x06,0x00,0x39,0x4E,0x23,0x46,0xC5,0xCD,0xC2,0x01,0xF1,0xF1,0xC9,0x10,0x21,
    0x04,0x00,0x00,0x01,0x01,0x00,0x00,0x02,0x01,0x00,0x00,0x03,0x01,0x00,0x00,0x04,
    0x01,0x00,0x00,0x05,0x01,0x00,0x00,0x06,0x01,0x00,0x00,0x07,0x01,0x00,0x00,0x08,
    0x01,0x00,0x00,0x09,0x01,0x00,0x00,0x0A,0x01,0x00,0x00,0x0B,0x01,0x00,0x00,0x0C,
    0x01,0x00,0x00,0x0D,0x01,0x00,0x00,0x0E,0x01,0x00,0x00,0x0F,0x01,0x00,0x00,0x10,
    0x01,0x05,0x67,0x04,0x05,0x7B,0x04,0x00,0x00,0x01,0x03,0x00,0x00,0x02,0x03,0x00,
    0x00,0x03,0x03,0x00,0x00,0x04,0x03,0x00,0x00,0x05,0x03,0x00,0x00,0x01,0x03,0x00,
    0x00,0x02,0x03,0x00,0x00,0x03,0x03,0x00,0x00,0x04,0x03,0x00,0x00,0x09,0x03,0xCD,
    0x5D,0xAD,0x21,0xF4,0xFF,0x39,0xF9,0xDD,0x7E,0x07,0xDD,0x77,0xF4,0xDD,0x7E,0x08,
    0xDD,0x77,0xF5,0xDD,0x4E,0x04,0xDD,0x46,0x05,0x69,0x60,0x23,0xDD,0x75,0xF6,0xDD,
    0x74,0xF7,0x6E,0x59,0x50,0x13,0x13,0x1A,0x3C,0x3C,0x18,0x02,0xCB,0x25,0x3D,0x20,
    0xFB,0xDD,0x75,0xFF,0x21,0x03,0x00,0x09,0xDD,0x75,0xF8,0xDD,0x74,0xF9,0x7E,0xDD,
    0x77,0xFA,0xDD,0x36,0xFB,0x00,0xC5,0xD5,0xC5,0xCD,0x6A,0x06,0xF1,0xD1,0xC1,0xDD,
    0x7E,0xFF,0xDD,0x77,0xFC,0xDD,0x7E,0xF4,0xDD,0x77,0xFD,0xDD,0x7E,0xF5,0xDD,0x77,
    0xFE,0xDD,0x36,0xFF,0x00,0xDD,0x7E,0xFF,0xDD,0x96,0x06,0x30,0x5A,0xDD,0x6E,0xF8,
    0xDD,0x66,0xF9,0xDD,0x7E,0xFA,0x77,0xC5,0xD5,0xDD,0x6E,0xFD,0xDD,0x66,0xFE,0xE5,
    0xC5,0xCD,0x00,0x04,0xF1,0xF1,0x7D,0xD1,0xC1,0xDD,0x77,0xFB,0xB7,0x20,0x38,0xDD,
    0x7E,0xFD,0xDD,0x77,0xFD,0xDD,0x34,0xFE,0xDD,0x7E,0xFA,0x3C,0xE6,0x0F,0xDD,0x77,
    0xFA,0xB7,0x20,0x1E,0xDD,0x34,0xFC,0xDD,0x7E,0xFC,0xCB,0x3F,0xDD,0x6E,0xF6,0xDD,
    0x66,0xF7,0x77,0xDD,0x7E,0xFC,0xE6,0x01,0x12,0xC5,0xD5,0xC5,0xCD,0x6A,0x06,0xF1,
    0xD1,0xC1,0xDD,0x34,0xFF,0x18,0x9E,0xDD,0x6E,0xFB,0xDD,0xF9,0xDD,0xE1,0xC9,0xD1,
    0xC1,0xC5,0xD5,0x69,0x60,0x23,0x23,0x23,0x56,0x03,0x0A,0xD5,0x33,0xF5,0x33,0x21,
    0x06,0x00,0x39,0x4E,0x23,0x46,0xC5,0xCD,0x3C,0x01,0xF1,0xF1,0xC9,0xCD,0x5D,0xAD,
    0x21,0xF5,0xFF,0x39,0xF9,0xDD,0x7E,0x07,0xDD,0x77,0xF5,0xDD,0x7E,0x08,0xDD,0x77,
    0xF6,0xDD,0x4E,0x04,0xDD,0x46,0x05,0x59,0x50,0x13,0x1A,0x87,0xDD,0x77,0xFF,0x21,
    0x02,0x00,0x09,0xDD,0x75,0xF7,0xDD,0x74,0xF8,0x7E,0xDD,0xB6,0xFF,0xDD,0x77,0xFF,
    0x21,0x03,0x00,0x09,0xDD,0x75,0xF9,0xDD,0x74,0xFA,0x7E,0xDD,0x77,0xFB,0xC5,0xD5,
    0xC5,0xCD,0x6A,0x06,0xF1,0xD1,0xC1,0x7D,0xB7,0x20,0x79,0xDD,0x7E,0xFF,0xDD,0x77,
    0xFC,0xDD,0x7E,0xF5,0xDD,0x77,0xFD,0xDD,0x7E,0xF6,0xDD,0x77,0xFE,0xDD,0x36,0xFF,
    0x00,0xDD,0x7E,0xFF,0xDD,0x96,0x06,0x30,0x5B,0xDD,0x6E,0xF9,0xDD,0x66,0xFA,0xDD,
    0x7E,0xFB,0x77,0xC5,0xD5,0xDD,0x6E,0xFD,0xDD,0x66,0xFE,0xE5,0xC5,0xCD,0x5F,0x05,
    0xF1,0xF1,0xD1,0xC1,0x7D,0xB7,0x20,0x3C,0xDD,0x7E,0xFD,0xDD,0x77,0xFD,0xDD,0x34,
    0xFE,0xDD,0x7E,0xFB,0x3C,0xE6,0x0F,0xDD,0x77,0xFB,0xB7,0x20,0x22,0xDD,0x34,0xFC,
    0xDD,0x7E,0xFC,0xCB,0x3F,0x12,0xDD,0x7E,0xFC,0xE6,0x01,0xDD,0x6E,0xF7,0xDD,0x66,
    0xF8,0x77,0xC5,0xD5,0xC5,0xCD,0x6A,0x06,0xF1,0xD1,0xC1,0x7D,0xB7,0x20,0x05,0xDD,
    0x34,0xFF,0x18,0x9D,0xDD,0xF9,0xDD,0xE1,0xC9,0xFD,0x21,0x02,0x00,0xFD,0x39,0xFD,
    0x6E,0x00,0xFD,0x66,0x01,0xC3,0x06,0x01,0xD1,0xC1,0xC5,0xD5,0x0A,0x32,0x00,0x01,
    0xFD,0x21,0x00,0x01,0xFD,0x6E,0x00,0xC3,0x8F,0x02,0xD1,0xC1,0xC5,0xD5,0x69,0x60,
    0x23,0x23,0x56,0x03,0x0A,0xD5,0x33,0xF5,0x33,0xCD,0x55,0x02,0xF1,0xC9,0xC3,0x7B,
    0x02,0xC3,0xC9,0x02,0xD1,0xC1,0xC5,0xD5,0x0A,0x32,0x00,0x01,0x03,0x03,0x0A,0x32,
    0x03,0x01,0xC3,0x38,0x02,0xC3,0xD1,0x02,0xDD,0xE5,0xDD,0x21,0x04,0x00,0xDD,0x39,
    0xDD,0x6E,0x00,0xDD,0x66,0x01,0xDD,0x46,0x02,0x0E,0x4E,0xCD,0x44,0x07,0x01,0x00,
    0x0C,0xCD,0x44,0x07,0x01,0xF6,0x03,0xCD,0x44,0x07,0x36,0xFC,0x23,0xDD,0xE1,0xC9,
    0xDD,0xE5,0xDD,0x21,0x04,0x00,0xDD,0x39,0xDD,0x6E,0x00,0xDD,0x66,0x01,0xDD,0x46,
    0x02,0x0E,0x4E,0xCD,0x44,0x07,0x01,0x00,0x0C,0xCD,0x44,0x07,0x01,0xF5,0x03,0xCD,
    0x44,0x07,0x36,0xFE,0x23,0xDD,0x7E,0x04,0x77,0x23,0xDD,0x7E,0x05,0x77,0x23,0xDD,
    0x7E,0x06,0x77,0x23,0xDD,0x7E,0x07,0x77,0x23,0x36,0xF7,0x23,0xDD,0x46,0x03,0x0E,
    0x4E,0xCD,0x44,0x07,0x01,0x00,0x0C,0xCD,0x44,0x07,0x01,0xF5,0x03,0xCD,0x44,0x07,
    0x36,0xFB,0x23,0xDD,0x7E,0x07,0xB7,0x28,0x1E,0x3D,0x28,0x15,0x3D,0x28,0x0C,0x01,
    0x00,0x00,0xCD,0x44,0x07,0x01,0x00,0x00,0xCD,0x44,0x07,0x01,0x00,0x00,0xCD,0x44,
    0x07,0x01,0x00,0x80,0xCD,0x44,0x07,0x01,0x00,0x80,0xCD,0x44,0x07,0x3E,0xF7,0x77,
    0x23,0xDD,0xE1,0xC9,0x71,0x23,0x10,0xFC,0xC9,0xE5,0xED,0x5B,0xA8,0xBC,0xB7,0xED,
    0x52,0xEB,0x21,0xAA,0x1E,0xB7,0xED,0x52,0x4D,0x44,0xE1,0x30,0x06,0x3E,0x02,0xD3,
    0xFE,0xF3,0x76,0x1E,0x4E,0x73,0x23,0x0B,0x78,0xB1,0x20,0xF9,0xC9,0xCD,0x5D,0xAD,
    0xED,0x4B,0x1F,0x04,0x21,0x1E,0x04,0x5E,0x16,0x00,0x7A,0xBB,0x30,0x12,0x26,0x00,
    0x6F,0x29,0x29,0x09,0xDD,0x7E,0x04,0x77,0x23,0xDD,0x7E,0x05,0x77,0x14,0x18,0xEA,
    0x21,0x1E,0x04,0xE5,0xCD,0x02,0x08,0xF1,0xDD,0xE1,0xC9,0xCD,0x5D,0xAD,0xF5,0xF5,
    0x3B,0xDD,0x7E,0x04,0xB7,0x20,0x15,0xDD,0x7E,0x05,0xB7,0x20,0x0F,0x21,0x00,0x00,
    0x39,0xEB,0x21,0x64,0x04,0x01,0x03,0x00,0xED,0xB0,0x18,0x0D,0x21,0x00,0x00,0x39,
    0xEB,0x21,0x61,0x04,0x01,0x03,0x00,0xED,0xB0,0x21,0x00,0x00,0x39,0x5D,0x54,0x23,
    0x4E,0x23,0x46,0x1A,0xDD,0x77,0xFE,0xDD,0x36,0xFF,0x00,0xDD,0x7E,0xFF,0xDD,0x96,
    0xFE,0x30,0x16,0xDD,0x6E,0xFF,0x26,0x00,0x29,0x29,0x09,0xDD,0x7E,0x04,0x77,0x23,
    0xDD,0x7E,0x05,0x77,0xDD,0x34,0xFF,0x18,0xE2,0xD5,0xCD,0x02,0x08,0xDD,0xF9,0xDD,
    0xE1,0xC9,0xCD,0x5D,0xAD,0xF5,0xF5,0xF5,0xF5,0xDD,0x6E,0x04,0xDD,0x66,0x05,0x7E,
    0xDD,0x77,0xF8,0x23,0x7E,0xDD,0x77,0xF9,0x23,0x7E,0xDD,0x77,0xFA,0x2A,0xA8,0xBC,
    0x3E,0x50,0xF5,0x33,0xE5,0xCD,0x98,0x06,0xF1,0x33,0xEB,0x0E,0x00,0x79,0xDD,0x96,
    0xF8,0x30,0x60,0x79,0x26,0x00,0x6F,0x29,0x29,0x7D,0xDD,0x86,0xF9,0xDD,0x77,0xFB,
    0x7C,0xDD,0x8E,0xFA,0xDD,0x77,0xFC,0xDD,0x6E,0xFB,0xDD,0x66,0xFC,0x7E,0xDD,0x77,
    0xFD,0xDD,0x6E,0xFB,0xDD,0x66,0xFC,0x23,0x7E,0xDD,0x77,0xFE,0xDD,0x6E,0xFB,0xDD,
    0x66,0xFC,0x23,0x23,0x7E,0xDD,0x77,0xFF,0xDD,0x6E,0xFB,0xDD,0x66,0xFC,0x23,0x23,
    0x23,0x7E,0xC5,0xF5,0x33,0xDD,0x66,0xFF,0xDD,0x6E,0xFE,0xE5,0xDD,0x66,0xFD,0x2E,
    0x16,0xE5,0x3E,0x38,0xF5,0x33,0xD5,0xCD,0xC0,0x06,0xF1,0xF1,0xF1,0xF1,0xEB,0xC1,
    0x0C,0x18,0x9A,0xEB,0xCD,0x49,0x07,0xDD,0xF9,0xDD,0xE1,0xC9,0x3E,0x00,0x32,0x26,
    0x88,0x3E,0xB0,0x32,0x27,0x88,0xC9,0xCD,0x5D,0xAD,0x01,0xAA,0xBC,0xDD,0x7E,0x04,
    0x3D,0x6F,0x17,0x9F,0x67,0x29,0x09,0x5E,0x23,0x56,0xEB,0xDD,0xE1,0xC9,0x53,0x65,
    0x65,0x6B,0x20,0x65,0x72,0x72,0x6F,0x72,0x00,0x52,0x65,0x61,0x64,0x20,0x65,0x72,
    0x72,0x6F,0x72,0x00,0x57,0x72,0x69,0x74,0x65,0x20,0x65,0x72,0x72,0x6F,0x72,0x00,
    0x57,0x72,0x69,0x74,0x65,0x20,0x70,0x72,0x6F,0x74,0x65,0x63,0x74,0x00,0x4E,0x6F,
    0x20,0x64,0x69,0x73,0x6B,0x00,0x4E,0x6F,0x20,0x46,0x44,0x44,0x00,0x7D,0xB7,0xCA,
    0x7E,0x4B,0x2D,0xCA,0x11,0x49,0x18,0x00,0x2E,0x01,0xC9,0x7D,0xB7,0xCA,0x83,0x4B,
    0x2D,0xCA,0x16,0x49,0x18,0x00,0x2E,0x01,0xC9,0xCD,0x5D,0xAD,0xDD,0x7E,0x04,0xB7,
    0x28,0x08,0xDD,0x7E,0x04,0x3D,0x28,0x27,0x18,0x4A,0xDD,0x6E,0x0B,0xDD,0x66,0x0C,
    0xE5,0xDD,0x6E,0x09,0xDD,0x66,0x0A,0xE5,0xDD,0x6E,0x07,0xDD,0x66,0x08,0xE5,0xDD,
    0x6E,0x05,0xDD,0x66,0x06,0xE5,0xCD,0xBD,0x4C,0xF1,0xF1,0xF1,0xF1,0x18,0x27,0xDD,
    0x6E,0x0B,0xDD,0x66,0x0C,0xE5,0xDD,0x6E,0x09,0xDD,0x66,0x0A,0xE5,0xDD,0x6E,0x07,
    0xDD,0x66,0x08,0xE5,0xDD,0x6E,0x05,0xDD,0x66,0x06,0xE5,0xCD,0xC8,0x49,0xF1,0xF1,
    0xF1,0xF1,0x18,0x02,0x2E,0x04,0xDD,0xE1,0xC9,0xCD,0x5D,0xAD,0xDD,0x7E,0x04,0xB7,
    0x28,0x08,0xDD,0x7E,0x04,0x3D,0x28,0x15,0x18,0x26,0xDD,0x6E,0x06,0xDD,0x66,0x07,
    0xE5,0xDD,0x7E,0x05,0xF5,0x33,0xCD,0x97,0x4D,0xF1,0x33,0x18,0x15,0xDD,0x6E,0x06,
    0xDD,0x66,0x07,0xE5,0xDD,0x7E,0x05,0xF5,0x33,0xCD,0x0E,0x4A,0xF1,0x33,0x18,0x02,
    0x2E,0x04,0xDD,0xE1,0xC9,0xCD,0x5D,0xAD,0xDD,0x4E,0x04,0xDD,0x46,0x05,0x03,0x0A,
    0x47,0x0E,0x00,0xDD,0x6E,0x04,0xDD,0x66,0x05,0x5E,0x16,0x00,0x79,0xB3,0x6F,0x78,
    0xB2,0x67,0xDD,0xE1,0xC9,0x01,0x03,0x05,0x07,0x09,0x0E,0x10,0x12,0x14,0x16,0x18,
    0x1C,0x1E,0x80,0x81,0x82,0x83,0x84,0x85,0x86,0x87,0x88,0x89,0x8A,0x8B,0x8C,0x8D,
    0x8E,0x8F,0x90,0x91,0x92,0x93,0x94,0x95,0x96,0x97,0x98,0x99,0x9A,0x9B,0x9C,0x9D,
    0x9E,0x9F,0x80,0x81,0x82,0x83,0x84,0x85,0x86,0x87,0x88,0x89,0x8A,0x8B,0x8C,0x8D,
    0x8E,0x8F,0xB0,0xB1,0xB2,0xB3,0xB4,0xB5,0xB6,0xB7,0xB8,0xB9,0xBA,0xBB,0xBC,0xBD,
    0xBE,0xBF,0xC0,0xC1,0xC2,0xC3,0xC4,0xC5,0xC6,0xC7,0xC8,0xC9,0xCA,0xCB,0xCC,0xCD,
    0xCE,0xCF,0xD0,0xD1,0xD2,0xD3,0xD4,0xD5,0xD6,0xD7,0xD8,0xD9,0xDA,0xDB,0xDC,0xDD,
    0xDE,0xDF,0x90,0x91,0x92,0x93,0x94,0x95,0x96,0x97,0x98,0x99,0x9A,0x9B,0x9C,0x9D,
    0x9E,0x9F,0xF0,0xF0,0xF2,0xF2,0xF4,0xF4,0xF6,0xF6,0xF8,0xF9,0xFA,0xFB,0xFC,0xFD,
    0xFE,0xFF,0xCD,0x5D,0xAD,0xF5,0xF5,0xDD,0x6E,0x04,0xDD,0x66,0x05,0x23,0x23,0x23,
    0x4E,0x06,0x00,0x11,0x00,0x00,0xDD,0x71,0xFD,0xDD,0x70,0xFE,0xDD,0x73,0xFF,0xDD,
    0x36,0xFC,0x00,0xDD,0x6E,0x04,0xDD,0x66,0x05,0x23,0x23,0x4E,0x06,0x00,0x21,0x00,
    0x00,0xDD,0x7E,0xFC,0xB1,0x5F,0xDD,0x7E,0xFD,0xB0,0x57,0xDD,0x7E,0xFE,0xB5,0x6F,
    0x43,0x5A,0x55,0x0E,0x00,0xDD,0x6E,0x04,0xDD,0x66,0x05,0x23,0x7E,0xDD,0x77,0xFC,
    0xAF,0xDD,0x77,0xFD,0xDD,0x77,0xFE,0xDD,0x77,0xFF,0x79,0xDD,0xB6,0xFC,0x4F,0x78,
    0xDD,0xB6,0xFD,0x47,0x7B,0xDD,0xB6,0xFE,0x5F,0x7A,0xDD,0xB6,0xFF,0xDD,0x71,0xFD,
    0xDD,0x70,0xFE,0xDD,0x73,0xFF,0xDD,0x36,0xFC,0x00,0xDD,0x6E,0x04,0xDD,0x66,0x05,
    0x4E,0x06,0x00,0x11,0x00,0x00,0xDD,0x7E,0xFC,0xB1,0x6F,0xDD,0x7E,0xFD,0xB0,0x67,
    0xDD,0x7E,0xFE,0xB3,0x5F,0xDD,0x7E,0xFF,0xB2,0x57,0xDD,0xF9,0xDD,0xE1,0xC9,0xCD,
    0x5D,0xAD,0xDD,0x4E,0x04,0xDD,0x46,0x05,0xDD,0x5E,0x06,0xDD,0x56,0x07,0xDD,0x7E,
    0x09,0xDD,0xB6,0x08,0x28,0x11,0x69,0x60,0xDD,0x4E,0x08,0xDD,0x46,0x09,0x1A,0x13,
    0x77,0x23,0x0B,0x78,0xB1,0x20,0xF7,0xDD,0xE1,0xC9,0xD1,0xC1,0xC5,0xD5,0xFD,0x21,
    0x06,0x00,0xFD,0x39,0xFD,0x5E,0x00,0xFD,0x56,0x01,0xFD,0x21,0x04,0x00,0xFD,0x39,
    0xFD,0x7E,0x00,0x02,0x03,0x1B,0x7A,0xB3,0x20,0xF0,0xC9,0xCD,0x5D,0xAD,0xF5,0xF5,
    0xDD,0x4E,0x04,0xDD,0x46,0x05,0xDD,0x7E,0x06,0xDD,0x77,0xFE,0xDD,0x7E,0x07,0xDD,
    0x77,0xFF,0xDD,0x5E,0x08,0xDD,0x56,0x09,0x0A,0x03,0xDD,0x77,0xFC,0xDD,0x36,0xFD,
    0x00,0xDD,0x6E,0xFE,0xDD,0x66,0xFF,0x6E,0xDD,0x34,0xFE,0x20,0x03,0xDD,0x34,0xFF,
    0x26,0x00,0xDD,0x7E,0xFC,0x95,0x6F,0xDD,0x7E,0xFD,0x9C,0x67,0x1B,0x7A,0xB3,0x28,
    0x04,0x7C,0xB5,0x28,0xD3,0xDD,0xF9,0xDD,0xE1,0xC9,0xD1,0xC1,0xC5,0xD5,0x0A,0x5F,
    0x16,0x00,0xB7,0x28,0x14,0xFD,0x21,0x04,0x00,0xFD,0x39,0xFD,0x6E,0x00,0xFD,0x66,
    0x01,0xBF,0xED,0x52,0x28,0x03,0x03,0x18,0xE5,0xEB,0xC9,0x21,0x02,0x00,0x39,0x7E,
    0xB7,0x28,0x04,0x21,0x00,0x00,0xC9,0x21,0x00,0x00,0xC9,0x21,0x02,0x00,0x39,0x7E,
    0xB7,0x28,0x04,0x21,0x00,0x00,0xC9,0x21,0x00,0x00,0xC9,0xCD,0x5D,0xAD,0xF5,0xF5,
    0xF5,0xDD,0x7E,0x04,0xDD,0x77,0xFA,0xDD,0x7E,0x05,0xDD,0x77,0xFB,0xE1,0xE5,0x4E,
    0x23,0x46,0x0A,0x03,0x5F,0x16,0x00,0x7B,0xC5,0xD5,0xF5,0x33,0xCD,0xBB,0x0B,0x33,
    0xD1,0xC1,0x7C,0xB5,0x28,0x27,0x0A,0xDD,0x77,0xFF,0x03,0xC5,0xD5,0xDD,0x7E,0xFF,
    0xF5,0x33,0xCD,0xCB,0x0B,0x33,0xD1,0xC1,0x7C,0xB5,0x20,0x07,0x21,0xFF,0xFF,0x5D,
    0x54,0x18,0x44,0x53,0x1E,0x00,0xDD,0x6E,0xFF,0x26,0x00,0x19,0xEB,0x7A,0xB3,0x28,
    0x18,0xC5,0x21,0x62,0x03,0xE5,0xD5,0xCD,0xEE,0x43,0xF1,0xF1,0xEB,0xC1,0x7A,0xB3,
    0x20,0x07,0x21,0xFF,0xFF,0x5D,0x54,0x18,0x1E,0xDD,0x73,0xFC,0xDD,0x72,0xFD,0xAF,
    0xDD,0x77,0xFE,0xDD,0x77,0xFF,0xE1,0xE5,0x71,0x23,0x70,0xDD,0x6E,0xFC,0xDD,0x66,
    0xFD,0xDD,0x5E,0xFE,0xDD,0x56,0xFF,0xDD,0xF9,0xDD,0xE1,0xC9,0xCD,0x5D,0xAD,0xF5,
    0x21,0x62,0x03,0xE5,0xDD,0x6E,0x06,0xDD,0x66,0x07,0xE5,0xDD,0x6E,0x04,0xDD,0x66,
    0x05,0xE5,0xCD,0x67,0x42,0xF1,0xF1,0xF1,0x4D,0x44,0xDD,0x7E,0x08,0xDD,0x77,0xFE,
    0xDD,0x7E,0x09,0xDD,0x77,0xFF,0x59,0x7C,0xD6,0x01,0x38,0x2E,0xDD,0x7E,0x0A,0xD6,
    0x02,0xDD,0x7E,0x0B,0xDE,0x00,0x30,0x04,0x2E,0x00,0x18,0x37,0xE1,0xE5,0x70,0xDD,
    0x7E,0xFE,0xC6,0x01,0xDD,0x77,0x08,0xDD,0x7E,0xFF,0xCE,0x00,0xDD,0x77,0x09,0xDD,
    0x6E,0x08,0xDD,0x66,0x09,0x73,0x2E,0x02,0x18,0x19,0x78,0xB1,0x28,0x0C,0xDD,0x7E,
    0x0A,0xD6,0x01,0xDD,0x7E,0x0B,0xDE,0x00,0x30,0x04,0x2E,0x00,0x18,0x05,0xE1,0xE5,
    0x73,0x2E,0x01,0xF1,0xDD,0xE1,0xC9,0xCD,0x5D,0xAD,0xF5,0x3B,0xDD,0x36,0xFD,0x00,
    0xDD,0x4E,0x04,0xDD,0x46,0x05,0x21,0x25,0x00,0x09,0xDD,0x75,0xFE,0xDD,0x74,0xFF,
    0x5E,0x23,0x56,0x23,0x23,0x7E,0x2B,0x6E,0x67,0xDD,0x7E,0x06,0x93,0x20,0x12,0xDD,
    0x7E,0x07,0x92,0x20,0x0C,0x7D,0xDD,0x96,0x08,0x20,0x06,0x7C,0xDD,0x96,0x09,0x28,
    0x4E,0x21,0x29,0x00,0x09,0xEB,0x03,0x0A,0x21,0x01,0x00,0xE5,0xDD,0x6E,0x08,0xDD,
    0x66,0x09,0xE5,0xDD,0x6E,0x06,0xDD,0x66,0x07,0xE5,0xD5,0xF5,0x33,0xCD,0x19,0x09,
    0xFD,0x21,0x09,0x00,0xFD,0x39,0xFD,0xF9,0x7D,0xB7,0x28,0x14,0xDD,0x36,0x06,0xFF,
    0xDD,0x36,0x07,0xFF,0xDD,0x36,0x08,0xFF,0xDD,0x36,0x09,0xFF,0xDD,0x36,0xFD,0x01,
    0xDD,0x5E,0xFE,0xDD,0x56,0xFF,0x21,0x09,0x00,0x39,0x01,0x04,0x00,0xED,0xB0,0xDD,
    0x6E,0xFD,0xDD,0xF9,0xDD,0xE1,0xC9,0xCD,0x5D,0xAD,0xF5,0xF5,0xDD,0x7E,0x06,0xC6,
    0xFE,0xDD,0x77,0x06,0xDD,0x7E,0x07,0xCE,0xFF,0xDD,0x77,0x07,0xDD,0x7E,0x08,0xCE,
    0xFF,0xDD,0x77,0x08,0xDD,0x7E,0x09,0xCE,0xFF,0xDD,0x77,0x09,0xDD,0x4E,0x04,0xDD,
    0x46,0x05,0x59,0x50,0x21,0x0D,0x00,0x19,0x5E,0x23,0x56,0x23,0x23,0x7E,0x2B,0x6E,
    0x67,0x7B,0xC6,0xFE,0x5F,0x7A,0xCE,0xFF,0x57,0x7D,0xCE,0xFF,0x6F,0x7C,0xCE,0xFF,
    0x67,0xDD,0x7E,0x06,0x93,0xDD,0x7E,0x07,0x9A,0xDD,0x7E,0x08,0x9D,0xDD,0x7E,0x09,
    0x9C,0x38,0x07,0x21,0x00,0x00,0x5D,0x54,0x18,0x47,0x59,0x50,0xC5,0x21,0x02,0x00,
    0x39,0xEB,0x01,0x21,0x00,0x09,0x01,0x04,0x00,0xED,0xB0,0xC1,0x21,0x09,0x00,0x09,
    0x4E,0x23,0x46,0x11,0x00,0x00,0xDD,0x6E,0x08,0xDD,0x66,0x09,0xE5,0xDD,0x6E,0x06,
    0xDD,0x66,0x07,0xE5,0xD5,0xC5,0xCD,0x19,0xAE,0xF1,0xF1,0xF1,0xF1,0xDD,0x7E,0xFC,
    0x85,0x6F,0xDD,0x7E,0xFD,0x8C,0x67,0xDD,0x7E,0xFE,0x8B,0x5F,0xDD,0x7E,0xFF,0x8A,
    0x57,0xDD,0xF9,0xDD,0xE1,0xC9,0xCD,0x5D,0xAD,0x21,0xF0,0xFF,0x39,0xF9,0xDD,0x4E,
    0x04,0xDD,0x46,0x05,0x0A,0xDD,0x77,0xF0,0x03,0x0A,0xDD,0x77,0xF1,0xDD,0x7E,0x06,
    0xD6,0x02,0xDD,0x7E,0x07,0xDE,0x00,0xDD,0x7E,0x08,0xDE,0x00,0xDD,0x7E,0x09,0xDE,
    0x00,0x38,0x1F,0xC1,0xC5,0x21,0x0D,0x00,0x09,0x4E,0x23,0x46,0x23,0x5E,0x23,0x56,
    0xDD,0x7E,0x06,0x91,0xDD,0x7E,0x07,0x98,0xDD,0x7E,0x08,0x9B,0xDD,0x7E,0x09,0x9A,
    0x38,0x11,0xDD,0x36,0xF2,0x01,0xAF,0xDD,0x77,0xF3,0xDD,0x77,0xF4,0xDD,0x77,0xF5,
    0xC3,0x17,0x11,0xDD,0x36,0xF2,0xFF,0xDD,0x36,0xF3,0xFF,0xDD,0x36,0xF4,0xFF,0xDD,
    0x36,0xF5,0xFF,0xE1,0xE5,0x4E,0xDD,0x7E,0xF0,0xC6,0x19,0xDD,0x77,0xFE,0xDD,0x7E,
    0xF1,0xCE,0x00,0xDD,0x77,0xFF,0xDD,0x7E,0xF0,0xC6,0x29,0xDD,0x77,0xF6,0xDD,0x7E,
    0xF1,0xCE,0x00,0xDD,0x77,0xF7,0x79,0x3D,0x28,0x0E,0x79,0xFE,0x02,0xCA,0x1A,0x10,
    0xD6,0x03,0xCA,0x85,0x10,0xC3,0x09,0x11,0xDD,0x4E,0x06,0xDD,0x46,0x07,0x69,0x60,
    0xCB,0x3C,0xCB,0x1D,0x09,0xE5,0xDD,0x5E,0xFE,0xDD,0x56,0xFF,0x21,0x0C,0x00,0x39,
    0xEB,0x01,0x04,0x00,0xED,0xB0,0xD1,0x7A,0xCB,0x3F,0x4F,0x06,0x00,0x21,0x00,0x00,
    0xDD,0x7E,0xFA,0x81,0x4F,0xDD,0x7E,0xFB,0x88,0x47,0xDD,0x7E,0xFC,0x8D,0x6F,0xDD,
    0x7E,0xFD,0x8C,0x67,0xD5,0xE5,0xC5,0xDD,0x6E,0xF0,0xDD,0x66,0xF1,0xE5,0xCD,0xE7,
    0x0C,0xF1,0xF1,0xF1,0x7D,0xD1,0xB7,0xC2,0x17,0x11,0x4B,0x42,0x13,0xDD,0x73,0xF8,
    0xDD,0x72,0xF9,0x78,0xE6,0x01,0x47,0x79,0xDD,0x86,0xF6,0xDD,0x77,0xFC,0x78,0xDD,
    0x8E,0xF7,0xDD,0x77,0xFD,0xDD,0x6E,0xFC,0xDD,0x66,0xFD,0x7E,0xDD,0x77,0xFD,0xDD,
    0x77,0xFA,0xDD,0x36,0xFB,0x00,0xDD,0x5E,0xFE,0xDD,0x56,0xFF,0x21,0x0C,0x00,0x39,
    0xEB,0x01,0x04,0x00,0xED,0xB0,0xDD,0x7E,0xF9,0xCB,0x3F,0x4F,0x06,0x00,0x11,0x00,
    0x00,0xDD,0x7E,0xFC,0x81,0x4F,0xDD,0x7E,0xFD,0x88,0x47,0xDD,0x7E,0xFE,0x8B,0x5F,
    0xDD,0x7E,0xFF,0x8A,0x57,0xD5,0xC5,0xDD,0x6E,0xF0,0xDD,0x66,0xF1,0xE5,0xCD,0xE7,
    0x0C,0xF1,0xF1,0xF1,0x7D,0xB7,0xC2,0x17,0x11,0xDD,0x7E,0xF8,0xDD,0x77,0xFE,0xDD,
    0x7E,0xF9,0xE6,0x01,0xDD,0x77,0xFF,0xDD,0x7E,0xFE,0xDD,0x86,0xF6,0xDD,0x77,0xFC,
    0xDD,0x7E,0xFF,0xDD,0x8E,0xF7,0xDD,0x77,0xFD,0xDD,0x6E,0xFC,0xDD,0x66,0xFD,0x7E,
    0xDD,0x77,0xFF,0xDD,0x77,0xFE,0xDD,0x36,0xFF,0x00,0xDD,0x7E,0xFE,0xDD,0x77,0xFF,
    0xDD,0x36,0xFE,0x00,0xDD,0x7E,0xFA,0xDD,0xB6,0xFE,0xDD,0x77,0xFC,0xDD,0x7E,0xFB,
    0xDD,0xB6,0xFF,0xDD,0x77,0xFD,0xDD,0xCB,0x06,0x46,0x28,0x1A,0xDD,0x7E,0xFC,0xDD,
    0x77,0xFE,0xDD,0x7E,0xFD,0xDD,0x77,0xFF,0x06,0x04,0xDD,0xCB,0xFF,0x3E,0xDD,0xCB,
    0xFE,0x1E,0x10,0xF6,0x18,0x0E,0xDD,0x7E,0xFC,0xDD,0x77,0xFE,0xDD,0x7E,0xFD,0xE6,
    0x0F,0xDD,0x77,0xFF,0xDD,0x7E,0xFE,0xDD,0x77,0xF2,0xDD,0x7E,0xFF,0xDD,0x77,0xF3,
    0xAF,0xDD,0x77,0xF4,0xDD,0x77,0xF5,0xC3,0x17,0x11,0xDD,0x5E,0xFE,0xDD,0x56,0xFF,
    0x21,0x0C,0x00,0x39,0xEB,0x01,0x04,0x00,0xED,0xB0,0xDD,0x4E,0x07,0xDD,0x46,0x08,
    0xDD,0x5E,0x09,0x16,0x00,0xDD,0x7E,0xFC,0x81,0x4F,0xDD,0x7E,0xFD,0x88,0x47,0xDD,
    0x7E,0xFE,0x8B,0x5F,0xDD,0x7E,0xFF,0x8A,0x57,0xD5,0xC5,0xDD,0x6E,0xF0,0xDD,0x66,
    0xF1,0xE5,0xCD,0xE7,0x0C,0xF1,0xF1,0xF1,0x7D,0xB7,0xC2,0x17,0x11,0xDD,0x4E,0x06,
    0xDD,0x7E,0x07,0xCB,0x21,0x8F,0xE6,0x01,0x47,0xDD,0x6E,0xF6,0xDD,0x66,0xF7,0x09,
    0xE5,0xCD,0xB5,0x09,0xF1,0xDD,0x75,0xF2,0xDD,0x74,0xF3,0xAF,0xDD,0x77,0xF4,0xDD,
    0x77,0xF5,0xC3,0x17,0x11,0xDD,0x5E,0xFE,0xDD,0x56,0xFF,0x21,0x0C,0x00,0x39,0xEB,
    0x01,0x04,0x00,0xED,0xB0,0xDD,0x5E,0x06,0xDD,0x56,0x07,0xDD,0x6E,0x08,0xDD,0x66,
    0x09,0x06,0x07,0xCB,0x3C,0xCB,0x1D,0xCB,0x1A,0xCB,0x1B,0x10,0xF6,0xDD,0x7E,0xFC,
    0x83,0x4F,0xDD,0x7E,0xFD,0x8A,0x47,0xDD,0x7E,0xFE,0x8D,0x5F,0xDD,0x7E,0xFF,0x8C,
    0x57,0xD5,0xC5,0xDD,0x6E,0xF0,0xDD,0x66,0xF1,0xE5,0xCD,0xE7,0x0C,0xF1,0xF1,0xF1,
    0x7D,0xB7,0x20,0x43,0xDD,0x4E,0x06,0xDD,0x7E,0x07,0xDD,0x6E,0x08,0xDD,0x66,0x09,
    0x06,0x02,0xCB,0x21,0x8F,0xED,0x6A,0x10,0xF9,0xE6,0x01,0x47,0xDD,0x6E,0xF6,0xDD,
    0x66,0xF7,0x09,0xE5,0xCD,0x62,0x0A,0xF1,0xDD,0x75,0xF2,0xDD,0x74,0xF3,0xDD,0x73,
    0xF4,0x7A,0xE6,0x0F,0xDD,0x77,0xF5,0x18,0x0E,0xDD,0x36,0xF2,0x01,0xAF,0xDD,0x77,
    0xF3,0xDD,0x77,0xF4,0xDD,0x77,0xF5,0xDD,0x6E,0xF2,0xDD,0x66,0xF3,0xDD,0x5E,0xF4,
    0xDD,0x56,0xF5,0xDD,0xF9,0xDD,0xE1,0xC9,0xCD,0x5D,0xAD,0x21,0xEE,0xFF,0x39,0xF9,
    0xDD,0x7E,0x04,0xDD,0x77,0xEE,0xDD,0x7E,0x05,0xDD,0x77,0xEF,0xDD,0x7E,0xEE,0xDD,
    0x77,0xF0,0xDD,0x7E,0xEF,0xDD,0x77,0xF1,0xE1,0xE5,0x7E,0xDD,0x77,0xF2,0x23,0x7E,
    0xDD,0x77,0xF3,0xDD,0x7E,0x08,0xD6,0x20,0xDD,0x7E,0x09,0xDE,0x00,0x30,0x07,0xDD,
    0x7E,0x06,0xE6,0x1F,0x28,0x05,0x2E,0x02,0xC3,0x40,0x14,0xDD,0x7E,0xEE,0xC6,0x0E,
    0x5F,0xDD,0x7E,0xEF,0xCE,0x00,0x57,0x21,0x18,0x00,0x39,0x01,0x04,0x00,0xED,0xB0,
    0xDD,0x7E,0xEE,0xDD,0x77,0xFE,0xDD,0x7E,0xEF,0xDD,0x77,0xFF,0xDD,0x5E,0xFE,0xDD,
    0x56,0xFF,0x21,0x06,0x00,0x39,0xEB,0x01,0x06,0x00,0x09,0x01,0x04,0x00,0xED,0xB0,
    0xDD,0x7E,0xF2,0xC6,0x1D,0xDD,0x77,0xFE,0xDD,0x7E,0xF3,0xCE,0x00,0xDD,0x77,0xFF,
    0xDD,0x7E,0xF7,0xDD,0xB6,0xF6,0xDD,0xB6,0xF5,0xDD,0xB6,0xF4,0x20,0x1B,0xDD,0x6E,
    0xF2,0xDD,0x66,0xF3,0x7E,0xD6,0x03,0x38,0x10,0xDD,0x5E,0xFE,0xDD,0x56,0xFF,0x21,
    0x06,0x00,0x39,0xEB,0x01,0x04,0x00,0xED,0xB0,0xDD,0x7E,0xEE,0xC6,0x16,0xDD,0x77,
    0xF8,0xDD,0x7E,0xEF,0xCE,0x00,0xDD,0x77,0xF9,0xDD,0x7E,0xF7,0xDD,0xB6,0xF6,0xDD,
    0xB6,0xF5,0xDD,0xB6,0xF4,0x20,0x69,0xDD,0x4E,0x06,0xDD,0x46,0x07,0xDD,0x5E,0x08,
    0xDD,0x56,0x09,0x3E,0x05,0xCB,0x3A,0xCB,0x1B,0xCB,0x18,0xCB,0x19,0x3D,0x20,0xF5,
    0xDD,0x6E,0xF2,0xDD,0x66,0xF3,0xC5,0x01,0x07,0x00,0x09,0xC1,0x7E,0x23,0x66,0xDD,
    0x77,0xFA,0xDD,0x74,0xFB,0xAF,0xDD,0x77,0xFC,0xDD,0x77,0xFD,0x79,0xDD,0x96,0xFA,
    0x78,0xDD,0x9E,0xFB,0x7B,0xDD,0x9E,0xFC,0x7A,0xDD,0x9E,0xFD,0x38,0x05,0x2E,0x02,
    0xC3,0x40,0x14,0xDD,0x6E,0xFE,0xDD,0x66,0xFF,0x4E,0x23,0x46,0x23,0x5E,0x23,0x56,
    0xDD,0x6E,0xF8,0xDD,0x66,0xF9,0x71,0x23,0x70,0x23,0x73,0x23,0x72,0xC3,0x78,0x13,
    0xDD,0x4E,0xF2,0xDD,0x46,0xF3,0x21,0x09,0x00,0x09,0x4E,0x23,0x46,0xAF,0xDD,0x71,
    0xFB,0xDD,0x70,0xFC,0xDD,0x77,0xFD,0xDD,0x36,0xFA,0x00,0xDD,0xCB,0xFB,0x26,0xDD,
    0xCB,0xFC,0x16,0xDD,0xCB,0xFD,0x16,0xDD,0x7E,0xF2,0xDD,0x77,0xFE,0xDD,0x7E,0xF3,
    0xDD,0x77,0xFF,0xDD,0x7E,0x06,0xDD,0x96,0xFA,0xDD,0x7E,0x07,0xDD,0x9E,0xFB,0xDD,
    0x7E,0x08,0xDD,0x9E,0xFC,0xDD,0x7E,0x09,0xDD,0x9E,0xFD,0xDA,0x4E,0x13,0xDD,0x6E,
    0xF6,0xDD,0x66,0xF7,0xE5,0xDD,0x6E,0xF4,0xDD,0x66,0xF5,0xE5,0xDD,0x6E,0xF0,0xDD,
    0x66,0xF1,0xE5,0xCD,0x26,0x0E,0xF1,0xF1,0xF1,0xDD,0x75,0xF4,0xDD,0x74,0xF5,0xDD,
    0x73,0xF6,0xDD,0x72,0xF7,0xDD,0x7E,0xF4,0xDD,0xA6,0xF5,0xDD,0xA6,0xF6,0xDD,0xA6,
    0xF7,0x3C,0x20,0x05,0x2E,0x01,0xC3,0x40,0x14,0xDD,0x7E,0xF4,0xD6,0x02,0xDD,0x7E,
    0xF5,0xDE,0x00,0xDD,0x7E,0xF6,0xDE,0x00,0xDD,0x7E,0xF7,0xDE,0x00,0x38,0x23,0xDD,
    0x6E,0xFE,0xDD,0x66,0xFF,0x11,0x0D,0x00,0x19,0x4E,0x23,0x46,0x23,0x5E,0x23,0x56,
    0xDD,0x7E,0xF4,0x91,0xDD,0x7E,0xF5,0x98,0xDD,0x7E,0xF6,0x9B,0xDD,0x7E,0xF7,0x9A,
    0x38,0x05,0x2E,0x02,0xC3,0x40,0x14,0xDD,0x7E,0x06,0xDD,0x96,0xFA,0xDD,0x77,0x06,
    0xDD,0x7E,0x07,0xDD,0x9E,0xFB,0xDD,0x77,0x07,0xDD,0x7E,0x08,0xDD,0x9E,0xFC,0xDD,
    0x77,0x08,0xDD,0x7E,0x09,0xDD,0x9E,0xFD,0xDD,0x77,0x09,0xC3,0x93,0x12,0xDD,0x6E,
    0xF6,0xDD,0x66,0xF7,0xE5,0xDD,0x6E,0xF4,0xDD,0x66,0xF5,0xE5,0xDD,0x6E,0xF2,0xDD,
    0x66,0xF3,0xE5,0xCD,0x77,0x0D,0xF1,0xF1,0xF1,0x4D,0x44,0xDD,0x6E,0xF8,0xDD,0x66,
    0xF9,0x71,0x23,0x70,0x23,0x73,0x23,0x72,0xDD,0x7E,0xEE,0xC6,0x12,0x5F,0xDD,0x7E,
    0xEF,0xCE,0x00,0x57,0x21,0x06,0x00,0x39,0x01,0x04,0x00,0xED,0xB0,0xDD,0x6E,0xF8,
    0xDD,0x66,0xF9,0x4E,0x23,0x46,0x23,0x5E,0x23,0x56,0x7A,0xB3,0xB0,0xB1,0x20,0x05,
    0x2E,0x02,0xC3,0x40,0x14,0xDD,0x7E,0x07,0xDD,0x77,0xFC,0xDD,0x7E,0x08,0xDD,0x77,
    0xFD,0xDD,0x7E,0x09,0xDD,0x77,0xFE,0xDD,0x36,0xFF,0x00,0xDD,0xCB,0xFE,0x3E,0xDD,
    0xCB,0xFD,0x1E,0xDD,0xCB,0xFC,0x1E,0x79,0xDD,0x86,0xFC,0x4F,0x78,0xDD,0x8E,0xFD,
    0x47,0x7B,0xDD,0x8E,0xFE,0x5F,0x7A,0xDD,0x8E,0xFF,0x57,0xDD,0x6E,0xF8,0xDD,0x66,
    0xF9,0x71,0x23,0x70,0x23,0x73,0x23,0x72,0xDD,0x7E,0xEE,0xC6,0x1A,0xDD,0x77,0xFE,
    0xDD,0x7E,0xEF,0xCE,0x00,0xDD,0x77,0xFF,0xDD,0x7E,0xF2,0xC6,0x29,0xDD,0x77,0xFC,
    0xDD,0x7E,0xF3,0xCE,0x00,0xDD,0x77,0xFD,0xDD,0x7E,0x06,0xDD,0x77,0xF6,0xDD,0x7E,
    0x07,0xE6,0x01,0xDD,0x77,0xF7,0xAF,0xDD,0x77,0xF8,0xDD,0x77,0xF9,0xDD,0x7E,0xFC,
    0xDD,0x86,0xF6,0xDD,0x77,0xFA,0xDD,0x7E,0xFD,0xDD,0x8E,0xF7,0xDD,0x77,0xFB,0xDD,
    0x6E,0xFE,0xDD,0x66,0xFF,0xDD,0x7E,0xFA,0x77,0x23,0xDD,0x7E,0xFB,0x77,0x2E,0x00,
    0xDD,0xF9,0xDD,0xE1,0xC9,0xCD,0x5D,0xAD,0x21,0xE6,0xFF,0x39,0xF9,0xDD,0x7E,0x04,
    0xDD,0x77,0xE6,0xDD,0x7E,0x05,0xDD,0x77,0xE7,0xE1,0xE5,0x7E,0xDD,0x77,0xE8,0x23,
    0x7E,0xDD,0x77,0xE9,0xDD,0x7E,0xE6,0xC6,0x0E,0xDD,0x77,0xEA,0xDD,0x7E,0xE7,0xCE,
    0x00,0xDD,0x77,0xEB,0xDD,0x6E,0xEA,0xDD,0x66,0xEB,0x4E,0x23,0x46,0x23,0x5E,0x23,
    0x56,0x79,0xC6,0x20,0xDD,0x77,0xEC,0x78,0xCE,0x00,0xDD,0x77,0xED,0x7B,0xCE,0x00,
    0xDD,0x77,0xEE,0x7A,0xCE,0x00,0xDD,0x77,0xEF,0xDD,0x7E,0xE6,0xC6,0x16,0xDD,0x77,
    0xF0,0xDD,0x7E,0xE7,0xCE,0x00,0xDD,0x77,0xF1,0xDD,0x7E,0xEE,0xD6,0x20,0xDD,0x7E,
    0xEF,0xDE,0x00,0x38,0x0E,0xDD,0x6E,0xF0,0xDD,0x66,0xF1,0xAF,0x77,0x23,0x77,0x23,
    0x77,0x23,0x77,0xDD,0x5E,0xF0,0xDD,0x56,0xF1,0x21,0x16,0x00,0x39,0xEB,0x01,0x04,
    0x00,0xED,0xB0,0xDD,0x7E,0xFF,0xDD,0xB6,0xFE,0xDD,0xB6,0xFD,0xDD,0xB6,0xFC,0x20,
    0x05,0x2E,0x04,0xC3,0x04,0x17,0xDD,0x7E,0xEC,0xDD,0x77,0xF2,0xDD,0x7E,0xED,0xE6,
    0x01,0xDD,0x77,0xF3,0xAF,0xDD,0x77,0xF4,0xDD,0x77,0xF5,0xDD,0xB6,0xF4,0xDD,0xB6,
    0xF3,0xDD,0xB6,0xF2,0xC2,0xD5,0x16,0xDD,0x7E,0xFC,0xC6,0x01,0x4F,0xDD,0x7E,0xFD,
    0xCE,0x00,0x47,0xDD,0x7E,0xFE,0xCE,0x00,0x5F,0xDD,0x7E,0xFF,0xCE,0x00,0x57,0xDD,
    0x6E,0xF0,0xDD,0x66,0xF1,0x71,0x23,0x70,0x23,0x73,0x23,0x72,0xDD,0x7E,0xE6,0xC6,
    0x12,0xDD,0x77,0xF6,0xDD,0x7E,0xE7,0xCE,0x00,0xDD,0x77,0xF7,0xDD,0x5E,0xF6,0xDD,
    0x56,0xF7,0x21,0x12,0x00,0x39,0xEB,0x01,0x04,0x00,0xED,0xB0,0xDD,0x7E,0xFB,0xDD,
    0xB6,0xFA,0xDD,0xB6,0xF9,0xDD,0xB6,0xF8,0x20,0x5B,0xDD,0x4E,0xEC,0xDD,0x46,0xED,
    0xDD,0x5E,0xEE,0xDD,0x56,0xEF,0x3E,0x05,0xCB,0x3A,0xCB,0x1B,0xCB,0x18,0xCB,0x19,
    0x3D,0x20,0xF5,0xDD,0x6E,0xE8,0xDD,0x66,0xE9,0xC5,0x01,0x07,0x00,0x09,0xC1,0x7E,
    0x23,0x66,0xDD,0x77,0xFC,0xDD,0x74,0xFD,0xAF,0xDD,0x77,0xFE,0xDD,0x77,0xFF,0x79,
    0xDD,0x96,0xFC,0x78,0xDD,0x9E,0xFD,0x7B,0xDD,0x9E,0xFE,0x7A,0xDD,0x9E,0xFF,0xDA,
    0xD5,0x16,0xDD,0x6E,0xF0,0xDD,0x66,0xF1,0xAF,0x77,0x23,0x77,0x23,0x77,0x23,0x77,
    0x2E,0x04,0xC3,0x04,0x17,0xDD,0x4E,0xED,0xDD,0x46,0xEE,0xDD,0x5E,0xEF,0x16,0x00,
    0xCB,0x3B,0xCB,0x18,0xCB,0x19,0xDD,0x6E,0xE8,0xDD,0x66,0xE9,0xC5,0x01,0x0A,0x00,
    0x09,0xC1,0x7E,0x2B,0x6E,0x67,0x2B,0xDD,0x75,0xFC,0xDD,0x74,0xFD,0xAF,0xDD,0x77,
    0xFE,0xDD,0x77,0xFF,0x79,0xDD,0xA6,0xFC,0x4F,0x78,0xDD,0xA6,0xFD,0x47,0x7B,0xDD,
    0xA6,0xFE,0x5F,0x7A,0xDD,0xA6,0xFF,0xB3,0xB0,0xB1,0xC2,0xD5,0x16,0xDD,0x6E,0xFA,
    0xDD,0x66,0xFB,0xE5,0xDD,0x6E,0xF8,0xDD,0x66,0xF9,0xE5,0xDD,0x6E,0xE6,0xDD,0x66,
    0xE7,0xE5,0xCD,0x26,0x0E,0xF1,0xF1,0xF1,0xDD,0x75,0xFC,0xDD,0x74,0xFD,0xDD,0x73,
    0xFE,0xDD,0x72,0xFF,0x3E,0x01,0xDD,0xBE,0xFC,0x3E,0x00,0xDD,0x9E,0xFD,0x3E,0x00,
    0xDD,0x9E,0xFE,0x3E,0x00,0xDD,0x9E,0xFF,0x38,0x05,0x2E,0x02,0xC3,0x04,0x17,0xDD,
    0x7E,0xFC,0xDD,0xA6,0xFD,0xDD,0xA6,0xFE,0xDD,0xA6,0xFF,0x3C,0x20,0x05,0x2E,0x01,
    0xC3,0x04,0x17,0xD1,0xC1,0xC5,0xD5,0x21,0x0D,0x00,0x09,0x4E,0x23,0x46,0x23,0x5E,
    0x23,0x56,0xDD,0x7E,0xFC,0x91,0xDD,0x7E,0xFD,0x98,0xDD,0x7E,0xFE,0x9B,0xDD,0x7E,
    0xFF,0x9A,0x38,0x28,0xDD,0x7E,0x07,0xDD,0xB6,0x06,0x20,0x0E,0xDD,0x6E,0xF0,0xDD,
    0x66,0xF1,0xAF,0x77,0x23,0x77,0x23,0x77,0x23,0x77,0xDD,0x6E,0xF0,0xDD,0x66,0xF1,
    0xAF,0x77,0x23,0x77,0x23,0x77,0x23,0x77,0x2E,0x04,0x18,0x68,0xDD,0x5E,0xF6,0xDD,
    0x56,0xF7,0x21,0x16,0x00,0x39,0x01,0x04,0x00,0xED,0xB0,0xDD,0x6E,0xFE,0xDD,0x66,
    0xFF,0xE5,0xDD,0x6E,0xFC,0xDD,0x66,0xFD,0xE5,0xDD,0x6E,0xE8,0xDD,0x66,0xE9,0xE5,
    0xCD,0x77,0x0D,0xF1,0xF1,0xF1,0x4D,0x44,0xDD,0x6E,0xF0,0xDD,0x66,0xF1,0x71,0x23,
    0x70,0x23,0x73,0x23,0x72,0xDD,0x5E,0xEA,0xDD,0x56,0xEB,0x21,0x06,0x00,0x39,0x01,
    0x04,0x00,0xED,0xB0,0xE1,0xE5,0x11,0x1A,0x00,0x19,0xDD,0x7E,0xE8,0xC6,0x29,0x4F,
    0xDD,0x7E,0xE9,0xCE,0x00,0x47,0x79,0xDD,0x86,0xF2,0x4F,0x78,0xDD,0x8E,0xF3,0x71,
    0x23,0x77,0x2E,0x00,0xDD,0xF9,0xDD,0xE1,0xC9,0xCD,0x5D,0xAD,0xF5,0xF5,0xDD,0x6E,
    0x06,0xDD,0x66,0x07,0x11,0x1A,0x00,0x19,0xE5,0xCD,0xB5,0x09,0xF1,0xDD,0x75,0xFC,
    0xDD,0x74,0xFD,0xAF,0xDD,0x77,0xFE,0xDD,0x77,0xFF,0xDD,0x4E,0x04,0xDD,0x46,0x05,
    0x0A,0xD6,0x03,0x20,0x2E,0xDD,0x6E,0x06,0xDD,0x66,0x07,0x11,0x14,0x00,0x19,0xE5,
    0xCD,0xB5,0x09,0xF1,0x01,0x00,0x00,0xDD,0x7E,0xFC,0xB1,0xDD,0x77,0xFC,0xDD,0x7E,
    0xFD,0xB0,0xDD,0x77,0xFD,0xDD,0x7E,0xFE,0xB5,0xDD,0x77,0xFE,0xDD,0x7E,0xFF,0xB4,
    0xDD,0x77,0xFF,0xDD,0x6E,0xFC,0xDD,0x66,0xFD,0xDD,0x5E,0xFE,0xDD,0x56,0xFF,0xDD,
    0xF9,0xDD,0xE1,0xC9,0xCD,0x5D,0xAD,0x21,0xF4,0xFF,0x39,0xF9,0xDD,0x6E,0x06,0xDD,
    0x66,0x07,0x11,0x1A,0x00,0x19,0xE5,0xCD,0xB5,0x09,0xF1,0x7C,0xB5,0x28,0x06,0x21,
    0x00,0x00,0xC3,0xB3,0x18,0xDD,0x4E,0x06,0xDD,0x46,0x07,0x0A,0xE6,0x3F,0x5F,0x16,
    0x00,0x1B,0x6B,0x62,0x29,0x19,0x29,0x29,0x19,0xE3,0x11,0x01,0x00,0xDD,0x7E,0xF4,
    0xDD,0x77,0xFC,0xDD,0x7E,0xF5,0xDD,0x77,0xFD,0xAF,0xDD,0x77,0xFE,0xDD,0x77,0xFF,
    0xDD,0x7E,0xFE,0xD6,0x0D,0xDD,0x7E,0xFF,0xDE,0x00,0xD2,0x8D,0x18,0x3E,0xD5,0xDD,
    0x86,0xFE,0x6F,0x3E,0x09,0xDD,0x8E,0xFF,0x67,0x6E,0x26,0x00,0x09,0xC5,0xD5,0xE5,
    0xCD,0xB5,0x09,0xF1,0xD1,0xC1,0xDD,0x75,0xF6,0xDD,0x74,0xF7,0x7A,0xB3,0xCA,0x72,
    0x18,0xDD,0x7E,0xFC,0xD6,0x40,0xDD,0x7E,0xFD,0xDE,0x00,0x30,0x68,0xDD,0x5E,0xF6,
    0xDD,0x56,0xF7,0x21,0x00,0x00,0xC5,0xE5,0xD5,0xCD,0x33,0x44,0xF1,0xF1,0xDD,0x75,
    0xF8,0xDD,0x74,0xF9,0xDD,0x73,0xFA,0xDD,0x72,0xFB,0xC1,0xDD,0x5E,0xFC,0xDD,0x56,
    0xFD,0xDD,0x34,0xFC,0x20,0x03,0xDD,0x34,0xFD,0xDD,0x7E,0xFC,0xDD,0x77,0xF4,0xDD,
    0x7E,0xFD,0xDD,0x77,0xF5,0xEB,0x29,0xEB,0xDD,0x6E,0x04,0xDD,0x66,0x05,0x19,0x5E,
    0x23,0x56,0x21,0x00,0x00,0xC5,0xE5,0xD5,0xCD,0x33,0x44,0xF1,0xF1,0xC1,0x7D,0xDD,
    0x96,0xF8,0x20,0x11,0x7C,0xDD,0x96,0xF9,0x20,0x0B,0xDD,0x6E,0xFA,0xDD,0x66,0xFB,
    0xBF,0xED,0x52,0x28,0x05,0x21,0x00,0x00,0x18,0x49,0xDD,0x5E,0xF6,0xDD,0x56,0xF7,
    0x18,0x0F,0xDD,0x7E,0xF6,0xDD,0x66,0xF7,0xA4,0x3C,0x28,0x05,0x21,0x00,0x00,0x18,
    0x32,0xDD,0x34,0xFE,0xC2,0xC0,0x17,0xDD,0x34,0xFF,0xC3,0xC0,0x17,0x0A,0xCB,0x77,
    0x28,0x1E,0x7A,0xB3,0x28,0x1A,0xDD,0x6E,0xF4,0xDD,0x66,0xF5,0x29,0xEB,0xDD,0x6E,
    0x04,0xDD,0x66,0x05,0x19,0x7E,0x23,0x4E,0xB1,0x28,0x05,0x21,0x00,0x00,0x18,0x03,
    0x21,0x01,0x00,0xDD,0xF9,0xDD,0xE1,0xC9,0xCD,0x5D,0xAD,0xF5,0xF5,0xF5,0xF5,0xDD,
    0x6E,0x06,0xDD,0x66,0x07,0x11,0x1A,0x00,0x19,0xE5,0xCD,0xB5,0x09,0xF1,0x7C,0xB5,
    0x28,0x06,0x21,0x00,0x00,0xC3,0xCB,0x19,0xDD,0x4E,0x06,0xDD,0x46,0x07,0x0A,0x5F,
    0x16,0x00,0xCB,0xB3,0x1B,0x6B,0x62,0x29,0x19,0x29,0x29,0x19,0xE3,0xDD,0x36,0xFC,
    0x01,0xDD,0x36,0xFD,0x00,0xDD,0x7E,0xF8,0xDD,0x77,0xFE,0xDD,0x7E,0xF9,0xDD,0x77,
    0xFF,0x11,0x00,0x00,0x7B,0xD6,0x0D,0x7A,0xDE,0x00,0xD2,0x97,0x19,0x21,0xD5,0x09,
    0x19,0x6E,0x26,0x00,0x09,0xC5,0xD5,0xE5,0xCD,0xB5,0x09,0xF1,0xD1,0xC1,0xDD,0x75,
    0xFA,0xDD,0x74,0xFB,0xDD,0x7E,0xFD,0xDD,0xB6,0xFC,0x28,0x58,0xDD,0x7E,0xFE,0xD6,
    0x40,0xDD,0x7E,0xFF,0xDE,0x00,0x38,0x06,0x21,0x00,0x00,0xC3,0xCB,0x19,0xDD,0x6E,
    0xFE,0xDD,0x66,0xFF,0xDD,0x34,0xFE,0x20,0x03,0xDD,0x34,0xFF,0xDD,0x7E,0xFE,0xDD,
    0x77,0xF8,0xDD,0x7E,0xFF,0xDD,0x77,0xF9,0x29,0xDD,0x75,0xFC,0xDD,0x74,0xFD,0xDD,
    0x7E,0xFC,0xDD,0x86,0x04,0x6F,0xDD,0x7E,0xFD,0xDD,0x8E,0x05,0x67,0xDD,0x7E,0xFA,
    0xDD,0x77,0xFC,0xDD,0x7E,0xFB,0xDD,0x77,0xFD,0xDD,0x7E,0xFA,0x77,0x23,0xDD,0x7E,
    0xFB,0x77,0x18,0x0F,0xDD,0x7E,0xFA,0xDD,0x66,0xFB,0xA4,0x3C,0x28,0x05,0x21,0x00,
    0x00,0x18,0x38,0x13,0xC3,0x04,0x19,0x0A,0xCB,0x77,0x28,0x2C,0xDD,0x7E,0xFD,0xDD,
    0xB6,0xFC,0x28,0x24,0xDD,0x7E,0xF8,0xD6,0x40,0xDD,0x7E,0xF9,0xDE,0x00,0x38,0x05,
    0x21,0x00,0x00,0x18,0x16,0xDD,0x6E,0xF8,0xDD,0x66,0xF9,0x29,0xEB,0xDD,0x6E,0x04,
    0xDD,0x66,0x05,0x19,0xAF,0x77,0x23,0x77,0x21,0x01,0x00,0xDD,0xF9,0xDD,0xE1,0xC9,
    0xCD,0x5D,0xAD,0x06,0x00,0xDD,0x6E,0x04,0xDD,0x66,0x05,0x11,0x0B,0x00,0x48,0xCB,
    0x39,0x78,0x0F,0xE6,0x80,0x81,0x4E,0x23,0x81,0x47,0x1B,0x7A,0xB3,0x20,0xEF,0x68,
    0xDD,0xE1,0xC9,0xCD,0x5D,0xAD,0x21,0xEE,0xFF,0x39,0xF9,0xDD,0x36,0xF1,0x04,0xDD,
    0x4E,0x04,0xDD,0x46,0x05,0x69,0x60,0x5E,0x23,0x56,0xDD,0x36,0xF2,0xFF,0xDD,0x36,
    0xF3,0xFF,0xDD,0x71,0xF4,0xDD,0x70,0xF5,0xDD,0x73,0xF6,0xDD,0x72,0xF7,0x21,0x16,
    0x00,0x09,0xDD,0x75,0xF8,0xDD,0x74,0xF9,0xD5,0xC5,0xDD,0x5E,0xF8,0xDD,0x56,0xF9,
    0x21,0x12,0x00,0x39,0xEB,0x01,0x04,0x00,0xED,0xB0,0xC1,0xD1,0xDD,0x7E,0xFF,0xDD,
    0xB6,0xFE,0xDD,0xB6,0xFD,0xDD,0xB6,0xFC,0xCA,0xDB,0x1B,0xC5,0xD5,0xDD,0x6E,0xFE,
    0xDD,0x66,0xFF,0xE5,0xDD,0x6E,0xFC,0xDD,0x66,0xFD,0xE5,0xD5,0xCD,0xE7,0x0C,0xF1,
    0xF1,0xF1,0xD1,0xC1,0xDD,0x75,0xF1,0x7D,0xB7,0xC2,0xDB,0x1B,0x21,0x1A,0x00,0x09,
    0xDD,0x75,0xFA,0xDD,0x74,0xFB,0x7E,0x23,0x66,0x6F,0x7E,0xDD,0x77,0xFF,0xB7,0x20,
    0x07,0xDD,0x36,0xF1,0x04,0xC3,0xDB,0x1B,0x79,0xC6,0x04,0xDD,0x77,0xFD,0x78,0xCE,
    0x00,0xDD,0x77,0xFE,0xC5,0x01,0x0B,0x00,0x09,0xC1,0x7E,0xE6,0x3F,0xDD,0x77,0xFC,
    0xDD,0x6E,0xFD,0xDD,0x66,0xFE,0x77,0xDD,0x7E,0xFF,0xD6,0xE5,0x28,0x26,0xDD,0x7E,
    0xFF,0xD6,0x2E,0x28,0x1F,0xDD,0x6E,0xFC,0x26,0x00,0xCB,0xAD,0x7D,0xD6,0x08,0xB4,
    0x3E,0x01,0x28,0x01,0xAF,0x6F,0x26,0x00,0x7D,0xDD,0x96,0x06,0x20,0x06,0x7C,0xDD,
    0x96,0x07,0x28,0x07,0xDD,0x36,0xF2,0xFF,0xC3,0xC5,0x1B,0x21,0x28,0x00,0x09,0xDD,
    0x75,0xFD,0xDD,0x74,0xFE,0xDD,0x7E,0xFC,0xD6,0x0F,0xC2,0x98,0x1B,0xDD,0xCB,0xFF,
    0x76,0x28,0x46,0xDD,0x6E,0xFA,0xDD,0x66,0xFB,0x7E,0x23,0x66,0x6F,0xC5,0x01,0x0D,
    0x00,0x09,0xC1,0x7E,0xDD,0x77,0xF3,0xDD,0x7E,0xFF,0xE6,0xBF,0xDD,0x77,0xFF,0xDD,
    0x77,0xF2,0xD5,0xC5,0xDD,0x5E,0xF4,0xDD,0x56,0xF5,0x21,0x04,0x00,0x39,0xEB,0x01,
    0x0E,0x00,0x09,0x01,0x04,0x00,0xED,0xB0,0xDD,0x5E,0xFD,0xDD,0x56,0xFE,0x21,0x04,
    0x00,0x39,0x01,0x04,0x00,0xED,0xB0,0xC1,0xD1,0xDD,0x7E,0xF2,0xDD,0x96,0xFF,0x20,
    0x4F,0xDD,0x6E,0xFA,0xDD,0x66,0xFB,0x7E,0xDD,0x77,0xFE,0x23,0x7E,0xDD,0x77,0xFF,
    0xDD,0x6E,0xFE,0xDD,0x66,0xFF,0xC5,0x01,0x0D,0x00,0x09,0xC1,0xDD,0x7E,0xF3,0x96,
    0x20,0x2E,0xDD,0x6E,0xF6,0xDD,0x66,0xF7,0xC5,0x01,0x0B,0x00,0x09,0xC1,0x7E,0x23,
    0x66,0x6F,0xC5,0xD5,0xE5,0xDD,0x6E,0xFE,0xDD,0x66,0xFF,0xE3,0xE5,0xCD,0xB8,0x18,
    0xF1,0xF1,0xD1,0xC1,0x7C,0xB5,0x28,0x08,0xDD,0x7E,0xF2,0x3D,0x6F,0x17,0x18,0x03,
    0x21,0xFF,0x00,0xDD,0x75,0xF2,0x18,0x2D,0xDD,0x7E,0xF2,0xB7,0x20,0x14,0xDD,0x6E,
    0xFA,0xDD,0x66,0xFB,0x4E,0x23,0x46,0xC5,0xCD,0xD0,0x19,0xF1,0xDD,0x7E,0xF3,0x95,
    0x28,0x29,0xDD,0x6E,0xFD,0xDD,0x66,0xFE,0x36,0xFF,0x23,0x36,0xFF,0x23,0x36,0xFF,
    0x23,0x36,0xFF,0x18,0x16,0xC5,0xD5,0x21,0x00,0x00,0xE5,0xC5,0xCD,0x45,0x14,0xF1,
    0xF1,0xD1,0xC1,0xDD,0x75,0xF1,0x7D,0xB7,0xCA,0x28,0x1A,0xDD,0x7E,0xF1,0xB7,0x28,
    0x0E,0xDD,0x6E,0xF8,0xDD,0x66,0xF9,0xAF,0x77,0x23,0x77,0x23,0x77,0x23,0x77,0xDD,
    0x6E,0xF1,0xDD,0xF9,0xDD,0xE1,0xC9,0xCD,0x5D,0xAD,0x21,0xE5,0xFF,0x39,0xF9,0xDD,
    0x7E,0x04,0xDD,0x77,0xFE,0xDD,0x7E,0x05,0xDD,0x77,0xFF,0xDD,0x6E,0xFE,0xDD,0x66,
    0xFF,0x7E,0xDD,0x77,0xE9,0x23,0x7E,0xDD,0x77,0xEA,0x21,0x00,0x00,0xE5,0x21,0x00,
    0x00,0xE5,0xDD,0x6E,0xFE,0xDD,0x66,0xFF,0xE5,0xCD,0x28,0x11,0xF1,0xF1,0xF1,0xDD,
    0x75,0xFD,0x7D,0xB7,0x28,0x06,0xDD,0x6E,0xFD,0xC3,0x4F,0x1E,0xDD,0x36,0xEB,0xFF,
    0xDD,0x36,0xEC,0xFF,0xDD,0x7E,0xFE,0xDD,0x77,0xED,0xDD,0x7E,0xFF,0xDD,0x77,0xEE,
    0xDD,0x7E,0xFE,0xC6,0x28,0xDD,0x77,0xEF,0xDD,0x7E,0xFF,0xCE,0x00,0xDD,0x77,0xF0,
    0xDD,0x6E,0xEF,0xDD,0x66,0xF0,0x36,0xFF,0x23,0x36,0xFF,0x23,0x36,0xFF,0x23,0x36,
    0xFF,0xDD,0x7E,0xFE,0xDD,0x77,0xF1,0xDD,0x7E,0xFF,0xDD,0x77,0xF2,0xDD,0x7E,0xE9,
    0xDD,0x77,0xF3,0xDD,0x7E,0xEA,0xDD,0x77,0xF4,0xDD,0x7E,0xFE,0xC6,0x1C,0xDD,0x77,
    0xF5,0xDD,0x7E,0xFF,0xCE,0x00,0xDD,0x77,0xF6,0xDD,0x7E,0xFE,0xC6,0x27,0xDD,0x77,
    0xF7,0xDD,0x7E,0xFF,0xCE,0x00,0xDD,0x77,0xF8,0xDD,0x7E,0xF7,0xDD,0x77,0xF9,0xDD,
    0x7E,0xF8,0xDD,0x77,0xFA,0xDD,0x7E,0xFE,0xDD,0x77,0xFB,0xDD,0x7E,0xFF,0xDD,0x77,
    0xFC,0xDD,0x6E,0xFB,0xDD,0x66,0xFC,0x11,0x16,0x00,0x19,0x4E,0x23,0x46,0x23,0x5E,
    0x23,0x56,0xD5,0xC5,0xDD,0x6E,0xE9,0xDD,0x66,0xEA,0xE5,0xCD,0xE7,0x0C,0xF1,0xF1,
    0xF1,0xDD,0x75,0xFD,0x7D,0xB7,0xC2,0x4C,0x1E,0xDD,0x7E,0xED,0xC6,0x1A,0x4F,0xDD,
    0x7E,0xEE,0xCE,0x00,0x47,0x69,0x60,0x7E,0x23,0x66,0x6F,0x5E,0x7B,0xB7,0x20,0x07,
    0xDD,0x36,0xFD,0x04,0xC3,0x4C,0x1E,0xDD,0x7E,0xED,0xC6,0x04,0xDD,0x77,0xFE,0xDD,
    0x7E,0xEE,0xCE,0x00,0xDD,0x77,0xFF,0xC5,0x01,0x0B,0x00,0x09,0xC1,0x7E,0xE6,0x3F,
    0x57,0xDD,0x6E,0xFE,0xDD,0x66,0xFF,0x77,0x7B,0xD6,0xE5,0x28,0x0F,0x7A,0xD6,0x0F,
    0x3E,0x01,0x28,0x01,0xAF,0xCB,0x5A,0x28,0x1B,0xB7,0x20,0x18,0xDD,0x36,0xEC,0xFF,
    0xDD,0x6E,0xEF,0xDD,0x66,0xF0,0x36,0xFF,0x23,0x36,0xFF,0x23,0x36,0xFF,0x23,0x36,
    0xFF,0xC3,0x34,0x1E,0xB7,0xCA,0xE2,0x1D,0xDD,0x6E,0xF9,0xDD,0x66,0xFA,0xCB,0x76,
    0xC2,0x34,0x1E,0xCB,0x73,0x28,0x3C,0x69,0x60,0x56,0x23,0x66,0x6A,0xC5,0x01,0x0D,
    0x00,0x09,0xC1,0x7E,0xDD,0x77,0xEB,0xCB,0xB3,0xDD,0x73,0xEC,0xD5,0xC5,0xDD,0x5E,
    0xF1,0xDD,0x56,0xF2,0x21,0x04,0x00,0x39,0xEB,0x01,0x0E,0x00,0x09,0x01,0x04,0x00,
    0xED,0xB0,0xDD,0x5E,0xEF,0xDD,0x56,0xF0,0x21,0x04,0x00,0x39,0x01,0x04,0x00,0xED,
    0xB0,0xC1,0xD1,0xDD,0x7E,0xEC,0x93,0x20,0x31,0x69,0x60,0x5E,0x23,0x56,0x4B,0x42,
    0x21,0x0D,0x00,0x09,0xDD,0x7E,0xEB,0x96,0x20,0x20,0xDD,0x6E,0xF3,0xDD,0x66,0xF4,
    0x01,0x0B,0x00,0x09,0x4E,0x23,0x46,0xD5,0xC5,0xCD,0x74,0x17,0xF1,0xF1,0x7C,0xB5,
    0x28,0x08,0xDD,0x7E,0xEC,0x3D,0x4F,0x17,0x18,0x03,0x01,0xFF,0x00,0xDD,0x71,0xEC,
    0x18,0x52,0xDD,0x7E,0xEC,0xB7,0x20,0x12,0x69,0x60,0x5E,0x23,0x56,0xC5,0xD5,0xCD,
    0xD0,0x19,0xF1,0xC1,0xDD,0x7E,0xEB,0x95,0x28,0x52,0xDD,0x6E,0xF7,0xDD,0x66,0xF8,
    0x7E,0x0F,0x38,0x1B,0xDD,0x5E,0xF5,0xDD,0x56,0xF6,0x69,0x60,0x4E,0x23,0x46,0x21,
    0x0B,0x00,0xE5,0xD5,0xC5,0xCD,0x4B,0x0B,0xF1,0xF1,0xF1,0x7C,0xB5,0x28,0x2D,0xDD,
    0x36,0xEC,0xFF,0xDD,0x6E,0xEF,0xDD,0x66,0xF0,0x36,0xFF,0x23,0x36,0xFF,0x23,0x36,
    0xFF,0x23,0x36,0xFF,0x21,0x00,0x00,0xE5,0xDD,0x6E,0xED,0xDD,0x66,0xEE,0xE5,0xCD,
    0x45,0x14,0xF1,0xF1,0xDD,0x75,0xFD,0x7D,0xB7,0xCA,0xC1,0x1C,0xDD,0x6E,0xFD,0xDD,
    0xF9,0xDD,0xE1,0xC9,0xCD,0x5D,0xAD,0x21,0xE8,0xFF,0x39,0xF9,0xDD,0x7E,0x04,0xDD,
    0x77,0xE8,0xDD,0x7E,0x05,0xDD,0x77,0xE9,0xE1,0xE5,0x7E,0xDD,0x77,0xFE,0x23,0x7E,
    0xDD,0x77,0xFF,0xDD,0x7E,0x06,0xDD,0x77,0xEA,0xDD,0x7E,0x07,0xDD,0x77,0xEB,0xDD,
    0x7E,0xEA,0xC6,0x16,0xDD,0x77,0xEC,0xDD,0x7E,0xEB,0xCE,0x00,0xDD,0x77,0xED,0xDD,
    0x6E,0xEC,0xDD,0x66,0xED,0x36,0x00,0xD1,0xD5,0x21,0x12,0x00,0x39,0xEB,0x01,0x16,
    0x00,0x09,0x01,0x04,0x00,0xED,0xB0,0xDD,0x7E,0xFD,0xDD,0xB6,0xFC,0xDD,0xB6,0xFB,
    0xDD,0xB6,0xFA,0xCA,0xD9,0x22,0xDD,0x7E,0xE8,0xDD,0x77,0xFC,0xDD,0x7E,0xE9,0xDD,
    0x77,0xFD,0xDD,0x5E,0xFC,0xDD,0x56,0xFD,0x21,0x12,0x00,0x39,0xEB,0x01,0x28,0x00,
    0x09,0x01,0x04,0x00,0xED,0xB0,0xDD,0x7E,0xEA,0xC6,0x16,0xDD,0x77,0xEE,0xDD,0x7E,
    0xEB,0xCE,0x00,0xDD,0x77,0xEF,0xDD,0x7E,0xFA,0xDD,0xA6,0xFB,0xDD,0xA6,0xFC,0xDD,
    0xA6,0xFD,0x3C,0xCA,0x24,0x20,0xAF,0xDD,0x77,0xF0,0xDD,0x77,0xF1,0xAF,0xDD,0x77,
    0xF2,0xDD,0x77,0xF3,0xDD,0x7E,0xFE,0xDD,0x77,0xF4,0xDD,0x7E,0xFF,0xDD,0x77,0xF5,
    0xDD,0x7E,0xEE,0xDD,0x77,0xF6,0xDD,0x7E,0xEF,0xDD,0x77,0xF7,0xAF,0xDD,0x77,0xFE,
    0xDD,0x77,0xFF,0xDD,0x6E,0xF4,0xDD,0x66,0xF5,0x11,0x0B,0x00,0x19,0x4E,0x23,0x46,
    0xDD,0x6E,0xFE,0xDD,0x66,0xFF,0x29,0x09,0x4E,0x23,0x46,0x78,0xB1,0xCA,0x05,0x20,
    0xDD,0x34,0xFE,0x20,0x03,0xDD,0x34,0xFF,0xDD,0x71,0xFC,0xDD,0x70,0xFD,0xDD,0x7E,
    0xF1,0xDD,0xB6,0xF0,0x20,0x2A,0xDD,0x7E,0xFC,0xDD,0x77,0xFA,0xDD,0x7E,0xFD,0xDD,
    0x77,0xFB,0xD6,0xD8,0x38,0x1A,0x3E,0xFF,0xDD,0xBE,0xFA,0x3E,0xDF,0xDD,0x9E,0xFB,
    0x38,0x0E,0xDD,0x7E,0xFC,0xDD,0x77,0xF0,0xDD,0x7E,0xFD,0xDD,0x77,0xF1,0x18,0xA3,
    0x3E,0xFF,0xDD,0x96,0xF2,0x6F,0x3E,0x00,0xDD,0x9E,0xF3,0x67,0xDD,0x7E,0xF6,0xDD,
    0x86,0xF2,0xDD,0x77,0xF8,0xDD,0x7E,0xF7,0xDD,0x8E,0xF3,0xDD,0x77,0xF9,0xDD,0x5E,
    0xF0,0xDD,0x56,0xF1,0x01,0x00,0x00,0xDD,0x7E,0xFC,0xDD,0x77,0xFA,0xDD,0x7E,0xFD,
    0xDD,0x77,0xFB,0xAF,0xDD,0x77,0xFC,0xDD,0x77,0xFD,0x79,0xDD,0xB6,0xFA,0x4F,0x78,
    0xDD,0xB6,0xFB,0x47,0x7B,0xDD,0xB6,0xFC,0x5F,0x7A,0xDD,0xB6,0xFD,0x57,0xE5,0xDD,
    0x6E,0xF8,0xDD,0x66,0xF9,0xE5,0xD5,0xC5,0xCD,0x6C,0x0C,0xF1,0xF1,0xF1,0xF1,0x26,
    0x00,0x7C,0xB5,0x20,0x09,0xAF,0xDD,0x77,0xF2,0xDD,0x77,0xF3,0x18,0x17,0xDD,0x4E,
    0xF2,0xDD,0x46,0xF3,0x09,0xDD,0x75,0xF2,0xDD,0x74,0xF3,0xAF,0xDD,0x77,0xF0,0xDD,
    0x77,0xF1,0xC3,0x23,0x1F,0xDD,0x7E,0xF1,0xDD,0xB6,0xF0,0x28,0x07,0xAF,0xDD,0x77,
    0xF2,0xDD,0x77,0xF3,0xDD,0x7E,0xF6,0xDD,0x86,0xF2,0x4F,0xDD,0x7E,0xF7,0xDD,0x8E,
    0xF3,0x47,0xAF,0x02,0xAF,0xDD,0x77,0xFC,0xDD,0x77,0xFD,0xDD,0x7E,0xE8,0xC6,0x1A,
    0xDD,0x77,0xFE,0xDD,0x7E,0xE9,0xCE,0x00,0xDD,0x77,0xFF,0xDD,0x7E,0xEA,0xC6,0x09,
    0xDD,0x77,0xF6,0xDD,0x7E,0xEB,0xCE,0x00,0xDD,0x77,0xF7,0xDD,0x4E,0xF6,0xDD,0x46,
    0xF7,0xAF,0xDD,0x77,0xF8,0xDD,0x77,0xF9,0xDD,0x7E,0xFC,0xC6,0x01,0xDD,0x77,0xFA,
    0xDD,0x7E,0xFD,0xCE,0x00,0xDD,0x77,0xFB,0xDD,0x7E,0xF8,0xD6,0x0B,0xDD,0x7E,0xF9,
    0xDE,0x00,0x30,0x73,0xDD,0x6E,0xFE,0xDD,0x66,0xFF,0x5E,0x23,0x56,0xDD,0x6E,0xF8,
    0xDD,0x66,0xF9,0x19,0xDD,0x34,0xF8,0x20,0x03,0xDD,0x34,0xF9,0x5E,0x16,0x00,0x6B,
    0x62,0x7D,0xD6,0x20,0xB4,0x28,0xC1,0x7D,0xD6,0x05,0xB4,0x20,0x03,0x11,0xE5,0x00,
    0xDD,0x7E,0xF8,0xD6,0x09,0xDD,0xB6,0xF9,0x20,0x2A,0xDD,0x7E,0xFC,0xD6,0x0C,0xDD,
    0x7E,0xFD,0xDE,0x00,0x30,0x1E,0xDD,0x6E,0xFC,0xDD,0x66,0xFD,0xDD,0x7E,0xFA,0xDD,
    0x77,0xFC,0xDD,0x7E,0xFB,0xDD,0x77,0xFD,0xDD,0x7E,0xF6,0x85,0x6F,0xDD,0x7E,0xF7,
    0x8C,0x67,0x36,0x2E,0xDD,0x6E,0xFC,0xDD,0x66,0xFD,0xDD,0x34,0xFC,0x20,0x03,0xDD,
    0x34,0xFD,0x09,0x73,0xC3,0x58,0x20,0xDD,0x7E,0xEA,0xC6,0x09,0xDD,0x77,0xF8,0xDD,
    0x7E,0xEB,0xCE,0x00,0xDD,0x77,0xF9,0xDD,0x7E,0xF8,0xDD,0x86,0xFC,0x4F,0xDD,0x7E,
    0xF9,0xDD,0x8E,0xFD,0x47,0xAF,0x02,0xDD,0x6E,0xEC,0xDD,0x66,0xED,0x7E,0xDD,0x77,
    0xF7,0xB7,0xC2,0x51,0x22,0xDD,0x7E,0xFD,0xDD,0xB6,0xFC,0x20,0x35,0xDD,0x7E,0xFC,
    0xDD,0x77,0xF6,0xDD,0x7E,0xFD,0xDD,0x77,0xF7,0xDD,0x7E,0xFA,0xDD,0x77,0xFC,0xDD,
    0x7E,0xFB,0xDD,0x77,0xFD,0xDD,0x7E,0xEE,0xDD,0x86,0xF6,0xDD,0x77,0xFA,0xDD,0x7E,
    0xEF,0xDD,0x8E,0xF7,0xDD,0x77,0xFB,0xDD,0x6E,0xFA,0xDD,0x66,0xFB,0x36,0x3F,0xC3,
    0x12,0x22,0xDD,0x36,0xED,0x08,0xDD,0x7E,0xFE,0xDD,0x77,0xF0,0xDD,0x7E,0xFF,0xDD,
    0x77,0xF1,0xDD,0x7E,0xEE,0xDD,0x77,0xF2,0xDD,0x7E,0xEF,0xDD,0x77,0xF3,0xAF,0xDD,
    0x77,0xFA,0xDD,0x77,0xFB,0xAF,0xDD,0x77,0xFC,0xDD,0x77,0xFD,0xDD,0x7E,0xF8,0xDD,
    0x86,0xFA,0x4F,0xDD,0x7E,0xF9,0xDD,0x8E,0xFB,0x47,0x0A,0xB7,0xCA,0x12,0x22,0xDD,
    0x77,0xF4,0xDD,0x36,0xF5,0x00,0xDD,0x7E,0xF4,0xDD,0x77,0xF6,0xDD,0x7E,0xF5,0xDD,
    0x77,0xF7,0xDD,0x7E,0xF6,0xD6,0x2E,0xDD,0xB6,0xF7,0x20,0x04,0xDD,0x36,0xED,0x10,
    0xDD,0x7E,0xF6,0xD6,0x41,0xDD,0x7E,0xF7,0xDE,0x00,0x38,0x30,0x3E,0x5A,0xDD,0xBE,
    0xF6,0x3E,0x00,0xDD,0x9E,0xF7,0x38,0x24,0xDD,0x6E,0xF0,0xDD,0x66,0xF1,0x4E,0x23,
    0x46,0x21,0x0C,0x00,0x09,0x7E,0xDD,0xA6,0xED,0xB7,0x28,0x10,0xDD,0x6E,0xF6,0xDD,
    0x66,0xF7,0x11,0x20,0x00,0x19,0xDD,0x75,0xF4,0xDD,0x74,0xF5,0xDD,0x7E,0xF2,0xDD,
    0x86,0xFC,0x4F,0xDD,0x7E,0xF3,0xDD,0x8E,0xFD,0x47,0xDD,0x7E,0xF4,0x02,0xDD,0x34,
    0xFA,0x20,0x03,0xDD,0x34,0xFB,0xDD,0x34,0xFC,0xC2,0x7C,0x21,0xDD,0x34,0xFD,0xC3,
    0x7C,0x21,0xDD,0x7E,0xEE,0xDD,0x86,0xFC,0xDD,0x77,0xFA,0xDD,0x7E,0xEF,0xDD,0x8E,
    0xFD,0xDD,0x77,0xFB,0xDD,0x6E,0xFA,0xDD,0x66,0xFB,0x36,0x00,0xDD,0x6E,0xFE,0xDD,
    0x66,0xFF,0x7E,0xDD,0x77,0xFC,0x23,0x7E,0xDD,0x77,0xFD,0xDD,0x6E,0xFC,0xDD,0x66,
    0xFD,0x11,0x0C,0x00,0x19,0x7E,0xB7,0x20,0x08,0xDD,0x6E,0xF8,0xDD,0x66,0xF9,0x36,
    0x00,0xDD,0x7E,0xEA,0xC6,0x08,0x4F,0xDD,0x7E,0xEB,0xCE,0x00,0x47,0xDD,0x6E,0xFE,
    0xDD,0x66,0xFF,0x5E,0x23,0x56,0x21,0x0B,0x00,0x19,0x7E,0x02,0xDD,0x6E,0xFE,0xDD,
    0x66,0xFF,0x4E,0x23,0x46,0x21,0x1C,0x00,0x09,0xE5,0xCD,0x62,0x0A,0xF1,0x4D,0x44,
    0xDD,0x6E,0xEA,0xDD,0x66,0xEB,0x71,0x23,0x70,0x23,0x73,0x23,0x72,0xDD,0x7E,0xEA,
    0xC6,0x06,0x4F,0xDD,0x7E,0xEB,0xCE,0x00,0x47,0xDD,0x6E,0xFE,0xDD,0x66,0xFF,0x5E,
    0x23,0x56,0x21,0x16,0x00,0x19,0xC5,0xE5,0xCD,0xB5,0x09,0xF1,0xEB,0xC1,0x7B,0x02,
    0x03,0x7A,0x02,0xDD,0x7E,0xEA,0xC6,0x04,0x4F,0xDD,0x7E,0xEB,0xCE,0x00,0x47,0xDD,
    0x6E,0xFE,0xDD,0x66,0xFF,0x5E,0x23,0x56,0x21,0x18,0x00,0x19,0xC5,0xE5,0xCD,0xB5,
    0x09,0xF1,0xEB,0xC1,0x7B,0x02,0x03,0x7A,0x02,0xDD,0xF9,0xDD,0xE1,0xC9,0xCD,0x5D,
    0xAD,0x21,0xE9,0xFF,0x39,0xF9,0xDD,0x7E,0x06,0xDD,0x77,0xF8,0xDD,0x7E,0x07,0xDD,
    0x77,0xF9,0xDD,0x6E,0xF8,0xDD,0x66,0xF9,0x7E,0xDD,0x77,0xE9,0x23,0x7E,0xDD,0x77,
    0xEA,0xDD,0x7E,0x04,0xDD,0x77,0xEB,0xDD,0x7E,0x05,0xDD,0x77,0xEC,0xDD,0x6E,0xEB,
    0xDD,0x66,0xEC,0x4E,0x23,0x46,0x21,0x0B,0x00,0x09,0x7E,0xDD,0x77,0xED,0x23,0x7E,
    0xDD,0x77,0xEE,0xAF,0xDD,0x77,0xFC,0xDD,0x77,0xFD,0x21,0x00,0x00,0x39,0xDD,0x75,
    0xFE,0xDD,0x74,0xFF,0xE5,0xCD,0xDB,0x0B,0xF1,0xDD,0x75,0xF4,0xDD,0x74,0xF5,0xDD,
    0x73,0xF6,0xDD,0x72,0xF7,0xDD,0x7E,0xF4,0xDD,0xA6,0xF5,0xDD,0xA6,0xF6,0xDD,0xA6,
    0xF7,0x3C,0x20,0x05,0x2E,0x06,0xC3,0xDB,0x28,0xDD,0x7E,0xF6,0xD6,0x01,0xDD,0x7E,
    0xF7,0xDE,0x00,0x38,0x5C,0xDD,0x7E,0xFC,0xDD,0x77,0xFE,0xDD,0x7E,0xFD,0xDD,0x77,
    0xFF,0xDD,0x34,0xFC,0x20,0x03,0xDD,0x34,0xFD,0xDD,0x7E,0xFE,0xDD,0x77,0xFA,0xDD,
    0x7E,0xFF,0xDD,0x77,0xFB,0xDD,0xCB,0xFA,0x26,0xDD,0xCB,0xFB,0x16,0xDD,0x7E,0xFA,
    0xDD,0x86,0xED,0xDD,0x77,0xFE,0xDD,0x7E,0xFB,0xDD,0x8E,0xEE,0xDD,0x77,0xFF,0xDD,
    0x7E,0xF6,0xDD,0x77,0xF0,0xDD,0x7E,0xF7,0xDD,0x77,0xF1,0xAF,0xDD,0x77,0xF2,0xDD,
    0x77,0xF3,0xDD,0x4E,0xF0,0xDD,0x46,0xF1,0xDD,0x6E,0xFE,0xDD,0x66,0xFF,0x71,0x23,
    0x70,0xDD,0x7E,0xF4,0xDD,0x77,0xF6,0xDD,0x7E,0xF5,0xDD,0x77,0xF7,0xDD,0x4E,0xF6,
    0xDD,0x46,0xF7,0x79,0xD6,0x20,0x78,0xDE,0x00,0x3E,0x00,0x17,0xDD,0x77,0xFF,0xB7,
    0xC2,0x83,0x24,0x79,0xD6,0x2F,0xB0,0xCA,0x83,0x24,0x79,0xD6,0x5C,0xB0,0xCA,0x83,
    0x24,0x79,0xD6,0x80,0x78,0xDE,0x00,0x30,0x2D,0xDD,0x7E,0xF6,0xDD,0x77,0xFE,0xDD,
    0x7E,0xF7,0xDD,0x77,0xFF,0xDD,0x6E,0xFE,0xDD,0x66,0xFF,0xE5,0x21,0xE0,0x28,0xE5,
    0xCD,0x9A,0x0B,0xF1,0xF1,0xDD,0x75,0xFE,0xDD,0x74,0xFF,0x7C,0xDD,0xB6,0xFE,0x28,
    0x05,0x2E,0x06,0xC3,0xDB,0x28,0xDD,0x7E,0xFC,0xD6,0x3F,0xDD,0x7E,0xFD,0xDE,0x00,
    0x38,0x05,0x2E,0x06,0xC3,0xDB,0x28,0xDD,0x7E,0xFC,0xDD,0x77,0xFE,0xDD,0x7E,0xFD,
    0xDD,0x77,0xFF,0xDD,0x34,0xFC,0x20,0x03,0xDD,0x34,0xFD,0xDD,0x7E,0xFE,0xDD,0x77,
    0xFA,0xDD,0x7E,0xFF,0xDD,0x77,0xFB,0xDD,0xCB,0xFA,0x26,0xDD,0xCB,0xFB,0x16,0xDD,
    0x7E,0xFA,0xDD,0x86,0xED,0xDD,0x77,0xFE,0xDD,0x7E,0xFB,0xDD,0x8E,0xEE,0xDD,0x77,
    0xFF,0xDD,0x6E,0xFE,0xDD,0x66,0xFF,0xDD,0x7E,0xF6,0x77,0x23,0xDD,0x7E,0xF7,0x77,
    0xC3,0x2A,0x23,0xDD,0x7E,0xFF,0xB7,0x28,0x06,0xDD,0x36,0xFA,0x04,0x18,0x41,0xDD,
    0x36,0xFA,0x00,0xDD,0x7E,0xE9,0xDD,0x77,0xFE,0xDD,0x7E,0xEA,0xDD,0x77,0xFF,0xDD,
    0x6E,0xFE,0xDD,0x66,0xFF,0x7E,0xFE,0x2F,0x28,0x04,0xD6,0x5C,0x20,0x16,0xDD,0x34,
    0xFE,0x20,0x03,0xDD,0x34,0xFF,0xDD,0x7E,0xFE,0xDD,0x77,0xE9,0xDD,0x7E,0xFF,0xDD,
    0x77,0xEA,0x18,0xDB,0xDD,0x7E,0xFE,0xDD,0x77,0xE9,0xDD,0x7E,0xFF,0xDD,0x77,0xEA,
    0xDD,0x6E,0xF8,0xDD,0x66,0xF9,0xDD,0x7E,0xE9,0x77,0x23,0xDD,0x7E,0xEA,0x77,0xDD,
    0x4E,0xFC,0xDD,0x46,0xFD,0x78,0xB1,0x28,0x23,0x59,0x50,0x1B,0x6B,0x62,0x29,0x7D,
    0xDD,0x86,0xED,0x6F,0x7C,0xDD,0x8E,0xEE,0x67,0x7E,0x23,0x66,0x6F,0xD6,0x20,0xB4,
    0x28,0x06,0x7D,0xD6,0x2E,0xB4,0x20,0x04,0x4B,0x42,0x18,0xD9,0xDD,0x71,0xEF,0xDD,
    0x70,0xF0,0x69,0x60,0x29,0xDD,0x5E,0xED,0xDD,0x56,0xEE,0x19,0xAF,0x77,0x23,0x77,
    0x78,0xB1,0x20,0x05,0x2E,0x06,0xC3,0xDB,0x28,0xAF,0xDD,0x77,0xFE,0xDD,0x77,0xFF,
    0xDD,0x7E,0xFE,0xDD,0x77,0xF8,0xDD,0x7E,0xFF,0xDD,0x77,0xF9,0xDD,0xCB,0xF8,0x26,
    0xDD,0xCB,0xF9,0x16,0xDD,0x7E,0xF8,0xDD,0x86,0xED,0xDD,0x77,0xFC,0xDD,0x7E,0xF9,
    0xDD,0x8E,0xEE,0xDD,0x77,0xFD,0xDD,0x6E,0xFC,0xDD,0x66,0xFD,0x7E,0xDD,0x77,0xFC,
    0x23,0x7E,0xDD,0x77,0xFD,0xDD,0x7E,0xFC,0xDD,0x77,0xF8,0xDD,0x7E,0xFD,0xDD,0x77,
    0xF9,0xDD,0x7E,0xF8,0xD6,0x20,0xDD,0xB6,0xF9,0x20,0x0A,0xDD,0x34,0xFE,0x20,0xB0,
    0xDD,0x34,0xFF,0x18,0xAB,0xDD,0x7E,0xFE,0xDD,0x77,0xFB,0xDD,0x7E,0xFF,0xDD,0x77,
    0xFC,0xDD,0x7E,0xFF,0xDD,0xB6,0xFE,0x20,0x0A,0xDD,0x7E,0xF8,0xD6,0x2E,0xDD,0xB6,
    0xF9,0x20,0x08,0xDD,0x7E,0xFA,0xF6,0x03,0xDD,0x77,0xFA,0xDD,0x7E,0xF0,0xDD,0xB6,
    0xEF,0x28,0x5D,0xDD,0x7E,0xEF,0xC6,0xFF,0xDD,0x77,0xF8,0xDD,0x7E,0xF0,0xCE,0xFF,
    0xDD,0x77,0xF9,0xDD,0x7E,0xF8,0xDD,0x77,0xF6,0xDD,0x7E,0xF9,0xDD,0x77,0xF7,0xDD,
    0xCB,0xF6,0x26,0xDD,0xCB,0xF7,0x16,0xDD,0x7E,0xF6,0xDD,0x86,0xED,0xDD,0x77,0xFE,
    0xDD,0x7E,0xF7,0xDD,0x8E,0xEE,0xDD,0x77,0xFF,0xDD,0x6E,0xFE,0xDD,0x66,0xFF,0x7E,
    0xDD,0x77,0xFE,0x23,0x7E,0xDD,0x77,0xFF,0xDD,0x7E,0xFE,0xD6,0x2E,0xDD,0xB6,0xFF,
    0x28,0x0E,0xDD,0x7E,0xF8,0xDD,0x77,0xEF,0xDD,0x7E,0xF9,0xDD,0x77,0xF0,0x18,0x9B,
    0xDD,0x7E,0xEB,0xC6,0x1C,0xDD,0x77,0xF1,0xDD,0x7E,0xEC,0xCE,0x00,0xDD,0x77,0xF2,
    0xDD,0x4E,0xF1,0xDD,0x46,0xF2,0x21,0x0B,0x00,0xE5,0x2E,0x20,0xE5,0xC5,0xCD,0x2A,
    0x0B,0xF1,0xF1,0xF1,0xDD,0x36,0xFD,0x00,0xAF,0xDD,0x77,0xFE,0xDD,0x77,0xFF,0xDD,
    0x36,0xF3,0x08,0xDD,0x36,0xF4,0x00,0xDD,0x6E,0xFB,0xDD,0x66,0xFC,0xDD,0x34,0xFB,
    0x20,0x03,0xDD,0x34,0xFC,0x29,0xDD,0x5E,0xED,0xDD,0x56,0xEE,0x19,0x7E,0xDD,0x77,
    0xF5,0x23,0x7E,0xDD,0x77,0xF6,0xDD,0x7E,0xFD,0x87,0x87,0xDD,0x77,0xF9,0xDD,0x7E,
    0xF6,0xDD,0xB6,0xF5,0xCA,0x50,0x28,0xDD,0x4E,0xF5,0xDD,0x46,0xF6,0xDD,0x7E,0xFA,
    0xF6,0x03,0x5F,0x79,0xD6,0x20,0xB0,0x28,0x1E,0xDD,0x7E,0xFB,0xDD,0x96,0xEF,0x20,
    0x0A,0xDD,0x7E,0xFC,0xDD,0x96,0xF0,0x3E,0x01,0x28,0x01,0xAF,0x6F,0x79,0xD6,0x2E,
    0xB0,0x20,0x09,0xCB,0x45,0x20,0x05,0xDD,0x73,0xFA,0x18,0x9B,0xDD,0x7E,0xFE,0xDD,
    0x96,0xF3,0xDD,0x7E,0xFF,0xDD,0x9E,0xF4,0x30,0x04,0x7D,0xB7,0x28,0x4B,0xDD,0x7E,
    0xF3,0xD6,0x0B,0xDD,0xB6,0xF4,0x20,0x06,0xDD,0x73,0xFA,0xC3,0x50,0x28,0xCB,0x45,
    0x20,0x03,0xDD,0x73,0xFA,0xDD,0x7E,0xEF,0xDD,0x96,0xFB,0xDD,0x7E,0xF0,0xDD,0x9E,
    0xFC,0xDA,0x50,0x28,0xDD,0x7E,0xEF,0xDD,0x77,0xFB,0xDD,0x7E,0xF0,0xDD,0x77,0xFC,
    0xDD,0x36,0xFE,0x08,0xDD,0x36,0xFF,0x00,0xDD,0x36,0xF3,0x0B,0xDD,0x36,0xF4,0x00,
    0xDD,0x7E,0xF9,0xDD,0x77,0xFD,0xC3,0x47,0x26,0x79,0xD6,0x80,0x78,0xDE,0x00,0x38,
    0x3C,0xDD,0x7E,0xFA,0xF6,0x02,0xDD,0x77,0xFA,0xDD,0x4E,0xF5,0xDD,0x46,0xF6,0x11,
    0x00,0x00,0x21,0x62,0x03,0xE5,0xD5,0xC5,0xCD,0x67,0x42,0xF1,0xF1,0xF1,0xDD,0x75,
    0xF5,0xDD,0x74,0xF6,0xDD,0xCB,0xF5,0x7E,0x28,0x13,0xDD,0x4E,0xF5,0xCB,0xB9,0x06,
    0x00,0x21,0xE2,0x09,0x09,0x7E,0xDD,0x77,0xF5,0xDD,0x36,0xF6,0x00,0xDD,0x7E,0xF5,
    0xDD,0x77,0xF8,0xDD,0x7E,0xF6,0xDD,0x77,0xF9,0xDD,0x7E,0xFA,0xF6,0x03,0xDD,0x77,
    0xF7,0xDD,0x7E,0xF9,0xD6,0x01,0x38,0x4F,0xDD,0x7E,0xF3,0xC6,0xFF,0xDD,0x77,0xF8,
    0xDD,0x7E,0xF4,0xCE,0xFF,0xDD,0x77,0xF9,0xDD,0x7E,0xFE,0xDD,0x96,0xF8,0xDD,0x7E,
    0xFF,0xDD,0x9E,0xF9,0x38,0x15,0xDD,0x7E,0xF7,0xDD,0x77,0xFA,0xDD,0x7E,0xF3,0xDD,
    0x77,0xFE,0xDD,0x7E,0xF4,0xDD,0x77,0xFF,0xC3,0x47,0x26,0xDD,0x4E,0xFE,0xDD,0x46,
    0xFF,0xDD,0x34,0xFE,0x20,0x03,0xDD,0x34,0xFF,0xDD,0x6E,0xF1,0xDD,0x66,0xF2,0x09,
    0xDD,0x4E,0xF6,0x71,0xC3,0x34,0x28,0xDD,0x7E,0xF6,0xDD,0xB6,0xF5,0x28,0x14,0xDD,
    0x4E,0xF5,0xDD,0x46,0xF6,0xC5,0x21,0xE9,0x28,0xE5,0xCD,0x9A,0x0B,0xF1,0xF1,0x7C,
    0xB5,0x28,0x10,0xDD,0x36,0xF5,0x5F,0xDD,0x36,0xF6,0x00,0xDD,0x7E,0xF7,0xDD,0x77,
    0xFA,0x18,0x51,0xDD,0x7E,0xF8,0xD6,0x41,0xDD,0x7E,0xF9,0xDE,0x00,0x38,0x14,0x3E,
    0x5A,0xDD,0xBE,0xF8,0x3E,0x00,0xDD,0x9E,0xF9,0x38,0x08,0xDD,0x7E,0xFD,0xF6,0x02,
    0xDD,0x77,0xFD,0xDD,0x7E,0xF8,0xD6,0x61,0xDD,0x7E,0xF9,0xDE,0x00,0x38,0x25,0x3E,
    0x7A,0xDD,0xBE,0xF8,0x3E,0x00,0xDD,0x9E,0xF9,0x38,0x19,0xDD,0x7E,0xFD,0xF6,0x01,
    0xDD,0x77,0xFD,0xDD,0x7E,0xF8,0xC6,0xE0,0x4F,0xDD,0x7E,0xF9,0xCE,0xFF,0xDD,0x71,
    0xF5,0xDD,0x77,0xF6,0xDD,0x4E,0xFE,0xDD,0x46,0xFF,0xDD,0x34,0xFE,0x20,0x03,0xDD,
    0x34,0xFF,0xDD,0x6E,0xF1,0xDD,0x66,0xF2,0x09,0xDD,0x7E,0xF5,0x77,0xC3,0x47,0x26,
    0xDD,0x6E,0xF1,0xDD,0x66,0xF2,0x7E,0xD6,0xE5,0x20,0x08,0xDD,0x6E,0xF1,0xDD,0x66,
    0xF2,0x36,0x05,0xDD,0x7E,0xF3,0xD6,0x08,0xDD,0xB6,0xF4,0x20,0x06,0xDD,0x7E,0xF9,
    0xDD,0x77,0xFD,0xDD,0x7E,0xFD,0xDD,0x77,0xFB,0xDD,0x36,0xFC,0x00,0xDD,0x7E,0xFB,
    0xE6,0x0C,0x4F,0x06,0x00,0x79,0xD6,0x0C,0xB0,0x28,0x16,0xDD,0x7E,0xFB,0xE6,0x03,
    0xDD,0x77,0xFE,0xDD,0x36,0xFF,0x00,0xDD,0x7E,0xFE,0xD6,0x03,0xDD,0xB6,0xFF,0x20,
    0x08,0xDD,0x7E,0xFA,0xF6,0x02,0xDD,0x77,0xFA,0xDD,0xCB,0xFA,0x4E,0x20,0x1C,0xDD,
    0xCB,0xFD,0x46,0x28,0x08,0xDD,0x7E,0xFA,0xF6,0x10,0xDD,0x77,0xFA,0xDD,0xCB,0xFD,
    0x56,0x28,0x08,0xDD,0x7E,0xFA,0xF6,0x08,0xDD,0x77,0xFA,0xDD,0x6E,0xEB,0xDD,0x66,
    0xEC,0x11,0x27,0x00,0x19,0xDD,0x7E,0xFA,0x77,0x2E,0x00,0xDD,0xF9,0xDD,0xE1,0xC9,
    0x22,0x2A,0x3A,0x3C,0x3E,0x3F,0x7C,0x7F,0x00,0x2B,0x2C,0x3B,0x3D,0x5B,0x5D,0x00,
    0xCD,0x5D,0xAD,0x21,0xF6,0xFF,0x39,0xF9,0xDD,0x7E,0x04,0xDD,0x77,0xF6,0xDD,0x7E,
    0x05,0xDD,0x77,0xF7,0xC1,0xC5,0xE1,0xE5,0x7E,0xDD,0x77,0xF8,0x23,0x7E,0xDD,0x77,
    0xF9,0xDD,0x5E,0x06,0xDD,0x56,0x07,0x1A,0xFE,0x2F,0x28,0x04,0xD6,0x5C,0x20,0x09,
    0x13,0xDD,0x73,0x06,0xDD,0x72,0x07,0x18,0xEE,0xDD,0x73,0x06,0xDD,0x72,0x07,0x21,
    0x06,0x00,0x09,0xAF,0x77,0x23,0x77,0x23,0x77,0x23,0x77,0xDD,0x6E,0x06,0xDD,0x66,
    0x07,0x5E,0x16,0x00,0x7B,0xD6,0x20,0x7A,0xDE,0x00,0x30,0x19,0x21,0x27,0x00,0x09,
    0x36,0x80,0x21,0x00,0x00,0xE5,0x21,0x00,0x00,0xE5,0xC5,0xCD,0x28,0x11,0xF1,0xF1,
    0xF1,0x5D,0xC3,0x16,0x2A,0x21,0x10,0x00,0x39,0xC5,0xE5,0xC5,0xCD,0xDE,0x22,0xF1,
    0xF1,0x7D,0xC1,0x5F,0xB7,0xC2,0x16,0x2A,0xC5,0xC5,0xCD,0xF7,0x1B,0xF1,0x7D,0xC1,
    0x5F,0xE1,0xE5,0xC5,0x01,0x27,0x00,0x09,0xC1,0x7E,0xE6,0x04,0x57,0x2E,0x00,0x7B,
    0xB7,0x28,0x0E,0x7B,0xD6,0x04,0xC2,0x16,0x2A,0x7D,0xB2,0x20,0x79,0x1E,0x05,0x18,
    0x75,0x7D,0xB2,0x20,0x71,0xD1,0xD5,0x21,0x04,0x00,0x19,0xCB,0x66,0x20,0x04,0x1E,
    0x05,0x18,0x63,0xDD,0x7E,0xF6,0xC6,0x06,0xDD,0x77,0xFA,0xDD,0x7E,0xF7,0xCE,0x00,
    0xDD,0x77,0xFB,0xDD,0x7E,0xF8,0xC6,0x29,0xDD,0x77,0xFE,0xDD,0x7E,0xF9,0xCE,0x00,
    0xDD,0x77,0xFF,0xD1,0xD5,0x21,0x0E,0x00,0x19,0x5E,0x23,0x7E,0xE6,0x01,0x57,0x7B,
    0xDD,0x86,0xFE,0x5F,0x7A,0xDD,0x8E,0xFF,0x57,0xC5,0xD5,0xDD,0x6E,0xF8,0xDD,0x66,
    0xF9,0xE5,0xCD,0x09,0x17,0xF1,0xF1,0xDD,0x75,0xFC,0xDD,0x74,0xFD,0xDD,0x73,0xFE,
    0xDD,0x72,0xFF,0xDD,0x5E,0xFA,0xDD,0x56,0xFB,0x21,0x08,0x00,0x39,0x01,0x04,0x00,
    0xED,0xB0,0xC1,0xC3,0x65,0x29,0x6B,0xDD,0xF9,0xDD,0xE1,0xC9,0xCD,0x5D,0xAD,0xF5,
    0xF5,0xF5,0xF5,0x21,0xFF,0xFF,0xE3,0xDD,0x7E,0x04,0xDD,0x77,0xFA,0xDD,0x7E,0x05,
    0xDD,0x77,0xFB,0xDD,0x6E,0xFA,0xDD,0x66,0xFB,0x7E,0xDD,0x77,0xFE,0x23,0x7E,0xDD,
    0x77,0xFF,0xDD,0x5E,0xFE,0xDD,0x56,0xFF,0x7A,0xB3,0x20,0x06,0x21,0xFF,0xFF,0xC3,
    0xD4,0x2A,0xDD,0x6E,0xFE,0xDD,0x66,0xFF,0x7E,0xDD,0x34,0xFE,0x20,0x03,0xDD,0x34,
    0xFF,0x6F,0x26,0x00,0xD6,0x3A,0x3E,0x01,0x28,0x01,0xAF,0x4F,0x7D,0xD6,0x20,0x7C,
    0xDE,0x00,0x38,0x04,0xCB,0x41,0x28,0xDA,0xDD,0x7E,0xFE,0xDD,0x77,0xFC,0xDD,0x7E,
    0xFF,0xDD,0x77,0xFD,0x79,0xB7,0x28,0x49,0x01,0x02,0x00,0x1A,0x6F,0xD6,0x30,0x38,
    0x1D,0x3E,0x39,0x95,0x38,0x18,0x13,0x13,0xDD,0x7E,0xFE,0x93,0x20,0x10,0xDD,0x7E,
    0xFF,0x92,0x20,0x0A,0x7D,0x06,0x00,0xC6,0xD0,0x4F,0x78,0xCE,0xFF,0x47,0x79,0xD6,
    0x02,0x78,0x17,0x3F,0x1F,0xDE,0x80,0x30,0x10,0x33,0x33,0xC5,0xC1,0xE1,0xE5,0xC5,
    0xDD,0x7E,0xFC,0x77,0x23,0xDD,0x7E,0xFD,0x77,0xDD,0x6E,0xF8,0xDD,0x66,0xF9,0x18,
    0x03,0x21,0x00,0x00,0xDD,0xF9,0xDD,0xE1,0xC9,0xCD,0x5D,0xAD,0xDD,0x4E,0x04,0xDD,
    0x46,0x05,0x59,0x50,0x13,0x13,0x13,0xAF,0x12,0x21,0x25,0x00,0x09,0x36,0xFF,0x23,
    0x36,0xFF,0x23,0x36,0xFF,0x23,0x36,0xFF,0xC5,0xDD,0x6E,0x08,0xDD,0x66,0x09,0xE5,
    0xDD,0x6E,0x06,0xDD,0x66,0x07,0xE5,0xC5,0xCD,0xE7,0x0C,0xF1,0xF1,0xF1,0x5D,0xC1,
    0x7B,0xB7,0x28,0x05,0x21,0x04,0x00,0x18,0x6C,0x59,0x50,0x21,0x27,0x02,0x09,0xC5,
    0xD5,0xE5,0xCD,0xB5,0x09,0xF1,0xD1,0xC1,0x7D,0xD6,0x55,0x20,0x05,0x7C,0xD6,0xAA,
    0x28,0x05,0x21,0x03,0x00,0x18,0x4E,0x21,0x29,0x00,0x19,0x7E,0xFE,0xE9,0x28,0x08,
    0xFE,0xEB,0x28,0x04,0xD6,0xE8,0x20,0x3A,0x21,0x5F,0x00,0x09,0xC5,0x11,0x03,0x00,
    0xD5,0x11,0x94,0x2B,0xD5,0xE5,0xCD,0x4B,0x0B,0xF1,0xF1,0xF1,0xC1,0x7C,0xB5,0x20,
    0x05,0x21,0x00,0x00,0x18,0x1F,0x21,0x7B,0x00,0x09,0x11,0x05,0x00,0xD5,0x11,0x98,
    0x2B,0xD5,0xE5,0xCD,0x4B,0x0B,0xF1,0xF1,0xF1,0x7C,0xB5,0x20,0x05,0x21,0x00,0x00,
    0x18,0x03,0x21,0x02,0x00,0xDD,0xE1,0xC9,0xEB,0x76,0x90,0x45,0x58,0x46,0x41,0x54,
    0x20,0x20,0x20,0x00,0x46,0x41,0x54,0x00,0x46,0x41,0x54,0x33,0x32,0x00,0xCD,0x5D,
    0xAD,0x21,0xE6,0xFF,0x39,0xF9,0x21,0x00,0x00,0xE5,0x21,0x00,0x00,0xE5,0xDD,0x6E,
    0x04,0xDD,0x66,0x05,0xE5,0xCD,0xD9,0x2A,0xF1,0xF1,0xF1,0x7D,0xD6,0x02,0xB4,0x28,
    0x12,0x7D,0xD6,0x03,0x7C,0xDE,0x00,0xD2,0xD0,0x2C,0xDD,0x7E,0x07,0xDD,0xB6,0x06,
    0xCA,0xD0,0x2C,0x21,0x00,0x00,0x39,0x4D,0x44,0xDD,0x7E,0x04,0xDD,0x77,0xF6,0xDD,
    0x7E,0x05,0xDD,0x77,0xF7,0xDD,0x7E,0xF6,0xC6,0x29,0xDD,0x77,0xF8,0xDD,0x7E,0xF7,
    0xCE,0x00,0xDD,0x77,0xF9,0x11,0x00,0x00,0x6B,0x62,0x29,0x29,0x09,0xDD,0x75,0xFA,
    0xDD,0x74,0xFB,0x6B,0x62,0x29,0x29,0x29,0x29,0xD5,0x11,0xC6,0x01,0x19,0xD1,0x7D,
    0xDD,0x86,0xF8,0x6F,0x7C,0xDD,0x8E,0xF9,0x67,0xC5,0xD5,0xE5,0xCD,0x62,0x0A,0xF1,
    0xDD,0x75,0xFC,0xDD,0x74,0xFD,0xDD,0x73,0xFE,0xDD,0x72,0xFF,0xD1,0xC1,0xD5,0xC5,
    0xDD,0x5E,0xFA,0xDD,0x56,0xFB,0x21,0x1A,0x00,0x39,0x01,0x04,0x00,0xED,0xB0,0xC1,
    0xD1,0x13,0x7B,0xD6,0x04,0x7A,0xDE,0x00,0x38,0xAE,0xDD,0x7E,0x07,0xDD,0xB6,0x06,
    0x28,0x09,0xDD,0x5E,0x06,0xDD,0x56,0x07,0x1B,0x18,0x03,0x11,0x00,0x00,0xDD,0x73,
    0xFE,0xDD,0x72,0xFF,0xDD,0x6E,0xFE,0xDD,0x66,0xFF,0x29,0x29,0x09,0xC5,0xEB,0x21,
    0x16,0x00,0x39,0xEB,0x01,0x04,0x00,0xED,0xB0,0xC1,0xDD,0x7E,0xFD,0xDD,0xB6,0xFC,
    0xDD,0xB6,0xFB,0xDD,0xB6,0xFA,0x28,0x20,0xC5,0xDD,0x6E,0xFC,0xDD,0x66,0xFD,0xE5,
    0xDD,0x6E,0xFA,0xDD,0x66,0xFB,0xE5,0xDD,0x6E,0xF6,0xDD,0x66,0xF7,0xE5,0xCD,0xD9,
    0x2A,0xF1,0xF1,0xF1,0xEB,0xC1,0x18,0x03,0x11,0x03,0x00,0xDD,0x7E,0x07,0xDD,0xB6,
    0x06,0x20,0x1C,0x7B,0xD6,0x02,0x7A,0xDE,0x00,0x38,0x14,0xDD,0x34,0xFE,0x20,0x03,
    0xDD,0x34,0xFF,0xDD,0x7E,0xFE,0xD6,0x04,0xDD,0x7E,0xFF,0xDE,0x00,0x38,0x95,0xEB,
    0xDD,0xF9,0xDD,0xE1,0xC9,0xCD,0x5D,0xAD,0x21,0xDE,0xFF,0x39,0xF9,0xDD,0x7E,0x06,
    0xDD,0x77,0xFC,0xDD,0x7E,0x07,0xDD,0x77,0xFD,0xDD,0x6E,0xFC,0xDD,0x66,0xFD,0xAF,
    0x77,0x23,0x77,0xDD,0x6E,0x04,0xDD,0x66,0x05,0xE5,0xCD,0x1C,0x2A,0xF1,0xDD,0x75,
    0xFE,0xDD,0x74,0xFF,0xDD,0xCB,0xFF,0x7E,0x28,0x05,0x2E,0x0B,0xC3,0x52,0x33,0x01,
    0x00,0xB2,0xDD,0x6E,0xFE,0xDD,0x66,0xFF,0x29,0x09,0x7E,0xDD,0x77,0xE2,0x23,0x7E,
    0xDD,0x77,0xE3,0xDD,0xB6,0xE2,0x20,0x05,0x2E,0x0C,0xC3,0x52,0x33,0xDD,0x6E,0xFC,
    0xDD,0x66,0xFD,0xDD,0x7E,0xE2,0x77,0x23,0xDD,0x7E,0xE3,0x77,0xDD,0x6E,0xE2,0xDD,
    0x66,0xE3,0x7E,0xDD,0x5E,0xE2,0xDD,0x56,0xE3,0x13,0xB7,0x28,0x10,0x1A,0x6F,0xD5,
    0xCD,0xFD,0x08,0x7D,0xD1,0x0F,0x38,0x05,0x2E,0x00,0xC3,0x52,0x33,0xDD,0x6E,0xE2,
    0xDD,0x66,0xE3,0x36,0x00,0xDD,0x4E,0xFE,0x79,0x12,0x69,0xCD,0x0B,0x09,0x7D,0x0F,
    0x30,0x05,0x2E,0x03,0xC3,0x52,0x33,0x21,0x00,0x00,0xE5,0xDD,0x6E,0xE2,0xDD,0x66,
    0xE3,0xE5,0xCD,0x9E,0x2B,0xF1,0xF1,0x7D,0xD6,0x04,0xB4,0x20,0x05,0x2E,0x01,0xC3,
    0x52,0x33,0x7D,0xD6,0x02,0x7C,0xDE,0x00,0x38,0x05,0x2E,0x0D,0xC3,0x52,0x33,0xDD,
    0x7E,0xE2,0xDD,0x77,0xFE,0xDD,0x7E,0xE3,0xDD,0x77,0xFF,0xDD,0x5E,0xFE,0xDD,0x56,
    0xFF,0x21,0x06,0x00,0x39,0xEB,0x01,0x25,0x00,0x09,0x01,0x04,0x00,0xED,0xB0,0xDD,
    0x7E,0xE2,0xC6,0x29,0xDD,0x77,0xE8,0xDD,0x7E,0xE3,0xCE,0x00,0xDD,0x77,0xE9,0xDD,
    0x7E,0xE8,0xC6,0x0B,0xDD,0x77,0xFE,0xDD,0x7E,0xE9,0xCE,0x00,0xDD,0x77,0xFF,0xDD,
    0x6E,0xFE,0xDD,0x66,0xFF,0xE5,0xCD,0xB5,0x09,0xF1,0xDD,0x75,0xFE,0xDD,0x74,0xFF,
    0xDD,0x7E,0xFE,0xB7,0x20,0x07,0xDD,0x7E,0xFF,0xD6,0x02,0x28,0x05,0x2E,0x0D,0xC3,
    0x52,0x33,0xDD,0x7E,0xE8,0xC6,0x16,0xDD,0x77,0xFE,0xDD,0x7E,0xE9,0xCE,0x00,0xDD,
    0x77,0xFF,0xDD,0x6E,0xFE,0xDD,0x66,0xFF,0xE5,0xCD,0xB5,0x09,0xF1,0xDD,0x75,0xFE,
    0xDD,0x74,0xFF,0xDD,0x7E,0xFE,0xDD,0x77,0xFC,0xDD,0x7E,0xFF,0xDD,0x77,0xFD,0xAF,
    0xDD,0x77,0xFE,0xDD,0x77,0xFF,0xDD,0xB6,0xFE,0xDD,0xB6,0xFD,0xDD,0xB6,0xFC,0x20,
    0x27,0xDD,0x7E,0xE8,0xC6,0x24,0xDD,0x77,0xFE,0xDD,0x7E,0xE9,0xCE,0x00,0xDD,0x77,
    0xFF,0xDD,0x6E,0xFE,0xDD,0x66,0xFF,0xE5,0xCD,0x62,0x0A,0xF1,0xDD,0x75,0xFC,0xDD,
    0x74,0xFD,0xDD,0x73,0xFE,0xDD,0x72,0xFF,0xDD,0x7E,0xE2,0xC6,0x11,0xDD,0x77,0xEA,
    0xDD,0x7E,0xE3,0xCE,0x00,0xDD,0x77,0xEB,0xDD,0x5E,0xEA,0xDD,0x56,0xEB,0x21,0x1E,
    0x00,0x39,0x01,0x04,0x00,0xED,0xB0,0xDD,0x5E,0xE2,0xDD,0x56,0xE3,0x13,0x13,0xDD,
    0x4E,0xE8,0xDD,0x46,0xE9,0x21,0x10,0x00,0x09,0x46,0x78,0x12,0x4F,0x05,0x28,0x0A,
    0x79,0xD6,0x02,0x28,0x05,0x2E,0x0D,0xC3,0x52,0x33,0x06,0x00,0x11,0x00,0x00,0xD5,
    0xC5,0xDD,0x6E,0xFE,0xDD,0x66,0xFF,0xE5,0xDD,0x6E,0xFC,0xDD,0x66,0xFD,0xE5,0xCD,
    0x19,0xAE,0xF1,0xF1,0xF1,0xF1,0xDD,0x75,0xEC,0xDD,0x74,0xED,0xDD,0x73,0xEE,0xDD,
    0x72,0xEF,0xDD,0x7E,0xE2,0xC6,0x09,0xDD,0x77,0xFA,0xDD,0x7E,0xE3,0xCE,0x00,0xDD,
    0x77,0xFB,0xDD,0x4E,0xE8,0xDD,0x46,0xE9,0x21,0x0D,0x00,0x09,0x5E,0x16,0x00,0xDD,
    0x6E,0xFA,0xDD,0x66,0xFB,0x73,0x23,0x72,0xDD,0x6E,0xFA,0xDD,0x66,0xFB,0x4E,0x23,
    0x46,0x7A,0xB3,0x28,0x0B,0x59,0x50,0x1B,0x79,0xA3,0x4F,0x78,0xA2,0xB1,0x28,0x05,
    0x2E,0x0D,0xC3,0x52,0x33,0xDD,0x7E,0xE2,0xC6,0x07,0xDD,0x77,0xF0,0xDD,0x7E,0xE3,
    0xCE,0x00,0xDD,0x77,0xF1,0xDD,0x6E,0xE8,0xDD,0x66,0xE9,0x11,0x11,0x00,0x19,0xE5,
    0xCD,0xB5,0x09,0xF1,0xEB,0xDD,0x6E,0xF0,0xDD,0x66,0xF1,0x73,0x23,0x72,0x7B,0xE6,
    0x0F,0x28,0x05,0x2E,0x0D,0xC3,0x52,0x33,0xDD,0x6E,0xE8,0xDD,0x66,0xE9,0x11,0x13,
    0x00,0x19,0xE5,0xCD,0xB5,0x09,0xF1,0xDD,0x75,0xDE,0xDD,0x74,0xDF,0xAF,0xDD,0x77,
    0xE0,0xDD,0x77,0xE1,0xDD,0xB6,0xE0,0xDD,0xB6,0xDF,0xDD,0xB6,0xDE,0x20,0x35,0xDD,
    0x7E,0xE8,0xC6,0x20,0xDD,0x77,0xFE,0xDD,0x7E,0xE9,0xCE,0x00,0xDD,0x77,0xFF,0xDD,
    0x6E,0xFE,0xDD,0x66,0xFF,0xE5,0xCD,0x62,0x0A,0xF1,0xDD,0x75,0xFC,0xDD,0x74,0xFD,
    0xDD,0x73,0xFE,0xDD,0x72,0xFF,0x21,0x00,0x00,0x39,0xEB,0x21,0x1E,0x00,0x39,0x01,
    0x04,0x00,0xED,0xB0,0xDD,0x6E,0xE8,0xDD,0x66,0xE9,0x11,0x0E,0x00,0x19,0xE5,0xCD,
    0xB5,0x09,0xF1,0x4D,0x7C,0x47,0xB5,0x20,0x05,0x2E,0x0D,0xC3,0x52,0x33,0xDD,0x71,
    0xF2,0xDD,0x70,0xF3,0xAF,0xDD,0x77,0xF4,0xDD,0x77,0xF5,0xDD,0x7E,0xF2,0xDD,0x86,
    0xEC,0xDD,0x77,0xFC,0xDD,0x7E,0xF3,0xDD,0x8E,0xED,0xDD,0x77,0xFD,0xDD,0x7E,0xF4,
    0xDD,0x8E,0xEE,0xDD,0x77,0xFE,0xDD,0x7E,0xF5,0xDD,0x8E,0xEF,0xDD,0x77,0xFF,0xDD,
    0x6E,0xF0,0xDD,0x66,0xF1,0x5E,0x23,0x56,0x06,0x04,0xCB,0x3A,0xCB,0x1B,0x10,0xFA,
    0x21,0x00,0x00,0xDD,0x7E,0xFC,0x83,0x4F,0xDD,0x7E,0xFD,0x8A,0x47,0xDD,0x7E,0xFE,
    0x8D,0x5F,0xDD,0x7E,0xFF,0x8C,0x57,0xDD,0x71,0xF6,0xDD,0x70,0xF7,0xDD,0x73,0xF8,
    0xDD,0x72,0xF9,0xDD,0x7E,0xDE,0xDD,0x96,0xF6,0xDD,0x7E,0xDF,0xDD,0x9E,0xF7,0xDD,
    0x7E,0xE0,0xDD,0x9E,0xF8,0xDD,0x7E,0xE1,0xDD,0x9E,0xF9,0x30,0x05,0x2E,0x0D,0xC3,
    0x52,0x33,0xDD,0x7E,0xDE,0xDD,0x96,0xF6,0xDD,0x77,0xFC,0xDD,0x7E,0xDF,0xDD,0x9E,
    0xF7,0xDD,0x77,0xFD,0xDD,0x7E,0xE0,0xDD,0x9E,0xF8,0xDD,0x77,0xFE,0xDD,0x7E,0xE1,
    0xDD,0x9E,0xF9,0xDD,0x77,0xFF,0xDD,0x6E,0xFA,0xDD,0x66,0xFB,0x4E,0x23,0x46,0x11,
    0x00,0x00,0xD5,0xC5,0xDD,0x6E,0xFE,0xDD,0x66,0xFF,0xE5,0xDD,0x6E,0xFC,0xDD,0x66,
    0xFD,0xE5,0xCD,0xA8,0xAD,0xF1,0xF1,0xF1,0xF1,0x7A,0xB3,0xB4,0xB5,0x20,0x05,0x2E,
    0x0D,0xC3,0x52,0x33,0xAF,0xDD,0x77,0xFA,0xDD,0x77,0xFB,0x3E,0xF5,0xBD,0x3E,0xFF,
    0x9C,0x3E,0xFF,0x9B,0x3E,0x0F,0x9A,0x38,0x08,0xDD,0x36,0xFA,0x03,0xDD,0x36,0xFB,
    0x00,0x3E,0xF5,0xBD,0x3E,0xFF,0x9C,0x3E,0x00,0x9B,0x3E,0x00,0x9A,0x38,0x08,0xDD,
    0x36,0xFA,0x02,0xDD,0x36,0xFB,0x00,0x3E,0xF5,0xBD,0x3E,0x0F,0x9C,0x3E,0x00,0x9B,
    0x3E,0x00,0x9A,0x38,0x08,0xDD,0x36,0xFA,0x01,0xDD,0x36,0xFB,0x00,0xDD,0x7E,0xFB,
    0xDD,0xB6,0xFA,0x20,0x05,0x2E,0x0D,0xC3,0x52,0x33,0xDD,0x7E,0xE2,0xC6,0x0D,0xDD,
    0x77,0xFC,0xDD,0x7E,0xE3,0xCE,0x00,0xDD,0x77,0xFD,0x01,0x02,0x00,0x09,0x4D,0x44,
    0x30,0x01,0x13,0xDD,0x6E,0xFC,0xDD,0x66,0xFD,0x71,0x23,0x70,0x23,0x73,0x23,0x72,
    0xDD,0x7E,0xE2,0xC6,0x15,0x5F,0xDD,0x7E,0xE3,0xCE,0x00,0x57,0x21,0x06,0x00,0x39,
    0x01,0x04,0x00,0xED,0xB0,0xDD,0x7E,0xE2,0xC6,0x19,0xDD,0x77,0xFE,0xDD,0x7E,0xE3,
    0xCE,0x00,0xDD,0x77,0xFF,0xDD,0x7E,0xE4,0xDD,0x86,0xF2,0x4F,0xDD,0x7E,0xE5,0xDD,
    0x8E,0xF3,0x47,0xDD,0x7E,0xE6,0xDD,0x8E,0xF4,0x5F,0xDD,0x7E,0xE7,0xDD,0x8E,0xF5,
    0x57,0xDD,0x6E,0xFE,0xDD,0x66,0xFF,0x71,0x23,0x70,0x23,0x73,0x23,0x72,0xDD,0x6E,
    0xE2,0xDD,0x66,0xE3,0x11,0x21,0x00,0x19,0xDD,0x7E,0xE4,0xDD,0x86,0xF6,0x4F,0xDD,
    0x7E,0xE5,0xDD,0x8E,0xF7,0x47,0xDD,0x7E,0xE6,0xDD,0x8E,0xF8,0x5F,0xDD,0x7E,0xE7,
    0xDD,0x8E,0xF9,0x71,0x23,0x70,0x23,0x73,0x23,0x77,0xDD,0x7E,0xE2,0xC6,0x1D,0xDD,
    0x77,0xF8,0xDD,0x7E,0xE3,0xCE,0x00,0xDD,0x77,0xF9,0xDD,0x7E,0xFA,0xD6,0x03,0xDD,
    0xB6,0xFB,0x20,0x76,0xDD,0x6E,0xE8,0xDD,0x66,0xE9,0x11,0x2A,0x00,0x19,0xE5,0xCD,
    0xB5,0x09,0xF1,0x7C,0xB5,0x28,0x05,0x2E,0x0D,0xC3,0x52,0x33,0xDD,0x6E,0xF0,0xDD,
    0x66,0xF1,0x7E,0x23,0xB6,0x28,0x05,0x2E,0x0D,0xC3,0x52,0x33,0xDD,0x6E,0xE8,0xDD,
    0x66,0xE9,0x11,0x2C,0x00,0x19,0xE5,0xCD,0x62,0x0A,0xF1,0x4D,0x44,0xDD,0x6E,0xF8,
    0xDD,0x66,0xF9,0x71,0x23,0x70,0x23,0x73,0x23,0x72,0xDD,0x6E,0xFC,0xDD,0x66,0xFD,
    0x4E,0x23,0x46,0x23,0x5E,0x23,0x56,0xDD,0x71,0xF6,0xDD,0x70,0xF7,0xDD,0x73,0xF8,
    0xDD,0x72,0xF9,0x06,0x02,0xDD,0xCB,0xF6,0x26,0xDD,0xCB,0xF7,0x16,0xDD,0xCB,0xF8,
    0x16,0xDD,0xCB,0xF9,0x16,0x10,0xEE,0xC3,0xDF,0x32,0xDD,0x6E,0xF0,0xDD,0x66,0xF1,
    0x7E,0x23,0xB6,0x20,0x05,0x2E,0x0D,0xC3,0x52,0x33,0xDD,0x6E,0xFE,0xDD,0x66,0xFF,
    0x4E,0x23,0x46,0x23,0x5E,0x23,0x56,0x79,0xDD,0x86,0xEC,0x4F,0x78,0xDD,0x8E,0xED,
    0x47,0x7B,0xDD,0x8E,0xEE,0x5F,0x7A,0xDD,0x8E,0xEF,0x57,0xDD,0x6E,0xF8,0xDD,0x66,
    0xF9,0x71,0x23,0x70,0x23,0x73,0x23,0x72,0xDD,0x5E,0xFC,0xDD,0x56,0xFD,0x21,0x18,
    0x00,0x39,0xEB,0x01,0x04,0x00,0xED,0xB0,0xDD,0x7E,0xFA,0xD6,0x02,0xDD,0xB6,0xFB,
    0x20,0x16,0xDD,0x4E,0xF6,0xDD,0x46,0xF7,0xDD,0x5E,0xF8,0xDD,0x56,0xF9,0xCB,0x21,
    0xCB,0x10,0xCB,0x13,0xCB,0x12,0x18,0x4B,0xDD,0x6E,0xF8,0xDD,0x66,0xF9,0xE5,0xDD,
    0x6E,0xF6,0xDD,0x66,0xF7,0xE5,0x21,0x00,0x00,0xE5,0x21,0x03,0x00,0xE5,0xCD,0x19,
    0xAE,0xF1,0xF1,0xF1,0xF1,0xCB,0x3A,0xCB,0x1B,0xCB,0x1C,0xCB,0x1D,0xDD,0x7E,0xF6,
    0xE6,0x01,0xDD,0x77,0xFC,0xAF,0xDD,0x77,0xFD,0xDD,0x77,0xFE,0xDD,0x77,0xFF,0x7D,
    0xDD,0x86,0xFC,0x4F,0x7C,0xDD,0x8E,0xFD,0x47,0x7B,0xDD,0x8E,0xFE,0x5F,0x7A,0xDD,
    0x8E,0xFF,0x57,0xDD,0x71,0xF6,0xDD,0x70,0xF7,0xDD,0x73,0xF8,0xDD,0x72,0xF9,0xDD,
    0x5E,0xEA,0xDD,0x56,0xEB,0x21,0x1E,0x00,0x39,0xEB,0x01,0x04,0x00,0xED,0xB0,0xDD,
    0x7E,0xF6,0xC6,0xFF,0xDD,0x7E,0xF7,0xCE,0x01,0x47,0xDD,0x7E,0xF8,0xCE,0x00,0x5F,
    0xDD,0x7E,0xF9,0xCE,0x00,0x6F,0x48,0x43,0x26,0x00,0xCB,0x3D,0xCB,0x18,0xCB,0x19,
    0xDD,0x7E,0xFC,0x91,0xDD,0x7E,0xFD,0x98,0xDD,0x7E,0xFE,0x9D,0xDD,0x7E,0xFF,0x9C,
    0x30,0x04,0x2E,0x0D,0x18,0x2C,0xDD,0x7E,0xFA,0xDD,0x6E,0xE2,0xDD,0x66,0xE3,0x77,
    0xDD,0x7E,0xE2,0xC6,0x05,0x4F,0xDD,0x7E,0xE3,0xCE,0x00,0x47,0x2A,0x04,0xB2,0x23,
    0x22,0x04,0xB2,0xFD,0x21,0x04,0xB2,0xFD,0x7E,0x00,0x02,0x03,0xFD,0x7E,0x01,0x02,
    0x2E,0x00,0xDD,0xF9,0xDD,0xE1,0xC9,0xCD,0x5D,0xAD,0xF5,0x3B,0xDD,0x36,0xFD,0x09,
    0xDD,0x4E,0x04,0xDD,0x46,0x05,0xDD,0x7E,0x05,0xDD,0xB6,0x04,0x28,0x3F,0x69,0x60,
    0x5E,0x23,0x56,0x7A,0xB3,0x28,0x36,0x1A,0xB7,0x28,0x32,0x69,0x60,0x23,0x23,0x7E,
    0xDD,0x77,0xFE,0x23,0x7E,0xDD,0x77,0xFF,0x6B,0x62,0x23,0x23,0x23,0x23,0x23,0x7E,
    0x23,0x66,0xDD,0x96,0xFE,0x20,0x16,0x7C,0xDD,0x96,0xFF,0x20,0x10,0x13,0x1A,0x6F,
    0xC5,0xCD,0xFD,0x08,0x7D,0xC1,0x0F,0x38,0x04,0xDD,0x36,0xFD,0x00,0xDD,0x5E,0x06,
    0xDD,0x56,0x07,0xDD,0x7E,0xFD,0xB7,0x20,0x07,0x69,0x60,0x4E,0x23,0x46,0x18,0x03,
    0x01,0x00,0x00,0x79,0x12,0x13,0x78,0x12,0xDD,0x6E,0xFD,0xDD,0xF9,0xDD,0xE1,0xC9,
    0xCD,0x5D,0xAD,0xF5,0xF5,0xF5,0xDD,0x7E,0x06,0xDD,0x77,0xFA,0xDD,0x7E,0x07,0xDD,
    0x77,0xFB,0x21,0x00,0x00,0x39,0xE5,0xCD,0x1C,0x2A,0xF1,0xDD,0x75,0xFE,0xDD,0x74,
    0xFF,0xDD,0xCB,0xFF,0x7E,0x28,0x05,0x2E,0x0B,0xC3,0x79,0x34,0x01,0x00,0xB2,0xDD,
    0x6E,0xFE,0xDD,0x66,0xFF,0x29,0x09,0xDD,0x75,0xFE,0xDD,0x74,0xFF,0x4E,0x23,0x46,
    0x59,0x78,0x57,0xB1,0x28,0x02,0xAF,0x12,0xDD,0x7E,0x05,0xDD,0xB6,0x04,0x28,0x08,
    0xDD,0x4E,0x04,0xDD,0x46,0x05,0xAF,0x02,0xDD,0x6E,0xFE,0xDD,0x66,0xFF,0xDD,0x7E,
    0x04,0x77,0x23,0xDD,0x7E,0x05,0x77,0xDD,0x7E,0x08,0xB7,0x20,0x03,0x6F,0x18,0x39,
    0x21,0x0A,0x00,0x39,0xDD,0x75,0xFE,0xDD,0x74,0xFF,0xDD,0x7E,0xFE,0xDD,0x77,0xFC,
    0xDD,0x7E,0xFF,0xDD,0x77,0xFD,0x21,0x0C,0x00,0x39,0xDD,0x75,0xFE,0xDD,0x74,0xFF,
    0xAF,0xF5,0x33,0xDD,0x6E,0xFC,0xDD,0x66,0xFD,0xE5,0xDD,0x6E,0xFE,0xDD,0x66,0xFF,
    0xE5,0xCD,0xD5,0x2C,0xF1,0xF1,0xDD,0x75,0xFF,0xDD,0xF9,0xDD,0xE1,0xC9,0xCD,0x5D,
    0xAD,0x21,0x4B,0xFF,0x39,0xF9,0xDD,0x7E,0x05,0xDD,0xB6,0x04,0x20,0x05,0x2E,0x09,
    0xC3,0x15,0x36,0xDD,0x7E,0x08,0xE6,0x01,0xDD,0x77,0x08,0x21,0x2C,0x00,0x39,0xEB,
    0x21,0xBB,0x00,0x39,0xDD,0x7E,0x08,0xF5,0x33,0xD5,0xE5,0xCD,0xD5,0x2C,0xF1,0xF1,
    0xDD,0x75,0xF9,0x33,0xDD,0x4E,0x04,0xDD,0x46,0x05,0xDD,0x7E,0xF9,0xB7,0xC2,0x08,
    0x36,0x21,0x00,0x00,0x39,0xFD,0x21,0x2C,0x00,0xFD,0x39,0xFD,0x7E,0x00,0x77,0x23,
    0xFD,0x7E,0x01,0x77,0xFD,0x5E,0x00,0xFD,0x56,0x01,0x21,0x0B,0x00,0x19,0xEB,0x21,
    0x2E,0x00,0x39,0xDD,0x75,0xFE,0xDD,0x74,0xFF,0xDD,0x7E,0xFE,0x12,0x13,0xDD,0x7E,
    0xFF,0x12,0x21,0x00,0x00,0x39,0x5D,0x54,0xC5,0xD5,0xE5,0xDD,0x6E,0x06,0xDD,0x66,
    0x07,0xE3,0xE5,0xCD,0xF0,0x28,0xF1,0xF1,0xD1,0xC1,0xDD,0x75,0xF9,0x7D,0xB7,0x20,
    0x20,0x6B,0x62,0xC5,0x01,0x27,0x00,0x09,0xC1,0x7E,0x07,0x30,0x06,0xDD,0x36,0xF9,
    0x06,0x18,0x0E,0x6B,0x62,0x23,0x23,0x23,0x23,0xCB,0x66,0x28,0x04,0xDD,0x36,0xF9,
    0x04,0xDD,0x7E,0xF9,0xB7,0xC2,0x08,0x36,0x21,0x06,0x00,0x09,0xDD,0x75,0xFA,0xDD,
    0x74,0xFB,0x21,0x1A,0x00,0x19,0x5D,0x54,0x7E,0x23,0x66,0x6F,0xC5,0xD5,0xE5,0x21,
    0x32,0x00,0x39,0x4E,0x23,0x46,0xC5,0xCD,0x09,0x17,0xF1,0xF1,0xDD,0x75,0xFC,0xDD,
    0x74,0xFD,0xDD,0x73,0xFE,0xDD,0x72,0xFF,0xD1,0xC1,0xD5,0xC5,0xDD,0x5E,0xFA,0xDD,
    0x56,0xFB,0x21,0xB5,0x00,0x39,0x01,0x04,0x00,0xED,0xB0,0xC1,0xD1,0x21,0x0A,0x00,
    0x09,0xDD,0x75,0xFA,0xDD,0x74,0xFB,0xEB,0x5E,0x23,0x56,0x21,0x1C,0x00,0x19,0xC5,
    0xE5,0xCD,0x62,0x0A,0xF1,0xDD,0x75,0xFC,0xDD,0x74,0xFD,0xDD,0x73,0xFE,0xDD,0x72,
    0xFF,0xDD,0x5E,0xFA,0xDD,0x56,0xFB,0x21,0xB3,0x00,0x39,0x01,0x04,0x00,0xED,0xB0,
    0xC1,0x69,0x60,0xFD,0x21,0x2C,0x00,0xFD,0x39,0xFD,0x7E,0x00,0x77,0x23,0xFD,0x7E,
    0x01,0x77,0x21,0x02,0x00,0x09,0xDD,0x75,0xFE,0xDD,0x74,0xFF,0xFD,0x5E,0x00,0xFD,
    0x56,0x01,0x21,0x05,0x00,0x19,0x5E,0x23,0x56,0xDD,0x6E,0xFE,0xDD,0x66,0xFF,0x73,
    0x23,0x72,0x21,0x0E,0x00,0x09,0xDD,0x7E,0x08,0x77,0x21,0x0F,0x00,0x09,0x36,0x00,
    0x21,0x18,0x00,0x09,0xAF,0x77,0x23,0x77,0x23,0x77,0x23,0x77,0x21,0x10,0x00,0x09,
    0xAF,0x77,0x23,0x77,0x23,0x77,0x23,0x77,0xDD,0x7E,0xF9,0xB7,0x28,0x04,0xAF,0x02,
    0x03,0x02,0xDD,0x6E,0xF9,0xDD,0xF9,0xDD,0xE1,0xC9,0xCD,0x5D,0xAD,0x21,0xD8,0xFF,
    0x39,0xF9,0xDD,0x7E,0x06,0xDD,0x77,0xFE,0xDD,0x7E,0x07,0xDD,0x77,0xFF,0xDD,0x7E,
    0x0A,0xDD,0x77,0xDE,0xDD,0x7E,0x0B,0xDD,0x77,0xDF,0xDD,0x6E,0xDE,0xDD,0x66,0xDF,
    0xAF,0x77,0x23,0x77,0x21,0x04,0x00,0x39,0xDD,0x7E,0x04,0xDD,0x77,0xE0,0xDD,0x7E,
    0x05,0xDD,0x77,0xE1,0xE5,0xDD,0x6E,0xE0,0xDD,0x66,0xE1,0xE5,0xCD,0x57,0x33,0xF1,
    0xF1,0xDD,0x75,0xFC,0xDD,0x75,0xFD,0xDD,0x7E,0xFC,0xB7,0x20,0x1D,0xDD,0x7E,0xE0,
    0xC6,0x0F,0xDD,0x77,0xE2,0xDD,0x7E,0xE1,0xCE,0x00,0xDD,0x77,0xE3,0xDD,0x6E,0xE2,
    0xDD,0x66,0xE3,0x7E,0xDD,0x77,0xFD,0xB7,0x28,0x06,0xDD,0x6E,0xFD,0xC3,0xCB,0x3B,
    0xDD,0x7E,0xE0,0xDD,0x77,0xE4,0xDD,0x7E,0xE1,0xDD,0x77,0xE5,0xDD,0x4E,0xE0,0xDD,
    0x46,0xE1,0x21,0x0E,0x00,0x09,0x7E,0x0F,0x38,0x05,0x2E,0x07,0xC3,0xCB,0x3B,0xDD,
    0x7E,0xE0,0xDD,0x77,0xFC,0xDD,0x7E,0xE1,0xDD,0x77,0xFD,0xDD,0x5E,0xFC,0xDD,0x56,
    0xFD,0x21,0x1A,0x00,0x39,0xEB,0x01,0x0A,0x00,0x09,0x01,0x04,0x00,0xED,0xB0,0xDD,
    0x7E,0xE0,0xC6,0x10,0xDD,0x77,0xE6,0xDD,0x7E,0xE1,0xCE,0x00,0xDD,0x77,0xE7,0xDD,
    0x7E,0xE6,0xDD,0x77,0xE8,0xDD,0x7E,0xE7,0xDD,0x77,0xE9,0xDD,0x5E,0xE6,0xDD,0x56,
    0xE7,0x21,0x1E,0x00,0x39,0xEB,0x01,0x04,0x00,0xED,0xB0,0xDD,0x7E,0xF2,0xDD,0x96,
    0xF6,0xDD,0x77,0xFA,0xDD,0x7E,0xF3,0xDD,0x9E,0xF7,0xDD,0x77,0xFB,0xDD,0x7E,0xF4,
    0xDD,0x9E,0xF8,0xDD,0x77,0xFC,0xDD,0x7E,0xF5,0xDD,0x9E,0xF9,0xDD,0x77,0xFD,0xDD,
    0x7E,0x08,0xDD,0x77,0xF6,0xDD,0x7E,0x09,0xDD,0x77,0xF7,0xAF,0xDD,0x77,0xF8,0xDD,
    0x77,0xF9,0xDD,0x7E,0xFA,0xDD,0x96,0xF6,0xDD,0x7E,0xFB,0xDD,0x9E,0xF7,0xDD,0x7E,
    0xFC,0xDD,0x9E,0xF8,0xDD,0x7E,0xFD,0xDD,0x9E,0xF9,0x30,0x0C,0xDD,0x7E,0xFA,0xDD,
    0x77,0x08,0xDD,0x7E,0xFB,0xDD,0x77,0x09,0xDD,0x7E,0xE0,0xDD,0x77,0xEA,0xDD,0x7E,
    0xE1,0xDD,0x77,0xEB,0xDD,0x7E,0xE0,0xDD,0x77,0xEC,0xDD,0x7E,0xE1,0xDD,0x77,0xED,
    0xDD,0x7E,0xE0,0xDD,0x77,0xEE,0xDD,0x7E,0xE1,0xDD,0x77,0xEF,0xDD,0x7E,0x09,0xDD,
    0xB6,0x08,0xCA,0xC9,0x3B,0xDD,0x5E,0xE8,0xDD,0x56,0xE9,0x21,0x1E,0x00,0x39,0xEB,
    0x01,0x04,0x00,0xED,0xB0,0xDD,0x7E,0xF6,0xDD,0x77,0xF2,0xDD,0x7E,0xF7,0xE6,0x01,
    0xDD,0x77,0xF3,0xAF,0xDD,0x77,0xF4,0xDD,0x77,0xF5,0xDD,0x7E,0xE0,0xC6,0x18,0xDD,
    0x77,0xFC,0xDD,0x7E,0xE1,0xCE,0x00,0xDD,0x77,0xFD,0xDD,0x7E,0xF5,0xDD,0xB6,0xF4,
    0xDD,0xB6,0xF3,0xDD,0xB6,0xF2,0xC2,0x94,0x3A,0xDD,0x7E,0xF7,0xDD,0x77,0xD8,0xDD,
    0x7E,0xF8,0xDD,0x77,0xD9,0xDD,0x7E,0xF9,0xDD,0x77,0xDA,0xDD,0x36,0xDB,0x00,0xDD,
    0xCB,0xDA,0x3E,0xDD,0xCB,0xD9,0x1E,0xDD,0xCB,0xD8,0x1E,0xDD,0x7E,0xDC,0xDD,0x77,
    0xFA,0xDD,0x7E,0xDD,0xDD,0x77,0xFB,0xDD,0x6E,0xFA,0xDD,0x66,0xFB,0x11,0x09,0x00,
    0x19,0x7E,0xDD,0x77,0xFA,0x23,0x7E,0xDD,0x77,0xFB,0xDD,0x7E,0xFA,0xC6,0xFF,0xDD,
    0x77,0xF2,0xDD,0x7E,0xFB,0xCE,0xFF,0xDD,0x77,0xF3,0xDD,0x7E,0xD8,0xDD,0x77,0xF4,
    0xDD,0x7E,0xD9,0xDD,0x77,0xF5,0xDD,0x7E,0xF4,0xDD,0xA6,0xF2,0xDD,0x77,0xFA,0xDD,
    0x7E,0xF5,0xDD,0xA6,0xF3,0xDD,0x77,0xFB,0xDD,0x7E,0xFA,0xDD,0x77,0xF0,0xDD,0x7E,
    0xFB,0xDD,0x77,0xF1,0xDD,0xB6,0xF0,0xC2,0xFA,0x38,0xDD,0x7E,0xF9,0xDD,0xB6,0xF8,
    0xDD,0xB6,0xF7,0xDD,0xB6,0xF6,0x20,0x16,0xDD,0x5E,0xEA,0xDD,0x56,0xEB,0x21,0x20,
    0x00,0x39,0xEB,0x01,0x06,0x00,0x09,0x01,0x04,0x00,0xED,0xB0,0x18,0x38,0xDD,0x7E,
    0xE4,0xDD,0x77,0xFA,0xDD,0x7E,0xE5,0xDD,0x77,0xFB,0xDD,0x6E,0xFA,0xDD,0x66,0xFB,
    0x11,0x14,0x00,0x19,0x4E,0x23,0x46,0x23,0x5E,0x23,0x56,0xD5,0xC5,0xDD,0x6E,0xE4,
    0xDD,0x66,0xE5,0xE5,0xCD,0x26,0x0E,0xF1,0xF1,0xF1,0xDD,0x75,0xF8,0xDD,0x74,0xF9,
    0xDD,0x73,0xFA,0xDD,0x72,0xFB,0xDD,0x7E,0xF8,0xD6,0x02,0xDD,0x7E,0xF9,0xDE,0x00,
    0xDD,0x7E,0xFA,0xDE,0x00,0xDD,0x7E,0xFB,0xDE,0x00,0x30,0x0D,0xDD,0x6E,0xE2,0xDD,
    0x66,0xE3,0x36,0x02,0x2E,0x02,0xC3,0xCB,0x3B,0xDD,0x7E,0xF8,0xDD,0xA6,0xF9,0xDD,
    0xA6,0xFA,0xDD,0xA6,0xFB,0x3C,0x20,0x0D,0xDD,0x6E,0xE2,0xDD,0x66,0xE3,0x36,0x01,
    0x2E,0x01,0xC3,0xCB,0x3B,0xDD,0x7E,0xEC,0xC6,0x14,0x5F,0xDD,0x7E,0xED,0xCE,0x00,
    0x57,0x21,0x20,0x00,0x39,0x01,0x04,0x00,0xED,0xB0,0xDD,0x7E,0xE0,0xDD,0x77,0xFA,
    0xDD,0x7E,0xE1,0xDD,0x77,0xFB,0xDD,0x5E,0xFA,0xDD,0x56,0xFB,0x21,0x20,0x00,0x39,
    0xEB,0x01,0x14,0x00,0x09,0x01,0x04,0x00,0xED,0xB0,0xDD,0x6E,0xFA,0xDD,0x66,0xFB,
    0xE5,0xDD,0x6E,0xF8,0xDD,0x66,0xF9,0xE5,0xDD,0x6E,0xDC,0xDD,0x66,0xDD,0xE5,0xCD,
    0x77,0x0D,0xF1,0xF1,0xF1,0xDD,0x75,0xF8,0xDD,0x74,0xF9,0xDD,0x73,0xFA,0xDD,0x72,
    0xFB,0x21,0x00,0x00,0x39,0xEB,0x21,0x20,0x00,0x39,0x01,0x04,0x00,0xED,0xB0,0xDD,
    0x7E,0xDB,0xDD,0xB6,0xDA,0xDD,0xB6,0xD9,0xDD,0xB6,0xD8,0x20,0x0D,0xDD,0x6E,0xE2,
    0xDD,0x66,0xE3,0x36,0x02,0x2E,0x02,0xC3,0xCB,0x3B,0xDD,0x7E,0xF0,0xDD,0x77,0xF4,
    0xDD,0x7E,0xF1,0xDD,0x77,0xF5,0xAF,0xDD,0x77,0xF6,0xDD,0x77,0xF7,0xDD,0x7E,0xD8,
    0xDD,0x86,0xF4,0xDD,0x77,0xF8,0xDD,0x7E,0xD9,0xDD,0x8E,0xF5,0xDD,0x77,0xF9,0xDD,
    0x7E,0xDA,0xDD,0x8E,0xF6,0xDD,0x77,0xFA,0xDD,0x7E,0xDB,0xDD,0x8E,0xF7,0xDD,0x77,
    0xFB,0x21,0x1A,0x00,0x39,0xEB,0x21,0x20,0x00,0x39,0x01,0x04,0x00,0xED,0xB0,0xDD,
    0x7E,0x09,0xCB,0x3F,0xDD,0x77,0xF6,0xDD,0x36,0xF7,0x00,0x3E,0x00,0xDD,0xB6,0xF6,
    0xCA,0x85,0x3A,0xDD,0x7E,0xF0,0xDD,0x86,0xF6,0xDD,0x77,0xFC,0xDD,0x7E,0xF1,0xDD,
    0x8E,0xF7,0xDD,0x77,0xFD,0xDD,0x7E,0xDC,0xDD,0x77,0xF8,0xDD,0x7E,0xDD,0xDD,0x77,
    0xF9,0xDD,0x7E,0xF8,0xDD,0x77,0xFA,0xDD,0x7E,0xF9,0xDD,0x77,0xFB,0xDD,0x6E,0xFA,
    0xDD,0x66,0xFB,0x11,0x09,0x00,0x19,0x7E,0xDD,0x77,0xFA,0x23,0x7E,0xDD,0x77,0xFB,
    0xDD,0x7E,0xFA,0xDD,0x96,0xFC,0xDD,0x7E,0xFB,0xDD,0x9E,0xFD,0x30,0x15,0xDD,0x7E,
    0xFA,0xDD,0x4E,0xFB,0xDD,0x96,0xF0,0x47,0x79,0xDD,0x9E,0xF1,0x4F,0xDD,0x70,0xF6,
    0xDD,0x71,0xF7,0xDD,0x7E,0xF8,0xDD,0x77,0xFC,0xDD,0x7E,0xF9,0xDD,0x77,0xFD,0xDD,
    0x6E,0xFC,0xDD,0x66,0xFD,0x23,0x7E,0xDD,0x77,0xFD,0xDD,0x6E,0xF6,0xDD,0x66,0xF7,
    0xE5,0xDD,0x6E,0xF4,0xDD,0x66,0xF5,0xE5,0xDD,0x6E,0xF2,0xDD,0x66,0xF3,0xE5,0xDD,
    0x6E,0xFE,0xDD,0x66,0xFF,0xE5,0xDD,0x7E,0xFD,0xF5,0x33,0xCD,0x19,0x09,0xFD,0x21,
    0x09,0x00,0xFD,0x39,0xFD,0xF9,0x7D,0xB7,0x28,0x0D,0xDD,0x6E,0xE2,0xDD,0x66,0xE3,
    0x36,0x01,0x2E,0x01,0xC3,0xCB,0x3B,0xDD,0x7E,0xF6,0x87,0xDD,0x77,0xFB,0xDD,0x36,
    0xFA,0x00,0xC3,0x20,0x3B,0xDD,0x5E,0xFC,0xDD,0x56,0xFD,0x21,0x1A,0x00,0x39,0x01,
    0x04,0x00,0xED,0xB0,0xDD,0x6E,0xE6,0xDD,0x66,0xE7,0x4E,0x23,0x7E,0xE6,0x01,0x47,
    0xAF,0x91,0xDD,0x77,0xFA,0x3E,0x02,0x98,0xDD,0x77,0xFB,0xDD,0x7E,0x08,0xDD,0x96,
    0xFA,0xDD,0x7E,0x09,0xDD,0x9E,0xFB,0x30,0x0C,0xDD,0x7E,0x08,0xDD,0x77,0xFA,0xDD,
    0x7E,0x09,0xDD,0x77,0xFB,0xDD,0x6E,0xFC,0xDD,0x66,0xFD,0x4E,0x23,0x46,0x23,0x5E,
    0x23,0x56,0xD5,0xC5,0xDD,0x6E,0xDC,0xDD,0x66,0xDD,0xE5,0xCD,0xE7,0x0C,0xF1,0xF1,
    0xF1,0x7D,0xB7,0x28,0x0D,0xDD,0x6E,0xE2,0xDD,0x66,0xE3,0x36,0x01,0x2E,0x01,0xC3,
    0xCB,0x3B,0xDD,0x4E,0xDC,0xDD,0x46,0xDD,0x21,0x29,0x00,0x09,0xEB,0xDD,0x6E,0xE6,
    0xDD,0x66,0xE7,0x23,0x7E,0x2B,0x6E,0xE6,0x01,0x67,0x19,0xDD,0x4E,0xFE,0xDD,0x46,
    0xFF,0xDD,0x5E,0xFA,0xDD,0x56,0xFB,0xD5,0xE5,0xC5,0xCD,0xFF,0x0A,0xF1,0xF1,0xF1,
    0xDD,0x7E,0x08,0xDD,0x96,0xFA,0xDD,0x77,0x08,0xDD,0x7E,0x09,0xDD,0x9E,0xFB,0xDD,
    0x77,0x09,0xDD,0x6E,0xDE,0xDD,0x66,0xDF,0x4E,0x23,0x46,0x79,0xDD,0x86,0xFA,0x4F,
    0x78,0xDD,0x8E,0xFB,0x47,0xDD,0x6E,0xDE,0xDD,0x66,0xDF,0x71,0x23,0x70,0xDD,0x7E,
    0xFE,0xDD,0x86,0xFA,0xDD,0x77,0xFE,0xDD,0x7E,0xFF,0xDD,0x8E,0xFB,0xDD,0x77,0xFF,
    0xDD,0x7E,0xEE,0xC6,0x10,0xDD,0x77,0xFC,0xDD,0x7E,0xEF,0xCE,0x00,0xDD,0x77,0xFD,
    0xDD,0x5E,0xFC,0xDD,0x56,0xFD,0x21,0x19,0x00,0x39,0xEB,0x01,0x04,0x00,0xED,0xB0,
    0xDD,0x7E,0xFA,0xDD,0x77,0xF5,0xDD,0x7E,0xFB,0xDD,0x77,0xF6,0xAF,0xDD,0x77,0xF7,
    0xDD,0x77,0xF8,0xDD,0x7E,0xF5,0xDD,0x86,0xF1,0xDD,0x77,0xD8,0xDD,0x7E,0xF6,0xDD,
    0x8E,0xF2,0xDD,0x77,0xD9,0xDD,0x7E,0xF7,0xDD,0x8E,0xF3,0xDD,0x77,0xDA,0xDD,0x7E,
    0xF8,0xDD,0x8E,0xF4,0xDD,0x77,0xDB,0xDD,0x5E,0xFC,0xDD,0x56,0xFD,0x21,0x00,0x00,
    0x39,0x01,0x04,0x00,0xED,0xB0,0xC3,0x7C,0x37,0x2E,0x00,0xDD,0xF9,0xDD,0xE1,0xC9,
    0xF5,0x21,0x00,0x00,0x39,0xFD,0x21,0x04,0x00,0xFD,0x39,0xFD,0x4E,0x00,0xFD,0x46,
    0x01,0xC5,0xE5,0xC5,0xCD,0x57,0x33,0xF1,0xF1,0x7D,0xC1,0x5F,0xB7,0x20,0x04,0xAF,
    0x02,0x03,0x02,0x6B,0xF1,0xC9,0xCD,0x5D,0xAD,0x21,0xDF,0xFF,0x39,0xF9,0x21,0x00,
    0x00,0x39,0xDD,0x7E,0x04,0xDD,0x77,0xE1,0xDD,0x7E,0x05,0xDD,0x77,0xE2,0xE5,0xDD,
    0x6E,0xE1,0xDD,0x66,0xE2,0xE5,0xCD,0x57,0x33,0xF1,0xF1,0xDD,0x75,0xE3,0xDD,0x7E,
    0xE1,0xC6,0x0F,0xDD,0x77,0xE4,0xDD,0x7E,0xE2,0xCE,0x00,0xDD,0x77,0xE5,0xDD,0x7E,
    0xE3,0xB7,0x20,0x0A,0xDD,0x6E,0xE4,0xDD,0x66,0xE5,0x7E,0xDD,0x77,0xE3,0xDD,0x7E,
    0xE3,0xB7,0x28,0x06,0xDD,0x6E,0xE3,0xC3,0x8E,0x40,0xDD,0x7E,0xE1,0xDD,0x77,0xE6,
    0xDD,0x7E,0xE2,0xDD,0x77,0xE7,0xC1,0xD1,0xD5,0xC5,0x21,0x1D,0x00,0x39,0xEB,0x01,
    0x0A,0x00,0x09,0x01,0x04,0x00,0xED,0xB0,0xDD,0x7E,0xFC,0xDD,0x96,0x06,0xDD,0x7E,
    0xFD,0xDD,0x9E,0x07,0xDD,0x7E,0xFE,0xDD,0x9E,0x08,0xDD,0x7E,0xFF,0xDD,0x9E,0x09,
    0x30,0x0E,0x21,0x27,0x00,0x39,0xEB,0x21,0x1D,0x00,0x39,0x01,0x04,0x00,0xED,0xB0,
    0xDD,0x7E,0xE1,0xC6,0x10,0x5F,0xDD,0x7E,0xE2,0xCE,0x00,0x57,0xDD,0x73,0xE8,0xDD,
    0x72,0xE9,0xD5,0x21,0x0D,0x00,0x39,0xEB,0x01,0x04,0x00,0xED,0xB0,0xD1,0xAF,0xDD,
    0x77,0xEE,0xDD,0x77,0xEF,0xDD,0x77,0xF0,0xDD,0x77,0xF1,0x6B,0x62,0xAF,0x77,0x23,
    0x77,0x23,0x77,0x23,0x77,0xDD,0x7E,0x09,0xDD,0xB6,0x08,0xDD,0xB6,0x07,0xDD,0xB6,
    0x06,0xCA,0x48,0x40,0xC1,0xC5,0x21,0x09,0x00,0x09,0x4E,0x23,0x46,0xAF,0xDD,0x71,
    0xF3,0xDD,0x70,0xF4,0xDD,0x77,0xF5,0xDD,0x36,0xF2,0x00,0xDD,0xCB,0xF3,0x26,0xDD,
    0xCB,0xF4,0x16,0xDD,0xCB,0xF5,0x16,0xDD,0x7E,0xE1,0xC6,0x14,0xDD,0x77,0xF6,0xDD,
    0x7E,0xE2,0xCE,0x00,0xDD,0x77,0xF7,0xDD,0x7E,0xED,0xDD,0xB6,0xEC,0xDD,0xB6,0xEB,
    0xDD,0xB6,0xEA,0xCA,0x32,0x3E,0xDD,0x7E,0x06,0xC6,0xFF,0x4F,0xDD,0x7E,0x07,0xCE,
    0xFF,0x47,0xDD,0x7E,0x08,0xCE,0xFF,0x6F,0xDD,0x7E,0x09,0xCE,0xFF,0x67,0xD5,0xE5,
    0xDD,0x6E,0xF4,0xDD,0x66,0xF5,0xE3,0xE5,0xDD,0x6E,0xF2,0xDD,0x66,0xF3,0xE3,0xE5,
    0xC5,0xCD,0xA8,0xAD,0xF1,0xF1,0xF1,0xF1,0xDD,0x75,0xF8,0xDD,0x74,0xF9,0xDD,0x73,
    0xFA,0xDD,0x72,0xFB,0xD1,0xDD,0x7E,0xEA,0xC6,0xFF,0xDD,0x77,0xFC,0xDD,0x7E,0xEB,
    0xCE,0xFF,0xDD,0x77,0xFD,0xDD,0x7E,0xEC,0xCE,0xFF,0xDD,0x77,0xFE,0xDD,0x7E,0xED,
    0xCE,0xFF,0xDD,0x77,0xFF,0xD5,0xDD,0x6E,0xF4,0xDD,0x66,0xF5,0xE5,0xDD,0x6E,0xF2,
    0xDD,0x66,0xF3,0xE5,0xDD,0x6E,0xFE,0xDD,0x66,0xFF,0xE5,0xDD,0x6E,0xFC,0xDD,0x66,
    0xFD,0xE5,0xCD,0xA8,0xAD,0xF1,0xF1,0xF1,0xF1,0x4B,0x42,0xD1,0xDD,0x7E,0xF8,0x95,
    0xDD,0x7E,0xF9,0x9C,0xDD,0x7E,0xFA,0x99,0xDD,0x7E,0xFB,0x98,0xDA,0x32,0x3E,0xDD,
    0x7E,0xF2,0xC6,0xFF,0x4F,0xDD,0x7E,0xF3,0xCE,0xFF,0x47,0xDD,0x7E,0xF4,0xCE,0xFF,
    0x6F,0xDD,0x7E,0xF5,0xCE,0xFF,0xF5,0x79,0x2F,0x4F,0x78,0x2F,0x47,0x7D,0x2F,0x6F,
    0xF1,0x2F,0xF5,0xDD,0x7E,0xFC,0xA1,0xDD,0x77,0xF8,0xDD,0x7E,0xFD,0xA0,0xDD,0x77,
    0xF9,0xDD,0x7E,0xFE,0xA5,0xDD,0x77,0xFA,0xF1,0xDD,0xA6,0xFF,0xDD,0x77,0xFB,0xD5,
    0x21,0x1B,0x00,0x39,0x01,0x04,0x00,0xED,0xB0,0xD1,0xDD,0x7E,0x06,0xDD,0x96,0xF8,
    0xDD,0x77,0x06,0xDD,0x7E,0x07,0xDD,0x9E,0xF9,0xDD,0x77,0x07,0xDD,0x7E,0x08,0xDD,
    0x9E,0xFA,0xDD,0x77,0x08,0xDD,0x7E,0x09,0xDD,0x9E,0xFB,0xDD,0x77,0x09,0xD5,0xDD,
    0x5E,0xF6,0xDD,0x56,0xF7,0x21,0x1F,0x00,0x39,0xEB,0x01,0x04,0x00,0xED,0xB0,0xD1,
    0x18,0x27,0xDD,0x4E,0xE1,0xDD,0x46,0xE2,0xD5,0x59,0x50,0x21,0x1F,0x00,0x39,0xEB,
    0x01,0x06,0x00,0x09,0x01,0x04,0x00,0xED,0xB0,0xDD,0x5E,0xF6,0xDD,0x56,0xF7,0x21,
    0x1F,0x00,0x39,0x01,0x04,0x00,0xED,0xB0,0xD1,0xDD,0x7E,0xFF,0xDD,0xB6,0xFE,0xDD,
    0xB6,0xFD,0xDD,0xB6,0xFC,0xCA,0x48,0x40,0xDD,0x7E,0xE1,0xDD,0x77,0xF6,0xDD,0x7E,
    0xE2,0xDD,0x77,0xF7,0xDD,0x7E,0xF2,0xDD,0x96,0x06,0xDD,0x7E,0xF3,0xDD,0x9E,0x07,
    0xDD,0x7E,0xF4,0xDD,0x9E,0x08,0xDD,0x7E,0xF5,0xDD,0x9E,0x09,0xD2,0x91,0x3F,0xDD,
    0x7E,0x06,0xDD,0x96,0xF2,0xDD,0x77,0x06,0xDD,0x7E,0x07,0xDD,0x9E,0xF3,0xDD,0x77,
    0x07,0xDD,0x7E,0x08,0xDD,0x9E,0xF4,0xDD,0x77,0x08,0xDD,0x7E,0x09,0xDD,0x9E,0xF5,
    0xDD,0x77,0x09,0xDD,0x6E,0xE8,0xDD,0x66,0xE9,0x4E,0x23,0x46,0x23,0x23,0x7E,0x2B,
    0x6E,0x67,0x79,0xDD,0x86,0xF2,0xDD,0x77,0xF8,0x78,0xDD,0x8E,0xF3,0xDD,0x77,0xF9,
    0x7D,0xDD,0x8E,0xF4,0xDD,0x77,0xFA,0x7C,0xDD,0x8E,0xF5,0xDD,0x77,0xFB,0xD5,0xDD,
    0x5E,0xE8,0xDD,0x56,0xE9,0x21,0x1B,0x00,0x39,0x01,0x04,0x00,0xED,0xB0,0xDD,0x6E,
    0xFE,0xDD,0x66,0xFF,0xE5,0xDD,0x6E,0xFC,0xDD,0x66,0xFD,0xE5,0xDD,0x6E,0xE6,0xDD,
    0x66,0xE7,0xE5,0xCD,0x26,0x0E,0xF1,0xF1,0xF1,0x4B,0x42,0xD1,0xDD,0x75,0xFC,0xDD,
    0x74,0xFD,0xDD,0x71,0xFE,0xDD,0x70,0xFF,0xDD,0x7E,0xFC,0xDD,0xA6,0xFD,0xDD,0xA6,
    0xFE,0xDD,0xA6,0xFF,0x3C,0x20,0x0D,0xDD,0x6E,0xE4,0xDD,0x66,0xE5,0x36,0x01,0x2E,
    0x01,0xC3,0x8E,0x40,0x3E,0x01,0xDD,0xBE,0xFC,0x3E,0x00,0xDD,0x9E,0xFD,0x3E,0x00,
    0xDD,0x9E,0xFE,0x3E,0x00,0xDD,0x9E,0xFF,0x30,0x21,0xC1,0xC5,0x21,0x0D,0x00,0x09,
    0x4E,0x23,0x46,0x23,0x23,0x7E,0x2B,0x6E,0x67,0xDD,0x7E,0xFC,0x91,0xDD,0x7E,0xFD,
    0x98,0xDD,0x7E,0xFE,0x9D,0xDD,0x7E,0xFF,0x9C,0x38,0x0D,0xDD,0x6E,0xE4,0xDD,0x66,
    0xE5,0x36,0x02,0x2E,0x02,0xC3,0x8E,0x40,0xDD,0x6E,0xF6,0xDD,0x66,0xF7,0x01,0x14,
    0x00,0x09,0xEB,0xE5,0x21,0x1F,0x00,0x39,0x01,0x04,0x00,0xED,0xB0,0xD1,0xC3,0x74,
    0x3E,0xD5,0x21,0x17,0x00,0x39,0xEB,0x01,0x04,0x00,0xED,0xB0,0xD1,0xDD,0x7E,0xF4,
    0xDD,0x86,0x06,0xDD,0x77,0xF8,0xDD,0x7E,0xF5,0xDD,0x8E,0x07,0xDD,0x77,0xF9,0xDD,
    0x7E,0xF6,0xDD,0x8E,0x08,0xDD,0x77,0xFA,0xDD,0x7E,0xF7,0xDD,0x8E,0x09,0xDD,0x77,
    0xFB,0xD5,0x21,0x1B,0x00,0x39,0x01,0x04,0x00,0xED,0xB0,0xD1,0xDD,0x7E,0x06,0xB7,
    0x20,0x06,0xDD,0xCB,0x07,0x46,0x28,0x70,0xD5,0xDD,0x6E,0xFE,0xDD,0x66,0xFF,0xE5,
    0xDD,0x6E,0xFC,0xDD,0x66,0xFD,0xE5,0xDD,0x6E,0xDF,0xDD,0x66,0xE0,0xE5,0xCD,0x77,
    0x0D,0xF1,0xF1,0xF1,0x4B,0x42,0xD1,0x78,0xB1,0xB4,0xB5,0x20,0x0D,0xDD,0x6E,0xE4,
};

__attribute__((aligned(4096))) const unsigned char gb_rom_profi_bank2_fdimage[16384] = {
    0xDD,0x66,0xE5,0x36,0x02,0x2E,0x02,0xC3,0x8E,0x40,0xDD,0x7E,0x07,0xDD,0x77,0xFC,
    0xDD,0x7E,0x08,0xDD,0x77,0xFD,0xDD,0x7E,0x09,0xDD,0x77,0xFE,0xDD,0x36,0xFF,0x00,
    0xDD,0xCB,0xFE,0x3E,0xDD,0xCB,0xFD,0x1E,0xDD,0xCB,0xFC,0x1E,0xDD,0x7E,0xFC,0x85,
    0xDD,0x77,0xEE,0xDD,0x7E,0xFD,0x8C,0xDD,0x77,0xEF,0xDD,0x7E,0xFE,0x89,0xDD,0x77,
    0xF0,0xDD,0x7E,0xFF,0x88,0xDD,0x77,0xF1,0xEB,0x4E,0x23,0x46,0x23,0x23,0x79,0xB7,
    0x20,0x04,0xCB,0x40,0x28,0x35,0xDD,0x6E,0xE1,0xDD,0x66,0xE2,0x11,0x18,0x00,0x19,
    0xE5,0x4E,0x23,0x46,0x23,0x5E,0x23,0x56,0xE1,0xDD,0x7E,0xEE,0x91,0x20,0x12,0xDD,
    0x7E,0xEF,0x90,0x20,0x0C,0xDD,0x7E,0xF0,0x93,0x20,0x06,0xDD,0x7E,0xF1,0x92,0x28,
    0x0A,0xEB,0x21,0x0F,0x00,0x39,0x01,0x04,0x00,0xED,0xB0,0xDD,0x6E,0xE3,0xDD,0xF9,
    0xDD,0xE1,0xC9,0xCD,0x5D,0xAD,0x21,0x78,0xFF,0x39,0xF9,0xDD,0x7E,0x05,0xDD,0xB6,
    0x04,0x20,0x05,0x2E,0x09,0xC3,0xAD,0x41,0x21,0x00,0x00,0x39,0xEB,0x21,0x8E,0x00,
    0x39,0xAF,0xF5,0x33,0xD5,0xE5,0xCD,0xD5,0x2C,0xF1,0xF1,0x33,0x4D,0xDD,0x5E,0x04,
    0xDD,0x56,0x05,0x79,0xB7,0xC2,0xA4,0x41,0x6B,0x62,0xFD,0x21,0x00,0x00,0xFD,0x39,
    0xFD,0x7E,0x00,0x77,0x23,0xFD,0x7E,0x01,0x77,0xC1,0xC5,0x21,0x0B,0x00,0x09,0xDD,
    0x75,0xFE,0xDD,0x74,0xFF,0x21,0x02,0x00,0x39,0x4D,0x44,0xDD,0x6E,0xFE,0xDD,0x66,
    0xFF,0x71,0x23,0x70,0xD5,0xDD,0x6E,0x06,0xDD,0x66,0x07,0xE5,0xD5,0xCD,0xF0,0x28,
    0xF1,0xF1,0x7D,0xD1,0x4F,0xB7,0xC2,0x9D,0x41,0x6B,0x62,0xC5,0x01,0x27,0x00,0x09,
    0xC1,0x7E,0x07,0x38,0x55,0x6B,0x62,0x23,0x23,0x23,0x23,0xCB,0x66,0x28,0x49,0x21,
    0x06,0x00,0x19,0xDD,0x75,0xFA,0xDD,0x74,0xFB,0x6B,0x62,0xC5,0x01,0x1A,0x00,0x09,
    0xC1,0x46,0x23,0x66,0xC5,0xD5,0x68,0xE5,0x21,0x06,0x00,0x39,0x4E,0x23,0x46,0xC5,
    0xCD,0x09,0x17,0xF1,0xF1,0xDD,0x75,0xFC,0xDD,0x74,0xFD,0xDD,0x73,0xFE,0xDD,0x72,
    0xFF,0xD1,0xC1,0xD5,0xC5,0xDD,0x5E,0xFA,0xDD,0x56,0xFB,0x21,0x88,0x00,0x39,0x01,
    0x04,0x00,0xED,0xB0,0xC1,0xD1,0x18,0x02,0x0E,0x05,0x79,0xB7,0x20,0x2F,0x21,0x02,
    0x00,0x19,0xDD,0x75,0xFE,0xDD,0x74,0xFF,0xC1,0xC5,0x21,0x05,0x00,0x09,0x4E,0x23,
    0x46,0xDD,0x6E,0xFE,0xDD,0x66,0xFF,0x71,0x23,0x70,0xD5,0x21,0x00,0x00,0xE5,0x21,
    0x00,0x00,0xE5,0xD5,0xCD,0x28,0x11,0xF1,0xF1,0xF1,0x7D,0xD1,0x4F,0x79,0xD6,0x04,
    0x20,0x02,0x0E,0x05,0x79,0xB7,0x28,0x04,0xAF,0x12,0x13,0x12,0x69,0xDD,0xF9,0xDD,
    0xE1,0xC9,0xF5,0x21,0x00,0x00,0x39,0xFD,0x21,0x04,0x00,0xFD,0x39,0xFD,0x4E,0x00,
    0xFD,0x46,0x01,0xC5,0xE5,0xC5,0xCD,0x57,0x33,0xF1,0xF1,0x7D,0xC1,0x5F,0xB7,0x20,
    0x04,0xAF,0x02,0x03,0x02,0x6B,0xF1,0xC9,0xCD,0x5D,0xAD,0x21,0x7C,0xFF,0x39,0xF9,
    0x21,0x00,0x00,0x39,0xDD,0x4E,0x04,0xDD,0x46,0x05,0xC5,0xE5,0xC5,0xCD,0x57,0x33,
    0xF1,0xF1,0xC1,0x7D,0xB7,0x20,0x6B,0xDD,0x7E,0x07,0xDD,0xB6,0x06,0x20,0x11,0x21,
    0x00,0x00,0xE5,0x21,0x00,0x00,0xE5,0xC5,0xCD,0x28,0x11,0xF1,0xF1,0xF1,0x18,0x52,
    0xD1,0xD5,0x21,0x0B,0x00,0x19,0xEB,0x21,0x02,0x00,0x39,0xDD,0x75,0xFE,0xDD,0x74,
    0xFF,0xDD,0x7E,0xFE,0x12,0x13,0xDD,0x7E,0xFF,0x12,0xC5,0x21,0x00,0x00,0xE5,0xC5,
    0xCD,0xF3,0x19,0xF1,0xF1,0xC1,0x7D,0xD6,0x04,0x20,0x01,0x6F,0x7D,0xB7,0x20,0x22,
    0xDD,0x6E,0x06,0xDD,0x66,0x07,0xE5,0xC5,0xCD,0x54,0x1E,0xF1,0x21,0x00,0x00,0xE3,
    0xDD,0x6E,0x04,0xDD,0x66,0x05,0xE5,0xCD,0x45,0x14,0xF1,0xF1,0x7D,0xD6,0x04,0x20,
    0x01,0x6F,0xDD,0xF9,0xDD,0xE1,0xC9,0xCD,0x5D,0xAD,0xF5,0x01,0x00,0x00,0xDD,0x7E,
    0x04,0xD6,0x80,0xDD,0x7E,0x05,0xDE,0x00,0xDD,0x7E,0x06,0xDE,0x00,0xDD,0x7E,0x07,
    0xDE,0x00,0x30,0x08,0xDD,0x4E,0x04,0xDD,0x46,0x05,0x18,0x5C,0xDD,0x7E,0x06,0xD6,
    0x01,0xDD,0x7E,0x07,0xDE,0x00,0x30,0x50,0xDD,0x5E,0x08,0xDD,0x56,0x09,0x7B,0xD6,
    0x62,0x20,0x45,0x7A,0xD6,0x03,0x20,0x40,0x01,0x00,0x00,0x33,0x33,0xC5,0xDD,0x7E,
    0xFE,0xD6,0x80,0xDD,0x7E,0xFF,0xDE,0x00,0x30,0x26,0x69,0x60,0x29,0x11,0xEE,0x42,
    0x19,0x7E,0x23,0x66,0x11,0x00,0x00,0xDD,0x96,0x04,0x20,0x11,0x7C,0xDD,0x96,0x05,
    0x20,0x0B,0xDD,0x6E,0x06,0xDD,0x66,0x07,0xBF,0xED,0x52,0x28,0x03,0x03,0x18,0xCB,
    0xDD,0x7E,0xFE,0xC6,0x80,0x4F,0x06,0x00,0x69,0x60,0xF1,0xDD,0xE1,0xC9,0x10,0x04,
    0x11,0x04,0x12,0x04,0x13,0x04,0x14,0x04,0x15,0x04,0x16,0x04,0x17,0x04,0x18,0x04,
    0x19,0x04,0x1A,0x04,0x1B,0x04,0x1C,0x04,0x1D,0x04,0x1E,0x04,0x1F,0x04,0x20,0x04,
    0x21,0x04,0x22,0x04,0x23,0x04,0x24,0x04,0x25,0x04,0x26,0x04,0x27,0x04,0x28,0x04,
    0x29,0x04,0x2A,0x04,0x2B,0x04,0x2C,0x04,0x2D,0x04,0x2E,0x04,0x2F,0x04,0x30,0x04,
    0x31,0x04,0x32,0x04,0x33,0x04,0x34,0x04,0x35,0x04,0x36,0x04,0x37,0x04,0x38,0x04,
    0x39,0x04,0x3A,0x04,0x3B,0x04,0x3C,0x04,0x3D,0x04,0x3E,0x04,0x3F,0x04,0x91,0x25,
    0x92,0x25,0x93,0x25,0x02,0x25,0x24,0x25,0x61,0x25,0x62,0x25,0x56,0x25,0x55,0x25,
    0x63,0x25,0x51,0x25,0x57,0x25,0x5D,0x25,0x5C,0x25,0x5B,0x25,0x10,0x25,0x14,0x25,
    0x34,0x25,0x2C,0x25,0x1C,0x25,0x00,0x25,0x3C,0x25,0x5E,0x25,0x5F,0x25,0x5A,0x25,
    0x54,0x25,0x69,0x25,0x66,0x25,0x60,0x25,0x50,0x25,0x6C,0x25,0x67,0x25,0x68,0x25,
    0x64,0x25,0x65,0x25,0x59,0x25,0x58,0x25,0x52,0x25,0x53,0x25,0x6B,0x25,0x6A,0x25,
    0x18,0x25,0x0C,0x25,0x88,0x25,0x84,0x25,0x8C,0x25,0x90,0x25,0x80,0x25,0x40,0x04,
    0x41,0x04,0x42,0x04,0x43,0x04,0x44,0x04,0x45,0x04,0x46,0x04,0x47,0x04,0x48,0x04,
    0x49,0x04,0x4A,0x04,0x4B,0x04,0x4C,0x04,0x4D,0x04,0x4E,0x04,0x4F,0x04,0x01,0x04,
    0x51,0x04,0x04,0x04,0x54,0x04,0x07,0x04,0x57,0x04,0x0E,0x04,0x5E,0x04,0xB0,0x00,
    0x19,0x22,0xB7,0x00,0x1A,0x22,0x16,0x21,0xA4,0x00,0xA0,0x25,0xA0,0x00,0xCD,0x5D,
    0xAD,0x01,0x00,0x00,0xDD,0x5E,0x04,0xDD,0x56,0x05,0x7B,0xD6,0x80,0x7A,0xDE,0x00,
    0x30,0x08,0xDD,0x4E,0x04,0xDD,0x46,0x05,0x18,0x24,0xDD,0x7E,0x06,0xDD,0x66,0x07,
    0xD6,0x62,0x20,0x1A,0x7C,0xD6,0x03,0x20,0x15,0x7A,0xD6,0x01,0x30,0x10,0x7B,0xC6,
    0x80,0x6F,0x7A,0xCE,0xFF,0x67,0x29,0x11,0xEE,0x42,0x19,0x4E,0x23,0x46,0x69,0x60,
    0xDD,0xE1,0xC9,0xCD,0x5D,0xAD,0xF5,0xF5,0xF5,0xF5,0xDD,0x7E,0x06,0xD6,0x01,0xDD,
    0x7E,0x07,0xDE,0x00,0xD2,0xAA,0x45,0xDD,0x4E,0x04,0xDD,0x46,0x05,0x33,0x33,0xC5,
    0xDD,0x7E,0xF9,0xD6,0x10,0x30,0x05,0x11,0xBB,0x45,0x18,0x03,0x11,0xAD,0x47,0xDD,
    0x73,0xFE,0xDD,0x72,0xFF,0xDD,0x6E,0xFE,0xDD,0x66,0xFF,0x7E,0xDD,0x77,0xFA,0x23,
    0x7E,0xDD,0x77,0xFB,0xDD,0x5E,0xFE,0xDD,0x56,0xFF,0x13,0x13,0xDD,0x7E,0xFB,0xDD,
    0xB6,0xFA,0xCA,0x9D,0x45,0x79,0xDD,0x96,0xFA,0x78,0xDD,0x9E,0xFB,0xDA,0x9D,0x45,
    0x6B,0x62,0x7E,0x23,0x66,0x6F,0x13,0x13,0xDD,0x73,0xFE,0xDD,0x72,0xFF,0xDD,0x74,
    0xFC,0xDD,0x36,0xFD,0x00,0x16,0x00,0x5D,0xDD,0x6E,0xFA,0xDD,0x66,0xFB,0x19,0x79,
    0x95,0x78,0x9C,0xD2,0x80,0x45,0x3E,0x08,0xDD,0xBE,0xFC,0x3E,0x00,0xDD,0x9E,0xFD,
    0xDA,0x9D,0x45,0xDD,0x5E,0xFC,0x16,0x00,0x21,0xCF,0x44,0x19,0x19,0x19,0xE9,0xC3,
    0xEA,0x44,0xC3,0x02,0x45,0xC3,0x1E,0x45,0xC3,0x2C,0x45,0xC3,0x3A,0x45,0xC3,0x48,
    0x45,0xC3,0x56,0x45,0xC3,0x64,0x45,0xC3,0x72,0x45,0x79,0xDD,0x96,0xFA,0x6F,0x78,
    0xDD,0x9E,0xFB,0x67,0x29,0xDD,0x5E,0xFE,0xDD,0x56,0xFF,0x19,0x4E,0x23,0x46,0xC3,
    0x9D,0x45,0x79,0xDD,0x96,0xFA,0x4F,0x78,0xDD,0x9E,0xFB,0x79,0xE6,0x01,0x4F,0x06,
    0x00,0xDD,0x7E,0xF8,0x91,0x4F,0xDD,0x7E,0xF9,0x98,0x47,0xC3,0x9D,0x45,0xDD,0x7E,
    0xF8,0xC6,0xF0,0x4F,0xDD,0x7E,0xF9,0xCE,0xFF,0x47,0x18,0x71,0xDD,0x7E,0xF8,0xC6,
    0xE0,0x4F,0xDD,0x7E,0xF9,0xCE,0xFF,0x47,0x18,0x63,0xDD,0x7E,0xF8,0xC6,0xD0,0x4F,
    0xDD,0x7E,0xF9,0xCE,0xFF,0x47,0x18,0x55,0xDD,0x7E,0xF8,0xC6,0xE6,0x4F,0xDD,0x7E,
    0xF9,0xCE,0xFF,0x47,0x18,0x47,0xDD,0x7E,0xF8,0xC6,0x08,0x4F,0xDD,0x7E,0xF9,0xCE,
    0x00,0x47,0x18,0x39,0xDD,0x7E,0xF8,0xC6,0xB0,0x4F,0xDD,0x7E,0xF9,0xCE,0xFF,0x47,
    0x18,0x2B,0xDD,0x7E,0xF8,0xC6,0xA0,0x4F,0xDD,0x7E,0xF9,0xCE,0xE3,0x47,0x18,0x1D,
    0xDD,0x7E,0xFD,0xDD,0xB6,0xFC,0xC2,0x65,0x44,0xEB,0x29,0xEB,0x7B,0xDD,0x86,0xFE,
    0xDD,0x77,0xFE,0x7A,0xDD,0x8E,0xFF,0xDD,0x77,0xFF,0xC3,0x65,0x44,0xDD,0x71,0x04,
    0xDD,0x70,0x05,0xAF,0xDD,0x77,0x06,0xDD,0x77,0x07,0xDD,0x6E,0x04,0xDD,0x66,0x05,
    0xDD,0x5E,0x06,0xDD,0x56,0x07,0xDD,0xF9,0xDD,0xE1,0xC9,0x61,0x00,0x1A,0x03,0xE0,
    0x00,0x17,0x03,0xF8,0x00,0x07,0x03,0xFF,0x00,0x01,0x00,0x78,0x01,0x00,0x01,0x30,
    0x01,0x32,0x01,0x06,0x01,0x39,0x01,0x10,0x01,0x4A,0x01,0x2E,0x01,0x79,0x01,0x06,
    0x01,0x80,0x01,0x4D,0x00,0x43,0x02,0x81,0x01,0x82,0x01,0x82,0x01,0x84,0x01,0x84,
    0x01,0x86,0x01,0x87,0x01,0x87,0x01,0x89,0x01,0x8A,0x01,0x8B,0x01,0x8B,0x01,0x8D,
    0x01,0x8E,0x01,0x8F,0x01,0x90,0x01,0x91,0x01,0x91,0x01,0x93,0x01,0x94,0x01,0xF6,
    0x01,0x96,0x01,0x97,0x01,0x98,0x01,0x98,0x01,0x3D,0x02,0x9B,0x01,0x9C,0x01,0x9D,
    0x01,0x20,0x02,0x9F,0x01,0xA0,0x01,0xA0,0x01,0xA2,0x01,0xA2,0x01,0xA4,0x01,0xA4,
    0x01,0xA6,0x01,0xA7,0x01,0xA7,0x01,0xA9,0x01,0xAA,0x01,0xAB,0x01,0xAC,0x01,0xAC,
    0x01,0xAE,0x01,0xAF,0x01,0xAF,0x01,0xB1,0x01,0xB2,0x01,0xB3,0x01,0xB3,0x01,0xB5,
    0x01,0xB5,0x01,0xB7,0x01,0xB8,0x01,0xB8,0x01,0xBA,0x01,0xBB,0x01,0xBC,0x01,0xBC,
    0x01,0xBE,0x01,0xF7,0x01,0xC0,0x01,0xC1,0x01,0xC2,0x01,0xC3,0x01,0xC4,0x01,0xC5,
    0x01,0xC4,0x01,0xC7,0x01,0xC8,0x01,0xC7,0x01,0xCA,0x01,0xCB,0x01,0xCA,0x01,0xCD,
    0x01,0x10,0x01,0xDD,0x01,0x01,0x00,0x8E,0x01,0xDE,0x01,0x12,0x01,0xF3,0x01,0x03,
    0x00,0xF1,0x01,0xF4,0x01,0xF4,0x01,0xF8,0x01,0x28,0x01,0x22,0x02,0x12,0x01,0x3A,
    0x02,0x09,0x00,0x65,0x2C,0x3B,0x02,0x3B,0x02,0x3D,0x02,0x66,0x2C,0x3F,0x02,0x40,
    0x02,0x41,0x02,0x41,0x02,0x46,0x02,0x0A,0x01,0x53,0x02,0x40,0x00,0x81,0x01,0x86,
    0x01,0x55,0x02,0x89,0x01,0x8A,0x01,0x58,0x02,0x8F,0x01,0x5A,0x02,0x90,0x01,0x5C,
    0x02,0x5D,0x02,0x5E,0x02,0x5F,0x02,0x93,0x01,0x61,0x02,0x62,0x02,0x94,0x01,0x64,
    0x02,0x65,0x02,0x66,0x02,0x67,0x02,0x97,0x01,0x96,0x01,0x6A,0x02,0x62,0x2C,0x6C,
    0x02,0x6D,0x02,0x6E,0x02,0x9C,0x01,0x70,0x02,0x71,0x02,0x9D,0x01,0x73,0x02,0x74,
    0x02,0x9F,0x01,0x76,0x02,0x77,0x02,0x78,0x02,0x79,0x02,0x7A,0x02,0x7B,0x02,0x7C,
    0x02,0x64,0x2C,0x7E,0x02,0x7F,0x02,0xA6,0x01,0x81,0x02,0x82,0x02,0xA9,0x01,0x84,
    0x02,0x85,0x02,0x86,0x02,0x87,0x02,0xAE,0x01,0x44,0x02,0xB1,0x01,0xB2,0x01,0x45,
    0x02,0x8D,0x02,0x8E,0x02,0x8F,0x02,0x90,0x02,0x91,0x02,0xB7,0x01,0x7B,0x03,0x03,
    0x00,0xFD,0x03,0xFE,0x03,0xFF,0x03,0xAC,0x03,0x04,0x00,0x86,0x03,0x88,0x03,0x89,
    0x03,0x8A,0x03,0xB1,0x03,0x11,0x03,0xC2,0x03,0x02,0x00,0xA3,0x03,0xA3,0x03,0xC4,
    0x03,0x08,0x03,0xCC,0x03,0x03,0x00,0x8C,0x03,0x8E,0x03,0x8F,0x03,0xD8,0x03,0x18,
    0x01,0xF2,0x03,0x0A,0x00,0xF9,0x03,0xF3,0x03,0xF4,0x03,0xF5,0x03,0xF6,0x03,0xF7,
    0x03,0xF7,0x03,0xF9,0x03,0xFA,0x03,0xFA,0x03,0x30,0x04,0x20,0x03,0x50,0x04,0x10,
    0x07,0x60,0x04,0x22,0x01,0x8A,0x04,0x36,0x01,0xC1,0x04,0x0E,0x01,0xCF,0x04,0x01,
    0x00,0xC0,0x04,0xD0,0x04,0x44,0x01,0x61,0x05,0x26,0x04,0x00,0x00,0x7D,0x1D,0x01,
    0x00,0x63,0x2C,0x00,0x1E,0x96,0x01,0xA0,0x1E,0x5A,0x01,0x00,0x1F,0x08,0x06,0x10,
    0x1F,0x06,0x06,0x20,0x1F,0x08,0x06,0x30,0x1F,0x08,0x06,0x40,0x1F,0x06,0x06,0x51,
    0x1F,0x07,0x00,0x59,0x1F,0x52,0x1F,0x5B,0x1F,0x54,0x1F,0x5D,0x1F,0x56,0x1F,0x5F,
    0x1F,0x60,0x1F,0x08,0x06,0x70,0x1F,0x0E,0x00,0xBA,0x1F,0xBB,0x1F,0xC8,0x1F,0xC9,
    0x1F,0xCA,0x1F,0xCB,0x1F,0xDA,0x1F,0xDB,0x1F,0xF8,0x1F,0xF9,0x1F,0xEA,0x1F,0xEB,
    0x1F,0xFA,0x1F,0xFB,0x1F,0x80,0x1F,0x08,0x06,0x90,0x1F,0x08,0x06,0xA0,0x1F,0x08,
    0x06,0xB0,0x1F,0x04,0x00,0xB8,0x1F,0xB9,0x1F,0xB2,0x1F,0xBC,0x1F,0xCC,0x1F,0x01,
    0x00,0xC3,0x1F,0xD0,0x1F,0x02,0x06,0xE0,0x1F,0x02,0x06,0xE5,0x1F,0x01,0x00,0xEC,
    0x1F,0xF3,0x1F,0x01,0x00,0xFC,0x1F,0x4E,0x21,0x01,0x00,0x32,0x21,0x70,0x21,0x10,
    0x02,0x84,0x21,0x01,0x00,0x83,0x21,0xD0,0x24,0x1A,0x05,0x30,0x2C,0x2F,0x04,0x60,
    0x2C,0x02,0x01,0x67,0x2C,0x06,0x01,0x75,0x2C,0x02,0x01,0x80,0x2C,0x64,0x01,0x00,
    0x2D,0x26,0x08,0x41,0xFF,0x1A,0x03,0x00,0x00,0x01,0xCB,0x07,0xED,0x78,0xE6,0x88,
    0xFE,0x08,0x20,0xF8,0xC9,0x01,0xCB,0x07,0xED,0x78,0xE6,0x80,0x20,0xFA,0xC9,0xDD,
    0xE5,0xDD,0x21,0x04,0x00,0xDD,0x39,0xDD,0x6E,0x00,0xDD,0x66,0x01,0xDD,0x5E,0x02,
    0xDD,0x56,0x03,0xDD,0x4E,0x04,0xDD,0x46,0x05,0xDD,0x7E,0x06,0xCD,0xB9,0x48,0x08,
    0x01,0xEB,0x07,0x3E,0x20,0xED,0x79,0xCD,0x69,0x48,0x08,0x08,0xCD,0xE2,0x48,0xCD,
    0x75,0x48,0x08,0x3D,0x20,0xF5,0xDD,0xE1,0xC9,0xD5,0x08,0x78,0xE6,0x0F,0x57,0x59,
    0x01,0xEB,0x06,0x3E,0xE0,0xB2,0xED,0x79,0xCD,0x75,0x48,0x01,0xEB,0x05,0xED,0x59,
    0xD1,0x01,0xEB,0x04,0xED,0x51,0x01,0xEB,0x03,0xED,0x59,0x01,0xEB,0x02,0x08,0xED,
    0x79,0xC9,0x3E,0x40,0x01,0xCB,0x00,0xED,0xA2,0x01,0xEB,0xFF,0xED,0xA2,0x01,0xCB,
    0x00,0xED,0xA2,0x01,0xEB,0xFF,0xED,0xA2,0x01,0xCB,0x00,0xED,0xA2,0x01,0xEB,0xFF,
    0xED,0xA2,0x01,0xCB,0x00,0xED,0xA2,0x01,0xEB,0xFF,0xED,0xA2,0x3D,0xC2,0xE4,0x48,
    0xC9,0x3A,0xB6,0xBC,0x6F,0xC9,0x3E,0x04,0x01,0xAB,0x06,0xED,0x79,0xFB,0x76,0xAF,
    0xED,0x79,0x76,0x3E,0xE0,0x01,0xEB,0x06,0xED,0x79,0x16,0x80,0xFB,0x76,0xF3,0x15,
    0x28,0x45,0x01,0xCB,0x07,0xED,0x78,0xCB,0x7F,0x20,0xF1,0xA7,0x28,0x39,0x3C,0x28,
    0x36,0xAF,0x01,0xEB,0x05,0xED,0x79,0x01,0xEB,0x04,0xED,0x79,0x3E,0xEC,0x01,0xEB,
    0x07,0xED,0x79,0x01,0xCB,0x07,0xED,0x78,0xA7,0x28,0x1C,0x3C,0x28,0x19,0x3D,0x0F,
    0x38,0x07,0x07,0xE6,0x88,0xFE,0x08,0x20,0xED,0x01,0xCB,0x04,0xED,0x58,0x01,0xCB,
    0x05,0xED,0x50,0x7A,0xB3,0x28,0x03,0x2E,0x01,0xC9,0x21,0x0E,0xB6,0xE5,0xCD,0xE2,
    0x48,0xE1,0x11,0x06,0xB2,0x01,0x5E,0x00,0xED,0xB0,0x21,0xB6,0xBC,0x36,0x01,0x21,
    0x12,0xB2,0x4E,0x3A,0x0C,0xB2,0x3D,0xF6,0xA0,0xC5,0x01,0xEB,0x06,0xED,0x79,0xC1,
    0x79,0xC5,0x01,0xEB,0x02,0xED,0x79,0xC1,0x3E,0x91,0x01,0xEB,0x07,0xED,0x79,0x01,
    0x00,0x40,0x0B,0x78,0xB1,0x28,0x0C,0x3E,0x07,0xDB,0xCB,0x07,0x38,0xF4,0x3E,0x00,
    0x32,0xB6,0xBC,0x3A,0xB6,0xBC,0x6F,0xC9,0xFD,0x21,0x08,0x00,0xFD,0x39,0xFD,0x7E,
    0x01,0xFD,0xB6,0x00,0x20,0x03,0x2E,0x04,0xC9,0x3A,0xB6,0xBC,0x0F,0x30,0x03,0x2E,
    0x03,0xC9,0x21,0x08,0x00,0x39,0x7E,0xF5,0x33,0xFD,0x21,0x05,0x00,0xFD,0x39,0xFD,
    0x6E,0x02,0xFD,0x66,0x03,0xE5,0xFD,0x6E,0x00,0xFD,0x66,0x01,0xE5,0xFD,0x6E,0xFE,
    0xFD,0x66,0xFF,0xE5,0xCD,0x7F,0x48,0xF1,0xF1,0xF1,0x33,0x2E,0x00,0xC9,0xCD,0x5D,
    0xAD,0xDD,0x5E,0x05,0xDD,0x56,0x06,0xDD,0x7E,0x04,0xD6,0x17,0x20,0x0A,0xF3,0x76,
    0x21,0x06,0xB2,0x01,0x5E,0x00,0xED,0xB0,0x2E,0x04,0xDD,0xE1,0xC9,0xDD,0xE5,0xDD,
    0x21,0x04,0x00,0xDD,0x39,0xDD,0x5E,0x00,0xDD,0x56,0x01,0xDD,0x4E,0x02,0xDD,0x46,
    0x03,0x62,0x6B,0x09,0xEB,0x0E,0x57,0xED,0xA2,0xED,0xA2,0xED,0xA2,0xED,0xA2,0xED,
    0xA2,0xED,0xA2,0xED,0xA2,0xED,0xA2,0xED,0xA2,0xED,0xA2,0xED,0xA2,0xED,0xA2,0xED,
    0xA2,0xED,0xA2,0xED,0xA2,0xED,0xA2,0x7B,0xBD,0xC2,0x47,0x4A,0x7A,0xBC,0xC2,0x47,
    0x4A,0xDD,0xE1,0xC9,0xC9,0xD1,0xC1,0xC5,0xD5,0xDB,0x57,0x3C,0x28,0x05,0x0B,0x78,
    0xB1,0x20,0xF6,0x78,0xB1,0xD6,0x01,0x3E,0x00,0x17,0xEE,0x01,0x6F,0x26,0x00,0xC9,
    0x3E,0x03,0xD3,0x77,0xDB,0x57,0xC9,0xCD,0xAF,0x50,0x3E,0x01,0xD3,0x77,0xDB,0x57,
    0x21,0xF4,0x01,0xE5,0xCD,0x75,0x4A,0xF1,0x7C,0xB5,0x28,0x04,0x21,0x01,0x00,0xC9,
    0xCD,0x90,0x4A,0x21,0x00,0x00,0xC9,0xDB,0x57,0xFE,0xFF,0x28,0xFA,0xD6,0xFE,0x28,
    0x04,0x21,0x00,0x00,0xC9,0xFD,0x21,0x04,0x00,0xFD,0x39,0xFD,0x6E,0x00,0xFD,0x66,
    0x01,0xE5,0xFD,0x6E,0xFE,0xFD,0x66,0xFF,0xE5,0xCD,0x2D,0x4A,0xF1,0xF1,0xDB,0x57,
    0xDB,0x57,0x21,0x01,0x00,0xC9,0xCD,0x5D,0xAD,0x3B,0xDD,0x7E,0x04,0xDD,0x77,0xFF,
    0xDD,0xCB,0xFF,0x7E,0x28,0x1F,0xDD,0x7E,0xFF,0xE6,0x7F,0xDD,0x77,0x04,0x21,0x00,
    0x00,0xE5,0x21,0x00,0x00,0xE5,0x3E,0x37,0xF5,0x33,0xCD,0xE6,0x4A,0xF1,0xF1,0x33,
    0x3E,0x01,0x95,0x38,0x65,0xDD,0x7E,0x04,0xD6,0x0C,0x3E,0x01,0x28,0x01,0xAF,0x4F,
    0xCB,0x41,0x20,0x10,0xC5,0xCD,0x90,0x4A,0xCD,0x97,0x4A,0xC1,0x7C,0xB5,0x20,0x04,
    0x2E,0xFF,0x18,0x46,0xDD,0x46,0x04,0x78,0xF6,0x40,0xD3,0x57,0xDD,0x7E,0x08,0xD3,
    0x57,0xDD,0x7E,0x07,0x21,0x00,0x00,0xD3,0x57,0xDD,0x7E,0x06,0xD3,0x57,0xDD,0x7E,
    0x05,0xD3,0x57,0x1E,0x01,0x78,0xB7,0x20,0x02,0x1E,0x95,0xDD,0x7E,0x04,0xD6,0x08,
    0x20,0x02,0x1E,0x87,0x7B,0xD3,0x57,0x79,0xB7,0x28,0x02,0xDB,0x57,0x0E,0x0A,0xDB,
    0x57,0x6F,0xCB,0x7D,0x28,0x04,0x0D,0x79,0x20,0xF5,0x33,0xDD,0xE1,0xC9,0x3A,0xB9,
    0xBC,0x6F,0xC9,0xCD,0x5D,0xAD,0xF5,0xF5,0x0E,0x00,0x3E,0x03,0xD3,0x77,0x11,0x0A,
    0x02,0xDB,0x57,0x1B,0x7A,0xB3,0x20,0xF9,0x3E,0x01,0xD3,0x77,0x06,0x0A,0x3E,0xFF,
    0xD3,0x57,0x10,0xFA,0xC5,0x21,0x00,0x00,0xE5,0x21,0x00,0x00,0xE5,0xAF,0xF5,0x33,
    0xCD,0xE6,0x4A,0xF1,0xF1,0x33,0xC1,0x2D,0xC2,0x9A,0x4C,0xC5,0x21,0x00,0x00,0xE5,
    0x21,0xAA,0x01,0xE5,0x3E,0x08,0xF5,0x33,0xCD,0xE6,0x4A,0xF1,0xF1,0x33,0xC1,0x2D,
    0x20,0x79,0x21,0x00,0x00,0x39,0xEB,0x06,0x00,0x68,0x26,0x00,0x19,0xDB,0x57,0x77,
    0x04,0x78,0xD6,0x04,0x38,0xF3,0x6B,0x62,0x23,0x23,0x7E,0x3D,0xC2,0x9A,0x4C,0x6B,
    0x62,0x23,0x23,0x23,0x7E,0xD6,0xAA,0xC2,0x9A,0x4C,0xC5,0xD5,0x21,0x00,0x40,0xE5,
    0x21,0x00,0x00,0xE5,0x3E,0xA9,0xF5,0x33,0xCD,0xE6,0x4A,0xF1,0xF1,0x7D,0x33,0xD1,
    0xC1,0xB7,0x20,0xE6,0xC5,0xD5,0x21,0x00,0x00,0xE5,0x21,0x00,0x00,0xE5,0x3E,0x3A,
    0xF5,0x33,0xCD,0xE6,0x4A,0xF1,0xF1,0x33,0x7D,0xD1,0xC1,0xB7,0x20,0x6C,0x4F,0x69,
    0x26,0x00,0x19,0xDB,0x57,0x77,0x0C,0x79,0xD6,0x04,0x38,0xF3,0x1A,0xCB,0x77,0x28,
    0x05,0x01,0x0C,0x00,0x18,0x54,0x01,0x04,0x00,0x18,0x4F,0x21,0x00,0x00,0xE5,0x21,
    0x00,0x00,0xE5,0x3E,0xA9,0xF5,0x33,0xCD,0xE6,0x4A,0xF1,0xF1,0x33,0x3E,0x01,0x95,
    0x38,0x05,0x01,0x02,0xA9,0x18,0x03,0x01,0x01,0x01,0xC5,0x21,0x00,0x00,0xE5,0x21,
    0x00,0x00,0xE5,0xC5,0x33,0xCD,0xE6,0x4A,0xF1,0xF1,0x7D,0x33,0xC1,0xB7,0x20,0xEA,
    0xC5,0x21,0x00,0x00,0xE5,0x21,0x00,0x02,0xE5,0x3E,0x10,0xF5,0x33,0xCD,0xE6,0x4A,
    0xF1,0xF1,0x33,0x7D,0xC1,0xB7,0x28,0x02,0x0E,0x00,0x79,0x32,0x64,0xB2,0x79,0xB7,
    0x28,0x0A,0x3A,0xB9,0xBC,0xE6,0xFE,0x32,0xB9,0xBC,0x18,0x04,0x3E,0x03,0xD3,0x77,
    0x3E,0x03,0xD3,0x77,0x3A,0xB9,0xBC,0x6F,0xDD,0xF9,0xDD,0xE1,0xC9,0xCD,0x5D,0xAD,
    0xF5,0xF5,0x3B,0x21,0x01,0x00,0x39,0xEB,0x21,0x0B,0x00,0x39,0x01,0x04,0x00,0xED,
    0xB0,0xDD,0x7E,0x0B,0xDD,0xB6,0x0A,0x20,0x05,0x2E,0x04,0xC3,0x92,0x4D,0x3A,0xB9,
    0xBC,0x0F,0x30,0x05,0x2E,0x03,0xC3,0x92,0x4D,0x3A,0x64,0xB2,0xCB,0x5F,0x20,0x14,
    0x06,0x09,0xDD,0xCB,0xFC,0x26,0xDD,0xCB,0xFD,0x16,0xDD,0xCB,0xFE,0x16,0xDD,0xCB,
    0xFF,0x16,0x10,0xEE,0x3E,0x01,0xDD,0xBE,0x0A,0x3E,0x00,0xDD,0x9E,0x0B,0x30,0x05,
    0x01,0x12,0x00,0x18,0x03,0x01,0x11,0x00,0xDD,0x71,0xFB,0xDD,0x6E,0xFE,0xDD,0x66,
    0xFF,0xE5,0xDD,0x6E,0xFC,0xDD,0x66,0xFD,0xE5,0xDD,0x7E,0xFB,0xF5,0x33,0xCD,0xE6,
    0x4A,0xF1,0xF1,0x7D,0x33,0xB7,0x20,0x47,0xDD,0x5E,0x04,0xDD,0x56,0x05,0xDD,0x4E,
    0x0A,0xDD,0x46,0x0B,0xC5,0xD5,0x21,0x00,0x02,0xE5,0xD5,0xCD,0xB7,0x4A,0xF1,0xF1,
    0xD1,0xC1,0x7C,0xB5,0x28,0x0A,0x21,0x00,0x02,0x19,0xEB,0x0B,0x78,0xB1,0x20,0xE4,
    0xDD,0x71,0x0A,0xDD,0x70,0x0B,0xDD,0x7E,0xFB,0xD6,0x12,0x20,0x12,0x21,0x00,0x00,
    0xE5,0x21,0x00,0x00,0xE5,0x3E,0x0C,0xF5,0x33,0xCD,0xE6,0x4A,0xF1,0xF1,0x33,0xCD,
    0x90,0x4A,0xDD,0x7E,0x0B,0xDD,0xB6,0x0A,0x28,0x05,0x21,0x01,0x00,0x18,0x03,0x21,
    0x00,0x00,0xDD,0xF9,0xDD,0xE1,0xC9,0xFD,0x21,0x03,0x00,0xFD,0x39,0xFD,0x4E,0x00,
    0xFD,0x46,0x01,0xFD,0x7E,0xFF,0xD6,0x0A,0x20,0x07,0x3A,0x64,0xB2,0x02,0x2E,0x00,
    0xC9,0x2E,0x04,0xC9,0x21,0x02,0x00,0x39,0x5E,0x23,0x56,0x23,0x7E,0x23,0x4E,0x23,
    0x46,0x6F,0x61,0x0E,0x20,0xD9,0x2E,0x04,0xCD,0xE3,0x89,0xD9,0x7E,0x23,0x12,0xD9,
    0x2E,0x38,0xCD,0xE3,0x89,0xD9,0x7E,0x23,0x12,0x7A,0xCB,0x6F,0x20,0x01,0x1C,0xA9,
    0x57,0x10,0xE2,0xC9,0x21,0x02,0x00,0x39,0x5E,0x23,0x56,0x23,0x7E,0x23,0x4E,0x23,
    0x46,0x6F,0x61,0xD9,0x2E,0x04,0xCD,0xE3,0x89,0xD9,0x0E,0x20,0x7E,0x23,0x12,0x7A,
    0xCB,0x6F,0x20,0x01,0x1C,0xA9,0x57,0x10,0xF3,0xC9,0x24,0x7C,0xE6,0x07,0xC0,0x7D,
    0xC6,0x20,0x6F,0xD8,0x7C,0xD6,0x08,0x67,0xC9,0xCD,0x5D,0xAD,0xDD,0x4E,0x04,0xDD,
    0x46,0x05,0xED,0x5B,0xCA,0xBC,0x21,0x5F,0xBA,0xE5,0xC5,0xD5,0x21,0xB0,0xB4,0xE5,
    0xCD,0x1A,0x36,0xF1,0xF1,0xF1,0xF1,0x7D,0x32,0x84,0xB2,0xDD,0xE1,0xC9,0x3A,0x6E,
    0xB2,0xD6,0x13,0x20,0x06,0x21,0x6F,0xB2,0xC3,0x52,0x93,0x21,0xBA,0xBC,0xC3,0x52,
    0x93,0x21,0x0E,0xB6,0x06,0x10,0x36,0x00,0x23,0x10,0xFB,0x21,0x0E,0xB6,0xCD,0x52,
    0x93,0x2E,0x04,0xCD,0xE3,0x89,0x21,0x00,0xC0,0x36,0x00,0x5D,0x54,0x13,0x01,0xFF,
    0x3F,0xED,0xB0,0x2E,0x38,0xCD,0xE3,0x89,0x21,0x00,0xC0,0x36,0x07,0x5D,0x54,0x13,
    0x01,0xFF,0x3F,0xED,0xB0,0xC9,0xCD,0x5D,0xAD,0xF5,0xF5,0xF5,0xF5,0x21,0x5F,0xBA,
    0xE5,0x21,0x80,0x00,0xE5,0x21,0x0E,0xB6,0xE5,0x21,0xB0,0xB4,0xE5,0xCD,0x1A,0x36,
    0xF1,0xF1,0xF1,0xF1,0x7D,0x32,0x84,0xB2,0x11,0x65,0xB2,0x21,0x0E,0xB6,0x01,0x1A,
    0x00,0xED,0xB0,0x2A,0x6B,0xB2,0xDD,0x75,0xFE,0xDD,0x74,0xFF,0xDD,0x7E,0xFE,0xD6,
    0x04,0xDD,0xB6,0xFF,0x20,0x41,0xDD,0x7E,0xFE,0xD6,0x08,0xDD,0xB6,0xFF,0x20,0x37,
    0x21,0xEE,0x50,0xCD,0x65,0x90,0x21,0xF1,0x50,0x7E,0xDD,0x77,0xFF,0xDD,0x34,0xFF,
    0xDD,0x34,0xFF,0xDD,0x34,0xFF,0xDD,0x34,0xFF,0x3A,0xF0,0x50,0xDD,0x66,0xFF,0xE5,
    0x33,0xF5,0x33,0xCD,0x43,0x93,0xF1,0x21,0x3D,0x50,0xCD,0x57,0x91,0x3E,0x07,0xF5,
    0x33,0xCD,0x8A,0xAC,0xC3,0x38,0x50,0xCD,0x51,0x4E,0xCD,0x3E,0x4E,0x3E,0x07,0xD3,
    0xFE,0x3A,0x67,0xB2,0xDD,0x77,0xFF,0x3E,0xF0,0xDD,0x96,0xFF,0x30,0x04,0xDD,0x36,
    0xFF,0xF0,0xDD,0x36,0xFA,0x00,0xDD,0x36,0xFB,0xE0,0x3A,0x69,0xB2,0xDD,0x77,0xFE,
    0xD6,0x04,0x28,0x0B,0xDD,0x7E,0xFE,0xD6,0x08,0xCA,0xCA,0x4F,0xC3,0x2D,0x50,0x2A,
    0x65,0xB2,0xCB,0x3C,0xCB,0x1D,0xCB,0x3C,0xCB,0x1D,0xDD,0x75,0xFC,0xDD,0x4E,0xFF,
    0xDD,0x35,0xFF,0x79,0xB7,0xCA,0x2D,0x50,0x2A,0x6B,0xB2,0xE5,0xCD,0x19,0x4E,0xF1,
    0xDD,0x7E,0xFC,0xDD,0x77,0xF8,0xDD,0x36,0xF9,0x00,0xDD,0x7E,0xF8,0xDD,0x77,0xFD,
    0xDD,0x7E,0xF9,0xDD,0x77,0xFE,0xDD,0xCB,0xF9,0x7E,0x28,0x10,0xDD,0x7E,0xF8,0xC6,
    0x01,0xDD,0x77,0xFD,0xDD,0x7E,0xF9,0xCE,0x00,0xDD,0x77,0xFE,0xDD,0xCB,0xFE,0x2E,
    0xDD,0xCB,0xFD,0x1E,0xDD,0x7E,0xFD,0xDD,0x77,0xFE,0xF5,0x33,0x2A,0xCA,0xBC,0xE5,
    0xDD,0x6E,0xFA,0xDD,0x66,0xFB,0xE5,0xCD,0xB4,0x4D,0xF1,0xF1,0x33,0xDD,0x6E,0xFA,
    0xDD,0x66,0xFB,0xCD,0x0A,0x4E,0xDD,0x75,0xFD,0xDD,0x74,0xFE,0xDD,0x7E,0xFD,0xDD,
    0x77,0xFA,0xDD,0x7E,0xFE,0xDD,0x77,0xFB,0x18,0x83,0x21,0x65,0xB2,0x7E,0xDD,0x77,
    0xFD,0x23,0x7E,0xDD,0x77,0xFE,0x06,0x03,0xDD,0xCB,0xFE,0x3E,0xDD,0xCB,0xFD,0x1E,
    0x10,0xF6,0xDD,0x7E,0xFD,0xDD,0x77,0xFE,0xDD,0x4E,0xFF,0xDD,0x35,0xFF,0x79,0xB7,
    0x28,0x3B,0x2A,0x6B,0xB2,0xE5,0xCD,0x19,0x4E,0xF1,0xDD,0x7E,0xFE,0xF5,0x33,0x2A,
    0xCA,0xBC,0xE5,0xDD,0x6E,0xFA,0xDD,0x66,0xFB,0xE5,0xCD,0xE4,0x4D,0xF1,0xF1,0x33,
    0xDD,0x6E,0xFA,0xDD,0x66,0xFB,0xCD,0x0A,0x4E,0xDD,0x75,0xFC,0xDD,0x74,0xFD,0xDD,
    0x7E,0xFC,0xDD,0x77,0xFA,0xDD,0x7E,0xFD,0xDD,0x77,0xFB,0x18,0xBB,0x3E,0x07,0xF5,
    0x33,0xCD,0x8A,0xAC,0x33,0xCD,0x51,0x4E,0xDD,0xF9,0xDD,0xE1,0xC9,0x0E,0x55,0x6E,
    0x6B,0x6E,0x6F,0x77,0x6E,0x20,0x66,0x6F,0x72,0x6D,0x61,0x74,0x21,0x00,0xCD,0x5D,
    0xAD,0x11,0x00,0x00,0x0E,0x00,0xDD,0x6E,0x04,0xDD,0x66,0x05,0x06,0x00,0x09,0x6E,
    0x26,0x00,0xD5,0x5D,0x54,0x29,0x29,0x29,0x29,0x29,0x29,0x29,0x29,0x19,0xD1,0x79,
    0x06,0x00,0x85,0x6F,0x78,0x8C,0x67,0x19,0xEB,0x0C,0x3E,0x0E,0x91,0x30,0xD7,0xEB,
    0xDD,0xE1,0xC9,0xD1,0xC1,0xC5,0xD5,0x59,0x50,0x21,0x0D,0x00,0x19,0x7E,0xB7,0x28,
    0x03,0x2E,0x00,0xC9,0x21,0x0F,0x00,0x09,0x4E,0x23,0x46,0xD1,0xE1,0xE5,0xD5,0xC5,
    0xE5,0xCD,0x4E,0x50,0xF1,0xC1,0xBF,0xED,0x42,0x2E,0x00,0xC0,0x2E,0x01,0xC9,0xAF,
    0xD3,0xC7,0xC9,0x7D,0x2D,0xB7,0xC8,0xFB,0x76,0x18,0xF8,0x00,0x02,0x07,0x0A,0x30,
    0x12,0x38,0x01,0x7F,0x3C,0x51,0x00,0x00,0x00,0x00,0x00,0x00,0x00,0x00,0x0E,0x08,
    0x24,0x14,0x49,0x01,0x4F,0x00,0x00,0x00,0x00,0x00,0x00,0x00,0x00,0x00,0x00,0x10,
    0x16,0x20,0x05,0x0F,0xE1,0x0F,0x00,0x00,0x00,0x00,0x00,0x00,0x00,0x00,0x00,0x00,
    0x0E,0x0B,0x20,0x08,0x57,0x01,0x57,0x4A,0x51,0x00,0x00,0x00,0x00,0x00,0x00,0x00,
    0x01,0x07,0x0A,0x30,0x12,0xB8,0x01,0xB8,0x52,0x51,0x00,0x00,0xCC,0xBC,0x00,0x00,
    0x00,0x01,0x0D,0x0D,0x26,0x07,0xB8,0x01,0xB8,0x66,0x51,0x76,0x51,0xE6,0xBC,0x00,
    0x00,0x41,0x00,0x42,0x00,0x53,0x44,0x00,0x43,0x46,0x00,0x00,0x00,0x0C,0x12,0x28,
    0x0A,0xB0,0x01,0xB0,0xC7,0x51,0xCF,0x51,0x00,0x00,0x00,0x00,0x4D,0x6F,0x75,0x6E,
    0x74,0x69,0x6E,0x67,0x20,0x69,0x6E,0x66,0x6F,0x00,0x07,0x00,0x45,0x72,0x72,0x6F,
    0x72,0x00,0x07,0x47,0x53,0x65,0x6C,0x65,0x63,0x74,0x20,0x69,0x6D,0x61,0x67,0x65,
    0x20,0x66,0x69,0x6C,0x65,0x00,0x07,0x47,0x46,0x44,0x49,0x6D,0x61,0x67,0x65,0x20,
    0x76,0x30,0x2E,0x38,0x37,0x00,0x07,0x00,0x0A,0x0E,0xFE,0x02,0x07,0x42,0x44,0x07,
    0x00,0x69,0x73,0x6B,0x20,0x64,0x72,0x69,0x76,0x65,0x3A,0x07,0x41,0xFE,0x00,0x0A,
    0x07,0x00,0x0E,0xFE,0x02,0x07,0x42,0x53,0x07,0x00,0x44,0x2F,0x07,0x42,0x43,0x07,
    0x00,0x46,0x3A,0x07,0x41,0xFE,0x01,0x0A,0x07,0x00,0x0E,0xFE,0x02,0x07,0x42,0x49,
    0x07,0x00,0x6D,0x61,0x67,0x65,0x20,0x66,0x69,0x6C,0x65,0x0A,0x0E,0x07,0x42,0x41,
    0x07,0x00,0x62,0x6F,0x75,0x74,0x00,0x07,0x47,0x41,0x62,0x6F,0x75,0x74,0x00,0x0A,
    0x0E,0x07,0x02,0x46,0x6C,0x6F,0x70,0x70,0x79,0x20,0x44,0x69,0x73,0x6B,0x20,0x49,
    0x6D,0x61,0x67,0x65,0x0A,0x0E,0x07,0x01,0x44,0x6F,0x63,0x74,0x6F,0x72,0x20,0x4D,
    0x61,0x78,0x20,0x7F,0x20,0x32,0x30,0x32,0x34,0x0A,0x0A,0x0E,0x07,0x04,0x57,0x72,
    0x69,0x74,0x65,0x73,0x20,0x66,0x6C,0x6F,0x70,0x70,0x79,0x20,0x64,0x69,0x73,0x6B,
    0x20,0x69,0x6D,0x61,0x67,0x65,0x73,0x0A,0x0E,0x07,0x05,0x46,0x44,0x49,0x20,0x54,
    0x44,0x30,0x20,0x50,0x52,0x4F,0x20,0x54,0x52,0x44,0x20,0x53,0x43,0x4C,0x0A,0x0E,
    0x07,0x07,0x61,0x6E,0x64,0x0A,0x0E,0x07,0x03,0x47,0x52,0x46,0x20,0x56,0x69,0x65,
    0x77,0x65,0x72,0x00,0x01,0x5F,0x52,0xE5,0xC5,0xCD,0x6F,0xA8,0xF1,0xE1,0x26,0x00,
    0x01,0x62,0x52,0xE5,0xC5,0xCD,0x6F,0xA8,0xF1,0xF1,0x2E,0x64,0xC3,0xB3,0x50,0x07,
    0x42,0x00,0x46,0x61,0x69,0x6C,0x65,0x64,0x20,0x77,0x69,0x74,0x68,0x20,0x72,0x63,
    0x3A,0x25,0x75,0x00,0x3A,0x5A,0xBA,0xB7,0x20,0x16,0x21,0x26,0x88,0x36,0x10,0x21,
    0x27,0x88,0x36,0x90,0x11,0x5B,0xBA,0x21,0xA6,0x52,0x01,0x03,0x00,0xED,0xB0,0xC9,
    0x21,0x26,0x88,0x36,0x10,0x21,0x27,0x88,0x36,0xB0,0x11,0x5B,0xBA,0x21,0xAA,0x52,
    0x01,0x03,0x00,0xED,0xB0,0xC9,0x30,0x3A,0x00,0x00,0x31,0x3A,0x00,0x00,0x7D,0xCD,
    0xB4,0x52,0x6F,0xC9,0xFE,0x41,0xD8,0xFE,0xA0,0xD0,0xFE,0x5B,0x38,0x09,0xFE,0x80,
    0xD8,0xFE,0x90,0x38,0x02,0xC6,0x30,0xC6,0x20,0xC9,0xD1,0xC1,0xC5,0xD5,0x59,0x50,
    0x0A,0x6F,0x03,0xC5,0xD5,0xCD,0xAE,0x52,0x7D,0xD1,0xC1,0x12,0xB7,0x20,0xEF,0xC9,
    0x3B,0x21,0x03,0x00,0x39,0x4E,0x23,0x46,0xC5,0xCD,0x4E,0xAD,0xF1,0xEB,0xFD,0x21,
    0x00,0x00,0xFD,0x39,0xFD,0x73,0x00,0x1D,0xFD,0x6E,0x03,0xFD,0x66,0x04,0xFD,0x23,
    0xFD,0x23,0xFD,0x23,0x16,0x00,0x19,0xFD,0x7E,0xFD,0xB7,0x28,0x05,0x7E,0xD6,0x2E,
    0x20,0xDC,0x33,0xC9,0xF3,0x11,0x1E,0x00,0x2E,0x00,0x7D,0xEE,0x10,0x6F,0xD3,0xFE,
    0x06,0x20,0x0E,0x08,0x0D,0x20,0xFD,0x10,0xF9,0x1B,0x7B,0xB2,0x20,0xEC,0xFB,0xC9,
    0x3A,0x01,0x51,0xC6,0x2C,0x4F,0x21,0x02,0x51,0x46,0x79,0x0C,0xC5,0x26,0x00,0xE5,
    0x33,0x26,0x20,0x68,0xE5,0xF5,0x33,0xCD,0xEE,0x92,0xF1,0xF1,0xC1,0x79,0x0C,0xC5,
    0x26,0x00,0xE5,0x33,0x26,0x20,0x68,0xE5,0xF5,0x33,0xCD,0xEE,0x92,0xF1,0xF1,0xC1,
    0xAF,0x57,0x1E,0x20,0xD5,0xC5,0xCD,0xEE,0x92,0xF1,0xF1,0x3E,0x00,0x32,0x12,0xBA,
    0xC9,0x3A,0x01,0x51,0xC6,0x2C,0x4F,0x21,0x02,0x51,0x46,0x3A,0x12,0xBA,0xE6,0x07,
    0xCB,0xF7,0x51,0x0C,0xC5,0x67,0x2E,0xFE,0xE5,0x4A,0xC5,0xCD,0xEE,0x92,0xF1,0xF1,
    0xC1,0xFD,0x21,0x12,0xBA,0xFD,0x34,0x00,0xFD,0x7E,0x00,0xE6,0x07,0xCB,0xF7,0x59,
    0x0C,0xC5,0x67,0x2E,0xFE,0xE5,0x4B,0xC5,0xCD,0xEE,0x92,0xF1,0xF1,0xC1,0xFD,0x21,
    0x12,0xBA,0xFD,0x34,0x00,0xFD,0x7E,0x00,0xE6,0x07,0xCB,0xF7,0x57,0x1E,0xFE,0xD5,
    0xC5,0xCD,0xEE,0x92,0xF1,0xF1,0xFD,0x21,0x12,0xBA,0xFD,0x35,0x00,0xC9,0xCD,0x5D,
    0xAD,0x21,0x6E,0xFF,0x39,0xF9,0x2E,0x07,0xCD,0xE3,0x89,0xDD,0x36,0xFE,0x00,0x3A,
    0x0E,0xBA,0x4F,0x06,0x00,0x0B,0xDD,0x7E,0xFE,0xDD,0x77,0xF0,0xDD,0x36,0xF1,0x00,
    0xDD,0x7E,0xF0,0x91,0xDD,0x7E,0xF1,0x98,0xE2,0xFD,0x53,0xEE,0x80,0xF2,0xEF,0x55,
    0xDD,0x7E,0xFE,0xDD,0x77,0xFF,0xDD,0x34,0xFF,0x21,0x0E,0xBA,0xDD,0x7E,0xFF,0x96,
    0xD2,0xE9,0x55,0xCD,0x71,0x53,0x2E,0x07,0xCD,0xE3,0x89,0x21,0x02,0x00,0x39,0xDD,
    0x75,0xF2,0xDD,0x74,0xF3,0xDD,0x7E,0xF2,0xDD,0x77,0xFC,0xDD,0x7E,0xF3,0xDD,0x77,
    0xFD,0xDD,0x7E,0xF0,0xDD,0x77,0xF4,0xDD,0x7E,0xF1,0xDD,0x77,0xF5,0x06,0x06,0xDD,
    0xCB,0xF4,0x26,0xDD,0xCB,0xF5,0x16,0x10,0xF6,0xFD,0x21,0xFA,0xBC,0xFD,0x7E,0x00,
    0xDD,0x86,0xF4,0x6F,0xFD,0x7E,0x01,0xDD,0x8E,0xF5,0x67,0xDD,0x5E,0xFC,0xDD,0x56,
    0xFD,0xAF,0xBE,0xED,0xA0,0x20,0xFB,0xDD,0x7E,0xF2,0xC6,0x01,0xDD,0x77,0xF6,0xDD,
    0x7E,0xF3,0xCE,0x00,0xDD,0x77,0xF7,0xDD,0x4E,0xF6,0xDD,0x46,0xF7,0xC5,0xCD,0xCA,
    0x52,0xF1,0xDD,0x7E,0xF2,0xC6,0x40,0xDD,0x77,0xFC,0xDD,0x7E,0xF3,0xCE,0x00,0xDD,
    0x77,0xFD,0xDD,0x7E,0xFC,0xDD,0x77,0xFA,0xDD,0x7E,0xFD,0xDD,0x77,0xFB,0xDD,0x7E,
    0xFA,0xFD,0x21,0x00,0x00,0xFD,0x39,0xFD,0x77,0x00,0xDD,0x7E,0xFB,0xFD,0x77,0x01,
    0xDD,0x7E,0xFF,0xDD,0x77,0xFA,0xDD,0x36,0xFB,0x00,0xDD,0x7E,0xFA,0xDD,0x77,0xF8,
    0xDD,0x7E,0xFB,0xDD,0x77,0xF9,0x06,0x06,0xDD,0xCB,0xF8,0x26,0xDD,0xCB,0xF9,0x16,
    0x10,0xF6,0xFD,0x21,0xFA,0xBC,0xFD,0x7E,0x00,0xDD,0x86,0xF8,0xDD,0x77,0xFA,0xFD,
    0x7E,0x01,0xDD,0x8E,0xF9,0xDD,0x77,0xFB,0xDD,0x6E,0xFA,0xDD,0x66,0xFB,0xD1,0xD5,
    0xAF,0xBE,0xED,0xA0,0x20,0xFB,0xDD,0x6E,0xF2,0xDD,0x66,0xF3,0x11,0x41,0x00,0x19,
    0xE5,0xCD,0xCA,0x52,0xF1,0xDD,0x7E,0xFC,0xDD,0x77,0xFA,0xDD,0x7E,0xFD,0xDD,0x77,
    0xFB,0xDD,0x7E,0xF2,0xDD,0x77,0xFC,0xDD,0x7E,0xF3,0xDD,0x77,0xFD,0xDD,0x6E,0xFA,
    0xDD,0x66,0xFB,0xE5,0xDD,0x6E,0xFC,0xDD,0x66,0xFD,0xE5,0xCD,0x67,0xAD,0xF1,0xF1,
    0xAF,0xBD,0x9C,0xE2,0x38,0x55,0xEE,0x80,0xF2,0xE3,0x55,0xFD,0x21,0xFA,0xBC,0xFD,
    0x7E,0x00,0xDD,0x86,0xF8,0x4F,0xFD,0x7E,0x01,0xDD,0x8E,0xF9,0x47,0x0A,0xDD,0x6E,
    0xF2,0xDD,0x66,0xF3,0x77,0xDD,0x5E,0xF6,0xDD,0x56,0xF7,0xFD,0x7E,0x00,0xDD,0x86,
    0xF8,0x6F,0xFD,0x7E,0x01,0xDD,0x8E,0xF9,0x67,0x23,0xAF,0xBE,0xED,0xA0,0x20,0xFB,
    0xFD,0x7E,0x00,0xDD,0x86,0xF8,0x4F,0xFD,0x7E,0x01,0xDD,0x8E,0xF9,0x47,0xFD,0x7E,
    0x00,0xDD,0x86,0xF4,0x5F,0xFD,0x7E,0x01,0xDD,0x8E,0xF5,0x57,0x1A,0x02,0xFD,0x7E,
    0x00,0xDD,0x86,0xF8,0x5F,0xFD,0x7E,0x01,0xDD,0x8E,0xF9,0x57,0x13,0xFD,0x7E,0x00,
    0xDD,0x86,0xF4,0x6F,0xFD,0x7E,0x01,0xDD,0x8E,0xF5,0x67,0x23,0xAF,0xBE,0xED,0xA0,
    0x20,0xFB,0xFD,0x7E,0x00,0xDD,0x86,0xF4,0x4F,0xFD,0x7E,0x01,0xDD,0x8E,0xF5,0x47,
    0xDD,0x6E,0xF2,0xDD,0x66,0xF3,0x7E,0x02,0xFD,0x7E,0x00,0xDD,0x86,0xF4,0x5F,0xFD,
    0x7E,0x01,0xDD,0x8E,0xF5,0x57,0x13,0xDD,0x6E,0xF6,0xDD,0x66,0xF7,0xAF,0xBE,0xED,
    0xA0,0x20,0xFB,0xDD,0x34,0xFF,0xC3,0x09,0x54,0xDD,0x34,0xFE,0xC3,0xDF,0x53,0xDD,
    0xF9,0xDD,0xE1,0xC9,0xCD,0x74,0x52,0x2E,0x03,0xCD,0xE3,0x89,0x2A,0xF8,0xBC,0xE5,
    0x21,0xCC,0xB4,0xE5,0xCD,0x93,0x40,0xF1,0xF1,0x21,0x0E,0xBA,0x36,0x00,0x21,0x12,
    0xBA,0x36,0x00,0x2E,0x07,0xCD,0xE3,0x89,0x3A,0x0F,0xBA,0xB7,0x28,0x35,0xFD,0x21,
    0x0E,0xBA,0xFD,0x6E,0x00,0x26,0x00,0x29,0x29,0x29,0x29,0x29,0x29,0x4D,0x44,0x2A,
    0xFA,0xBC,0x09,0x36,0x20,0xFD,0x6E,0x00,0x26,0x00,0x29,0x29,0x29,0x29,0x29,0x29,
    0x4D,0x44,0x2A,0xFA,0xBC,0x09,0x23,0x11,0x38,0x59,0xEB,0x01,0x03,0x00,0xED,0xB0,
    0xFD,0x34,0x00,0xCD,0x71,0x53,0x2E,0x07,0xCD,0xE3,0x89,0x21,0xF8,0xB4,0xE5,0x21,
    0xCC,0xB4,0xE5,0xCD,0xD8,0x41,0xF1,0xF1,0x7D,0x32,0x84,0xB2,0x3A,0x84,0xB2,0xB7,
    0xC0,0x3A,0x0E,0xB5,0xB7,0xC8,0x3A,0x00,0xB5,0xCB,0x67,0x28,0x38,0xFD,0x21,0x0E,
    0xBA,0xFD,0x6E,0x00,0x26,0x00,0x29,0x29,0x29,0x29,0x29,0x29,0x4D,0x44,0x2A,0xFA,
    0xBC,0x09,0x36,0x30,0xFD,0x6E,0x00,0x26,0x00,0x29,0x29,0x29,0x29,0x29,0x29,0x4D,
    0x44,0x2A,0xFA,0xBC,0x09,0x23,0x11,0x0E,0xB5,0xEB,0x01,0x3F,0x00,0xED,0xB0,0xFD,
    0x34,0x00,0xC3,0x2F,0x59,0x21,0x0E,0xB5,0xE5,0xCD,0xE0,0x52,0xF1,0x4D,0x44,0xC5,
    0x21,0x3C,0x59,0xE5,0xC5,0xCD,0x67,0xAD,0xF1,0xF1,0xC1,0x7C,0xB5,0x28,0x10,0xC5,
    0x21,0x41,0x59,0xE5,0xC5,0xCD,0x67,0xAD,0xF1,0xF1,0xC1,0x7C,0xB5,0x20,0x4D,0x3A,
    0x0E,0xBA,0x5F,0x16,0x00,0xEB,0x29,0x29,0x29,0x29,0x29,0x29,0xEB,0xFD,0x21,0xFA,
    0xBC,0xFD,0x7E,0x00,0x83,0x5F,0xFD,0x7E,0x01,0x8A,0x57,0x3E,0x41,0x12,0x3A,0x0E,
    0xBA,0x5F,0x16,0x00,0xEB,0x29,0x29,0x29,0x29,0x29,0x29,0xEB,0xFD,0x21,0xFA,0xBC,
    0xFD,0x7E,0x00,0x83,0x5F,0xFD,0x7E,0x01,0x8A,0x57,0x13,0xC5,0x21,0x0E,0xB5,0x01,
    0x3F,0x00,0xED,0xB0,0xC1,0x21,0x0E,0xBA,0x34,0xC3,0xDC,0x58,0xC5,0x21,0x46,0x59,
    0xE5,0xC5,0xCD,0x67,0xAD,0xF1,0xF1,0xC1,0x7C,0xB5,0x28,0x10,0xC5,0x21,0x4B,0x59,
    0xE5,0xC5,0xCD,0x67,0xAD,0xF1,0xF1,0xC1,0x7C,0xB5,0x20,0x4D,0x3A,0x0E,0xBA,0x5F,
    0x16,0x00,0xEB,0x29,0x29,0x29,0x29,0x29,0x29,0xEB,0xFD,0x21,0xFA,0xBC,0xFD,0x7E,
    0x00,0x83,0x5F,0xFD,0x7E,0x01,0x8A,0x57,0x3E,0x42,0x12,0x3A,0x0E,0xBA,0x5F,0x16,
    0x00,0xEB,0x29,0x29,0x29,0x29,0x29,0x29,0xEB,0xFD,0x21,0xFA,0xBC,0xFD,0x7E,0x00,
    0x83,0x5F,0xFD,0x7E,0x01,0x8A,0x57,0x13,0xC5,0x21,0x0E,0xB5,0x01,0x3F,0x00,0xED,
    0xB0,0xC1,0x21,0x0E,0xBA,0x34,0xC3,0xDC,0x58,0xC5,0x21,0x50,0x59,0xE5,0xC5,0xCD,
    0x67,0xAD,0xF1,0xF1,0xC1,0x7C,0xB5,0x28,0x10,0xC5,0x21,0x55,0x59,0xE5,0xC5,0xCD,
    0x67,0xAD,0xF1,0xF1,0xC1,0x7C,0xB5,0x20,0x4D,0x3A,0x0E,0xBA,0x5F,0x16,0x00,0xEB,
    0x29,0x29,0x29,0x29,0x29,0x29,0xEB,0xFD,0x21,0xFA,0xBC,0xFD,0x7E,0x00,0x83,0x5F,
    0xFD,0x7E,0x01,0x8A,0x57,0x3E,0x45,0x12,0x3A,0x0E,0xBA,0x5F,0x16,0x00,0xEB,0x29,
    0x29,0x29,0x29,0x29,0x29,0xEB,0xFD,0x21,0xFA,0xBC,0xFD,0x7E,0x00,0x83,0x5F,0xFD,
    0x7E,0x01,0x8A,0x57,0x13,0xC5,0x21,0x0E,0xB5,0x01,0x3F,0x00,0xED,0xB0,0xC1,0x21,
    0x0E,0xBA,0x34,0xC3,0xDC,0x58,0xC5,0x21,0x5A,0x59,0xE5,0xC5,0xCD,0x67,0xAD,0xF1,
    0xF1,0xC1,0x7C,0xB5,0x28,0x10,0xC5,0x21,0x5F,0x59,0xE5,0xC5,0xCD,0x67,0xAD,0xF1,
    0xF1,0xC1,0x7C,0xB5,0x20,0x4C,0x3A,0x0E,0xBA,0x5F,0x16,0x00,0xEB,0x29,0x29,0x29,
    0x29,0x29,0x29,0xEB,0xFD,0x21,0xFA,0xBC,0xFD,0x7E,0x00,0x83,0x5F,0xFD,0x7E,0x01,
    0x8A,0x57,0x3E,0x44,0x12,0x3A,0x0E,0xBA,0x5F,0x16,0x00,0xEB,0x29,0x29,0x29,0x29,
    0x29,0x29,0xEB,0xFD,0x21,0xFA,0xBC,0xFD,0x7E,0x00,0x83,0x5F,0xFD,0x7E,0x01,0x8A,
    0x57,0x13,0xC5,0x21,0x0E,0xB5,0x01,0x3F,0x00,0xED,0xB0,0xC1,0x21,0x0E,0xBA,0x34,
    0x18,0x6A,0xC5,0x21,0x64,0x59,0xE5,0xC5,0xCD,0x67,0xAD,0xF1,0xF1,0xC1,0x7C,0xB5,
    0x28,0x10,0xC5,0x21,0x69,0x59,0xE5,0xC5,0xCD,0x67,0xAD,0xF1,0xF1,0xC1,0x7C,0xB5,
    0x20,0x4A,0x3A,0x0E,0xBA,0x5F,0x16,0x00,0xEB,0x29,0x29,0x29,0x29,0x29,0x29,0xEB,
    0xFD,0x21,0xFA,0xBC,0xFD,0x7E,0x00,0x83,0x5F,0xFD,0x7E,0x01,0x8A,0x57,0x3E,0x43,
    0x12,0x3A,0x0E,0xBA,0x5F,0x16,0x00,0xEB,0x29,0x29,0x29,0x29,0x29,0x29,0xEB,0xFD,
    0x21,0xFA,0xBC,0xFD,0x7E,0x00,0x83,0x5F,0xFD,0x7E,0x01,0x8A,0x57,0x13,0xC5,0x21,
    0x0E,0xB5,0x01,0x3F,0x00,0xED,0xB0,0xC1,0x21,0x0E,0xBA,0x34,0xC5,0x21,0x6E,0x59,
    0xE5,0xC5,0xCD,0x67,0xAD,0xF1,0xF1,0xC1,0x7C,0xB5,0x28,0x0E,0x21,0x73,0x59,0xE5,
    0xC5,0xCD,0x67,0xAD,0xF1,0xF1,0x7C,0xB5,0x20,0x35,0xFD,0x21,0x0E,0xBA,0xFD,0x5E,
    0x00,0x16,0x00,0xEB,0x29,0x29,0x29,0x29,0x29,0x29,0xEB,0x2A,0xFA,0xBC,0x19,0x36,
    0x46,0xFD,0x5E,0x00,0x16,0x00,0xEB,0x29,0x29,0x29,0x29,0x29,0x29,0xEB,0x2A,0xFA,
    0xBC,0x19,0x23,0x11,0x0E,0xB5,0xEB,0x01,0x3F,0x00,0xED,0xB0,0xFD,0x34,0x00,0x3A,
    0x0E,0xBA,0xD6,0xFD,0xDA,0x53,0x56,0xC9,0x2E,0x2E,0x00,0x00,0x2E,0x66,0x64,0x69,
    0x00,0x2E,0x46,0x44,0x49,0x00,0x2E,0x74,0x64,0x30,0x00,0x2E,0x54,0x44,0x30,0x00,
    0x2E,0x70,0x72,0x6F,0x00,0x2E,0x50,0x52,0x4F,0x00,0x2E,0x74,0x72,0x64,0x00,0x2E,
    0x54,0x52,0x44,0x00,0x2E,0x73,0x63,0x6C,0x00,0x2E,0x53,0x43,0x4C,0x00,0x2E,0x67,
    0x72,0x66,0x00,0x2E,0x47,0x52,0x46,0x00,0x21,0x10,0x51,0xE5,0xCD,0x0A,0x8A,0xF1,
    0xC9,0xCD,0x5D,0xAD,0xF5,0x3B,0x3A,0x03,0x51,0xC6,0xFC,0x47,0x21,0x05,0x51,0x4E,
    0x79,0x3C,0xDD,0x77,0xFD,0xC5,0x2E,0x07,0xCD,0xE3,0x89,0x21,0x1B,0xBA,0x06,0x3F,
    0x36,0x00,0x23,0x10,0xFB,0xC1,0xDD,0x5E,0x06,0x16,0x00,0xEB,0x29,0x29,0x29,0x29,
    0x29,0x29,0xEB,0xFD,0x21,0xFA,0xBC,0xFD,0x7E,0x00,0x83,0xDD,0x77,0xFE,0xFD,0x7E,
    0x01,0x8A,0xDD,0x77,0xFF,0xDD,0x6E,0xFE,0xDD,0x66,0xFF,0xD5,0xC5,0x11,0x1B,0xBA,
    0x01,0x3F,0x00,0xED,0xB0,0xC1,0xD1,0xFD,0x7E,0x00,0x83,0x5F,0xFD,0x7E,0x01,0x8A,
    0x57,0x1A,0xDD,0x77,0xFE,0x5F,0xDD,0x7E,0x04,0xDD,0x77,0xFF,0x6F,0x2C,0x7B,0xD6,
    0x20,0x20,0x39,0xDD,0x75,0x04,0xC5,0xD5,0xDD,0x56,0xFD,0x1E,0xB9,0xD5,0xDD,0x66,
    0x05,0xDD,0x6E,0xFF,0xE5,0xCD,0xEE,0x92,0xF1,0xF1,0xD1,0xC1,0xDD,0x56,0x04,0x7A,
    0x3C,0xDD,0x77,0x04,0xC5,0xD5,0xDD,0x66,0xFD,0x2E,0xBA,0xE5,0xDD,0x7E,0x05,0xF5,
    0x33,0xD5,0x33,0xCD,0xEE,0x92,0xF1,0xF1,0xD1,0xC1,0x18,0x77,0xDD,0x7E,0xFE,0xD6,
    0x30,0x20,0x39,0xDD,0x75,0x04,0xC5,0xD5,0xDD,0x56,0xFD,0x1E,0xBB,0xD5,0xDD,0x66,
    0x05,0xDD,0x6E,0xFF,0xE5,0xCD,0xEE,0x92,0xF1,0xF1,0xD1,0xC1,0xDD,0x56,0x04,0x7A,
    0x3C,0xDD,0x77,0x04,0xC5,0xD5,0xDD,0x66,0xFD,0x2E,0xBC,0xE5,0xDD,0x7E,0x05,0xF5,
    0x33,0xD5,0x33,0xCD,0xEE,0x92,0xF1,0xF1,0xD1,0xC1,0x18,0x37,0xDD,0x75,0x04,0xC5,
    0xD5,0xDD,0x56,0xFD,0x1E,0xBD,0xD5,0xDD,0x66,0x05,0xDD,0x6E,0xFF,0xE5,0xCD,0xEE,
    0x92,0xF1,0xF1,0xD1,0xC1,0xDD,0x56,0x04,0x7A,0x3C,0xDD,0x77,0x04,0xC5,0xD5,0xDD,
    0x66,0xFD,0x2E,0xBE,0xE5,0xDD,0x7E,0x05,0xF5,0x33,0xD5,0x33,0xCD,0xEE,0x92,0xF1,
    0xF1,0xD1,0xC1,0x7B,0xD6,0x41,0x20,0x04,0xCB,0xC9,0x18,0x35,0x7B,0xD6,0x42,0x20,
    0x06,0x79,0xF6,0x03,0x4F,0x18,0x2A,0x7B,0xD6,0x43,0x20,0x04,0xCB,0xD1,0x18,0x21,
    0x7B,0xD6,0x44,0x20,0x06,0x79,0xF6,0x05,0x4F,0x18,0x16,0x7B,0xD6,0x45,0x3E,0x01,
    0x28,0x01,0xAF,0xB7,0x28,0x06,0x79,0xF6,0x06,0x4F,0x18,0x05,0xB7,0x28,0x02,0xCB,
    0xC1,0xDD,0x36,0xFE,0x01,0xDD,0x6E,0x04,0xDD,0x70,0xFF,0xDD,0x5E,0xFF,0xDD,0x35,
    0xFF,0x7B,0xB7,0x28,0x2F,0x3E,0x1B,0xDD,0x86,0xFE,0x5F,0x3E,0xBA,0xCE,0x00,0x57,
    0xDD,0x34,0xFE,0x1A,0x47,0xB7,0x28,0x34,0x7D,0x2C,0xDD,0x75,0x04,0xE5,0xC5,0x61,
    0xE5,0x33,0xC5,0x33,0xDD,0x66,0x05,0xE5,0x33,0xF5,0x33,0xCD,0xEE,0x92,0xF1,0xF1,
    0xC1,0xE1,0x18,0xC7,0x79,0xE6,0xF8,0xF6,0x42,0x47,0xDD,0x35,0x04,0x0E,0x7E,0xC5,
    0xDD,0x66,0x05,0xDD,0x6E,0x04,0xE5,0xCD,0xEE,0x92,0xF1,0xF1,0xDD,0xF9,0xDD,0xE1,
    0xC9,0xCD,0x5D,0xAD,0x3B,0x3A,0x01,0x51,0x3C,0xDD,0x77,0xFF,0x3A,0x02,0x51,0x4F,
    0x0C,0x21,0xD1,0xBC,0x5E,0x3A,0xD2,0xBC,0x47,0x05,0x16,0x00,0x3A,0x0E,0xBA,0x93,
    0x28,0x1D,0x63,0x1C,0x79,0x0C,0xC5,0xD5,0xE5,0x33,0xF5,0x33,0xDD,0x7E,0xFF,0xF5,
    0x33,0xCD,0x81,0x59,0xF1,0x33,0xD1,0xC1,0x7A,0x90,0x30,0x03,0x14,0x18,0xDD,0x33,
    0xDD,0xE1,0xC9,0xCD,0x5D,0xAD,0xF5,0xF5,0x3A,0x02,0x51,0x3C,0xDD,0x77,0xFC,0x3A,
    0x01,0x51,0xC6,0x2F,0xDD,0x77,0xFD,0x3E,0x10,0xFD,0x21,0x0E,0xBA,0xFD,0x96,0x00,
    0xD2,0x3F,0x5C,0x3A,0xD1,0xBC,0xDD,0x77,0xFE,0x07,0x07,0x07,0x07,0xE6,0x0F,0xDD,
    0x77,0xFF,0xB7,0x20,0x0B,0x3A,0xD0,0xBC,0xD6,0x10,0x30,0x04,0xDD,0x36,0xFF,0x01,
    0xDD,0x7E,0xFF,0x3D,0x20,0x0A,0xDD,0x7E,0xFE,0xB7,0x20,0x04,0xAF,0xDD,0x77,0xFF,
    0x21,0x0E,0xBA,0x4E,0x06,0x00,0x21,0x10,0x00,0xBF,0xED,0x42,0xEB,0x06,0x04,0xCB,
    0x2A,0xCB,0x1B,0x10,0xFA,0xDD,0x56,0xFC,0xDD,0x4E,0xFC,0x06,0x00,0x21,0x10,0x00,
    0x09,0x4A,0x06,0x00,0x79,0x95,0x78,0x9C,0xE2,0xFD,0x5B,0xEE,0x80,0xF2,0x15,0x5C,
    0xD5,0x21,0x05,0xB8,0xE5,0xD5,0x33,0xDD,0x7E,0xFD,0xF5,0x33,0xCD,0xEE,0x92,0xF1,
    0xF1,0xD1,0x14,0x18,0xD3,0xDD,0x7E,0xFF,0xDD,0x86,0xFC,0x47,0x0E,0x00,0x79,0x93,
    0x30,0x1D,0x78,0x04,0xC5,0xD5,0x26,0xB8,0xE5,0x33,0x26,0xDE,0xE5,0x33,0xF5,0x33,
    0xDD,0x7E,0xFD,0xF5,0x33,0xCD,0xEE,0x92,0xF1,0xF1,0xD1,0xC1,0x0C,0x18,0xDF,0xDD,
    0xF9,0xDD,0xE1,0xC9,0x06,0xCB,0x78,0xD6,0xC3,0x28,0x12,0xFB,0x76,0xC5,0x0E,0x0B,
    0xC5,0xCD,0x84,0x93,0xF1,0xC1,0x3E,0x00,0xD3,0xFE,0x05,0x18,0xE9,0x11,0x0B,0xC3,
    0xD5,0xCD,0x84,0x93,0xF1,0x3E,0x00,0xD3,0xFE,0xC9,0xCD,0x5D,0xAD,0x21,0xF6,0xFF,
    0x39,0xF9,0x3A,0x85,0xAC,0x47,0xDD,0x5E,0x04,0xDD,0x56,0x05,0x21,0x05,0x00,0x19,
    0xE3,0xE1,0xE5,0x4E,0xDD,0x71,0xFF,0x21,0x04,0x00,0x19,0xDD,0x75,0xF8,0xDD,0x74,
    0xF9,0xDD,0x7E,0xFF,0xDD,0x77,0xFA,0x78,0xD6,0x08,0x28,0x45,0xDD,0x7E,0xFF,0xDD,
    0x77,0xFB,0xDD,0x36,0xFC,0x00,0x3A,0x0E,0xBA,0xDD,0x77,0xFD,0xDD,0x36,0xFE,0x00,
    0xDD,0x7E,0xFB,0xC6,0x10,0x6F,0xDD,0x7E,0xFC,0xCE,0x00,0x67,0x7D,0xDD,0x96,0xFD,
    0x20,0x08,0x7C,0xDD,0x96,0xFE,0x3E,0x01,0x28,0x01,0xAF,0xDD,0x77,0xFF,0x78,0xFE,
    0x09,0xCA,0x56,0x5D,0xFE,0x0A,0xCA,0x33,0x5E,0xD6,0x0B,0xCA,0x1E,0x5E,0xC3,0x5F,
    0x5E,0xDD,0x6E,0xF8,0xDD,0x66,0xF9,0x7E,0xB7,0x20,0x3D,0xDD,0x7E,0xFF,0xD6,0x10,
    0x38,0x1B,0xDD,0x7E,0xFA,0xC6,0xF0,0xE1,0xE5,0x77,0xD5,0x21,0xFF,0x50,0xCD,0x65,
    0x90,0xCD,0x41,0x5B,0xD1,0xEB,0xE5,0xCD,0x0C,0x8D,0xD1,0x18,0x2D,0x79,0xB7,0x28,
    0x29,0xE1,0xE5,0x36,0x00,0xD5,0x21,0xFF,0x50,0xCD,0x65,0x90,0xCD,0x41,0x5B,0xD1,
    0xEB,0xE5,0xCD,0x0C,0x8D,0xD1,0x18,0x12,0xEB,0xE5,0xCD,0xD4,0x8C,0xD1,0xC1,0xE1,
    0xE5,0xC5,0x36,0x00,0xEB,0xE5,0xCD,0x0C,0x8D,0xD1,0xDD,0x6E,0xF8,0xDD,0x66,0xF9,
    0x4E,0x06,0x00,0xE1,0xE5,0x6E,0x26,0x00,0x09,0x7C,0xB5,0xC2,0x5F,0x5E,0xD5,0xCD,
    0x44,0x5C,0xF1,0xC3,0x5F,0x5E,0x3E,0x10,0xFD,0x21,0x0E,0xBA,0xFD,0x96,0x00,0xD2,
    0xFE,0x5D,0xDD,0x6E,0xF8,0xDD,0x66,0xF9,0x7E,0xD6,0x0F,0x20,0x56,0xDD,0x6E,0xFB,
    0xDD,0x66,0xFC,0x01,0x20,0x00,0x09,0x7D,0xDD,0x96,0xFD,0x7C,0xDD,0x9E,0xFE,0xE2,
    0x84,0x5D,0xEE,0x80,0xF2,0xA2,0x5D,0xDD,0x7E,0xFA,0xC6,0x10,0xE1,0xE5,0x77,0xD5,
    0x21,0xFF,0x50,0xCD,0x65,0x90,0xCD,0x41,0x5B,0xD1,0xEB,0xE5,0xCD,0x0C,0x8D,0xD1,
    0x18,0x33,0xDD,0xCB,0xFF,0x46,0x20,0x2D,0x3A,0x0E,0xBA,0xC6,0xF0,0xE1,0xE5,0x77,
    0xD5,0x21,0xFF,0x50,0xCD,0x65,0x90,0xCD,0x41,0x5B,0xD1,0xEB,0xE5,0xCD,0x0C,0x8D,
    0xD1,0x18,0x12,0xEB,0xE5,0xCD,0xD4,0x8C,0xD1,0xC1,0xE1,0xE5,0xC5,0x36,0x0F,0xEB,
    0xE5,0xCD,0x0C,0x8D,0xD1,0xDD,0x6E,0xF8,0xDD,0x66,0xF9,0x7E,0x06,0x00,0xE1,0xE5,
    0x4E,0x2E,0x00,0x81,0x4F,0x78,0x8D,0x47,0xFD,0x21,0x0E,0xBA,0xFD,0x6E,0x00,0x26,
    0x00,0x2B,0xBF,0xED,0x42,0x20,0x68,0xD5,0xCD,0x44,0x5C,0xF1,0x18,0x61,0xEB,0xE5,
    0xCD,0xD4,0x8C,0xD1,0x3A,0x0E,0xBA,0x3D,0xC1,0xE1,0xE5,0xC5,0x77,0xEB,0xCD,0x0C,
    0x8D,0xDD,0x6E,0x04,0xDD,0x66,0x05,0xE5,0xCD,0x44,0x5C,0xF1,0x18,0x41,0x79,0xB7,
    0x20,0x3D,0xDD,0x6E,0xF8,0xDD,0x66,0xF9,0x7E,0xB7,0x20,0x33,0xD5,0xCD,0x44,0x5C,
    0xF1,0x18,0x2C,0xDD,0x6E,0xF8,0xDD,0x66,0xF9,0x4E,0xDD,0x7E,0xFF,0xB7,0x28,0x0C,
    0x79,0xD6,0x0F,0x20,0x07,0xD5,0xCD,0x44,0x5C,0xF1,0x18,0x13,0xDD,0x6E,0xFD,0xDD,
    0x66,0xFE,0x2B,0x06,0x00,0xBF,0xED,0x42,0x20,0x05,0xD5,0xCD,0x44,0x5C,0xF1,0xDD,
    0xF9,0xDD,0xE1,0xC9,0xFD,0x21,0x04,0x00,0xFD,0x39,0xFD,0x7E,0x00,0xD6,0x07,0x2E,
    0xFF,0xC8,0x2E,0x00,0xC9,0x21,0x02,0x51,0x4E,0xD1,0xE1,0xE5,0xD5,0x11,0x04,0x00,
    0x19,0x7E,0x81,0x3C,0xFD,0x21,0x04,0x00,0xFD,0x39,0xFD,0x66,0x00,0xE5,0x33,0xF5,
    0x33,0x3A,0x10,0xBA,0xF5,0x33,0xCD,0x81,0x59,0xF1,0x33,0xC9,0xCD,0x5D,0xAD,0x11,
    0x1B,0xBA,0xDD,0x6E,0x04,0xDD,0x66,0x05,0xAF,0xBE,0xED,0xA0,0x20,0xFB,0x2E,0x03,
    0xCD,0xE3,0x89,0x2A,0xF8,0xBC,0xE5,0xCD,0x4E,0xAD,0xF1,0xEB,0x2A,0xF8,0xBC,0x16,
    0x00,0x19,0x36,0x2F,0x2A,0xF8,0xBC,0x16,0x00,0x19,0x23,0x11,0x1B,0xBA,0xEB,0xAF,
    0xBE,0xED,0xA0,0x20,0xFB,0x01,0x0F,0xB8,0xFD,0x21,0x0F,0xBA,0xFD,0x6E,0x00,0x26,
    0x00,0x29,0x09,0xEB,0x3A,0xD1,0xBC,0x12,0xFD,0x6E,0x00,0x26,0x00,0x29,0x09,0x23,
    0x01,0xD0,0xBC,0x0A,0x77,0x21,0xD1,0xBC,0x36,0x00,0xAF,0x02,0xFD,0x34,0x00,0xDD,
    0xE1,0xC9,0x2E,0x03,0xCD,0xE3,0x89,0x2A,0xF8,0xBC,0xE5,0xCD,0x4E,0xAD,0xF1,0xEB,
    0x2A,0xF8,0xBC,0x16,0x00,0x19,0x7E,0xD6,0x2F,0x28,0x07,0x7B,0xB7,0x28,0x03,0x1D,
    0x18,0xEE,0x36,0x00,0xFD,0x21,0x0F,0xBA,0xFD,0x35,0x00,0x01,0xD1,0xBC,0x11,0x0F,
    0xB8,0xFD,0x6E,0x00,0x26,0x00,0x29,0x19,0x7E,0x02,0x01,0xD0,0xBC,0xFD,0x6E,0x00,
    0x26,0x00,0x29,0x19,0x23,0x7E,0x02,0xC9,0xFD,0x21,0x0F,0xBA,0xFD,0x36,0x00,0x00,
    0x01,0x0F,0xB8,0xAF,0x02,0xFD,0x6E,0x00,0x26,0x00,0x29,0x09,0x23,0x36,0x00,0x21,
    0xD0,0xBC,0x36,0x00,0x21,0xD1,0xBC,0x36,0x00,0x2E,0x03,0xCD,0xE3,0x89,0x2A,0xF8,
    0xBC,0x36,0x00,0x5D,0x54,0x13,0x01,0xFF,0x3F,0xED,0xB0,0xED,0x5B,0xF8,0xBC,0x21,
    0x5B,0xBA,0xAF,0xBE,0xED,0xA0,0x20,0xFB,0x21,0xFF,0x50,0xCD,0x65,0x90,0xCD,0xF4,
    0x55,0xCD,0xCE,0x53,0xCD,0x30,0x53,0x3A,0x01,0x51,0x3C,0x32,0x10,0xBA,0x3A,0x02,
    0x51,0x3C,0x32,0x11,0xBA,0x3A,0x0E,0xBA,0xB7,0x20,0x22,0x3A,0x11,0xBA,0xC6,0x08,
    0x47,0x3A,0x10,0xBA,0xC6,0x13,0xC5,0x33,0xF5,0x33,0xCD,0x43,0x93,0x21,0x63,0x60,
    0xE3,0xCD,0x6F,0xA8,0xF1,0x2E,0xC8,0xCD,0xB3,0x50,0x2E,0xFD,0xC9,0x21,0xD3,0xBC,
    0x3A,0x0E,0xBA,0x77,0xCD,0x41,0x5B,0x2A,0x0C,0x51,0xCD,0x5F,0x8A,0x7D,0x32,0x85,
    0xB2,0xFD,0x21,0x85,0xB2,0xFD,0x7E,0x00,0xD6,0xF8,0x38,0x04,0xFD,0x6E,0x00,0xC9,
    0x3A,0xD0,0xBC,0x21,0xD1,0xBC,0x4E,0x81,0x32,0x85,0xB2,0x21,0xCC,0xBC,0xCD,0x0C,
    0x8D,0x21,0xCC,0xBC,0xE5,0xCD,0x44,0x5C,0xF1,0x2E,0x07,0xCD,0xE3,0x89,0x3A,0x85,
    0xB2,0x5F,0x16,0x00,0xEB,0x29,0x29,0x29,0x29,0x29,0x29,0xEB,0x2A,0xFA,0xBC,0x19,
    0x7E,0xFE,0x30,0x28,0x04,0xD6,0x20,0x20,0x35,0x21,0xCC,0xB4,0xE5,0xCD,0xB2,0x41,
    0xF1,0x3A,0x85,0xB2,0xB7,0x20,0x0C,0x3A,0x0F,0xBA,0xB7,0x28,0x06,0xCD,0x02,0x5F,
    0xC3,0x88,0x5F,0x3A,0x85,0xB2,0x6F,0x26,0x00,0x29,0x29,0x29,0x29,0x29,0x29,0x4D,
    0x44,0x2A,0xFA,0xBC,0x09,0x23,0xE5,0xCD,0x9C,0x5E,0xF1,0xC3,0x88,0x5F,0x3A,0x85,
    0xB2,0x6F,0xC9,0x4E,0x6F,0x20,0x66,0x69,0x6C,0x65,0x73,0x00,0x21,0xEE,0x50,0xCD,
    0x65,0x90,0x3A,0xF0,0x50,0x32,0x10,0xBA,0x3A,0xF1,0x50,0xC6,0x03,0x32,0x11,0xBA,
    0x3A,0x11,0xBA,0xF5,0x33,0x3A,0x10,0xBA,0xF5,0x33,0xCD,0x43,0x93,0xF1,0x21,0xA3,
    0x60,0xCD,0x57,0x91,0x21,0xBA,0x60,0xCD,0x57,0x91,0x3E,0x07,0xF5,0x33,0xCD,0x8A,
    0xAC,0x33,0xC9,0x07,0x42,0x0E,0x45,0x72,0x72,0x6F,0x72,0x20,0x77,0x61,0x73,0x20,
    0x6F,0x63,0x63,0x75,0x72,0x65,0x64,0x21,0x0A,0x00,0x07,0x47,0x0E,0x50,0x72,0x65,
    0x73,0x73,0x20,0x45,0x53,0x43,0x20,0x6B,0x65,0x79,0x00,0xCD,0x5D,0xAD,0xDD,0x4E,
    0x04,0xDD,0x46,0x05,0x21,0x04,0x00,0x09,0xDD,0x7E,0x06,0xD6,0x61,0x20,0x11,0xE5,
    0xDD,0x6E,0x04,0xDD,0x66,0x05,0xCD,0xD4,0x8C,0xE1,0x36,0x03,0x2E,0xFF,0x18,0x51,
    0xDD,0x7E,0x06,0xD6,0x64,0x20,0x11,0xE5,0xDD,0x6E,0x04,0xDD,0x66,0x05,0xCD,0xD4,
    0x8C,0xE1,0x36,0x00,0x2E,0xFF,0x18,0x39,0xDD,0x7E,0x06,0xD6,0x73,0x28,0x07,0xDD,
    0x7E,0x06,0xD6,0x63,0x20,0x11,0xE5,0xDD,0x6E,0x04,0xDD,0x66,0x05,0xCD,0xD4,0x8C,
    0xE1,0x36,0x01,0x2E,0xFF,0x18,0x1A,0xDD,0x7E,0x06,0xD6,0x69,0x20,0x11,0xE5,0xDD,
    0x6E,0x04,0xDD,0x66,0x05,0xCD,0xD4,0x8C,0xE1,0x36,0x02,0x2E,0xFF,0x18,0x02,0x2E,
    0x00,0xDD,0xE1,0xC9,0x21,0x2B,0x51,0xCD,0x65,0x90,0x3E,0x07,0xF5,0x33,0xCD,0x8A,
    0xAC,0x33,0xC9,0xCD,0x9C,0x08,0x2E,0x06,0xCD,0xE3,0x89,0x01,0x7F,0xB2,0x0A,0xB7,
    0x20,0x27,0x3E,0x01,0x02,0x01,0x7F,0xB2,0x59,0x50,0xC5,0xD5,0xCD,0x58,0x06,0xF1,
    0x7D,0xC1,0xB7,0x20,0x0A,0xCD,0x81,0x06,0x21,0x23,0x51,0x22,0xDE,0xBC,0xC9,0xAF,
    0x02,0xC5,0xCD,0x58,0x06,0xF1,0xC3,0x81,0x06,0xAF,0x02,0x21,0x21,0x51,0x22,0xDE,
    0xBC,0x21,0x7F,0xB2,0xE5,0xCD,0x58,0x06,0xF1,0xC3,0x81,0x06,0x21,0x5A,0xBA,0x36,
    0x00,0x21,0x25,0x51,0x22,0xE0,0xBC,0xC9,0x21,0x5A,0xBA,0x36,0x01,0x21,0x28,0x51,
    0x22,0xE0,0xBC,0xC9,0xCD,0x5D,0xAD,0xF5,0xF5,0xAF,0xF5,0x33,0xAF,0xF5,0x33,0xCD,
    0x86,0x89,0xF1,0x21,0xDE,0xBC,0xCD,0x06,0x8A,0xCD,0x21,0x66,0x21,0x5A,0xBA,0x36,
    0x00,0xCD,0x74,0x52,0x21,0x7F,0xB2,0x06,0x04,0x36,0x00,0x23,0x10,0xFB,0xCD,0x57,
    0x6B,0xCD,0xDF,0x6B,0xCD,0x78,0x59,0x7D,0x32,0x0E,0xB8,0xFD,0x21,0x0E,0xB8,0xFD,
    0x7E,0x00,0xB7,0x28,0x55,0xFD,0x7E,0x00,0x3D,0x28,0x54,0xFD,0x7E,0x00,0xD6,0x02,
    0x28,0x72,0xFD,0x7E,0x00,0xD6,0x03,0xCA,0x35,0x65,0xFD,0x7E,0x00,0xD6,0xFD,0x20,
    0xCD,0x3A,0x85,0xAC,0xD6,0x61,0x20,0x05,0xCD,0x44,0x61,0x18,0xC4,0x3A,0x85,0xAC,
    0xD6,0x64,0x20,0x05,0xCD,0x53,0x61,0x18,0xBB,0x3A,0x85,0xAC,0xD6,0x73,0x20,0x05,
    0xCD,0x9C,0x61,0x18,0xAF,0x3A,0x85,0xAC,0xD6,0x63,0x20,0x05,0xCD,0xA8,0x61,0x18,
    0xA3,0x3A,0x85,0xAC,0xD6,0x69,0x28,0x2C,0x18,0x94,0xCD,0x53,0x61,0x18,0x95,0xFD,
    0x21,0x5A,0xBA,0xFD,0x7E,0x00,0xB7,0x20,0x0D,0xFD,0x36,0x00,0x01,0x21,0x28,0x51,
    0x22,0xE0,0xBC,0xC3,0xE4,0x61,0x21,0x5A,0xBA,0x36,0x00,0x21,0x25,0x51,0x22,0xE0,
    0xBC,0xC3,0xE4,0x61,0x21,0xBB,0x50,0xCD,0x65,0x90,0x3A,0xBE,0x50,0x47,0x04,0x3A,
    0xBD,0x50,0x3C,0xC5,0x33,0xF5,0x33,0xCD,0x43,0x93,0xF1,0xCD,0xAF,0x50,0xCD,0x74,
    0x52,0x21,0x3B,0x65,0xE5,0xCD,0x6F,0xA8,0xF1,0xAF,0xF5,0x33,0x21,0x5B,0xBA,0xE5,
    0x21,0x87,0xB2,0xE5,0xCD,0xD0,0x33,0xF1,0xF1,0x7D,0x33,0x32,0x84,0xB2,0xFD,0x21,
    0x84,0xB2,0xFD,0x7E,0x00,0xB7,0x28,0x09,0xFD,0x6E,0x00,0xCD,0x44,0x52,0xC3,0xE1,
    0x61,0x21,0x51,0x65,0xE5,0xCD,0x6F,0xA8,0x21,0x58,0x65,0xE3,0xCD,0x6F,0xA8,0x21,
    0x5B,0xBA,0xE3,0x21,0xCC,0xB4,0xE5,0xCD,0x93,0x40,0xF1,0xF1,0x7D,0x32,0x84,0xB2,
    0xFD,0x21,0x84,0xB2,0xFD,0x7E,0x00,0xB7,0x28,0x11,0xFD,0x6E,0x00,0xCD,0x44,0x52,
    0x21,0xCC,0xB4,0xE5,0xCD,0xB2,0x41,0xF1,0xC3,0xE1,0x61,0x21,0x70,0x65,0xE5,0xCD,
    0x6F,0xA8,0xF1,0x3A,0x5A,0xBA,0xB7,0x20,0x5A,0x21,0x86,0xB2,0xE5,0x3E,0x0A,0xF5,
    0x33,0xAF,0xF5,0x33,0xCD,0x79,0x09,0xF1,0xF1,0x7D,0xB7,0xC2,0xFE,0x63,0x3A,0x86,
    0xB2,0xE6,0x07,0x32,0x86,0xB2,0x21,0x78,0x65,0xCD,0x57,0x91,0x3A,0x86,0xB2,0x3D,
    0x20,0x06,0x21,0x85,0x65,0xCD,0x57,0x91,0x3A,0x86,0xB2,0xD6,0x02,0x20,0x06,0x21,
    0x8C,0x65,0xCD,0x57,0x91,0x3A,0x86,0xB2,0xD6,0x04,0x20,0x06,0x21,0x92,0x65,0xCD,
    0x57,0x91,0x3A,0x86,0xB2,0xD6,0x06,0xC2,0xFE,0x63,0x21,0x9A,0x65,0xCD,0x57,0x91,
    0xC3,0xFE,0x63,0x2A,0x08,0xB2,0xDD,0x75,0xFC,0xDD,0x74,0xFD,0xAF,0xDD,0x77,0xFE,
    0xDD,0x77,0xFF,0x2A,0x0C,0xB2,0x01,0x00,0x00,0xC5,0xE5,0xDD,0x6E,0xFE,0xDD,0x66,
    0xFF,0xE5,0xDD,0x6E,0xFC,0xDD,0x66,0xFD,0xE5,0xCD,0x19,0xAE,0xF1,0xF1,0xF1,0xE3,
    0xFD,0xE1,0x2A,0x12,0xB2,0x01,0x00,0x00,0xC5,0xE5,0xD5,0xFD,0xE5,0xCD,0x19,0xAE,
    0xF1,0xF1,0xF1,0xF1,0x4D,0x44,0x3E,0x0B,0xCB,0x3A,0xCB,0x1B,0xCB,0x18,0xCB,0x19,
    0x3D,0x20,0xF5,0xC5,0xD5,0x21,0xA2,0x65,0xE5,0xCD,0x6F,0xA8,0xF1,0xD1,0xC1,0x2A,
    0x08,0xB2,0xC5,0xD5,0xE5,0x21,0xAE,0x65,0xE5,0xCD,0x6F,0xA8,0xF1,0xF1,0xD1,0xC1,
    0x2A,0x0C,0xB2,0xC5,0xD5,0xE5,0x21,0xC0,0x65,0xE5,0xCD,0x6F,0xA8,0xF1,0xF1,0xD1,
    0xC1,0x2A,0x12,0xB2,0xC5,0xD5,0xE5,0x21,0xCE,0x65,0xE5,0xCD,0x6F,0xA8,0xF1,0xF1,
    0xD1,0xC1,0xD5,0xC5,0x21,0xDE,0x65,0xE5,0xCD,0x6F,0xA8,0xF1,0xF1,0xF1,0x2E,0x32,
    0xCD,0xB3,0x50,0xCD,0x48,0x5F,0x7D,0x32,0x85,0xB2,0x3A,0x85,0xB2,0xD6,0xFD,0x20,
    0x0B,0x21,0xCC,0xB4,0xE5,0xCD,0xB2,0x41,0xF1,0xC3,0xE1,0x61,0x2E,0x07,0xCD,0xE3,
    0x89,0x3A,0x85,0xB2,0x5F,0x16,0x00,0xEB,0x29,0x29,0x29,0x29,0x29,0x29,0xEB,0x2A,
    0xFA,0xBC,0x19,0x23,0x11,0x1B,0xBA,0x01,0x3F,0x00,0xED,0xB0,0x21,0x1B,0xBA,0xE5,
    0xCD,0x9C,0x5E,0x26,0x01,0xE3,0x33,0x2A,0xF8,0xBC,0xE5,0x21,0xB0,0xB4,0xE5,0xCD,
    0x7E,0x34,0xF1,0xF1,0x7D,0x33,0x32,0x84,0xB2,0xFD,0x21,0x84,0xB2,0xFD,0x7E,0x00,
    0xB7,0x28,0x18,0xFD,0x6E,0x00,0xCD,0x44,0x52,0x21,0xB0,0xB4,0xE5,0xCD,0xD0,0x3B,
    0x21,0xCC,0xB4,0xE3,0xCD,0xB2,0x41,0xF1,0xC3,0xE1,0x61,0x21,0xBA,0xB4,0x7E,0x32,
    0x13,0xBA,0x23,0x7E,0x32,0x14,0xBA,0x23,0x7E,0x32,0x15,0xBA,0x23,0x7E,0x32,0x16,
    0xBA,0xCD,0xDF,0x6B,0x2E,0x03,0xCD,0xE3,0x89,0x2A,0xF8,0xBC,0xE5,0xCD,0xE0,0x52,
    0xF1,0x4D,0x44,0xC5,0xC5,0xCD,0xCA,0x52,0xF1,0xC1,0x2E,0x00,0x11,0xF2,0x65,0xE5,
    0xC5,0xD5,0xC5,0xCD,0x67,0xAD,0xF1,0xF1,0xEB,0xC1,0xE1,0x7A,0xB3,0x20,0x01,0x6F,
    0x11,0xF7,0x65,0xE5,0xC5,0xD5,0xC5,0xCD,0x67,0xAD,0xF1,0xF1,0xEB,0xC1,0xE1,0x7A,
    0xB3,0x20,0x02,0x2E,0x03,0x11,0xFC,0x65,0xE5,0xC5,0xD5,0xC5,0xCD,0x67,0xAD,0xF1,
    0xF1,0xEB,0xC1,0xE1,0x7A,0xB3,0x20,0x02,0x2E,0x01,0x11,0x01,0x66,0xE5,0xC5,0xD5,
    0xC5,0xCD,0x67,0xAD,0xF1,0xF1,0xEB,0xC1,0xE1,0x7A,0xB3,0x20,0x02,0x2E,0x02,0x11,
    0x06,0x66,0xE5,0xC5,0xD5,0xC5,0xCD,0x67,0xAD,0xF1,0xF1,0xEB,0xC1,0xE1,0x7A,0xB3,
    0x20,0x02,0x2E,0x04,0x11,0x0B,0x66,0xE5,0xD5,0xC5,0xCD,0x67,0xAD,0xF1,0xF1,0xEB,
    0xE1,0x7A,0xB3,0x20,0x06,0xCD,0x86,0x4E,0xC3,0xDE,0x61,0x7D,0xF5,0x33,0xCD,0x98,
    0x85,0x33,0xC3,0xDE,0x61,0xCD,0x44,0x61,0xC3,0xE1,0x61,0x07,0x47,0x4D,0x6F,0x75,
    0x6E,0x74,0x69,0x6E,0x67,0x20,0x61,0x20,0x76,0x6F,0x6C,0x75,0x6D,0x65,0x2E,0x0A,
    0x00,0x07,0x04,0x4F,0x6B,0x2E,0x0A,0x00,0x07,0x47,0x4F,0x70,0x65,0x6E,0x20,0x72,
    0x6F,0x6F,0x74,0x20,0x64,0x69,0x72,0x65,0x63,0x74,0x6F,0x72,0x79,0x2E,0x0A,0x00,
    0x07,0x04,0x4F,0x6B,0x2E,0x0A,0x0A,0x00,0x07,0x47,0x43,0x61,0x72,0x64,0x20,0x74,
    0x79,0x70,0x65,0x3A,0x00,0x07,0x46,0x4D,0x4D,0x43,0x0A,0x00,0x07,0x46,0x53,0x44,
    0x0A,0x00,0x07,0x46,0x53,0x44,0x48,0x43,0x0A,0x00,0x07,0x46,0x53,0x44,0x58,0x43,
    0x0A,0x00,0x07,0x47,0x43,0x46,0x20,0x69,0x6E,0x66,0x6F,0x3A,0x0A,0x00,0x07,0x47,
    0x43,0x79,0x6C,0x69,0x6E,0x64,0x65,0x72,0x73,0x3A,0x07,0x46,0x25,0x64,0x0A,0x00,
    0x07,0x47,0x48,0x65,0x61,0x64,0x73,0x3A,0x07,0x46,0x25,0x64,0x0A,0x00,0x07,0x47,
    0x53,0x65,0x63,0x74,0x6F,0x72,0x73,0x3A,0x07,0x46,0x25,0x64,0x0A,0x00,0x07,0x47,
    0x0A,0x53,0x69,0x7A,0x65,0x3A,0x07,0x46,0x25,0x6C,0x75,0x07,0x47,0x20,0x4D,0x62,
    0x0A,0x00,0x2E,0x74,0x72,0x64,0x00,0x2E,0x73,0x63,0x6C,0x00,0x2E,0x70,0x72,0x6F,
    0x00,0x2E,0x66,0x64,0x69,0x00,0x2E,0x74,0x64,0x30,0x00,0x2E,0x67,0x72,0x66,0x00,
    0x53,0x65,0x6C,0x65,0x63,0x74,0x20,0x00,0x07,0x44,0x0A,0x44,0x6F,0x6E,0x65,0x21,
    0x00,0x21,0x27,0x66,0xC3,0x52,0x93,0x00,0x25,0x0C,0x12,0x60,0x62,0x8C,0x92,0x49,
    0x03,0x38,0xA3,0xA0,0xA3,0xB8,0xDB,0x20,0x70,0x20,0x70,0xDC,0x70,0x20,0x70,0x20,
    0x70,0x20,0x70,0xDC,0x70,0xDC,0x70,0xDC,0x70,0x20,0x70,0x20,0x70,0x20,0x70,0x20,
    0x70,0x20,0x70,0x20,0x70,0x20,0x70,0x20,0x70,0x20,0x70,0x20,0x70,0x20,0x70,0x20,
    0x70,0x20,0x70,0x20,0x70,0x20,0x70,0x20,0x70,0x20,0x70,0x20,0x70,0x20,0x70,0x20,
    0x70,0x20,0x70,0x20,0x70,0x20,0x70,0x20,0x70,0x20,0x70,0x20,0x70,0x20,0x70,0xDC,
    0x70,0x20,0x70,0x20,0x70,0x20,0x70,0x20,0x70,0x20,0x70,0x20,0x70,0x20,0x70,0x20,
    0x70,0x20,0x70,0x20,0x70,0x20,0x70,0x20,0x70,0x20,0x70,0x20,0x70,0x20,0x70,0x20,
    0x70,0x20,0x70,0x20,0x70,0x20,0x70,0x20,0x70,0x20,0x70,0x20,0x70,0x20,0x70,0x20,
    0x70,0x20,0x70,0x20,0x70,0x20,0x70,0x20,0x70,0x20,0x70,0xDB,0x70,0xDC,0x70,0xDC,
    0x70,0xDC,0x70,0xDC,0x70,0xDC,0x70,0xDC,0x70,0x20,0x70,0xDC,0x70,0xDC,0x70,0xDC,
    0x70,0xDC,0x70,0xDC,0x70,0xDC,0x70,0xDC,0x70,0xDC,0x70,0x20,0x70,0xDC,0x70,0xDC,
    0x70,0xDC,0x70,0xDC,0x70,0xDC,0x70,0xDC,0x70,0xDC,0x70,0x20,0x70,0xDC,0x70,0xDC,
    0x70,0xDC,0x70,0xDC,0x70,0xDC,0x70,0xDC,0x70,0xDC,0x70,0xDC,0x70,0x20,0x70,0xDB,
    0x70,0xDC,0x70,0xDC,0x70,0xDC,0x70,0xDC,0x70,0xDC,0x70,0xDC,0x70,0xDC,0x70,0x20,
    0x70,0xDC,0x70,0xDC,0x70,0xDC,0x70,0xDC,0x70,0xDC,0x70,0xDC,0x70,0xDC,0x70,0xDC,
    0x70,0x20,0x70,0xDC,0x70,0xDC,0x70,0xDC,0x70,0xDC,0x70,0xDC,0x70,0xDC,0x70,0xDC,
    0x70,0xDC,0x70,0x20,0x70,0x20,0x70,0x20,0x70,0x20,0x70,0xDB,0x70,0x20,0x70,0x20,
    0x70,0x20,0x70,0x20,0x70,0x20,0x70,0xDB,0x70,0x20,0x70,0xDC,0x70,0xDC,0x70,0xDC,
    0x70,0xDC,0x70,0xDC,0x70,0xDC,0x70,0xDC,0x70,0xDB,0x70,0x20,0x70,0xDB,0x70,0x20,
    0x70,0x20,0x70,0x20,0x70,0x20,0x70,0x20,0x70,0x20,0x70,0x20,0x70,0xDC,0x70,0xDC,
    0x70,0xDC,0x70,0xDC,0x70,0xDC,0x70,0xDC,0x70,0xDC,0x70,0xDB,0x70,0x20,0x70,0xDB,
    0x70,0x20,0x70,0x20,0x70,0x20,0x70,0x20,0x70,0x20,0x70,0x20,0x70,0xDB,0x70,0x20,
    0x70,0xDC,0x70,0xDC,0x70,0xDC,0x70,0xDC,0x70,0xDC,0x70,0xDC,0x70,0xDC,0x70,0xDB,
    0x70,0x20,0x70,0xDB,0x70,0xDC,0x70,0xDC,0x70,0xDC,0x70,0xDC,0x70,0xDC,0x70,0xDC,
    0x70,0xDC,0x70,0x20,0x70,0x20,0x70,0x20,0x70,0x20,0x70,0xDB,0x70,0x20,0x70,0x20,
    0x70,0x20,0x70,0x20,0x70,0x20,0x70,0xDB,0x70,0x20,0x70,0xDB,0x70,0xDC,0x70,0xDC,
    0x70,0xDC,0x70,0xDC,0x70,0xDC,0x70,0xDC,0x70,0xDB,0x70,0x20,0x70,0xDB,0x70,0x20,
    0x70,0x20,0x70,0x20,0x70,0x20,0x70,0x20,0x70,0x20,0x70,0x20,0x70,0xDB,0x70,0xDC,
    0x70,0xDC,0x70,0xDC,0x70,0xDC,0x70,0xDC,0x70,0xDC,0x70,0xDB,0x70,0x20,0x70,0xDB,
    0x70,0xDC,0x70,0xDC,0x70,0xDC,0x70,0xDC,0x70,0xDC,0x70,0xDC,0x70,0xDB,0x70,0x20,
    0x70,0xDB,0x70,0xDC,0x70,0xDC,0x70,0xDC,0x70,0xDC,0x70,0xDC,0x70,0xDC,0x70,0xDB,
    0x70,0x20,0x70,0xDC,0x70,0xDC,0x70,0xDC,0x70,0xDC,0x70,0xDC,0x70,0xDC,0x70,0xDC,
    0x70,0xDB,0x70,0x20,0x70,0x20,0x70,0x20,0x70,0x20,0x70,0x20,0x70,0x20,0x70,0x20,
    0x70,0x20,0x70,0x20,0x70,0x20,0x70,0x20,0x70,0x20,0x70,0x20,0x70,0x20,0x70,0x20,
    0x70,0x20,0x70,0x20,0x70,0x20,0x70,0x20,0x70,0x20,0x70,0x20,0x70,0x20,0x70,0x20,
    0x70,0x20,0x70,0x20,0x70,0x20,0x70,0x20,0x70,0x20,0x70,0x20,0x70,0x20,0x70,0x20,
    0x70,0x20,0x70,0x20,0x70,0x20,0x70,0x20,0x70,0x20,0x70,0x20,0x70,0x20,0x70,0x20,
    0x70,0x20,0x70,0x20,0x70,0x20,0x70,0x20,0x70,0x20,0x70,0x20,0x70,0x20,0x70,0x20,
    0x70,0x20,0x70,0x20,0x70,0x20,0x70,0x20,0x70,0x20,0x70,0x20,0x70,0x20,0x70,0x20,
    0x70,0x20,0x70,0x20,0x70,0x20,0x70,0x20,0x70,0x20,0x70,0x20,0x70,0x20,0x70,0x20,
    0x70,0x20,0x70,0x20,0x70,0x20,0x70,0x20,0x70,0x20,0x70,0x20,0x70,0x20,0x70,0x20,
    0x70,0x20,0x70,0xDC,0x7C,0xDC,0x7C,0xDC,0x7C,0xDC,0x7C,0x20,0x7C,0xDC,0x7E,0xDC,
    0x7E,0xDC,0x7E,0xDC,0x7E,0x20,0x7E,0xDC,0x7A,0xDC,0x7A,0xDC,0x7A,0xDC,0x7A,0x20,
    0x7A,0xDC,0x7B,0xDC,0x7B,0xDC,0x7B,0xDC,0x7B,0x20,0x7B,0x20,0x7B,0x20,0x7B,0x20,
    0x7B,0x20,0x7B,0x20,0x7B,0x20,0x7B,0x20,0x7B,0x20,0x7B,0x20,0x7B,0x20,0x7B,0xDB,
    0x70,0xDF,0x70,0xDF,0x70,0xDF,0x70,0xDF,0x70,0xDF,0x70,0xDF,0x70,0xDB,0x70,0x20,
    0x70,0xDB,0x70,0xDF,0x70,0xDF,0x70,0xDF,0x70,0xDF,0x70,0xDF,0x70,0xDF,0x70,0xDF,
    0x70,0x20,0x70,0xDB,0x70,0xDF,0x70,0xDF,0x70,0xDF,0x70,0xDF,0x70,0xDF,0x70,0xDF,
    0x70,0xDB,0x70,0x20,0x70,0x20,0x70,0x20,0x70,0xFA,0x71,0x20,0x70,0x20,0x70,0x20,
    0x70,0x20,0x70,0x20,0x70,0x20,0x70,0x20,0x70,0x20,0x70,0x20,0x70,0x20,0x70,0x20,
    0x70,0x20,0x70,0x20,0x70,0x20,0x70,0x20,0x70,0x20,0x70,0x20,0x70,0x20,0x70,0x20,
    0x70,0x20,0x70,0x20,0x70,0x20,0x70,0x20,0x70,0x20,0x70,0x20,0x70,0x20,0x70,0xFA,
    0x71,0x20,0x70,0x20,0x70,0x20,0x70,0x20,0x70,0x20,0x70,0x20,0x70,0x20,0x70,0xDB,
    0x70,0xDF,0x70,0xDF,0x70,0xDF,0x70,0xDF,0x70,0xDF,0x70,0xDF,0x70,0xDF,0x70,0x20,
    0x70,0xDB,0x70,0x20,0x70,0x20,0x70,0x20,0x70,0x20,0x70,0x20,0x70,0x20,0x70,0x20,
    0x70,0x20,0x70,0xDB,0x70,0x20,0x70,0x20,0x70,0x20,0x70,0x20,0x70,0x20,0x70,0x20,
    0x70,0xDB,0x70,0x20,0x70,0x20,0x70,0x20,0x70,0xFE,0x78,0x20,0x70,0xFA,0x71,0x20,
    0x70,0x20,0x70,0x20,0x70,0x20,0x70,0x20,0x70,0x20,0x70,0x20,0x70,0xFA,0x71,0x20,
    0x70,0x20,0x70,0x20,0x70,0x20,0x70,0x20,0x70,0x20,0x70,0x20,0x70,0x20,0x70,0x20,
    0x70,0x20,0x70,0x20,0x70,0x20,0x70,0x20,0x70,0x20,0x70,0xFA,0x71,0x20,0x70,0xFE,
    0x78,0x20,0x70,0x20,0x70,0x20,0x70,0x20,0x70,0xFA,0x71,0x20,0x70,0x20,0x70,0xDF,
    0x70,0x20,0x70,0x20,0x70,0x20,0x70,0x20,0x70,0x20,0x70,0x20,0x70,0x20,0x70,0x20,
    0x70,0xDF,0x70,0x20,0x70,0x20,0x70,0x20,0x70,0x20,0x70,0x20,0x70,0x20,0x70,0x20,
    0x70,0x20,0x70,0xDF,0x70,0xDF,0x70,0xDF,0x70,0xDF,0x70,0xDF,0x70,0xDF,0x70,0xDF,
    0x70,0xDF,0x70,0x20,0x70,0x20,0x70,0x20,0x70,0xFE,0x71,0x20,0x70,0xFA,0x71,0xFA,
    0x71,0x20,0x70,0x20,0x70,0xFA,0x71,0x20,0x70,0x20,0x70,0x20,0x70,0xFE,0x71,0x20,
    0x70,0x20,0x70,0xFA,0x71,0x20,0x70,0xFA,0x71,0x20,0x70,0x20,0x70,0x20,0x70,0x20,
    0x70,0xFA,0x71,0x20,0x70,0x20,0x70,0x20,0x70,0xFA,0x71,0xFE,0x78,0x20,0x70,0xFE,
    0x78,0x20,0x70,0x20,0x70,0xFA,0x71,0x20,0x70,0xFA,0x71,0x20,0x70,0x20,0x70,0x20,
    0x70,0xFA,0x71,0x20,0x70,0x20,0x70,0x20,0x70,0x20,0x70,0x20,0x70,0x20,0x70,0x20,
    0x70,0x20,0x70,0xFA,0x71,0x20,0x70,0x20,0x70,0x20,0x70,0x20,0x70,0xFA,0x71,0x20,
    0x70,0x20,0x70,0x20,0x70,0xFA,0x71,0x20,0x70,0x20,0x70,0xFA,0x71,0x20,0x70,0x20,
    0x70,0x20,0x70,0xFA,0x71,0x20,0x70,0xFE,0x78,0xFE,0x78,0xFA,0x71,0xFE,0x78,0xFA,
    0x71,0x20,0x70,0xFE,0x71,0xFE,0x78,0x20,0x70,0x20,0x70,0xFE,0x78,0xFE,0x78,0xFE,
    0x78,0x20,0x70,0xFA,0x71,0x20,0x70,0xFE,0x78,0x20,0x70,0x20,0x70,0xFA,0x71,0x20,
    0x70,0xFE,0x71,0x20,0x70,0x20,0x70,0xFE,0x78,0xFE,0x71,0xFE,0x78,0xFE,0x78,0xFE,
    0x71,0xFE,0x78,0x20,0x70,0xFE,0x78,0xFE,0x78,0xFE,0x78,0x20,0x70,0xFA,0x71,0x20,
    0x70,0xFE,0x71,0xFE,0x78,0x20,0x70,0xFA,0x71,0x20,0x70,0x20,0x70,0x20,0x70,0xFA,
    0x71,0x20,0x70,0xFE,0x71,0x20,0x70,0xFE,0x78,0xFE,0x78,0x20,0x70,0xFA,0x71,0x20,
    0x70,0xFE,0x71,0xFE,0x78,0x20,0x70,0xFA,0x71,0x20,0x70,0xFE,0x78,0x20,0x70,0xFA,
    0x71,0x20,0x70,0xFE,0x71,0xFE,0x78,0x00,0x01,0x04,0x05,0x02,0x03,0x06,0x07,0x40,
    0x41,0x44,0x45,0x42,0x43,0x46,0x47,0x00,0x08,0x20,0x28,0x10,0x18,0x30,0x38,0x80,
    0x88,0xA0,0xA8,0x90,0x98,0xB0,0xB8,0xCD,0x5D,0xAD,0xF5,0x3B,0xCD,0x21,0x66,0x3E,
    0x00,0xD3,0xFE,0x1E,0x00,0x16,0x00,0x7B,0x0E,0x00,0xCB,0x19,0x47,0xCB,0x18,0x0E,
    0x00,0xCB,0x19,0x7A,0x26,0x00,0x6F,0x29,0x09,0x4D,0x44,0x23,0x79,0xC6,0x37,0x4F,
    0x78,0xCE,0x66,0x47,0x0A,0x4F,0xD5,0x11,0x37,0x66,0x19,0xD1,0x7E,0xDD,0x77,0xFD,
    0xDD,0x36,0xFE,0x00,0xDD,0x7E,0xFD,0xE6,0x0F,0x06,0x00,0xC6,0x37,0x6F,0x78,0xCE,
    0x6B,0x67,0x7E,0xDD,0x77,0xFF,0xDD,0x7E,0xFD,0xE6,0xF0,0x6F,0x26,0x00,0x06,0x04,
    0xCB,0x2C,0xCB,0x1D,0x10,0xFA,0xD5,0x11,0x47,0x6B,0x19,0xD1,0x7E,0xDD,0xB6,0xFF,
    0xD5,0x47,0xC5,0x7B,0xF5,0x33,0xD5,0x33,0xCD,0xEE,0x92,0xF1,0xF1,0xD1,0x14,0x7A,
    0xD6,0x40,0x38,0x93,0x1C,0x7B,0xD6,0x0A,0x38,0x8B,0xDD,0xF9,0xDD,0xE1,0xC9,0x06,
    0x0A,0x0E,0x00,0xED,0x5F,0xA9,0x0F,0xA8,0xE6,0x01,0x26,0x78,0x20,0x02,0x26,0x39,
    0x2E,0xFE,0xC5,0xE5,0xC5,0xCD,0xEE,0x92,0xF1,0xF1,0xC1,0x0C,0x79,0xFE,0x40,0xC2,
    0xE3,0x6B,0x04,0x78,0xFE,0x1E,0xC2,0xE1,0x6B,0xC9,0xC9,0xCD,0x5D,0xAD,0x3A,0xCE,
    0x50,0xC6,0x02,0x4F,0x3A,0xCF,0x50,0xC6,0x02,0x47,0xDD,0x7E,0x05,0xD6,0xB5,0x28,
    0x1D,0xDD,0x7E,0x05,0xD6,0xCA,0x28,0x12,0xDD,0x7E,0x05,0xD6,0xCE,0x28,0x07,0xDD,
    0x7E,0x05,0xD6,0xF0,0x20,0x0C,0x1E,0x42,0x18,0x0A,0x1E,0x46,0x18,0x06,0x1E,0x44,
    0x18,0x02,0x1E,0x00,0x3A,0xD2,0x50,0xE6,0x78,0xB3,0x5F,0xDD,0x56,0x04,0xCB,0x3A,
    0xCB,0x3A,0xCB,0x3A,0xCB,0x3A,0xDD,0x7E,0x04,0xE6,0x0F,0x87,0x67,0xDD,0x6E,0x05,
    0x7D,0x3C,0xDD,0x77,0x05,0x7A,0x80,0x47,0x7C,0x81,0x4F,0xC5,0xD5,0x7B,0xF5,0x7D,
    0x33,0xF5,0x33,0xC5,0xCD,0xEE,0x92,0xF1,0xF1,0xD1,0xC1,0x0C,0x63,0xDD,0x6E,0x05,
    0xE5,0xC5,0xCD,0xEE,0x92,0xF1,0xF1,0xDD,0xE1,0xC9,0x06,0x00,0x21,0x02,0x00,0x39,
    0x78,0x96,0xD0,0xC5,0x3E,0xB7,0xF5,0x33,0xC5,0x33,0xCD,0x0B,0x6C,0xF1,0xC1,0x04,
    0x18,0xEA,0xCD,0x5D,0xAD,0xDD,0x4E,0x04,0x06,0x00,0xC5,0x21,0xC6,0x6C,0xE5,0xCD,
    0x6F,0xA8,0xF1,0xF1,0xDD,0x4E,0x05,0x06,0x00,0xC5,0x21,0xD7,0x6C,0xE5,0xCD,0x6F,
    0xA8,0xF1,0xF1,0xDD,0xE1,0xC9,0x07,0x47,0x0A,0x43,0x79,0x6C,0x69,0x6E,0x64,0x65,
    0x72,0x3A,0x07,0x46,0x25,0x64,0x00,0x07,0x47,0x20,0x20,0x20,0x20,0x48,0x65,0x61,
    0x64,0x3A,0x07,0x46,0x25,0x64,0x00,0xCD,0x5D,0xAD,0x3A,0xCE,0x50,0xC6,0x18,0x47,
    0x3A,0xCF,0x50,0xC6,0x0F,0xF5,0x33,0xC5,0x33,0xCD,0x43,0x93,0xF1,0xDD,0x4E,0x04,
    0x06,0x00,0xC5,0x21,0x0F,0x6D,0xE5,0xCD,0x6F,0xA8,0xF1,0xF1,0xDD,0xE1,0xC9,0x07,
    0x07,0x53,0x65,0x63,0x74,0x6F,0x72,0x3A,0x25,0x30,0x33,0x64,0x00,0xCD,0x5D,0xAD,
    0x3E,0x04,0xDD,0x96,0x04,0x38,0x34,0xDD,0x4E,0x04,0x06,0x00,0x21,0x33,0x6D,0x09,
    0x09,0x09,0xE9,0xC3,0x51,0x6D,0xC3,0x4C,0x6D,0xC3,0x47,0x6D,0xC3,0x56,0x6D,0xC3,
    0x42,0x6D,0x01,0x0E,0xBD,0x18,0x17,0x01,0x0A,0xBD,0x18,0x12,0x01,0x06,0xBD,0x18,
    0x0D,0x01,0xFE,0xBC,0x18,0x08,0x01,0x02,0xBD,0x18,0x03,0x01,0xFE,0xBC,0xC5,0x21,
    0x6B,0x6D,0xE5,0xCD,0x6F,0xA8,0xF1,0xF1,0xDD,0xE1,0xC9,0x07,0x47,0x0A,0x53,0x74,
    0x61,0x72,0x74,0x69,0x6E,0x67,0x20,0x07,0x43,0x25,0x73,0x07,0x47,0x20,0x77,0x72,
    0x69,0x74,0x74,0x69,0x6E,0x67,0x2E,0x2E,0x2E,0x00,0x7D,0x2D,0xB7,0xC8,0xFB,0x76,
    0x18,0xF8,0xCD,0x5D,0xAD,0xCD,0x9C,0x08,0x2E,0x06,0xCD,0xE3,0x89,0x21,0x80,0xB2,
    0xDD,0x7E,0x05,0x77,0x21,0x81,0xB2,0xDD,0x7E,0x06,0x77,0x21,0x7F,0xB2,0xE5,0xCD,
    0x84,0x06,0xF1,0xDD,0x7E,0x04,0xB7,0x28,0x07,0xDD,0x7E,0x04,0xD6,0x03,0x20,0x0D,
    0xDD,0x66,0x06,0xDD,0x6E,0x05,0xE5,0xCD,0x6D,0x07,0xF1,0x18,0x11,0xDD,0x7E,0x04,
    0x3D,0x20,0x0B,0xDD,0x66,0x06,0xDD,0x6E,0x05,0xE5,0xCD,0x9B,0x07,0xF1,0x2A,0xA8,
    0xBC,0xE5,0xCD,0x49,0x06,0xF1,0x7D,0x32,0x83,0xB2,0xFD,0x21,0x83,0xB2,0xFD,0x7E,
    0x00,0xB7,0x28,0x30,0xFD,0x7E,0x00,0xD6,0x05,0x20,0x05,0x21,0xFE,0xFF,0x18,0x27,
    0x3A,0x83,0xB2,0xD6,0x04,0x20,0x05,0x21,0xFD,0xFF,0x18,0x1B,0x3A,0x83,0xB2,0xF5,
    0x33,0xCD,0xA7,0x08,0x33,0x01,0x2A,0x6E,0xE5,0xC5,0xCD,0x6F,0xA8,0xF1,0xF1,0x2E,
    0x06,0xCD,0xE3,0x89,0x21,0x00,0x00,0xDD,0xE1,0xC9,0x07,0x42,0x0A,0x45,0x72,0x72,
    0x6F,0x72,0x3A,0x25,0x73,0x00,0xCD,0x5D,0xAD,0x21,0xF7,0xFF,0x39,0xF9,0xDD,0x7E,
    0x05,0xDD,0x77,0xFB,0xDD,0x7E,0x06,0xDD,0x77,0xFC,0x21,0x00,0x00,0xE3,0xDD,0x36,
    0xF9,0x10,0x01,0x00,0x01,0xDD,0x7E,0x04,0x3D,0x3E,0x01,0x28,0x01,0xAF,0xDD,0x77,
    0xFA,0xB7,0x28,0x07,0xDD,0x36,0xF9,0x05,0x01,0x00,0x04,0xC5,0xCD,0x74,0x52,0x2E,
    0x06,0xCD,0xE3,0x89,0xC1,0x3A,0x80,0xB2,0xB7,0x20,0x0D,0x3A,0x81,0xB2,0xB7,0x20,
    0x07,0xDD,0x7E,0x04,0xD6,0x03,0x28,0x43,0xDD,0x5E,0xF9,0x16,0x00,0xC5,0xD5,0xC5,
    0xCD,0xF5,0xA5,0xF1,0xF1,0xC1,0xDD,0x75,0xFE,0xDD,0x74,0xFF,0xDD,0x5E,0x05,0xDD,
    0x56,0x06,0xC5,0x21,0x5F,0xBA,0xE5,0xDD,0x6E,0xFE,0xDD,0x66,0xFF,0xE5,0xD5,0x21,
    0xB0,0xB4,0xE5,0xCD,0x1A,0x36,0xF1,0xF1,0xF1,0xF1,0x7D,0xC1,0x32,0x84,0xB2,0x3A,
    0x84,0xB2,0xB7,0x28,0x06,0x21,0xFF,0xFF,0xC3,0xC4,0x6F,0xC5,0xCD,0x9C,0x08,0x2E,
    0x06,0xCD,0xE3,0x89,0x21,0x7F,0xB2,0xE5,0xCD,0x6A,0x06,0xF1,0x7D,0xC1,0x32,0x83,
    0xB2,0xFD,0x21,0x83,0xB2,0xFD,0x7E,0x00,0xB7,0x28,0x1A,0xFD,0x7E,0x00,0xD6,0x05,
    0x20,0x06,0x21,0xFE,0xFF,0xC3,0xC4,0x6F,0x3A,0x83,0xB2,0xD6,0x04,0x20,0x06,0x21,
    0xFD,0xFF,0xC3,0xC4,0x6F,0xAF,0xDD,0x77,0xFD,0xDD,0x77,0xFE,0xDD,0x36,0xFF,0x00,
    0xDD,0x7E,0xFF,0xDD,0x96,0xF9,0xD2,0xBE,0x6F,0x11,0x82,0xB2,0xDD,0x7E,0xFF,0x12,
    0xDD,0x7E,0xFA,0xB7,0x28,0x16,0x3A,0x80,0xB2,0xB7,0x20,0x10,0x3A,0x81,0xB2,0xB7,
    0x20,0x0A,0xDD,0x7E,0xFF,0xD6,0x04,0x20,0x03,0x3E,0x08,0x12,0xC5,0xD5,0xDD,0x6E,
    0xFB,0xDD,0x66,0xFC,0xE5,0x21,0x7F,0xB2,0xE5,0xCD,0x5F,0x05,0xF1,0xF1,0x7D,0xD1,
    0xC1,0x32,0x83,0xB2,0xFD,0x21,0x83,0xB2,0xFD,0x7E,0x00,0xB7,0x28,0x4C,0xDD,0x34,
    0xFD,0x20,0x03,0xDD,0x34,0xFE,0xDD,0x7E,0xFD,0xDD,0x77,0xF7,0xDD,0x7E,0xFE,0xDD,
    0x77,0xF8,0xFD,0x7E,0x00,0xD6,0x05,0x20,0x05,0x21,0xFE,0xFF,0x18,0x46,0x3A,0x83,
    0xB2,0xD6,0x04,0x20,0x05,0x21,0xFD,0xFF,0x18,0x3A,0x1A,0x5F,0x16,0x00,0xC5,0xD5,
    0x3A,0x83,0xB2,0xF5,0x33,0xCD,0xA7,0x08,0x33,0xE5,0x21,0xC9,0x6F,0xE5,0xCD,0x6F,
    0xA8,0xF1,0xF1,0xF1,0x2E,0x06,0xCD,0xE3,0x89,0xC1,0xDD,0x7E,0xFB,0x81,0xDD,0x77,
    0xFB,0xDD,0x7E,0xFC,0x88,0xDD,0x77,0xFC,0xDD,0x34,0xFF,0xC3,0x10,0x6F,0xDD,0x6E,
    0xF7,0xDD,0x66,0xF8,0xDD,0xF9,0xDD,0xE1,0xC9,0x07,0x42,0x0A,0x25,0x73,0x20,0x6F,
    0x6E,0x20,0x73,0x65,0x63,0x74,0x6F,0x72,0x3A,0x07,0x46,0x25,0x64,0x00,0xCD,0x5D,
    0xAD,0x21,0xE0,0xFF,0x39,0xF9,0xAF,0xDD,0x77,0xE7,0xDD,0x77,0xE8,0xCD,0x74,0x52,
    0x2E,0x06,0xCD,0xE3,0x89,0x11,0x5F,0xBA,0xED,0x4B,0xFC,0xBC,0xD5,0x21,0x0E,0x00,
    0xE5,0xC5,0x21,0xB0,0xB4,0xE5,0xCD,0x1A,0x36,0xF1,0xF1,0xF1,0xF1,0x7D,0x32,0x84,
    0xB2,0x3A,0x84,0xB2,0xB7,0x28,0x06,0x21,0xFF,0xFF,0xC3,0xD8,0x74,0x11,0x7F,0xBA,
    0x2A,0xFC,0xBC,0x01,0x0E,0x00,0xED,0xB0,0x21,0x7F,0xBA,0xE5,0xCD,0x52,0x87,0xF1,
    0x7D,0xB7,0x28,0x13,0x21,0xDD,0x74,0xE5,0xCD,0x6F,0xA8,0xF1,0x2E,0xC8,0xCD,0x8A,
    0x6D,0x21,0xFC,0xFF,0xC3,0xD8,0x74,0x3A,0x83,0xBA,0x87,0xF5,0x33,0xCD,0x8A,0x6C,
    0x33,0x21,0xE0,0x50,0x46,0x3A,0xDF,0x50,0x3C,0xC5,0x33,0xF5,0x33,0xCD,0x43,0x93,
    0x26,0x02,0xE3,0x33,0xCD,0x1D,0x6D,0x33,0x2A,0x83,0xBA,0x01,0xF0,0x74,0xE5,0xC5,
    0xCD,0x6F,0xA8,0xF1,0xF1,0x2E,0x19,0xCD,0x8A,0x6D,0x2A,0x8B,0xBA,0x01,0x0E,0x00,
    0x09,0xDD,0x75,0xF6,0xDD,0x74,0xF7,0xAF,0xDD,0x77,0xF8,0xDD,0x77,0xF9,0xDD,0x36,
    0xFA,0x00,0xED,0x4B,0x83,0xBA,0xDD,0x6E,0xFA,0x26,0x00,0xAF,0xED,0x42,0xD2,0xD2,
    0x74,0xDD,0x7E,0xE7,0xDD,0x77,0xFB,0xDD,0x7E,0xE8,0xDD,0x77,0xFC,0xDD,0x36,0xFD,
    0x00,0xDD,0x7E,0xFD,0xD6,0x02,0xD2,0xC1,0x74,0xCD,0x74,0x52,0x2E,0x06,0xCD,0xE3,
    0x89,0xDD,0x6E,0xF8,0xDD,0x66,0xF9,0xE5,0xDD,0x6E,0xF6,0xDD,0x66,0xF7,0xE5,0x21,
    0xB0,0xB4,0xE5,0xCD,0xF6,0x3B,0xF1,0xF1,0xF1,0x7D,0x32,0x84,0xB2,0x3A,0x84,0xB2,
    0xB7,0x28,0x06,0x21,0xFF,0xFF,0xC3,0xD8,0x74,0x01,0x5F,0xBA,0x2A,0xFC,0xBC,0xC5,
    0x11,0x07,0x00,0xD5,0xE5,0x21,0xB0,0xB4,0xE5,0xCD,0x1A,0x36,0xF1,0xF1,0xF1,0xF1,
    0x7D,0x32,0x84,0xB2,0x3A,0x84,0xB2,0xB7,0x28,0x06,0x21,0xFF,0xFF,0xC3,0xD8,0x74,
    0x21,0x00,0x00,0x39,0xDD,0x75,0xE9,0xDD,0x74,0xEA,0xEB,0x2A,0xFC,0xBC,0x01,0x07,
    0x00,0xED,0xB0,0xDD,0x4E,0xE9,0xDD,0x46,0xEA,0x21,0x06,0x00,0x09,0x7E,0xDD,0x77,
    0xEB,0x11,0x5F,0xBA,0xDD,0x4E,0xEB,0x06,0x00,0x69,0x60,0x29,0x09,0x29,0x09,0x4D,
    0x44,0x2A,0xFC,0xBC,0xC5,0xD5,0xC5,0xE5,0x21,0xB0,0xB4,0xE5,0xCD,0x1A,0x36,0xF1,
    0xF1,0xF1,0xF1,0x7D,0xC1,0x32,0x84,0xB2,0x3A,0x84,0xB2,0xB7,0x28,0x06,0x21,0xFF,
    0xFF,0xC3,0xD8,0x74,0x11,0x90,0xBA,0x2A,0xFC,0xBC,0x78,0xB1,0x28,0x02,0xED,0xB0,
    0x21,0x91,0xBA,0x46,0x3A,0x90,0xBA,0xC5,0x33,0xF5,0x33,0xCD,0xA2,0x6C,0xF1,0x2E,
    0x06,0xCD,0xE3,0x89,0x21,0x8D,0xBA,0xDD,0x7E,0xEB,0x77,0x21,0x70,0xBB,0x22,0x8E,
    0xBA,0xDD,0x36,0xFF,0x00,0xDD,0x7E,0xFF,0xDD,0x96,0xEB,0xD2,0x21,0x72,0xDD,0x7E,
    0xFF,0xDD,0x77,0xF4,0xDD,0x36,0xF5,0x00,0xDD,0x7E,0xF4,0xDD,0x77,0xF2,0xDD,0x7E,
    0xF5,0xDD,0x77,0xF3,0x06,0x02,0xDD,0xCB,0xF2,0x26,0xDD,0xCB,0xF3,0x16,0x10,0xF6,
    0x3E,0x70,0xDD,0x86,0xF2,0x4F,0x3E,0xBB,0xDD,0x8E,0xF3,0x47,0xDD,0x5E,0xFF,0x16,
    0x00,0x6B,0x62,0x29,0x19,0x29,0x19,0xEB,0x21,0x90,0xBA,0x19,0x7E,0x02,0x3E,0x70,
    0xDD,0x86,0xF2,0xDD,0x77,0xF4,0x3E,0xBB,0xDD,0x8E,0xF3,0xDD,0x77,0xF5,0xDD,0x4E,
    0xF4,0xDD,0x46,0xF5,0x03,0x21,0x90,0xBA,0x19,0x5D,0x54,0x23,0x7E,0x02,0xDD,0x4E,
    0xF4,0xDD,0x46,0xF5,0x03,0x03,0x6B,0x62,0x23,0x23,0x7E,0x02,0xDD,0x4E,0xF4,0xDD,
    0x46,0xF5,0x03,0x03,0x03,0x21,0x03,0x00,0x19,0x7E,0x02,0xDD,0x34,0xFF,0xC3,0x95,
    0x71,0x21,0x8D,0xBA,0xE5,0xCD,0x02,0x08,0xF1,0xCD,0x9C,0x08,0x2E,0x06,0xCD,0xE3,
    0x89,0x21,0x81,0xB2,0xDD,0x7E,0xFD,0x77,0x21,0x80,0xB2,0xDD,0x7E,0xFA,0x77,0x21,
    0x7F,0xB2,0xE5,0xCD,0x84,0x06,0xF1,0xDD,0x7E,0xFA,0x87,0xDD,0xB6,0xFD,0xDD,0x77,
    0xEC,0x26,0xCE,0xDD,0x6E,0xEC,0xE5,0xCD,0x0B,0x6C,0xF1,0xCD,0x9C,0x08,0x2E,0x06,
    0xCD,0xE3,0x89,0x2A,0xA8,0xBC,0xE5,0xCD,0x49,0x06,0xF1,0x7D,0x32,0x83,0xB2,0xFD,
    0x21,0x83,0xB2,0xFD,0x7E,0x00,0xB7,0x28,0x32,0xFD,0x7E,0x00,0xD6,0x05,0x20,0x06,
    0x21,0xFE,0xFF,0xC3,0xD8,0x74,0x3A,0x83,0xB2,0xD6,0x04,0x20,0x06,0x21,0xFD,0xFF,
    0xC3,0xD8,0x74,0x3A,0x83,0xB2,0xF5,0x33,0xCD,0xA7,0x08,0x33,0xE5,0x21,0x02,0x75,
    0xE5,0xCD,0x6F,0xA8,0xF1,0xF1,0x2E,0x06,0xCD,0xE3,0x89,0x26,0xCA,0xDD,0x6E,0xEC,
    0xE5,0xCD,0x0B,0x6C,0xF1,0xCD,0x9C,0x08,0x21,0x7F,0xB2,0xE5,0xCD,0x6A,0x06,0xF1,
    0x7D,0x32,0x83,0xB2,0xFD,0x21,0x83,0xB2,0xFD,0x7E,0x00,0xB7,0x28,0x20,0xFD,0x7E,
    0x00,0xD6,0x05,0x20,0x06,0x21,0xFE,0xFF,0xC3,0xD8,0x74,0x3A,0x83,0xB2,0xF5,0x33,
    0xCD,0xA7,0x08,0x33,0xE5,0x21,0x0E,0x75,0xE5,0xCD,0x6F,0xA8,0xF1,0xF1,0xDD,0x36,
    0xED,0x00,0xDD,0x36,0xFE,0x00,0xDD,0x36,0xFF,0x00,0xDD,0x7E,0xFF,0xDD,0x96,0xEB,
    0xD2,0x5E,0x74,0xCD,0x74,0x52,0x2E,0x06,0xCD,0xE3,0x89,0xED,0x4B,0x89,0xBA,0xC5,
    0xDD,0x5E,0xE9,0xDD,0x56,0xEA,0x21,0x10,0x00,0x39,0xEB,0x01,0x04,0x00,0xED,0xB0,
    0xC1,0x11,0x00,0x00,0x79,0xDD,0x86,0xEE,0xDD,0x77,0xF2,0x78,0xDD,0x8E,0xEF,0xDD,
    0x77,0xF3,0x7B,0xDD,0x8E,0xF0,0xDD,0x77,0xF4,0x7A,0xDD,0x8E,0xF1,0xDD,0x77,0xF5,
    0xDD,0x4E,0xFF,0x06,0x00,0x69,0x60,0x29,0x09,0x29,0x09,0xEB,0x21,0x90,0xBA,0x19,
    0xEB,0x4B,0x42,0x21,0x05,0x00,0x09,0x4E,0x23,0x46,0x21,0x00,0x00,0xDD,0x7E,0xF2,
    0x81,0x4F,0xDD,0x7E,0xF3,0x88,0x47,0xDD,0x7E,0xF4,0x8D,0x6F,0xDD,0x7E,0xF5,0x8C,
    0x67,0xD5,0xE5,0xC5,0x21,0xB0,0xB4,0xE5,0xCD,0xF6,0x3B,0xF1,0xF1,0xF1,0x7D,0xD1,
    0x32,0x84,0xB2,0x3A,0x84,0xB2,0xB7,0x28,0x06,0x21,0xFF,0xFF,0xC3,0xD8,0x74,0x01,
    0x00,0x01,0x21,0x03,0x00,0x19,0x7E,0xB7,0x20,0x05,0x01,0x80,0x00,0x18,0x19,0xFE,
    0x01,0x20,0x05,0x01,0x00,0x01,0x18,0x10,0xFE,0x02,0x20,0x05,0x01,0x00,0x02,0x18,
    0x07,0xD6,0x03,0x20,0x03,0x01,0x00,0x04,0x2A,0xFC,0xBC,0x11,0x5F,0xBA,0xD5,0xC5,
    0xE5,0x21,0xB0,0xB4,0xE5,0xCD,0x1A,0x36,0xF1,0xF1,0xF1,0xF1,0x7D,0x32,0x84,0xB2,
    0x3A,0x84,0xB2,0xB7,0x28,0x06,0x21,0xFF,0xFF,0xC3,0xD8,0x74,0xDD,0x4E,0xFF,0x06,
    0x00,0x69,0x60,0x29,0x09,0x29,0x09,0x11,0x90,0xBA,0x19,0x23,0x23,0x7E,0x3D,0x32,
    0x82,0xB2,0xCD,0x9C,0x08,0x2E,0x06,0xCD,0xE3,0x89,0x2A,0xFC,0xBC,0xE5,0x21,0x7F,
    0xB2,0xE5,0xCD,0x5F,0x05,0xF1,0xF1,0x7D,0x32,0x83,0xB2,0xFD,0x21,0x83,0xB2,0xFD,
    0x7E,0x00,0xB7,0x28,0x43,0xDD,0x34,0xFE,0xDD,0x7E,0xFE,0xDD,0x77,0xED,0xFD,0x7E,
    0x00,0xD6,0x05,0x20,0x06,0x21,0xFE,0xFF,0xC3,0xD8,0x74,0x3A,0x83,0xB2,0xD6,0x04,
    0x20,0x06,0x21,0xFD,0xFF,0xC3,0xD8,0x74,0x3A,0x82,0xB2,0x4F,0x06,0x00,0xC5,0x3A,
    0x83,0xB2,0xF5,0x33,0xCD,0xA7,0x08,0x33,0xE5,0x21,0x14,0x75,0xE5,0xCD,0x6F,0xA8,
    0xF1,0xF1,0xF1,0x2E,0x06,0xCD,0xE3,0x89,0xDD,0x34,0xFF,0xC3,0xFA,0x72,0xDD,0x4E,
    0xEB,0x06,0x00,0x03,0x69,0x60,0x29,0x09,0x29,0x09,0x7C,0x17,0x9F,0x4F,0x47,0x7D,
    0xDD,0x86,0xF6,0xDD,0x77,0xF6,0x7C,0xDD,0x8E,0xF7,0xDD,0x77,0xF7,0x79,0xDD,0x8E,
    0xF8,0xDD,0x77,0xF8,0x78,0xDD,0x8E,0xF9,0xDD,0x77,0xF9,0xDD,0x7E,0xED,0xB7,0x20,
    0x0C,0x26,0xB5,0xDD,0x6E,0xEC,0xE5,0xCD,0x0B,0x6C,0xF1,0x18,0x1E,0xDD,0x34,0xFB,
    0x20,0x03,0xDD,0x34,0xFC,0xDD,0x7E,0xFB,0xDD,0x77,0xE7,0xDD,0x7E,0xFC,0xDD,0x77,
    0xE8,0x26,0xF0,0xDD,0x6E,0xEC,0xE5,0xCD,0x0B,0x6C,0xF1,0xDD,0x34,0xFD,0xC3,0xB1,
    0x70,0xCD,0x9C,0x08,0x2E,0x06,0xCD,0xE3,0x89,0xCD,0x7E,0x06,0xDD,0x34,0xFA,0xC3,
    0x92,0x70,0xDD,0x6E,0xE7,0xDD,0x66,0xE8,0xDD,0xF9,0xDD,0xE1,0xC9,0x07,0x42,0x0A,
    0x57,0x72,0x6F,0x6E,0x67,0x20,0x46,0x44,0x49,0x20,0x66,0x69,0x6C,0x65,0x21,0x00,
    0x07,0x47,0x0A,0x43,0x79,0x6C,0x69,0x6E,0x64,0x65,0x72,0x73,0x3A,0x07,0x46,0x25,
    0x64,0x00,0x07,0x42,0x0A,0x45,0x72,0x72,0x6F,0x72,0x3A,0x25,0x73,0x00,0x07,0x42,
    0x0A,0x25,0x73,0x00,0x07,0x42,0x0A,0x25,0x73,0x20,0x6F,0x6E,0x20,0x73,0x65,0x63,
    0x74,0x6F,0x72,0x3A,0x07,0x46,0x25,0x64,0x00,0x0E,0x00,0x21,0x06,0x00,0x39,0x79,
    0x96,0xD0,0x21,0x04,0x00,0x39,0x5E,0x23,0x56,0x1A,0x3C,0x12,0xE6,0x0F,0x12,0xB7,
    0x20,0x05,0xD1,0xE1,0xE5,0xD5,0x34,0x0C,0x18,0xE1,0xCD,0x5D,0xAD,0x21,0xF6,0xFF,
    0x39,0xF9,0xDD,0x4E,0x04,0xDD,0x46,0x05,0x21,0x0F,0x00,0x09,0xDD,0x75,0xF8,0xDD,
    0x74,0xF9,0x7E,0xDD,0x77,0xF6,0x21,0x0E,0x00,0x09,0xDD,0x75,0xFA,0xDD,0x74,0xFB,
    0x7E,0xDD,0x77,0xF7,0x21,0x0D,0x00,0x09,0xDD,0x75,0xFC,0xDD,0x74,0xFD,0x7E,0xDD,
    0x77,0xFF,0xCD,0x9C,0x08,0x2E,0x07,0xCD,0xE3,0x89,0xCD,0x95,0x06,0xDD,0x7E,0xF6,
    0xCB,0x3F,0x32,0x80,0xB2,0xDD,0x7E,0xF6,0xE6,0x01,0x32,0x81,0xB2,0x21,0x82,0xB2,
    0xDD,0x7E,0xF7,0x77,0x21,0x7F,0xB2,0xE5,0xCD,0x6A,0x06,0xF1,0x2A,0xFC,0xBC,0xE5,
    0xDD,0x7E,0xFF,0xF5,0x33,0x21,0x7F,0xB2,0xE5,0xCD,0x7D,0x05,0xF1,0xF1,0x33,0xED,
    0x5B,0xFC,0xBC,0x21,0x80,0xB2,0x36,0x00,0x21,0x81,0xB2,0x36,0x00,0x21,0x82,0xB2,
    0x36,0x00,0xD5,0x21,0x7F,0xB2,0xE5,0xCD,0x6A,0x06,0xF1,0x2A,0xFC,0xBC,0xE5,0x3E,
    0x09,0xF5,0x33,0x21,0x7F,0xB2,0xE5,0xCD,0x8F,0x04,0xF1,0xF1,0x33,0xD1,0x21,0x00,
    0x08,0x19,0x4D,0x44,0x21,0xE4,0x00,0x09,0xDD,0x75,0xFE,0xDD,0x74,0xFF,0x6E,0x26,
    0x00,0x29,0x29,0x29,0x29,0x19,0xEB,0xDD,0x6E,0x04,0xDD,0x66,0x05,0xC5,0x01,0x10,
    0x00,0xED,0xB0,0xC1,0xDD,0x6E,0xF8,0xDD,0x66,0xF9,0x7E,0xDD,0x77,0xF6,0xDD,0x6E,
    0xFA,0xDD,0x66,0xFB,0x7E,0xDD,0x77,0xF7,0xDD,0x6E,0xFC,0xDD,0x66,0xFD,0x7E,0xDD,
    0x77,0xFD,0x21,0x01,0x00,0x39,0xEB,0x21,0x00,0x00,0x39,0xC5,0xDD,0x7E,0xFD,0xF5,
    0x33,0xD5,0xE5,0xCD,0x29,0x75,0xF1,0xF1,0x33,0xC1,0x21,0xE2,0x00,0x09,0xDD,0x7E,
    0xF6,0x77,0x21,0xE1,0x00,0x09,0xDD,0x7E,0xF7,0x77,0xDD,0x6E,0xFE,0xDD,0x66,0xFF,
    0x34,0x21,0xE5,0x00,0x09,0x4E,0x23,0x46,0x2B,0xDD,0x5E,0xFD,0x16,0x00,0x79,0x93,
    0x4F,0x78,0x9A,0x71,0x23,0x77,0x21,0x82,0xB2,0x36,0x00,0x2A,0xFC,0xBC,0xE5,0x3E,
    0x09,0xF5,0x33,0x21,0x7F,0xB2,0xE5,0xCD,0x7D,0x05,0xDD,0xF9,0xDD,0xE1,0xC9,0x21,
    0xB4,0x76,0xCD,0x57,0x91,0xFB,0x76,0xCD,0x6B,0xAA,0x7D,0xD6,0x79,0x3E,0x01,0x28,
    0x01,0xAF,0x4F,0xCB,0x41,0x20,0x05,0x7D,0xD6,0x6E,0x20,0xE9,0x79,0xB7,0x2E,0x01,
    0xC0,0x2E,0x00,0xC9,0x07,0x46,0x59,0x07,0x47,0x65,0x73,0x2F,0x07,0x46,0x4E,0x07,
    0x47,0x6F,0x00,0xCD,0x5D,0xAD,0x21,0xD7,0xFF,0x39,0xF9,0x3A,0x29,0xBC,0xB7,0xC2,
    0x8C,0x78,0xCD,0x74,0x52,0x2E,0x06,0xCD,0xE3,0x89,0x21,0x12,0xBD,0x06,0x10,0x36,
    0x00,0x23,0x10,0xFB,0x21,0x5B,0xBA,0xE5,0x21,0x12,0xBD,0xE5,0xCD,0x23,0xAD,0xF1,
    0x21,0x91,0x78,0xE3,0x21,0x12,0xBD,0xE5,0xCD,0x23,0xAD,0xF1,0xF1,0x0E,0x00,0xC5,
    0x3E,0x01,0xF5,0x33,0x21,0x12,0xBD,0xE5,0x21,0x63,0xBA,0xE5,0xCD,0x7E,0x34,0xF1,
    0xF1,0x7D,0x33,0xC1,0x32,0x84,0xB2,0x3A,0x84,0xB2,0xB7,0x20,0x02,0x0E,0x01,0x79,
    0xB7,0x28,0x05,0x11,0xAE,0x78,0x18,0x03,0x11,0xB9,0x78,0xC5,0xD5,0x21,0x99,0x78,
    0xE5,0xCD,0x6F,0xA8,0xF1,0xF1,0xC1,0x79,0xB7,0xCA,0x8C,0x78,0x21,0xC8,0x78,0xCD,
    0x57,0x91,0xCD,0x8F,0x76,0x7D,0xB7,0x20,0x09,0x21,0xD6,0x78,0xCD,0x57,0x91,0xC3,
    0x8C,0x78,0x2E,0x07,0xCD,0xE3,0x89,0x11,0x6D,0xBA,0x21,0x00,0x00,0x39,0xEB,0x01,
    0x04,0x00,0xED,0xB0,0xAF,0xDD,0xBE,0xD7,0x3E,0x40,0xDD,0x9E,0xD8,0x3E,0x00,0xDD,
    0x9E,0xD9,0x3E,0x00,0xDD,0x9E,0xDA,0x30,0x09,0x21,0xE6,0x78,0xCD,0x57,0x91,0xC3,
    0x8C,0x78,0x2A,0xFC,0xBC,0x11,0x5F,0xBA,0xD5,0x11,0x11,0x00,0xD5,0xE5,0x21,0x63,
    0xBA,0xE5,0xCD,0x1A,0x36,0xF1,0xF1,0xF1,0xF1,0x7D,0x32,0x84,0xB2,0x21,0x04,0x00,
    0x39,0xDD,0x75,0xFC,0xDD,0x74,0xFD,0xEB,0x2A,0xFC,0xBC,0x01,0x11,0x00,0xED,0xB0,
    0xDD,0x4E,0xFC,0xDD,0x46,0xFD,0xC5,0xCD,0x83,0x50,0xF1,0x7D,0xB7,0x20,0x09,0x21,
    0xF7,0x78,0xCD,0x57,0x91,0xC3,0x8C,0x78,0x2E,0x07,0xCD,0xE3,0x89,0xC1,0xC5,0x79,
    0xC6,0xEF,0x4F,0x78,0xCE,0xFF,0x47,0x2A,0xFC,0xBC,0x11,0x5F,0xBA,0xD5,0xC5,0xE5,
    0x21,0x63,0xBA,0xE5,0xCD,0x1A,0x36,0xF1,0xF1,0xF1,0xF1,0x7D,0x32,0x84,0xB2,0x21,
    0x15,0x00,0x39,0xEB,0xDD,0x6E,0xFC,0xDD,0x66,0xFD,0x01,0x08,0x00,0xED,0xB0,0x21,
    0x15,0x00,0x39,0x4D,0x44,0x21,0x08,0x00,0x09,0xEB,0xDD,0x6E,0xFC,0xDD,0x66,0xFD,
    0xC5,0x01,0x08,0x00,0x09,0xC1,0x7E,0x12,0x21,0x09,0x00,0x09,0xDD,0x75,0xFE,0xDD,
    0x74,0xFF,0xDD,0x5E,0xFC,0xDD,0x56,0xFD,0x21,0x09,0x00,0x19,0x5E,0x23,0x56,0xDD,
    0x6E,0xFE,0xDD,0x66,0xFF,0x73,0x23,0x72,0x21,0x0B,0x00,0x09,0xDD,0x75,0xFE,0xDD,
    0x74,0xFF,0xDD,0x5E,0xFC,0xDD,0x56,0xFD,0x21,0x0B,0x00,0x19,0x5E,0x23,0x56,0xDD,
    0x6E,0xFE,0xDD,0x66,0xFF,0x73,0x23,0x72,0x21,0x0D,0x00,0x09,0xEB,0xDD,0x6E,0xFC,
    0xDD,0x66,0xFD,0xC5,0x01,0x0E,0x00,0x09,0xC1,0x7E,0x12,0x21,0x0F,0x00,0x09,0x3A,
    0x26,0xBC,0x77,0x21,0x0E,0x00,0x09,0x3A,0x27,0xBC,0x77,0xC5,0x21,0x07,0x79,0xCD,
    0x57,0x91,0xCD,0x4A,0x75,0xF1,0x21,0x19,0x79,0xCD,0x57,0x91,0xDD,0xF9,0xDD,0xE1,
    0xC9,0x62,0x6F,0x6F,0x74,0x2E,0x24,0x62,0x00,0x07,0x47,0x0A,0x48,0x6F,0x62,0x65,
    0x74,0x61,0x20,0x62,0x6F,0x6F,0x74,0x2E,0x24,0x62,0x3A,0x25,0x73,0x00,0x07,0x44,
    0x64,0x65,0x74,0x65,0x63,0x74,0x65,0x64,0x00,0x07,0x42,0x6E,0x6F,0x74,0x20,0x64,
    0x65,0x74,0x65,0x63,0x74,0x65,0x64,0x00,0x07,0x47,0x0A,0x41,0x64,0x64,0x20,0x62,
    0x6F,0x6F,0x74,0x3F,0x20,0x00,0x07,0x47,0x0A,0x43,0x61,0x6E,0x63,0x65,0x6C,0x69,
    0x6E,0x67,0x2E,0x2E,0x2E,0x00,0x07,0x42,0x0A,0x46,0x69,0x6C,0x65,0x20,0x74,0x6F,
    0x6F,0x20,0x62,0x69,0x67,0x21,0x00,0x07,0x42,0x0A,0x57,0x72,0x6F,0x6E,0x67,0x20,
    0x68,0x6F,0x62,0x65,0x74,0x61,0x00,0x07,0x47,0x0A,0x53,0x61,0x76,0x69,0x6E,0x67,
    0x20,0x62,0x6F,0x6F,0x74,0x2E,0x2E,0x2E,0x00,0x07,0x44,0x0A,0x44,0x6F,0x6E,0x65,
    0x00,0xCD,0x5D,0xAD,0x21,0xF1,0xFF,0x39,0xF9,0xAF,0xDD,0x77,0xF5,0xDD,0x77,0xF6,
    0xAF,0xDD,0x77,0xF7,0xDD,0x77,0xF8,0xCD,0x74,0x52,0x2E,0x06,0xCD,0xE3,0x89,0x21,
    0x00,0xC0,0x22,0xFC,0xBC,0x21,0x5F,0xBA,0xE5,0x21,0x09,0x00,0xE5,0x21,0x00,0xC0,
    0xE5,0x21,0xB0,0xB4,0xE5,0xCD,0x1A,0x36,0xF1,0xF1,0xF1,0xF1,0x7D,0x32,0x84,0xB2,
    0x3A,0x84,0xB2,0xB7,0x28,0x06,0x21,0xFF,0xFF,0xC3,0xD8,0x7C,0x11,0xF0,0xBB,0x2A,
    0xFC,0xBC,0x01,0x09,0x00,0xED,0xB0,0x21,0xF0,0xBB,0xE5,0xCD,0x71,0x87,0xF1,0x7D,
    0xB7,0x28,0x13,0x21,0xDD,0x7C,0xE5,0xCD,0x6F,0xA8,0xF1,0x2E,0xC8,0xCD,0x8A,0x6D,
    0x21,0xFC,0xFF,0xC3,0xD8,0x7C,0xED,0x5B,0xFC,0xBC,0x2A,0xFC,0xBC,0x01,0x00,0x20,
    0x09,0xE3,0x3A,0xF8,0xBB,0x4F,0x06,0x00,0x69,0x60,0x29,0x09,0x29,0x09,0x29,0xC1,
    0xC5,0xD5,0x11,0x5F,0xBA,0xD5,0xE5,0xC5,0x21,0xB0,0xB4,0xE5,0xCD,0x1A,0x36,0xF1,
    0xF1,0xF1,0xF1,0x7D,0xD1,0x32,0x84,0xB2,0x6B,0x62,0xD5,0x36,0x00,0x5D,0x54,0x13,
    0x01,0xFF,0x08,0xED,0xB0,0xD1,0xAF,0xDD,0x77,0xFE,0xDD,0x77,0xFF,0xDD,0x36,0xF4,
    0x00,0xDD,0x36,0xF3,0x01,0x21,0x29,0xBC,0x36,0x00,0xDD,0x36,0xFD,0x00,0x21,0xF8,
    0xBB,0xDD,0x7E,0xFD,0x96,0xD2,0xB9,0x7A,0xDD,0x6E,0xFD,0x26,0x00,0x29,0x29,0x29,
    0x29,0x19,0x4D,0x44,0xDD,0x75,0xF9,0xDD,0x74,0xFA,0xD5,0xDD,0x5E,0xFD,0x16,0x00,
    0x6B,0x62,0x29,0x19,0x29,0x19,0x29,0xD1,0xDD,0x7E,0xF1,0x85,0xDD,0x77,0xFB,0xDD,
    0x7E,0xF2,0x8C,0xDD,0x77,0xFC,0xDD,0x6E,0xFB,0xDD,0x66,0xFC,0xD5,0xC5,0xDD,0x5E,
    0xF9,0xDD,0x56,0xFA,0x01,0x0E,0x00,0xED,0xB0,0xC1,0xD1,0xDD,0x6E,0xFB,0xDD,0x66,
    0xFC,0xC5,0xD5,0x11,0x09,0x00,0xD5,0x11,0xF0,0x7C,0xD5,0xE5,0xCD,0xAA,0xAC,0xF1,
    0xF1,0xF1,0xD1,0xC1,0x7C,0xB5,0x20,0x05,0x21,0x29,0xBC,0x36,0x01,0x21,0x0F,0x00,
    0x09,0xDD,0x7E,0xF3,0x77,0x21,0x0E,0x00,0x09,0xDD,0x7E,0xF4,0x77,0xDD,0x7E,0xFB,
    0xC6,0x0D,0x4F,0xDD,0x7E,0xFC,0xCE,0x00,0x47,0x0A,0xDD,0x77,0xFA,0x21,0x03,0x00,
    0x39,0xDD,0x75,0xFB,0xDD,0x74,0xFC,0x21,0x02,0x00,0x39,0xC5,0xD5,0xDD,0x7E,0xFA,
    0xF5,0x33,0xE5,0xDD,0x6E,0xFB,0xDD,0x66,0xFC,0xE3,0xE5,0xCD,0x29,0x75,0xF1,0xF1,
    0x33,0xD1,0xC1,0x0A,0x0E,0x00,0xDD,0x86,0xFE,0xDD,0x77,0xFE,0x79,0xDD,0x8E,0xFF,
    0xDD,0x77,0xFF,0xDD,0x34,0xFD,0xC3,0xEE,0x79,0xDD,0x7E,0xF3,0xCB,0x3F,0xDD,0x77,
    0xF9,0xDD,0x7E,0xF3,0xE6,0x01,0xDD,0x77,0xFA,0x21,0x00,0x08,0x19,0xEB,0x21,0xE5,
    0x00,0x19,0x3E,0xF0,0xDD,0x96,0xFE,0x4F,0x3E,0x09,0xDD,0x9E,0xFF,0x47,0x71,0x23,
    0x70,0x21,0xE2,0x00,0x19,0xDD,0x7E,0xF3,0x77,0x21,0xE1,0x00,0x19,0xDD,0x7E,0xF4,
    0x77,0x21,0xE4,0x00,0x19,0xDD,0x75,0xFE,0xDD,0x74,0xFF,0x3A,0xF8,0xBB,0xDD,0x6E,
    0xFE,0xDD,0x66,0xFF,0x77,0x21,0xE7,0x00,0x19,0x36,0x10,0x21,0xE3,0x00,0x19,0x36,
    0x16,0xED,0x43,0x24,0xBC,0xDD,0x7E,0xF3,0x32,0x26,0xBC,0xDD,0x7E,0xF4,0x32,0x27,
    0xBC,0x21,0xF8,0xBB,0x7E,0x32,0x28,0xBC,0x4B,0x42,0xD5,0x59,0x50,0x21,0xFA,0x7C,
    0x01,0x12,0x00,0xED,0xB0,0xD1,0x21,0xF5,0x00,0x19,0xEB,0x21,0x0D,0x7D,0x01,0x08,
    0x00,0xED,0xB0,0x3E,0xA0,0xF5,0x33,0xCD,0x8A,0x6C,0x33,0x21,0xE0,0x50,0x4E,0x3A,
    0xDF,0x50,0x3C,0x61,0xE5,0x33,0xF5,0x33,0xCD,0x43,0x93,0x26,0x03,0xE3,0x33,0xCD,
    0x1D,0x6D,0x33,0x21,0x50,0x00,0xE5,0x21,0x16,0x7D,0xE5,0xCD,0x6F,0xA8,0xF1,0xF1,
    0x3A,0x29,0xBC,0xB7,0x28,0x0B,0x21,0x33,0x7D,0xDD,0x75,0xFE,0xDD,0x74,0xFF,0x18,
    0x09,0x21,0x3E,0x7D,0xDD,0x75,0xFE,0xDD,0x74,0xFF,0xDD,0x4E,0xFE,0xDD,0x46,0xFF,
    0xC5,0x21,0x28,0x7D,0xE5,0xCD,0x6F,0xA8,0xF1,0xF1,0xDD,0x36,0xFC,0x00,0xDD,0x7E,
    0xFC,0xD6,0x50,0xD2,0xD2,0x7C,0xDD,0x7E,0xFC,0xDD,0x96,0xF9,0x3E,0x01,0x28,0x01,
    0xAF,0xDD,0x77,0xFB,0xDD,0x7E,0xF5,0xDD,0x77,0xFD,0xDD,0x7E,0xF6,0xDD,0x77,0xFE,
    0xDD,0x36,0xFF,0x00,0xDD,0x7E,0xFF,0xD6,0x02,0xD2,0xB4,0x7C,0xDD,0x7E,0xFB,0xB7,
    0x28,0x10,0xDD,0x7E,0xFA,0xDD,0x96,0xFF,0x20,0x08,0x21,0x4D,0x7D,0xE5,0xCD,0x6F,
    0xA8,0xF1,0xDD,0x66,0xFF,0xDD,0x6E,0xFC,0xE5,0xCD,0xA2,0x6C,0xF1,0xDD,0x7E,0xFC,
    0x87,0xDD,0xB6,0xFF,0xDD,0x77,0xF3,0x26,0xCE,0xE5,0x33,0xF5,0x33,0xCD,0x0B,0x6C,
    0xF1,0x21,0x81,0xB2,0xDD,0x7E,0xFF,0x77,0x21,0x80,0xB2,0xDD,0x7E,0xFC,0x77,0x21,
    0x7F,0xB2,0xE5,0xCD,0x84,0x06,0xF1,0xDD,0x66,0xFF,0xDD,0x6E,0xFC,0xE5,0xAF,0xF5,
    0x33,0xCD,0x92,0x6D,0xF1,0xDD,0x75,0xF7,0xDD,0x74,0xF8,0x33,0x4D,0x44,0x79,0xD6,
    0xFD,0x78,0xDE,0xFF,0xD2,0xB4,0x7C,0xDD,0x4E,0xF9,0x06,0x00,0x03,0xDD,0x7E,0xFC,
    0x16,0x00,0x91,0x7A,0x98,0xE2,0x4A,0x7C,0xEE,0x80,0xF2,0x7C,0x7C,0x26,0xCA,0xDD,
    0x6E,0xF3,0xE5,0xCD,0x0B,0x6C,0xF1,0x2A,0xFC,0xBC,0xE5,0x3E,0x03,0xF5,0x33,0xCD,
    0x36,0x6E,0xF1,0xDD,0x75,0xF7,0xDD,0x74,0xF8,0x33,0x4D,0x44,0x79,0xD6,0xFD,0x78,
    0xDE,0xFF,0x38,0x08,0xDD,0x6E,0xF7,0xDD,0x66,0xF8,0x18,0x5C,0xDD,0x7E,0xF8,0xDD,
    0xB6,0xF7,0x20,0x0C,0x26,0xB5,0xDD,0x6E,0xF3,0xE5,0xCD,0x0B,0x6C,0xF1,0x18,0x1E,
    0x26,0xF0,0xDD,0x6E,0xF3,0xE5,0xCD,0x0B,0x6C,0xF1,0xDD,0x34,0xFD,0x20,0x03,0xDD,
    0x34,0xFE,0xDD,0x7E,0xFD,0xDD,0x77,0xF5,0xDD,0x7E,0xFE,0xDD,0x77,0xF6,0xDD,0x34,
    0xFF,0xC3,0xC4,0x7B,0xDD,0x7E,0xF7,0xDD,0x46,0xF8,0xD6,0xFD,0x78,0xDE,0xFF,0x38,
    0x08,0xDD,0x6E,0xF7,0xDD,0x66,0xF8,0x18,0x0F,0xCD,0x7E,0x06,0xDD,0x34,0xFC,0xC3,
    0x9E,0x7B,0xDD,0x6E,0xF5,0xDD,0x66,0xF6,0xDD,0xF9,0xDD,0xE1,0xC9,0x07,0x42,0x0A,
    0x57,0x72,0x6F,0x6E,0x67,0x20,0x53,0x43,0x4C,0x20,0x66,0x69,0x6C,0x65,0x21,0x00,
    0x62,0x6F,0x6F,0x74,0x20,0x20,0x20,0x20,0x42,0x00,0x43,0x72,0x65,0x61,0x74,0x65,
    0x64,0x20,0x62,0x79,0x20,0x46,0x44,0x49,0x6D,0x61,0x67,0x65,0x00,0x53,0x43,0x4C,
    0x49,0x4D,0x41,0x47,0x45,0x00,0x07,0x47,0x0A,0x43,0x79,0x6C,0x69,0x6E,0x64,0x65,
    0x72,0x73,0x3A,0x07,0x46,0x25,0x64,0x00,0x07,0x47,0x0A,0x42,0x6F,0x6F,0x74,0x3A,
    0x25,0x73,0x00,0x07,0x44,0x64,0x65,0x74,0x65,0x63,0x74,0x65,0x64,0x00,0x07,0x42,
    0x6E,0x6F,0x74,0x20,0x64,0x65,0x74,0x65,0x63,0x74,0x65,0x64,0x00,0x07,0x46,0x0A,
    0x45,0x6E,0x64,0x20,0x6F,0x66,0x20,0x64,0x61,0x74,0x61,0x2E,0x2E,0x2E,0x00,0x2E,
    0x00,0xD1,0xC1,0xC5,0xD5,0xFD,0x21,0x04,0x00,0xFD,0x39,0xFD,0x5E,0x00,0x7B,0x1D,
    0xB7,0xC8,0x0A,0x03,0x85,0x6F,0x18,0xF6,0x21,0x5F,0xBA,0xE5,0x21,0x04,0x00,0xE5,
    0x21,0x0F,0xBC,0xE5,0x21,0xB0,0xB4,0xE5,0xCD,0x1A,0x36,0xF1,0xF1,0xF1,0xF1,0xC9,
    0xCD,0x5D,0xAD,0xF5,0xF5,0xF5,0x2E,0x06,0xCD,0xE3,0x89,0x2A,0xA8,0xBC,0x22,0x22,
    0xBC,0x2A,0xFC,0xBC,0xDD,0x75,0xFE,0xDD,0x74,0xFF,0xDD,0x6E,0x04,0xDD,0x66,0x05,
    0x4E,0x23,0x46,0x23,0x5E,0x7B,0xB7,0x28,0x0D,0x7B,0x3D,0x28,0x42,0x7B,0xD6,0x02,
    0xCA,0x5B,0x7E,0xC3,0x6B,0x7F,0x0B,0xED,0x5B,0xFC,0xBC,0xC5,0x21,0x5F,0xBA,0xE5,
    0xC5,0xD5,0x21,0xB0,0xB4,0xE5,0xCD,0x1A,0x36,0xF1,0xF1,0xF1,0xF1,0x7D,0xC1,0x32,
    0x84,0xB2,0x3A,0x84,0xB2,0xB7,0x28,0x06,0x21,0xFF,0xFF,0xC3,0x77,0x7F,0xDD,0x7E,
    0xFE,0x81,0xDD,0x77,0xFE,0xDD,0x7E,0xFF,0x88,0xDD,0x77,0xFF,0xC3,0x6B,0x7F,0x21,
    0x5F,0xBA,0xE5,0x21,0x04,0x00,0xE5,0x21,0x1C,0xBC,0xE5,0x21,0xB0,0xB4,0xE5,0xCD,
    0x1A,0x36,0xF1,0xF1,0xF1,0xF1,0x7D,0x32,0x84,0xB2,0x3A,0x84,0xB2,0xB7,0x28,0x06,
    0x21,0xFF,0xFF,0xC3,0x77,0x7F,0xDD,0x4E,0xFE,0xDD,0x46,0xFF,0xED,0x5B,0x1C,0xBC,
    0x7B,0xC6,0xFF,0xDD,0x77,0xFE,0x7A,0xCE,0xFF,0xDD,0x77,0xFF,0x21,0x1C,0xBC,0xDD,
    0x7E,0xFE,0x77,0x23,0xDD,0x7E,0xFF,0x77,0x7A,0xB3,0xCA,0x65,0x7F,0x59,0x50,0x21,
    0x1E,0xBC,0xED,0xA0,0x7E,0x12,0x03,0x03,0x03,0x18,0xD1,0x01,0x00,0x00,0x79,0xDD,
    0x96,0x06,0x78,0xDD,0x9E,0x07,0xD2,0x6B,0x7F,0x11,0xB0,0xB4,0xC5,0x21,0x5F,0xBA,
    0xE5,0x21,0x02,0x00,0xE5,0x21,0x20,0xBC,0xE5,0xD5,0xCD,0x1A,0x36,0xF1,0xF1,0xF1,
    0xF1,0x7D,0xC1,0x32,0x84,0xB2,0x3A,0x84,0xB2,0xB7,0x28,0x06,0x21,0xFF,0xFF,0xC3,
    0x77,0x7F,0x21,0x20,0xBC,0x5E,0x7B,0xB7,0x20,0x47,0x3A,0x21,0xBC,0x6F,0x26,0x00,
    0xDD,0x5E,0xFE,0xDD,0x56,0xFF,0xC5,0x01,0x5F,0xBA,0xC5,0xE5,0xD5,0x21,0xB0,0xB4,
    0xE5,0xCD,0x1A,0x36,0xF1,0xF1,0xF1,0xF1,0x7D,0xC1,0x32,0x84,0xB2,0x3A,0x84,0xB2,
    0xB7,0x28,0x06,0x21,0xFF,0xFF,0xC3,0x77,0x7F,0x21,0x21,0xBC,0x6E,0xDD,0x7E,0xFE,
    0x85,0xDD,0x77,0xFE,0x30,0x03,0xDD,0x34,0xFF,0x26,0x00,0x09,0x4D,0x44,0xC3,0x5E,
    0x7E,0x21,0x01,0x00,0x1C,0x18,0x01,0x29,0x1D,0x20,0xFC,0xE3,0x11,0x5F,0xBA,0xDD,
    0x7E,0xFA,0xDD,0x77,0xFC,0xDD,0x7E,0xFB,0xDD,0x77,0xFD,0x2A,0x22,0xBC,0xC5,0xD5,
    0xDD,0x5E,0xFC,0xDD,0x56,0xFD,0xD5,0xE5,0x21,0xB0,0xB4,0xE5,0xCD,0x1A,0x36,0xF1,
    0xF1,0xF1,0xF1,0x7D,0xC1,0x32,0x84,0xB2,0x3A,0x84,0xB2,0xB7,0x28,0x05,0x21,0xFF,
    0xFF,0x18,0x54,0x3A,0x21,0xBC,0x5F,0x1D,0x21,0x21,0xBC,0x73,0xB7,0xCA,0x5E,0x7E,
    0xDD,0x5E,0xFE,0xDD,0x56,0xFF,0x2A,0x22,0xBC,0xC5,0xDD,0x4E,0xFC,0xDD,0x46,0xFD,
    0x78,0xB1,0x28,0x02,0xED,0xB0,0xC1,0xDD,0x7E,0xFE,0xDD,0x86,0xFA,0xDD,0x77,0xFE,
    0xDD,0x7E,0xFF,0xDD,0x8E,0xFB,0xDD,0x77,0xFF,0x79,0xDD,0x86,0xFA,0x4F,0x78,0xDD,
    0x8E,0xFB,0x47,0x18,0xBE,0xDD,0x71,0xFE,0xDD,0x70,0xFF,0xDD,0x6E,0xFE,0xDD,0x66,
    0xFF,0x22,0xFC,0xBC,0x21,0x00,0x00,0xDD,0xF9,0xDD,0xE1,0xC9,0xCD,0x5D,0xAD,0x21,
    0xF6,0xFF,0x39,0xF9,0xCD,0x74,0x52,0x2E,0x06,0xCD,0xE3,0x89,0x11,0x5F,0xBA,0xED,
    0x4B,0xFC,0xBC,0xD5,0x21,0x0C,0x00,0xE5,0xC5,0x21,0xB0,0xB4,0xE5,0xCD,0x1A,0x36,
    0xF1,0xF1,0xF1,0xF1,0x7D,0x32,0x84,0xB2,0x3A,0x84,0xB2,0xB7,0x28,0x06,0x21,0xFF,
    0xFF,0xC3,0xE6,0x83,0x11,0xF9,0xBB,0x2A,0xFC,0xBC,0x01,0x0C,0x00,0xED,0xB0,0x21,
    0x00,0x00,0x22,0x2C,0xBC,0x21,0xF9,0xBB,0xE5,0xCD,0x1E,0x87,0xF1,0x7D,0xB7,0x20,
    0x13,0x21,0xEB,0x83,0xE5,0xCD,0x6F,0xA8,0xF1,0x2E,0xC8,0xCD,0x8A,0x6D,0x21,0xFC,
    0xFF,0xC3,0xE6,0x83,0x3E,0xA0,0xF5,0x33,0xCD,0x8A,0x6C,0x33,0x21,0xE0,0x50,0x46,
    0x3A,0xDF,0x50,0x3C,0xC5,0x33,0xF5,0x33,0xCD,0x43,0x93,0xF1,0x2E,0x06,0xCD,0xE3,
};

__attribute__((aligned(4096))) const unsigned char gb_rom_profi_bank3_fdimage[16384] = {
    0x89,0x3A,0x00,0xBC,0x07,0x30,0x71,0x21,0x5F,0xBA,0xE5,0x21,0x0A,0x00,0xE5,0x21,
    0x05,0xBC,0xE5,0x21,0xB0,0xB4,0xE5,0xCD,0x1A,0x36,0xF1,0xF1,0xF1,0xF1,0x7D,0x32,
    0x84,0xB2,0x3A,0x84,0xB2,0xB7,0x28,0x06,0x21,0xFF,0xFF,0xC3,0xE6,0x83,0xED,0x4B,
    0x07,0xBC,0x11,0x5F,0xBA,0x2A,0xFC,0xBC,0xC5,0xD5,0xC5,0xE5,0x21,0xB0,0xB4,0xE5,
    0xCD,0x1A,0x36,0xF1,0xF1,0xF1,0xF1,0x7D,0xC1,0x32,0x84,0xB2,0x3A,0x84,0xB2,0xB7,
    0x28,0x06,0x21,0xFF,0xFF,0xC3,0xE6,0x83,0x79,0xD6,0x1E,0x78,0xDE,0x00,0x30,0x18,
    0x01,0x0E,0xB6,0x59,0x50,0xC5,0x2A,0xFC,0xBC,0xAF,0xBE,0xED,0xA0,0x20,0xFB,0x21,
    0xFE,0x83,0xE5,0xCD,0x6F,0xA8,0xF1,0xF1,0x3E,0x04,0xF5,0x33,0xCD,0x1D,0x6D,0x33,
    0x2E,0x19,0xCD,0x8A,0x6D,0x2E,0x06,0xCD,0xE3,0x89,0xCD,0x78,0x7D,0x7D,0x32,0x84,
    0xB2,0x3A,0x84,0xB2,0xB7,0x28,0x06,0x21,0xFF,0xFF,0xC3,0xE6,0x83,0xAF,0xDD,0x77,
    0xFC,0xDD,0x77,0xFD,0x3A,0x0F,0xBC,0x3C,0xCA,0xE0,0x83,0x21,0x00,0xC0,0x22,0xFC,
    0xBC,0x2E,0x00,0x36,0x00,0x5D,0x54,0x13,0x01,0xFF,0x3F,0xED,0xB0,0x3A,0x11,0xBC,
    0xDD,0x77,0xF6,0x3A,0x0F,0xBC,0xDD,0x77,0xF8,0x3A,0x10,0xBC,0xDD,0x77,0xFC,0xDD,
    0x66,0xF6,0xDD,0x6E,0xFC,0xE5,0xCD,0xA2,0x6C,0xF1,0x2E,0x06,0xCD,0xE3,0x89,0xDD,
    0x36,0xFD,0x00,0xDD,0x36,0xFE,0x00,0xDD,0x36,0xFF,0x00,0xDD,0x7E,0xFF,0xDD,0x96,
    0xF8,0xD2,0x1E,0x82,0x21,0x5F,0xBA,0xE5,0x21,0x06,0x00,0xE5,0x21,0x13,0xBC,0xE5,
    0x21,0xB0,0xB4,0xE5,0xCD,0x1A,0x36,0xF1,0xF1,0xF1,0xF1,0x7D,0x32,0x84,0xB2,0x3A,
    0x84,0xB2,0xB7,0x28,0x06,0x21,0xFF,0xFF,0xC3,0xE6,0x83,0x3A,0x15,0xBC,0xDD,0x77,
    0xF9,0x21,0x16,0xBC,0x5E,0x7B,0xC6,0x07,0x4F,0x21,0x01,0x00,0x0C,0x18,0x01,0x29,
    0x0D,0x20,0xFC,0xDD,0x75,0xFA,0xDD,0x74,0xFB,0x21,0x17,0xBC,0x4E,0x79,0xE6,0x30,
    0xC2,0x18,0x82,0x7B,0xE6,0xF8,0xC2,0x18,0x82,0x79,0xD6,0x10,0x20,0x26,0x2A,0xFC,
    0xBC,0xDD,0x4E,0xFA,0xDD,0x46,0xFB,0xC5,0x11,0x00,0x00,0xD5,0xE5,0xCD,0x0B,0xAD,
    0xF1,0xF1,0xF1,0x21,0xFC,0xBC,0x7E,0xDD,0x86,0xFA,0x77,0x23,0x7E,0xDD,0x8E,0xFB,
    0x77,0xC3,0x18,0x82,0x21,0x5F,0xBA,0xE5,0x21,0x03,0x00,0xE5,0x21,0x19,0xBC,0xE5,
    0x21,0xB0,0xB4,0xE5,0xCD,0x1A,0x36,0xF1,0xF1,0xF1,0xF1,0x7D,0x32,0x84,0xB2,0x3A,
    0x84,0xB2,0xB7,0x28,0x06,0x21,0xFF,0xFF,0xC3,0xE6,0x83,0xDD,0x6E,0xFA,0xDD,0x66,
    0xFB,0xE5,0x21,0x19,0xBC,0xE5,0xCD,0x90,0x7D,0xF1,0xF1,0x7C,0xB5,0x28,0x06,0x21,
    0xFF,0xFF,0xC3,0xE6,0x83,0xDD,0x6E,0xFE,0x26,0x00,0x29,0x29,0x01,0x70,0xBB,0x09,
    0xEB,0x3A,0x10,0xBC,0x12,0x4B,0x42,0x03,0x3A,0x11,0xBC,0x02,0x4B,0x42,0x03,0x03,
    0x3A,0x15,0xBC,0x02,0x13,0x13,0x13,0x3A,0x16,0xBC,0x12,0xDD,0x7E,0xFF,0xB7,0x20,
    0x17,0xDD,0x7E,0xF9,0x0E,0x00,0xC6,0x9C,0x5F,0x79,0xCE,0xFF,0x57,0xDD,0x6E,0xF8,
    0x26,0x00,0x2B,0xBF,0xED,0x52,0x28,0x07,0x3A,0x17,0xBC,0xD6,0x40,0x20,0x10,0x21,
    0xFC,0xBC,0x7E,0xDD,0x96,0xFA,0x77,0x23,0x7E,0xDD,0x9E,0xFB,0x77,0x18,0x09,0xDD,
    0x34,0xFE,0xDD,0x7E,0xFE,0xDD,0x77,0xFD,0xDD,0x34,0xFF,0xC3,0xEB,0x80,0xDD,0x7E,
    0xFD,0xDD,0x77,0xF7,0x21,0x8D,0xBA,0xDD,0x7E,0xFD,0x77,0x21,0x70,0xBB,0x22,0x8E,
    0xBA,0x21,0x8D,0xBA,0xE5,0xCD,0x02,0x08,0xF1,0xCD,0x9C,0x08,0x2E,0x06,0xCD,0xE3,
    0x89,0x21,0x81,0xB2,0xDD,0x7E,0xF6,0x77,0x21,0x80,0xB2,0xDD,0x7E,0xFC,0x77,0x21,
    0x7F,0xB2,0xE5,0xCD,0x84,0x06,0xF1,0xDD,0x7E,0xFC,0x87,0xDD,0xB6,0xF6,0xDD,0x77,
    0xF8,0x26,0xCE,0xDD,0x6E,0xF8,0xE5,0xCD,0x0B,0x6C,0xF1,0x2E,0x06,0xCD,0xE3,0x89,
    0x2A,0xA8,0xBC,0xE5,0xCD,0x49,0x06,0xF1,0x7D,0x32,0x83,0xB2,0xFD,0x21,0x83,0xB2,
    0xFD,0x7E,0x00,0xB7,0x28,0x32,0xFD,0x7E,0x00,0xF5,0x33,0xCD,0xA7,0x08,0x33,0xE5,
    0x21,0x04,0x84,0xE5,0xCD,0x6F,0xA8,0xF1,0xF1,0x3A,0x83,0xB2,0xD6,0x05,0x20,0x06,
    0x21,0xFE,0xFF,0xC3,0xE6,0x83,0x3A,0x83,0xB2,0xD6,0x04,0x20,0x06,0x21,0xFD,0xFF,
    0xC3,0xE6,0x83,0x2E,0x06,0xCD,0xE3,0x89,0x26,0xCA,0xDD,0x6E,0xF8,0xE5,0xCD,0x0B,
    0x6C,0xF1,0xCD,0x9C,0x08,0x2E,0x06,0xCD,0xE3,0x89,0x21,0x7F,0xB2,0xE5,0xCD,0x6A,
    0x06,0xF1,0xAF,0xDD,0x77,0xFC,0xDD,0x77,0xFD,0xAF,0xDD,0x77,0xF9,0x21,0x00,0xC0,
    0x22,0xFC,0xBC,0xDD,0x36,0xFE,0x00,0xDD,0x36,0xFF,0x00,0xDD,0x7E,0xFF,0xDD,0x96,
    0xF7,0xD2,0x95,0x83,0xDD,0x5E,0xFF,0x16,0x00,0xEB,0x29,0x29,0xEB,0x21,0x70,0xBB,
    0x19,0xEB,0x4B,0x42,0x03,0x03,0x0A,0x3D,0x32,0x82,0xB2,0x21,0x03,0x00,0x19,0x7E,
    0xC6,0x07,0x47,0x21,0x01,0x00,0x04,0x18,0x01,0x29,0x10,0xFD,0xDD,0x75,0xFA,0xDD,
    0x74,0xFB,0xCD,0x9C,0x08,0x2E,0x06,0xCD,0xE3,0x89,0x2A,0xFC,0xBC,0xE5,0x21,0x7F,
    0xB2,0xE5,0xCD,0x5F,0x05,0xF1,0xF1,0x7D,0x32,0x83,0xB2,0xFD,0x21,0x83,0xB2,0xFD,
    0x7E,0x00,0xB7,0x28,0x3C,0xDD,0x34,0xFE,0xDD,0x7E,0xFE,0xDD,0x77,0xF9,0x3A,0x82,
    0xB2,0x4F,0x06,0x00,0xC5,0xFD,0x7E,0x00,0xF5,0x33,0xCD,0xA7,0x08,0x33,0xE5,0x21,
    0x10,0x84,0xE5,0xCD,0x6F,0xA8,0xF1,0xF1,0xF1,0x3A,0x83,0xB2,0xD6,0x05,0x20,0x05,
    0x21,0xFE,0xFF,0x18,0x71,0x3A,0x83,0xB2,0xD6,0x04,0x20,0x05,0x21,0xFD,0xFF,0x18,
    0x65,0x21,0xFC,0xBC,0x7E,0xDD,0x86,0xFA,0x77,0x23,0x7E,0xDD,0x8E,0xFB,0x77,0xDD,
    0x34,0xFF,0xC3,0xEB,0x82,0xDD,0x7E,0xF9,0xB7,0x20,0x0C,0x26,0xB5,0xDD,0x6E,0xF8,
    0xE5,0xCD,0x0B,0x6C,0xF1,0x18,0x12,0xDD,0x34,0xFC,0x20,0x03,0xDD,0x34,0xFD,0x26,
    0xF0,0xDD,0x6E,0xF8,0xE5,0xCD,0x0B,0x6C,0xF1,0xDD,0x7E,0xF6,0x3D,0x20,0x06,0xCD,
    0x9C,0x08,0xCD,0x7E,0x06,0xCD,0x74,0x52,0x2E,0x06,0xCD,0xE3,0x89,0xCD,0x78,0x7D,
    0x7D,0x32,0x84,0xB2,0x3A,0x84,0xB2,0xB7,0xCA,0xA4,0x80,0x21,0xFF,0xFF,0x18,0x06,
    0xDD,0x6E,0xFC,0xDD,0x66,0xFD,0xDD,0xF9,0xDD,0xE1,0xC9,0x07,0x42,0x0A,0x57,0x72,
    0x6F,0x6E,0x67,0x20,0x54,0x44,0x30,0x20,0x66,0x69,0x6C,0x65,0x21,0x00,0x07,0x47,
    0x0A,0x25,0x73,0x00,0x07,0x42,0x0A,0x45,0x72,0x72,0x6F,0x72,0x3A,0x25,0x73,0x00,
    0x07,0x42,0x0A,0x25,0x73,0x20,0x6F,0x6E,0x20,0x73,0x65,0x63,0x74,0x6F,0x72,0x3A,
    0x07,0x46,0x25,0x64,0x00,0xCD,0x5D,0xAD,0xF5,0x21,0x00,0x00,0xE3,0xDD,0x7E,0x04,
    0xB7,0x20,0x19,0x3A,0x14,0xBA,0x4F,0x2A,0x15,0xBA,0x06,0x05,0xCB,0x3C,0xCB,0x1D,
    0xCB,0x19,0x10,0xF8,0xDD,0x71,0xFE,0xDD,0x75,0xFF,0x18,0x22,0xDD,0x7E,0x04,0x3D,
    0x20,0x1C,0x2A,0x14,0xBA,0x3A,0x16,0xBA,0x5F,0x06,0x03,0xCB,0x3B,0xCB,0x1C,0xCB,
    0x1D,0x10,0xF8,0x11,0x05,0x00,0xD5,0xE5,0xCD,0x95,0x87,0xF1,0xF1,0xE3,0xC1,0xC5,
    0x3E,0x55,0xB9,0x3E,0x00,0x98,0x30,0x04,0x21,0x55,0x00,0xE3,0xDD,0x7E,0xFE,0x87,
    0xF5,0x33,0xCD,0x8A,0x6C,0x33,0x21,0xE0,0x50,0x46,0x3A,0xDF,0x50,0x3C,0xC5,0x33,
    0xF5,0x33,0xCD,0x43,0x93,0xF1,0xDD,0x7E,0x04,0xF5,0x33,0xCD,0x1D,0x6D,0x33,0xE1,
    0xE5,0xE5,0x21,0x86,0x85,0xE5,0xCD,0x6F,0xA8,0xF1,0xF1,0x0E,0x00,0x79,0x1E,0x00,
    0xDD,0x96,0xFE,0x7B,0xDD,0x9E,0xFF,0xD2,0x7F,0x85,0x06,0x00,0x78,0xD6,0x02,0xD2,
    0x61,0x85,0xC5,0xC5,0xCD,0xA2,0x6C,0xF1,0xC1,0x79,0x87,0xB0,0x57,0xC5,0xD5,0x3E,
    0xCE,0xF5,0x33,0xD5,0x33,0xCD,0x0B,0x6C,0xF1,0xD1,0xC1,0x21,0x80,0xB2,0x71,0x21,
    0x81,0xB2,0x70,0xC5,0xD5,0x21,0x7F,0xB2,0xE5,0xCD,0x84,0x06,0xF1,0xD1,0xC1,0xC5,
    0xD5,0xC5,0xDD,0x7E,0x04,0xF5,0x33,0xCD,0x92,0x6D,0xF1,0x33,0xD1,0xC1,0x22,0x2C,
    0xBC,0x7D,0xD6,0xFD,0x7C,0xDE,0xFF,0x30,0x58,0xC5,0xD5,0x3E,0xCA,0xF5,0x33,0xD5,
    0x33,0xCD,0x0B,0x6C,0xF1,0x2A,0xFC,0xBC,0xE5,0xDD,0x7E,0x04,0xF5,0x33,0xCD,0x36,
    0x6E,0xF1,0x33,0xD1,0xC1,0x22,0x2C,0xBC,0x7D,0xD6,0xFD,0x7C,0xDE,0xFF,0x30,0x31,
    0xFD,0x21,0x2C,0xBC,0xFD,0x7E,0x01,0xFD,0xB6,0x00,0x20,0x0E,0xC5,0x3E,0xB5,0xF5,
    0x33,0xD5,0x33,0xCD,0x0B,0x6C,0xF1,0xC1,0x18,0x13,0xC5,0x3E,0xF0,0xF5,0x33,0xD5,
    0x33,0xCD,0x0B,0x6C,0xF1,0xC1,0x2A,0x2A,0xBC,0x23,0x22,0x2A,0xBC,0x04,0xC3,0xBC,
    0x84,0xC5,0xCD,0x9C,0x08,0x2E,0x06,0xCD,0xE3,0x89,0xC1,0x2A,0x2C,0xBC,0x7D,0xD6,
    0xFD,0x7C,0xDE,0xFF,0x30,0x09,0xC5,0xCD,0x7E,0x06,0xC1,0x0C,0xC3,0xAD,0x84,0x2A,
    0x2C,0xBC,0xF1,0xDD,0xE1,0xC9,0x07,0x47,0x0A,0x43,0x79,0x6C,0x69,0x6E,0x64,0x65,
    0x72,0x73,0x3A,0x07,0x46,0x25,0x64,0x00,0xCD,0x5D,0xAD,0x21,0x00,0x00,0x22,0x2A,
    0xBC,0x6C,0x22,0x2C,0xBC,0x26,0xC0,0x22,0xFC,0xBC,0xCD,0x9C,0x08,0x2E,0x06,0xCD,
    0xE3,0x89,0x21,0xCC,0x50,0xCD,0x65,0x90,0x21,0xDD,0x50,0xCD,0x65,0x90,0x21,0x7F,
    0xB2,0xE5,0xCD,0x58,0x06,0xF1,0x7D,0x32,0x83,0xB2,0xFD,0x21,0x83,0xB2,0xFD,0x7E,
    0x00,0xB7,0x28,0x16,0xFD,0x7E,0x00,0xF5,0x33,0xCD,0xA7,0x08,0x33,0x01,0xBF,0x86,
    0xE5,0xC5,0xCD,0x6F,0xA8,0xF1,0xF1,0xC3,0xBC,0x86,0x3E,0x04,0xDD,0x96,0x04,0x38,
    0x3F,0xDD,0x4E,0x04,0x06,0x00,0x21,0xFD,0x85,0x09,0x09,0x09,0xE9,0xC3,0x24,0x86,
    0xC3,0x24,0x86,0xC3,0x14,0x86,0xC3,0x1C,0x86,0xC3,0x0C,0x86,0xCD,0x7C,0x7F,0x22,
    0x2C,0xBC,0x18,0x1C,0xCD,0xDE,0x6F,0x22,0x2C,0xBC,0x18,0x14,0xCD,0x21,0x79,0x22,
    0x2C,0xBC,0x18,0x0C,0xDD,0x7E,0x04,0xF5,0x33,0xCD,0x25,0x84,0x33,0x22,0x2C,0xBC,
    0xCD,0x9C,0x08,0x2E,0x06,0xCD,0xE3,0x89,0xCD,0x95,0x06,0xCD,0x81,0x06,0x2A,0x2C,
    0xBC,0x7D,0xA4,0x3C,0x20,0x09,0x3A,0x84,0xB2,0x6F,0xCD,0x44,0x52,0x18,0x6D,0x7D,
    0xD6,0xFE,0x20,0x06,0x7C,0x3C,0x3E,0x01,0x28,0x01,0xAF,0x4F,0xB7,0x20,0x11,0x7D,
    0xD6,0xFD,0x20,0x04,0x7C,0x3C,0x28,0x08,0x7D,0xD6,0xFC,0x20,0x20,0x24,0x20,0x1D,
    0x79,0xB7,0x28,0x06,0x21,0xC5,0x86,0xCD,0x57,0x91,0x2A,0x2C,0xBC,0x7D,0xD6,0xFD,
    0x20,0x3A,0x24,0x20,0x37,0x21,0xD1,0x86,0xCD,0x57,0x91,0x18,0x2F,0xFD,0x21,0x2C,
    0xBC,0xFD,0x7E,0x01,0xFD,0xB6,0x00,0x20,0x08,0x21,0xE3,0x86,0xCD,0x57,0x91,0x18,
    0x0D,0x2A,0x2C,0xBC,0xE5,0x21,0xEC,0x86,0xE5,0xCD,0x6F,0xA8,0xF1,0xF1,0x21,0x04,
    0x87,0xCD,0x57,0x91,0x3E,0x07,0xF5,0x33,0xCD,0x8A,0xAC,0x33,0xDD,0xE1,0xC9,0x07,
    0x42,0x0A,0x25,0x73,0x00,0x07,0x42,0x0A,0x4E,0x6F,0x20,0x44,0x69,0x73,0x6B,0x21,
    0x00,0x07,0x42,0x0A,0x57,0x72,0x69,0x74,0x65,0x20,0x70,0x72,0x6F,0x74,0x65,0x63,
    0x74,0x21,0x00,0x07,0x44,0x0A,0x44,0x6F,0x6E,0x65,0x21,0x00,0x07,0x42,0x0A,0x44,
    0x6F,0x6E,0x65,0x20,0x77,0x69,0x74,0x68,0x20,0x25,0x64,0x20,0x65,0x72,0x72,0x6F,
    0x72,0x73,0x21,0x00,0x07,0x47,0x0A,0x50,0x72,0x65,0x73,0x73,0x20,0x07,0x46,0x45,
    0x53,0x43,0x07,0x47,0x20,0x74,0x6F,0x20,0x65,0x78,0x69,0x74,0x2E,0x00,0xCD,0x5D,
    0xAD,0xDD,0x4E,0x04,0xDD,0x46,0x05,0x59,0x50,0xC5,0x21,0x02,0x00,0xE5,0x21,0x4F,
    0x87,0xE5,0xD5,0xCD,0xAA,0xAC,0xF1,0xF1,0xF1,0xC1,0x7C,0xB5,0x28,0x04,0x2E,0x00,
    0x18,0x0A,0x03,0x03,0x0A,0xB7,0x2E,0x00,0x20,0x02,0x2E,0x01,0xDD,0xE1,0xC9,0x54,
    0x44,0x00,0xCD,0x5D,0xAD,0xDD,0x4E,0x04,0xDD,0x46,0x05,0x21,0x03,0x00,0xE5,0x21,
    0x6D,0x87,0xE5,0xC5,0xCD,0xAA,0xAC,0xF1,0xF1,0xF1,0xDD,0xE1,0xC9,0x46,0x44,0x49,
    0x00,0xCD,0x5D,0xAD,0xDD,0x4E,0x04,0xDD,0x46,0x05,0x21,0x08,0x00,0xE5,0x21,0x8C,
    0x87,0xE5,0xC5,0xCD,0xAA,0xAC,0xF1,0xF1,0xF1,0xDD,0xE1,0xC9,0x53,0x49,0x4E,0x43,
    0x4C,0x41,0x49,0x52,0x00,0xF1,0xE1,0xD1,0xD5,0xE5,0xF5,0x18,0x0A,0x21,0x03,0x00,
    0x39,0x5E,0x2B,0x6E,0x26,0x00,0x54,0x7B,0xE6,0x80,0xB2,0x20,0x10,0x06,0x10,0xED,
    0x6A,0x17,0x93,0x30,0x01,0x83,0x3F,0xED,0x6A,0x10,0xF6,0x5F,0xC9,0x06,0x09,0x7D,
    0x6C,0x26,0x00,0xCB,0x1D,0xED,0x6A,0xED,0x52,0x30,0x01,0x19,0x3F,0x17,0x10,0xF5,
    0xCB,0x10,0x50,0x5F,0xEB,0xC9,0x3A,0x30,0x88,0x32,0x2A,0x88,0x3A,0x31,0x88,0x32,
    0x2B,0x88,0x3A,0x32,0x88,0x32,0x2C,0x88,0x3A,0x33,0x88,0x32,0x2D,0x88,0x3A,0x34,
    0x88,0x32,0x2E,0x88,0x3A,0x35,0x88,0x32,0x2F,0x88,0xC9,0x3A,0x2A,0x88,0x32,0x30,
    0x88,0x3A,0x2B,0x88,0x32,0x31,0x88,0x3A,0x2C,0x88,0x32,0x32,0x88,0x3A,0x2D,0x88,
    0x32,0x33,0x88,0x3A,0x2E,0x88,0x32,0x34,0x88,0x32,0x38,0x88,0x32,0x39,0x88,0x3A,
    0x2F,0x88,0x32,0x35,0x88,0xC9,0x00,0x00,0x00,0x00,0x00,0x00,0x00,0x00,0x00,0x00,
    0x00,0x00,0x00,0x00,0x00,0x00,0x00,0x00,0x00,0x00,0x00,0x00,0x00,0x00,0x00,0x00,
    0x00,0x00,0x00,0x00,0x00,0x00,0x00,0x00,0x80,0x82,0xFF,0xFF,0xFF,0xFF,0xFF,0xFF,
    0xFF,0xFF,0xFF,0xFF,0xFF,0xFF,0xFF,0xFF,0xFF,0xFF,0xFF,0xFF,0xFF,0xFF,0xFF,0xFF,
    0xFF,0xFF,0xFF,0xFF,0xFF,0xFF,0xFF,0xFF,0xFF,0xFF,0xFF,0xFF,0xFF,0xFF,0xFF,0xFF,
    0xFF,0xFF,0xFF,0xFF,0xFF,0xFF,0xFF,0xFF,0xFF,0xFF,0xFF,0xFF,0xFF,0xFF,0xFF,0xFF,
    0xFF,0xFF,0xFF,0xFF,0xFF,0xFF,0xFF,0xFF,0xFF,0xFF,0xFF,0xFF,0xFF,0xFF,0xFF,0xFF,
    0xFF,0xFF,0xFF,0xFF,0xFF,0xFF,0xFF,0xFF,0xFF,0xFF,0xFF,0xFF,0xFF,0xFF,0xFF,0xFF,
    0xFF,0xFF,0xFF,0xFF,0xFF,0xFF,0xFF,0xFF,0xFF,0xFF,0xFF,0xFF,0xFF,0xFF,0xFF,0xFF,
    0xFF,0xFF,0xFF,0xFF,0xFF,0xFF,0xFF,0xFF,0xFF,0xFF,0xFF,0xFF,0xFF,0xFF,0xFF,0xFF,
    0xFF,0xFF,0xFF,0xFF,0xFF,0xFF,0xFF,0xFF,0xFF,0xFF,0xFF,0xFF,0xFF,0xFF,0xFF,0xFF,
    0xFF,0xFF,0xFF,0xFF,0xFF,0xFF,0xFF,0xFF,0xFF,0xFF,0xFF,0xFF,0xFF,0xFF,0xFF,0xFF,
    0xFF,0xFF,0xFF,0xFF,0xFF,0xFF,0xFF,0xFF,0xFF,0xFF,0xF0,0x90,0x0E,0x07,0xB7,0x0F,
    0x40,0x20,0xDB,0xDB,0xDB,0x20,0x20,0x20,0x20,0x20,0x20,0x20,0xC4,0x20,0xDB,0xDB,
    0xDB,0x04,0x05,0x06,0x07,0x08,0x09,0x0A,0xC4,0x20,0xC9,0xCD,0xBB,0xBA,0xBA,0xC8,
    0xCD,0xBC,0xC7,0xB6,0xC4,0x20,0x20,0x20,0x20,0x20,0x20,0x20,0x20,0x20,0x20,0x20,
    0xC4,0x20,0x01,0x02,0x03,0x04,0x05,0x06,0x07,0x08,0x09,0x0A,0xC4,0x20,0x01,0x02,
    0x03,0x04,0x05,0x06,0x07,0x08,0x09,0x0A,0xC4,0x20,0x20,0x20,0x20,0x20,0x20,0x20,
    0x20,0x20,0x20,0x20,0xC4,0x20,0x04,0x20,0x05,0x04,0x05,0x06,0x07,0x08,0x09,0x0A,
    0xC4,0x20,0xBA,0x20,0xBA,0xBA,0xBA,0xC8,0xCD,0xBC,0xC7,0xB6,0xC4,0xFF,0xFF,0xFF,
    0xFF,0xFF,0xFF,0xFF,0xFF,0xFF,0xFF,0xFF,0xFF,0xFF,0xFF,0xFF,0xFF,0xFF,0xFF,0xFF,
    0xFF,0xFF,0xFF,0xFF,0xFF,0xFF,0xFF,0xFF,0xFF,0xFF,0xFF,0xFF,0xFF,0xFF,0xFF,0xFF,
    0xFF,0xFF,0xFF,0xFF,0xFF,0xC9,0xF3,0x21,0x02,0x00,0x39,0x7E,0x23,0x32,0x48,0x88,
    0x7E,0x32,0x49,0x88,0x3E,0x10,0x32,0x26,0x88,0x3E,0xB0,0x32,0x27,0x88,0x2E,0x04,
    0xCD,0xE3,0x89,0xCD,0xC4,0x89,0x2E,0x38,0xCD,0xE3,0x89,0xCD,0xC4,0x89,0xAF,0x32,
    0x46,0x88,0x32,0x47,0x88,0xED,0x56,0x21,0x38,0x00,0x11,0xD1,0x89,0x36,0xC3,0x23,
    0x73,0x23,0x72,0xC9,0x21,0x00,0xC0,0x11,0x01,0xC0,0x01,0xFF,0x3F,0x75,0xED,0xB0,
    0xC9,0xF3,0xF5,0xC5,0xD5,0xE5,0x2A,0x28,0x88,0x23,0x22,0x28,0x88,0xE1,0xD1,0xC1,
    0xF1,0xFB,0xC9,0xF5,0xC5,0xD5,0x3A,0x26,0x88,0x5F,0x3A,0x27,0x88,0x57,0x7D,0xE6,
    0x07,0xB3,0x01,0xFD,0x7F,0xED,0x79,0x7D,0x1F,0x1F,0x1F,0xE6,0x07,0xB2,0x06,0xDF,
    0xED,0x79,0xD1,0xC1,0xF1,0xC9,0x22,0x3C,0x88,0xC9,0xDD,0xE5,0xDD,0x21,0x00,0x00,
    0xDD,0x39,0x3B,0xDD,0x36,0xFF,0x00,0xDD,0x5E,0x04,0xDD,0x56,0x05,0x4B,0x42,0x21,
    0x0D,0x00,0x09,0x4E,0x23,0x46,0xC5,0xEB,0xE5,0xCD,0x65,0x90,0xD1,0xC1,0x13,0x1A,
    0x3D,0x20,0x0D,0x69,0x60,0xE5,0xCD,0x47,0x8A,0xE1,0xCD,0x5F,0x8A,0xDD,0x75,0xFF,
    0xDD,0x6E,0xFF,0x33,0xDD,0xE1,0xC9,0xDD,0xE5,0xE5,0xDD,0xE1,0xE5,0xCD,0x3B,0x8B,
    0xE1,0xDD,0xE1,0xC9,0xDD,0xE5,0xE5,0xDD,0xE1,0xCD,0x3B,0x8B,0xDD,0xE1,0xC9,0xDD,
    0xE5,0xDD,0x21,0x9F,0x8A,0xDD,0xE5,0xE5,0xDD,0xE1,0xCD,0x5A,0x8C,0xCD,0x4E,0x8D,
    0xCD,0x06,0x8C,0xFB,0x76,0xCD,0x6B,0xAA,0x7D,0xB7,0x28,0xF7,0xFE,0x0A,0x28,0x59,
    0xFE,0x0B,0x28,0x75,0xFE,0x08,0x28,0x2E,0xFE,0x09,0x28,0x39,0xFE,0x0D,0x28,0x1F,
    0xFE,0x0E,0x28,0x0E,0xCD,0x26,0x8C,0x7D,0xFE,0xFF,0x20,0xD7,0x2E,0xFD,0xC9,0xDD,
    0xE1,0xC9,0xDD,0x7E,0x00,0xE6,0x80,0x28,0xCA,0xCD,0x08,0x8D,0x2E,0xFE,0xC9,0xCD,
    0x08,0x8D,0xDD,0x6E,0x04,0xC9,0xCD,0x08,0x8D,0xAF,0xDD,0x77,0x04,0xCD,0x4E,0x8D,
    0xCD,0x06,0x8C,0x18,0xAE,0xCD,0x08,0x8D,0xDD,0x7E,0x07,0xB7,0x28,0xEC,0xDD,0xBE,
    0x06,0x38,0x03,0xDD,0x7E,0x06,0x3D,0x18,0xE1,0xCD,0x08,0x8D,0xDD,0x7E,0x04,0x3C,
    0xDD,0xBE,0x07,0x30,0xD8,0xDD,0xBE,0x06,0x20,0xD0,0xCD,0x71,0x8B,0xDD,0x7E,0x00,
    0xE6,0x40,0x28,0xC6,0xDD,0x7E,0x04,0x18,0xC1,0xCD,0x08,0x8D,0xDD,0x7E,0x04,0x3D,
    0xF2,0xBA,0x8A,0xCD,0xB1,0x8B,0xDD,0x7E,0x00,0xE6,0x40,0xDD,0x7E,0x04,0x20,0xAA,
    0xDD,0x7E,0x06,0x3D,0x18,0xA4,0xDD,0x5E,0x0C,0xDD,0x56,0x0D,0x7B,0xB2,0xC9,0xDD,
    0x7E,0x04,0xDD,0x86,0x05,0x81,0xC9,0x3A,0x31,0x88,0xDD,0x86,0x03,0xDD,0x86,0x04,
    0x81,0x32,0x37,0x88,0x3A,0x30,0x88,0x32,0x36,0x88,0xC9,0xCD,0x16,0x8B,0xC8,0x0E,
    0x00,0xDD,0x7E,0x07,0xB7,0xC8,0xDD,0x7E,0x04,0xF5,0xDD,0x36,0x04,0x00,0xCD,0x56,
    0x8B,0xF1,0xDD,0x77,0x04,0xC9,0xCD,0x27,0x8B,0xCD,0x1F,0x8B,0xCD,0xEE,0x8B,0xDD,
    0x7E,0x05,0x0C,0x81,0xDD,0xBE,0x07,0xC8,0xDD,0x96,0x05,0xDD,0xBE,0x06,0x20,0xE6,
    0xC9,0xCD,0x16,0x8B,0xC8,0xDD,0xE5,0xFD,0xE5,0x2A,0x40,0x88,0xE5,0xDD,0x7E,0x04,
    0x3C,0xDD,0x86,0x05,0xDD,0xBE,0x07,0x30,0x1C,0xD5,0xE5,0xCD,0x08,0x8D,0xE1,0xD1,
    0xDD,0x34,0x05,0xF5,0xD5,0xCD,0xB6,0x8D,0xCD,0x4E,0x8D,0x0E,0x00,0xCD,0x27,0x8B,
    0xD1,0xF1,0xCD,0xEE,0x8B,0xE1,0x22,0x40,0x88,0xCD,0x47,0x8F,0xFD,0xE1,0xDD,0xE1,
    0xC9,0xCD,0x16,0x8B,0xC8,0xDD,0xE5,0xFD,0xE5,0x2A,0x40,0x88,0xE5,0xDD,0x7E,0x04,
    0xDD,0x86,0x05,0x28,0x1D,0xD5,0xE5,0xCD,0x08,0x8D,0xE1,0xD1,0x3D,0xDD,0x35,0x05,
    0xF5,0xD5,0x0E,0x00,0xCD,0x27,0x8B,0xCD,0xF5,0x8D,0xD1,0xF1,0xCD,0xEE,0x8B,0xCD,
    0x4E,0x8D,0xE1,0x22,0x40,0x88,0xCD,0x47,0x8F,0xFD,0xE1,0xDD,0xE1,0xC9,0xDD,0xE5,
    0xD5,0xC5,0xF5,0xF5,0x33,0xDD,0xE5,0x21,0xFD,0x8B,0xE5,0xEB,0xE9,0xF1,0xF1,0x3B,
    0xF1,0xC1,0xD1,0xDD,0xE1,0xC9,0xDD,0x5E,0x08,0xDD,0x56,0x09,0x7B,0xB2,0xC8,0xDD,
    0xE5,0xFD,0xE5,0x2A,0x40,0x88,0xE5,0xCD,0xEE,0x8B,0xE1,0x22,0x40,0x88,0xCD,0x47,
    0x8F,0xFD,0xE1,0xDD,0xE1,0xC9,0xDD,0xE5,0xFD,0xE5,0xDD,0x5E,0x0A,0xDD,0x56,0x0B,
    0x7B,0xB2,0x28,0x1F,0xED,0x4B,0x40,0x88,0xC5,0x7D,0xCD,0xEE,0x8B,0xD1,0xED,0x53,
    0x40,0x88,0xE5,0xEB,0xCD,0x47,0x8F,0xE1,0x7D,0xFE,0xFE,0x20,0x08,0xCD,0x5A,0x8C,
    0xCD,0x4E,0x8D,0x2E,0x00,0xFD,0xE1,0xDD,0xE1,0xC9,0xDD,0x6E,0x0E,0xDD,0x66,0x0F,
    0x7D,0xB4,0xC8,0xAF,0xF5,0xCD,0x70,0x8C,0xF1,0x3C,0xDD,0xBE,0x06,0x20,0xF5,0xC9,
    0xF5,0x4F,0x3A,0x31,0x88,0xDD,0x86,0x03,0x81,0x67,0x3A,0x30,0x88,0x6F,0xE5,0xCD,
    0x43,0x93,0xE1,0xF1,0x87,0x4F,0x06,0x00,0xDD,0x6E,0x0E,0xDD,0x66,0x0F,0x09,0x7E,
    0x23,0x66,0x6F,0x7E,0x23,0x5E,0x23,0x56,0xFE,0x00,0x28,0x0A,0xFE,0x01,0x28,0x0A,
    0xFE,0x02,0xCA,0xEE,0x8B,0xC9,0xEB,0xC3,0x57,0x91,0xEB,0xDD,0xE5,0xE5,0xDD,0xE1,
    0xDD,0x6E,0x00,0xDD,0x66,0x01,0x7E,0xF5,0xDD,0x6E,0x02,0xDD,0x66,0x03,0xCD,0x57,
    0x91,0xF1,0xDD,0xE1,0x6F,0x26,0x00,0x29,0xDD,0x5E,0x10,0xDD,0x56,0x11,0x19,0x5E,
    0x23,0x56,0x18,0xD2,0xDD,0xE5,0xE5,0xDD,0xE1,0xF5,0x3A,0x31,0x88,0xDD,0x86,0x03,
    0xDD,0x86,0x04,0x57,0x3A,0x30,0x88,0x3D,0x5F,0x3A,0x35,0x88,0xCD,0x1D,0x96,0x3A,
    0x32,0x88,0x47,0xDD,0x4E,0x02,0x3A,0x34,0x88,0xE6,0x38,0xCD,0xE8,0x95,0x3A,0x35,
    0x88,0xCD,0x1D,0x96,0xF1,0xDD,0xE1,0xC9,0xDD,0xE5,0x18,0xCD,0xDD,0xE5,0xE5,0xDD,
    0xE1,0x3A,0x31,0x88,0xDD,0x86,0x03,0xDD,0x86,0x04,0x57,0x3A,0x30,0x88,0x3D,0x5F,
    0xDD,0x7E,0x01,0xE6,0xB8,0x4F,0x3A,0x35,0x88,0xE6,0x47,0xB1,0xCD,0x1D,0x96,0x3A,
    0x32,0x88,0x47,0xDD,0x7E,0x01,0xDD,0x4E,0x02,0xCD,0xE8,0x95,0xDD,0x7E,0x01,0xE6,
    0xB8,0x4F,0x3A,0x35,0x88,0xE6,0x47,0xB1,0xCD,0x1D,0x96,0xDD,0xE1,0xC9,0xDD,0xE5,
    0x18,0xBF,0x3A,0x46,0x88,0xF5,0x6F,0x26,0x00,0x29,0x29,0x11,0x5D,0x89,0x19,0x23,
    0x23,0x7E,0x23,0x66,0x6F,0xE5,0xDD,0xE1,0xDD,0x5E,0x02,0xDD,0x56,0x03,0xDD,0x46,
    0x04,0x04,0x04,0xDD,0x4E,0x05,0x0C,0xF1,0x3D,0x32,0x46,0x88,0xC3,0x7F,0x8D,0x3A,
    0x46,0x88,0xF5,0x32,0x46,0x88,0xF5,0x6F,0x26,0x00,0x29,0x29,0x11,0x5D,0x89,0x19,
    0x23,0x23,0x7E,0x23,0x66,0x6F,0xE5,0xCD,0x65,0x90,0xDD,0xE1,0xDD,0x7E,0x01,0xFE,
    0x01,0x20,0x09,0xDD,0x6E,0x0D,0xDD,0x66,0x0E,0xCD,0x54,0x8A,0xF1,0x3D,0xC2,0x83,
    0x8D,0xF1,0x32,0x46,0x88,0xC9,0xDD,0xE5,0xE5,0xDD,0xE1,0xDD,0xE5,0xDD,0x6E,0x04,
    0xDD,0x66,0x05,0x2D,0x2D,0x25,0x25,0xE5,0xDD,0x6E,0x02,0xDD,0x66,0x03,0x2C,0x24,
    0xE5,0xCD,0x8D,0x93,0xF1,0xF1,0xDD,0xE1,0xDD,0x5E,0x02,0xDD,0x7E,0x03,0xDD,0x86,
    0x05,0x3D,0x3D,0x57,0x1C,0xDD,0x46,0x04,0x05,0x05,0xDD,0x4E,0x06,0x3E,0x20,0xCD,
    0x74,0x95,0xDD,0xE1,0xC9,0xDD,0xE5,0xE5,0xDD,0xE1,0xDD,0xE5,0xDD,0x6E,0x04,0xDD,
    0x66,0x05,0x2D,0x2D,0x25,0x25,0xE5,0xDD,0x6E,0x02,0xDD,0x66,0x03,0x2C,0x24,0xE5,
    0xCD,0xE1,0x94,0xF1,0xF1,0xDD,0xE1,0xDD,0x5E,0x02,0xDD,0x56,0x03,0x14,0x1C,0xDD,
    0x46,0x04,0x05,0x05,0xDD,0x4E,0x06,0x3E,0x20,0xCD,0x74,0x95,0xDD,0xE1,0xC9,0xDD,
    0xE5,0xDD,0x21,0x04,0x00,0xDD,0x39,0xDD,0x7E,0x00,0x32,0x47,0x88,0xAF,0x32,0x3B,
    0x88,0x11,0xF1,0x88,0xDD,0x7E,0x06,0xE6,0x53,0x28,0x36,0x11,0xFD,0x88,0xFE,0x01,
    0x28,0x2F,0x11,0x09,0x89,0xFE,0x02,0x28,0x28,0x11,0x15,0x89,0xFE,0x40,0x28,0x21,
    0x11,0x21,0x89,0xFE,0x41,0x28,0x1A,0x11,0x2D,0x89,0xFE,0x42,0x28,0x13,0xE6,0x13,
    0x11,0x39,0x89,0xFE,0x10,0x28,0x0A,0x11,0x45,0x89,0xFE,0x11,0x28,0x03,0x11,0x51,
    0x89,0xED,0x53,0x44,0x88,0xDD,0x5E,0x01,0xDD,0x56,0x02,0xDD,0x4E,0x07,0xDD,0x46,
    0x03,0x05,0x05,0x3E,0x01,0xCD,0x24,0x8F,0x3E,0x02,0xCD,0x24,0x8F,0x10,0xFB,0x3E,
    0x03,0xCD,0x24,0x8F,0x14,0xDD,0x46,0x04,0x05,0x05,0xCD,0xF0,0x8E,0x10,0xFB,0xDD,
    0x5E,0x01,0x3E,0x06,0xDD,0x4E,0x07,0xCD,0x24,0x8F,0xDD,0x46,0x03,0x05,0x05,0x3E,
    0x07,0xCD,0x24,0x8F,0x10,0xFB,0x3E,0x08,0xCD,0x24,0x8F,0xDD,0xCB,0x06,0x7E,0x20,
    0x08,0x3E,0xC0,0xCD,0x1D,0x96,0xCD,0x1D,0x96,0x14,0xDD,0x5E,0x01,0x1C,0x1C,0xDD,
    0xCB,0x06,0x7E,0x20,0x08,0xDD,0x46,0x03,0x3E,0xC0,0xCD,0x17,0x96,0xDD,0xE1,0xC9,
    0xC5,0xDD,0x5E,0x01,0xDD,0x46,0x03,0x05,0x05,0xDD,0x4E,0x07,0x3E,0x04,0xCD,0x24,
    0x8F,0x3E,0x00,0xDD,0x4E,0x05,0xCD,0x24,0x8F,0x10,0xFB,0x3E,0x05,0xDD,0x4E,0x07,
    0xCD,0x24,0x8F,0xDD,0xCB,0x06,0x7E,0x20,0x08,0x3E,0xC0,0xCD,0x1D,0x96,0xCD,0x1D,
    0x96,0x14,0xC1,0xC9,0x6F,0xF5,0xC5,0x26,0x00,0xED,0x4B,0x44,0x88,0x09,0x7E,0xC1,
    0xCD,0x7E,0x95,0xF1,0xC9,0xE5,0xE5,0xE5,0xCD,0x47,0x8F,0xE1,0xCD,0x94,0x8F,0xE1,
    0xCD,0xD4,0x8F,0xE1,0xC3,0x4A,0x90,0xDD,0xE5,0xE5,0xDD,0xE1,0xDD,0x56,0x03,0x7A,
    0x3C,0x32,0x31,0x88,0x32,0x37,0x88,0xDD,0x5E,0x02,0x7B,0x3C,0x32,0x30,0x88,0x32,
    0x36,0x88,0xDD,0x7E,0x04,0xD6,0x02,0x32,0x32,0x88,0xDD,0x7E,0x05,0xD6,0x02,0x32,
    0x33,0x88,0xDD,0x4E,0x0D,0xDD,0x46,0x0E,0xED,0x43,0x3E,0x88,0x22,0x40,0x88,0xDD,
    0x7E,0x08,0x32,0x35,0x88,0xDD,0x7E,0x06,0x32,0x34,0x88,0x32,0x38,0x88,0x32,0x39,
    0x88,0xDD,0xE1,0xC9,0xDD,0xE5,0xCD,0x47,0x8F,0xE5,0xDD,0xE1,0xDD,0x6E,0x07,0xDD,
    0x66,0x08,0xCB,0xFD,0xE5,0xDD,0x7E,0x06,0xF5,0x33,0xDD,0x6E,0x04,0xDD,0x66,0x05,
    0xE5,0xDD,0x6E,0x02,0xDD,0x66,0x03,0xE5,0xDD,0x7E,0x00,0xF5,0x33,0xCD,0x2F,0x8E,
    0x21,0x08,0x00,0x39,0xF9,0xDD,0xE5,0xE1,0xCD,0xD4,0x8F,0xDD,0xE5,0xE1,0xCD,0x47,
    0x8F,0xDD,0xE1,0xC9,0xDD,0xE5,0xE5,0xDD,0xE1,0xDD,0xCB,0x07,0x76,0x20,0x49,0xDD,
    0x7E,0x08,0x5F,0xE6,0x07,0x87,0x87,0x87,0xCB,0x73,0x28,0x02,0xF6,0x80,0x32,0x38,
    0x88,0x32,0x34,0x88,0x32,0x39,0x88,0xDD,0x56,0x03,0xDD,0x5E,0x02,0x1C,0xDD,0x6E,
    0x09,0xDD,0x66,0x0A,0x7D,0xB4,0xC4,0x0E,0x92,0xDD,0xCB,0x07,0x6E,0x20,0x19,0x21,
    0x37,0x90,0xDD,0x5E,0x02,0x1C,0xCD,0x5F,0x91,0xDD,0x7E,0x08,0xE6,0x47,0x4F,0x3E,
    0xA8,0xB1,0x4F,0x3E,0xD8,0xCD,0x7E,0x95,0xDD,0x7E,0x06,0x32,0x34,0x88,0x32,0x38,
    0x88,0x32,0x39,0x88,0xDD,0xE1,0xC9,0x07,0x42,0xD8,0x08,0x90,0x07,0x46,0xD8,0x08,
    0xB0,0x07,0x44,0xD8,0x08,0xA0,0x07,0x45,0xD8,0x00,0xDD,0xE5,0xE5,0xDD,0xE1,0xDD,
    0x56,0x03,0x14,0xDD,0x5E,0x02,0x1C,0xDD,0x6E,0x0B,0xDD,0x66,0x0C,0x7D,0xB4,0xC4,
    0x5F,0x91,0xDD,0xE1,0xC9,0xCD,0x47,0x8F,0xDD,0xE5,0xE5,0xDD,0xE1,0xDD,0x6E,0x07,
    0xDD,0x66,0x08,0xE5,0xDD,0x7E,0x06,0xF5,0x33,0xDD,0x6E,0x04,0xDD,0x66,0x05,0xE5,
    0xDD,0x6E,0x02,0xDD,0x66,0x03,0xE5,0x3A,0x46,0x88,0x3C,0x32,0x46,0x88,0xDD,0x77,
    0x00,0xF5,0x33,0xCD,0x2F,0x8E,0x21,0x08,0x00,0x39,0xF9,0xDD,0xE5,0xE1,0xCD,0xD4,
    0x8F,0xDD,0xE5,0xE1,0xCD,0x4A,0x90,0xDD,0xE1,0xC9,0x3A,0x56,0x91,0xB7,0x20,0x69,
    0x7D,0xFE,0x09,0xCA,0x08,0x91,0xFE,0x0A,0x28,0x31,0xFE,0x0D,0x28,0x42,0x32,0x56,
    0x91,0xFE,0x20,0xD8,0xAF,0x32,0x56,0x91,0x3A,0x30,0x88,0x5F,0x3A,0x32,0x88,0x83,
    0x5F,0x3A,0x36,0x88,0xBB,0xD0,0x5F,0x32,0x36,0x88,0x3A,0x37,0x88,0x57,0x3A,0x38,
    0x88,0x4F,0x7D,0xCD,0x7E,0x95,0x7B,0x32,0x36,0x88,0xC9,0x3A,0x33,0x88,0x47,0x3A,
    0x31,0x88,0x80,0x47,0x3A,0x37,0x88,0x3C,0xB8,0xD4,0x48,0x91,0x32,0x37,0x88,0x57,
    0x3A,0x30,0x88,0x32,0x36,0x88,0x5F,0xC9,0x3A,0x30,0x88,0x67,0x3A,0x36,0x88,0x94,
    0xC6,0x08,0xE6,0xF8,0x84,0x32,0x36,0x88,0xC9,0x08,0xAF,0x32,0x56,0x91,0x08,0xFE,
    0x07,0x28,0x05,0xFE,0x08,0x28,0x0F,0xC9,0x7D,0xE6,0x47,0x6F,0x3A,0x39,0x88,0xE6,
    0xB8,0xB5,0x32,0x38,0x88,0xC9,0x3A,0x38,0x88,0xE6,0x47,0x67,0x7D,0x87,0x87,0x87,
    0x32,0x39,0x88,0xB4,0x32,0x38,0x88,0xC9,0xE5,0xD5,0x2A,0x40,0x88,0xCD,0xB6,0x8D,
    0xD1,0xE1,0x3A,0x37,0x88,0xC9,0x00,0x3A,0x36,0x88,0x5F,0x3A,0x37,0x88,0x57,0x7E,
    0xB7,0xC8,0x23,0xFE,0x07,0xCA,0xA2,0x91,0xFE,0x08,0xCA,0xB3,0x91,0xFE,0x09,0xCA,
    0x04,0x92,0xFE,0x0A,0xCA,0xE5,0x91,0xFE,0x0C,0xCA,0xC7,0x91,0xFE,0x0D,0xCA,0xFA,
    0x91,0xFE,0x0E,0xCA,0x0E,0x92,0xFE,0x0F,0xCA,0x25,0x92,0xFE,0xFE,0xCA,0x3A,0x92,
    0xE5,0x6F,0x3A,0x38,0x88,0x4F,0x7D,0xCD,0x7E,0x95,0x7B,0x32,0x36,0x88,0xE1,0xC3,
    0x5F,0x91,0x3A,0x39,0x88,0xE6,0xB8,0x4F,0x7E,0x23,0xE6,0x47,0xB1,0x32,0x38,0x88,
    0xC3,0x5F,0x91,0x3A,0x38,0x88,0xE6,0x47,0x4F,0x7E,0x23,0xE6,0xB8,0xB1,0x32,0x38,
    0x88,0x32,0x39,0x88,0xC3,0x5F,0x91,0x3A,0x38,0x88,0x4F,0xE6,0x07,0x17,0x17,0x17,
    0x32,0x38,0x88,0x79,0x1F,0x1F,0x1F,0x4F,0x3A,0x38,0x88,0xB1,0x32,0x38,0x88,0x32,
    0x39,0x88,0xC3,0x5F,0x91,0x3A,0x33,0x88,0x47,0x3A,0x31,0x88,0x80,0x47,0x3A,0x37,
    0x88,0x3C,0xB8,0xD4,0x52,0x92,0x32,0x37,0x88,0x57,0x3A,0x30,0x88,0x32,0x36,0x88,
    0x5F,0xC3,0x5F,0x91,0x7E,0x23,0x83,0x5F,0x32,0x36,0x88,0xC3,0x5F,0x91,0xE5,0xCD,
    0x76,0x92,0xE1,0x3A,0x32,0x88,0x90,0xCB,0x3F,0x47,0x3A,0x30,0x88,0x80,0x5F,0x32,
    0x36,0x88,0xC3,0x5F,0x91,0xE5,0xCD,0x76,0x92,0xE1,0x3A,0x32,0x88,0x4F,0x3A,0x30,
    0x88,0x81,0x90,0x5F,0x32,0x36,0x88,0xC3,0x5F,0x91,0x7E,0x23,0xE5,0x6F,0x26,0x00,
    0x29,0xED,0x4B,0x3C,0x88,0x09,0x7E,0x23,0x66,0x6F,0xB4,0xC4,0x5F,0x91,0xE1,0xC3,
    0x5F,0x91,0xE5,0xD5,0x2A,0x40,0x88,0xCD,0xB6,0x8D,0xD1,0xE1,0x3A,0x37,0x88,0xC9,
    0x7E,0x23,0xB7,0xC8,0xC5,0xED,0x4B,0x38,0x88,0xE5,0xCD,0x7E,0x95,0x7B,0x32,0x36,
    0x88,0xE1,0xC1,0x10,0xEB,0xC9,0x06,0xFF,0x7E,0x23,0xFE,0x07,0x28,0x20,0xFE,0x08,
    0x28,0x1C,0xFE,0x09,0x28,0x1F,0xFE,0x0C,0x28,0x14,0xFE,0x0E,0x28,0x09,0xFE,0x0F,
    0x28,0x05,0xFE,0xFE,0x28,0x15,0x04,0xFE,0x0A,0xC8,0xB7,0x20,0xDB,0xC9,0x23,0x18,
    0xD7,0x23,0x23,0x18,0xD3,0x7E,0x23,0x80,0x47,0x18,0xCD,0x05,0x7E,0x23,0xE5,0x6F,
    0x26,0x00,0x29,0xC5,0xED,0x4B,0x3C,0x88,0x09,0xC1,0x7E,0x23,0x66,0x6F,0xCD,0x78,
    0x92,0xE1,0x18,0xB4,0xE5,0xCD,0xDD,0x92,0x55,0xE1,0x0E,0x00,0x7A,0xB7,0x28,0x0B,
    0xCD,0x76,0x92,0x79,0xB8,0x30,0x01,0x48,0x15,0x18,0xF1,0x69,0xC9,0x06,0x00,0x7E,
    0xB7,0x28,0x08,0x23,0xFE,0x0A,0x20,0xF7,0x04,0x18,0xF4,0x04,0x68,0xC9,0x21,0x02,
    0x00,0x39,0x5E,0x23,0x56,0x23,0x7E,0x23,0x4E,0xC3,0x7E,0x95,0x21,0x02,0x00,0x39,
    0x5E,0x23,0x56,0x23,0x4E,0x23,0x7E,0x23,0x66,0x6F,0xE5,0xD5,0xC5,0x5D,0x44,0x21,
    0x00,0x00,0x54,0x78,0xB7,0x28,0x10,0x19,0x10,0xFD,0x01,0x64,0x10,0xAF,0x29,0x17,
    0xB9,0x38,0x02,0x2C,0x91,0x10,0xF7,0xC1,0x45,0xD1,0xE1,0x78,0xB7,0x28,0x09,0xC5,
    0xE5,0x3E,0xDB,0xCD,0x74,0x95,0xE1,0xC1,0x7D,0x90,0x28,0x06,0x47,0x3E,0x20,0xCD,
    0x74,0x95,0xC9,0x21,0x02,0x00,0x39,0x7E,0x23,0x32,0x36,0x88,0x7E,0x23,0x32,0x37,
    0x88,0xC9,0xFB,0x76,0x7D,0xB4,0x20,0x03,0x21,0x74,0x93,0x11,0x00,0x10,0x7E,0x23,
    0xCD,0x68,0x93,0x1C,0x15,0x20,0xF7,0xC9,0x2F,0x47,0x0E,0x7E,0x7B,0xEE,0x0F,0xD3,
    0xFE,0xED,0x79,0xC9,0x00,0x02,0x10,0x12,0x80,0x82,0x90,0x92,0x49,0x03,0x18,0x1B,
    0xC0,0xC3,0xD8,0xDB,0x21,0x02,0x00,0x39,0x5E,0x23,0x7E,0x18,0xDB,0xDD,0xE5,0xDD,
    0x21,0x04,0x00,0xDD,0x39,0xDD,0x5E,0x00,0xDD,0x56,0x01,0xDD,0x4E,0x02,0xDD,0x7E,
    0x03,0xB7,0x28,0x4B,0x3D,0x28,0x48,0x47,0xCD,0x49,0x95,0x5D,0x54,0xCD,0xF2,0x93,
    0xCB,0x6C,0x28,0x1F,0xE5,0x2E,0x04,0xCD,0xE3,0x89,0xE1,0xCD,0x1A,0x94,0xE5,0x2E,
    0x38,0xCD,0xE3,0x89,0xE1,0xCD,0x1A,0x94,0xCD,0xF2,0x93,0xCD,0xFC,0x93,0x10,0xE4,
    0xDD,0xE1,0xC9,0xE5,0x2E,0x04,0xCD,0xE3,0x89,0xE1,0xCD,0x56,0x94,0xE5,0x2E,0x38,
    0xCD,0xE3,0x89,0xE1,0xCD,0x56,0x94,0xCD,0xF2,0x93,0xCD,0xFC,0x93,0x10,0xE4,0xDD,
    0xE1,0xC9,0x7D,0xC6,0x20,0x6F,0xD0,0x7C,0xC6,0x08,0x67,0xC9,0x7B,0xC6,0x20,0x5F,
    0xD0,0x7A,0xC6,0x08,0x57,0xC9,0x7D,0xD6,0x20,0x6F,0xD0,0x7C,0xD6,0x08,0x67,0xC9,
    0x7B,0xD6,0x20,0x5F,0xD0,0x7A,0xD6,0x08,0x57,0xC9,0xC5,0xD5,0xE5,0x06,0x00,0x79,
    0x32,0x3C,0x94,0xCB,0x39,0x3E,0x08,0x08,0xC5,0xD5,0xE5,0xC5,0xD5,0xE5,0xCD,0x92,
    0x94,0xE1,0xD1,0xC1,0xCB,0xAC,0xCB,0xAA,0xCD,0x92,0x94,0x3E,0x00,0x0F,0x30,0x08,
    0xCB,0xEC,0xCB,0xEA,0x2C,0x1C,0x7E,0x12,0xE1,0xD1,0xC1,0x24,0x14,0x08,0x3D,0xC2,
    0x27,0x94,0xE1,0xD1,0xC1,0xC9,0xC5,0xD5,0xE5,0x06,0x00,0x79,0x32,0x7A,0x94,0xCB,
    0x39,0x3E,0x08,0x08,0xC5,0xD5,0xE5,0xC5,0xD5,0xE5,0xCD,0x92,0x94,0xE1,0xD1,0xC1,
    0xCB,0xEC,0xCB,0xEA,0x2C,0x1C,0xCD,0x92,0x94,0x3E,0x00,0x0F,0x30,0x06,0xCB,0xAC,
    0xCB,0xAA,0x7E,0x12,0xE1,0xD1,0xC1,0x24,0x14,0x08,0x3D,0xC2,0x63,0x94,0xE1,0xD1,
    0xC1,0xC9,0x3E,0x20,0x91,0xE6,0x1F,0x87,0x32,0x9C,0x94,0x18,0xFE,0xED,0xA0,0xED,
    0xA0,0xED,0xA0,0xED,0xA0,0xED,0xA0,0xED,0xA0,0xED,0xA0,0xED,0xA0,0xED,0xA0,0xED,
    0xA0,0xED,0xA0,0xED,0xA0,0xED,0xA0,0xED,0xA0,0xED,0xA0,0xED,0xA0,0xED,0xA0,0xED,
    0xA0,0xED,0xA0,0xED,0xA0,0xED,0xA0,0xED,0xA0,0xED,0xA0,0xED,0xA0,0xED,0xA0,0xED,
    0xA0,0xED,0xA0,0xED,0xA0,0xED,0xA0,0xED,0xA0,0xED,0xA0,0xED,0xA0,0xEA,0x9D,0x94,
    0xC9,0xDD,0xE5,0xDD,0x21,0x04,0x00,0xDD,0x39,0xDD,0x5E,0x00,0xDD,0x56,0x01,0xDD,
    0x4E,0x02,0xDD,0x7E,0x03,0xB7,0x28,0x4E,0x3D,0x28,0x4B,0x47,0x7A,0x80,0x57,0xCD,
    0x49,0x95,0x5D,0x54,0xCD,0x06,0x94,0xCB,0x6C,0x28,0x1F,0xE5,0x2E,0x04,0xCD,0xE3,
    0x89,0xE1,0xCD,0x1A,0x94,0xE5,0x2E,0x38,0xCD,0xE3,0x89,0xE1,0xCD,0x1A,0x94,0xCD,
    0x06,0x94,0xCD,0x10,0x94,0x10,0xE4,0xDD,0xE1,0xC9,0xE5,0x2E,0x04,0xCD,0xE3,0x89,
    0xE1,0xCD,0x56,0x94,0xE5,0x2E,0x38,0xCD,0xE3,0x89,0xE1,0xCD,0x56,0x94,0xCD,0x06,
    0x94,0xCD,0x10,0x94,0x10,0xE4,0xDD,0xE1,0xC9,0x7A,0xE6,0x18,0x6B,0xCB,0x3B,0x26,
    0xC0,0x38,0x02,0x26,0xE0,0xB4,0x67,0x7A,0xE6,0x07,0x1F,0x1F,0x1F,0x1F,0xB3,0x5D,
    0x6F,0xC9,0x7A,0x0F,0x0F,0x67,0xE6,0xC0,0x83,0xC6,0x73,0x6F,0x8C,0x95,0xE6,0x3F,
    0xC6,0x96,0x67,0xC9,0xF5,0xC5,0xCD,0x7E,0x95,0xC1,0xF1,0x10,0xF7,0xC9,0xD9,0x2E,
    0x04,0xCD,0xE3,0x89,0xD9,0x08,0x7B,0xFE,0x40,0xD0,0x7A,0xE6,0x18,0x6B,0xCB,0x3B,
    0x26,0xC0,0x38,0x02,0x26,0xE0,0xB4,0x67,0x7A,0xE6,0x07,0x1F,0x1F,0x1F,0x1F,0xB3,
    0x5D,0x6F,0x1C,0x08,0xE5,0xD9,0x6F,0x26,0x00,0x29,0x29,0x29,0x11,0xF5,0x9D,0x19,
    0xD1,0x7E,0x12,0x23,0x14,0x7E,0x12,0x23,0x14,0x7E,0x12,0x23,0x14,0x7E,0x12,0x23,
    0x14,0x7E,0x12,0x23,0x14,0x7E,0x12,0x23,0x14,0x7E,0x12,0x23,0x14,0x7E,0x12,0x2E,
    0x38,0xCD,0xE3,0x89,0xD9,0x79,0xD9,0x12,0x15,0x12,0x15,0x12,0x15,0x12,0x15,0x12,
    0x15,0x12,0x15,0x12,0x15,0x12,0xD9,0xC9,0xF5,0xC5,0xCD,0xF2,0x95,0xC1,0xF1,0x10,
    0xF7,0xC9,0xD9,0x2E,0x38,0xCD,0xE3,0x89,0xD9,0x08,0x7B,0xFE,0x40,0xD0,0xCD,0x49,
    0x95,0x7E,0xA1,0x47,0x08,0xB0,0x77,0x24,0x77,0x24,0x77,0x24,0x77,0x24,0x77,0x24,
    0x77,0x24,0x77,0x24,0x77,0x1C,0xC9,0xCD,0x1D,0x96,0x10,0xFB,0xC9,0xD9,0x2E,0x38,
    0xCD,0xE3,0x89,0xD9,0x08,0x7B,0xFE,0x40,0xD0,0xCD,0x49,0x95,0x08,0x77,0x24,0x77,
    0x24,0x77,0x24,0x77,0x24,0x77,0x24,0x77,0x24,0x77,0x24,0x77,0x1C,0xC9,0xCD,0x62,
    0x95,0x7E,0xC9,0xCD,0x62,0x95,0x11,0x6A,0x88,0x48,0x06,0x00,0xC3,0x92,0x94,0xCD,
    0x62,0x95,0xEB,0x21,0x6A,0x88,0x48,0x06,0x00,0xC3,0x92,0x94,0xF5,0xF1,0xC9,0xD5,
    0xC5,0xE5,0xAF,0x77,0x23,0x10,0xFC,0xE1,0x01,0x40,0x00,0x09,0xC1,0x0D,0xC2,0x60,
    0x96,0xD1,0xC9,0xFF,0xFF,0xFF,0xFF,0xFF,0xFF,0xFF,0xFF,0xFF,0xFF,0xFF,0xFF,0xFF,
    0xFF,0xFF,0xFF,0xFF,0xFF,0xFF,0xFF,0xFF,0xFF,0xFF,0xFF,0xFF,0xFF,0xFF,0xFF,0xFF,
    0xFF,0xFF,0xFF,0xFF,0xFF,0xFF,0xFF,0xFF,0xFF,0xFF,0xFF,0xFF,0xFF,0xFF,0xFF,0xFF,
    0xFF,0xFF,0xFF,0xFF,0xFF,0xFF,0xFF,0xFF,0xFF,0xFF,0xFF,0xFF,0xFF,0xFF,0xFF,0xFF,
    0xFF,0xFF,0xFF,0xFF,0xFF,0xFF,0xFF,0xFF,0xFF,0xFF,0xFF,0xFF,0xFF,0xFF,0xFF,0xFF,
    0xFF,0xFF,0xFF,0xFF,0xFF,0xFF,0xFF,0xFF,0xFF,0xFF,0xFF,0xFF,0xFF,0xFF,0xFF,0xFF,
    0xFF,0xFF,0xFF,0xFF,0xFF,0xFF,0xFF,0xFF,0xFF,0xFF,0xFF,0xFF,0xFF,0xFF,0xFF,0xFF,
    0xFF,0xFF,0xFF,0xFF,0xFF,0xFF,0xFF,0xFF,0xFF,0xFF,0xFF,0xFF,0xFF,0xFF,0xFF,0xFF,
    0xFF,0xFF,0xFF,0xFF,0xFF,0xFF,0xFF,0xFF,0xFF,0xFF,0xFF,0xFF,0xFF,0xFF,0xFF,0xFF,
    0xFF,0xFF,0xFF,0xFF,0xFF,0xFF,0xFF,0xFF,0xFF,0xFF,0xFF,0xFF,0xFF,0xFF,0xFF,0xFF,
    0xFF,0xFF,0xFF,0xFF,0xFF,0xFF,0xFF,0xFF,0xFF,0xFF,0xFF,0xFF,0xFF,0xFF,0xFF,0xFF,
    0xFF,0xFF,0xFF,0xFF,0xFF,0xFF,0xFF,0xFF,0xFF,0xFF,0xFF,0xFF,0xFF,0xFF,0xFF,0xFF,
    0xFF,0xFF,0xFF,0xFF,0xFF,0xFF,0xFF,0xFF,0xFF,0xFF,0xFF,0xFF,0xFF,0xFF,0xFF,0xFF,
    0xFF,0xFF,0xFF,0xFF,0xFF,0xFF,0xFF,0xFF,0xFF,0xFF,0xFF,0xFF,0xFF,0xFF,0xFF,0xFF,
    0xFF,0xFF,0xFF,0xFF,0xFF,0xFF,0xFF,0xFF,0xFF,0xFF,0xFF,0xFF,0xFF,0xFF,0xFF,0xFF,
    0xFF,0xFF,0xFF,0xFF,0xFF,0xFF,0xFF,0xFF,0xFF,0xFF,0xFF,0xFF,0xFF,0xFF,0xFF,0xFF,
    0xFF,0xFF,0xFF,0xFF,0xFF,0xFF,0xFF,0xFF,0xFF,0xFF,0xFF,0xFF,0xFF,0xFF,0xFF,0xFF,
    0xFF,0xFF,0xFF,0xFF,0xFF,0xFF,0xFF,0xFF,0xFF,0xFF,0xFF,0xFF,0xFF,0xFF,0xFF,0xFF,
    0xFF,0xFF,0xFF,0xFF,0xFF,0xFF,0xFF,0xFF,0xFF,0xFF,0xFF,0xFF,0xFF,0xFF,0xFF,0xFF,
    0xFF,0xFF,0xFF,0xFF,0xFF,0xFF,0xFF,0xFF,0xFF,0xFF,0xFF,0xFF,0xFF,0xFF,0xFF,0xFF,
    0xFF,0xFF,0xFF,0xFF,0xFF,0xFF,0xFF,0xFF,0xFF,0xFF,0xFF,0xFF,0xFF,0xFF,0xFF,0xFF,
    0xFF,0xFF,0xFF,0xFF,0xFF,0xFF,0xFF,0xFF,0xFF,0xFF,0xFF,0xFF,0xFF,0xFF,0xFF,0xFF,
    0xFF,0xFF,0xFF,0xFF,0xFF,0xFF,0xFF,0xFF,0xFF,0xFF,0xFF,0xFF,0xFF,0xFF,0xFF,0xFF,
    0xFF,0xFF,0xFF,0xFF,0xFF,0xFF,0xFF,0xFF,0xFF,0xFF,0xFF,0xFF,0xFF,0xFF,0xFF,0xFF,
    0xFF,0xFF,0xFF,0xFF,0xFF,0xFF,0xFF,0xFF,0xFF,0xFF,0xFF,0xFF,0xFF,0xFF,0xFF,0xFF,
    0xFF,0xFF,0xFF,0xFF,0xFF,0xFF,0xFF,0xFF,0xFF,0xFF,0xFF,0xFF,0xFF,0xFF,0xFF,0xFF,
    0xFF,0xFF,0xFF,0xFF,0xFF,0xFF,0xFF,0xFF,0xFF,0xFF,0xFF,0xFF,0xFF,0xFF,0xFF,0xFF,
    0xFF,0xFF,0xFF,0xFF,0xFF,0xFF,0xFF,0xFF,0xFF,0xFF,0xFF,0xFF,0xFF,0xFF,0xFF,0xFF,
    0xFF,0xFF,0xFF,0xFF,0xFF,0xFF,0xFF,0xFF,0xFF,0xFF,0xFF,0xFF,0xFF,0xFF,0xFF,0xFF,
    0xFF,0xFF,0xFF,0xFF,0xFF,0xFF,0xFF,0xFF,0xFF,0xFF,0xFF,0xFF,0xFF,0xFF,0xFF,0xFF,
    0xFF,0xFF,0xFF,0xFF,0xFF,0xFF,0xFF,0xFF,0xFF,0xFF,0xFF,0xFF,0xFF,0xFF,0xFF,0xFF,
    0xFF,0xFF,0xFF,0xFF,0xFF,0xFF,0xFF,0xFF,0xFF,0xFF,0xFF,0xFF,0xFF,0xFF,0xFF,0xFF,
    0xFF,0xFF,0xFF,0xFF,0xFF,0xFF,0xFF,0xFF,0xFF,0xFF,0xFF,0xFF,0xFF,0xFF,0xFF,0xFF,
    0xFF,0xFF,0xFF,0xFF,0xFF,0xFF,0xFF,0xFF,0xFF,0xFF,0xFF,0xFF,0xFF,0xFF,0xFF,0xFF,
    0xFF,0xFF,0xFF,0xFF,0xFF,0xFF,0xFF,0xFF,0xFF,0xFF,0xFF,0xFF,0xFF,0xFF,0xFF,0xFF,
    0xFF,0xFF,0xFF,0xFF,0xFF,0xFF,0xFF,0xFF,0xFF,0xFF,0xFF,0xFF,0xFF,0xFF,0xFF,0xFF,
    0xFF,0xFF,0xFF,0xFF,0xFF,0xFF,0xFF,0xFF,0xFF,0xFF,0xFF,0xFF,0xFF,0xFF,0xFF,0xFF,
    0xFF,0xFF,0xFF,0xFF,0xFF,0xFF,0xFF,0xFF,0xFF,0xFF,0xFF,0xFF,0xFF,0xFF,0xFF,0xFF,
    0xFF,0xFF,0xFF,0xFF,0xFF,0xFF,0xFF,0xFF,0xFF,0xFF,0xFF,0xFF,0xFF,0xFF,0xFF,0xFF,
    0xFF,0xFF,0xFF,0xFF,0xFF,0xFF,0xFF,0xFF,0xFF,0xFF,0xFF,0xFF,0xFF,0xFF,0xFF,0xFF,
    0xFF,0xFF,0xFF,0xFF,0xFF,0xFF,0xFF,0xFF,0xFF,0xFF,0xFF,0xFF,0xFF,0xFF,0xFF,0xFF,
    0xFF,0xFF,0xFF,0xFF,0xFF,0xFF,0xFF,0xFF,0xFF,0xFF,0xFF,0xFF,0xFF,0xFF,0xFF,0xFF,
    0xFF,0xFF,0xFF,0xFF,0xFF,0xFF,0xFF,0xFF,0xFF,0xFF,0xFF,0xFF,0xFF,0xFF,0xFF,0xFF,
    0xFF,0xFF,0xFF,0xFF,0xFF,0xFF,0xFF,0xFF,0xFF,0xFF,0xFF,0xFF,0xFF,0xFF,0xFF,0xFF,
    0xFF,0xFF,0xFF,0xFF,0xFF,0xFF,0xFF,0xFF,0xFF,0xFF,0xFF,0xFF,0xFF,0xFF,0xFF,0xFF,
    0xFF,0xFF,0xFF,0xFF,0xFF,0xFF,0xFF,0xFF,0xFF,0xFF,0xFF,0xFF,0xFF,0xFF,0xFF,0xFF,
    0xFF,0xFF,0xFF,0xFF,0xFF,0xFF,0xFF,0xFF,0xFF,0xFF,0xFF,0xFF,0xFF,0xFF,0xFF,0xFF,
    0xFF,0xFF,0xFF,0xFF,0xFF,0xFF,0xFF,0xFF,0xFF,0xFF,0xFF,0xFF,0xFF,0xFF,0xFF,0xFF,
    0xFF,0xFF,0xFF,0xFF,0xFF,0xFF,0xFF,0xFF,0xFF,0xFF,0xFF,0xFF,0xFF,0xFF,0xFF,0xFF,
    0xFF,0xFF,0xFF,0xFF,0xFF,0xFF,0xFF,0xFF,0xFF,0xFF,0xFF,0xFF,0xFF,0xFF,0xFF,0xFF,
    0xFF,0xFF,0xFF,0xFF,0xFF,0xFF,0xFF,0xFF,0xFF,0xFF,0xFF,0xFF,0xFF,0xFF,0xFF,0xFF,
    0xFF,0xFF,0xFF,0xFF,0xFF,0xFF,0xFF,0xFF,0xFF,0xFF,0xFF,0xFF,0xFF,0xFF,0xFF,0xFF,
    0xFF,0xFF,0xFF,0xFF,0xFF,0xFF,0xFF,0xFF,0xFF,0xFF,0xFF,0xFF,0xFF,0xFF,0xFF,0xFF,
    0xFF,0xFF,0xFF,0xFF,0xFF,0xFF,0xFF,0xFF,0xFF,0xFF,0xFF,0xFF,0xFF,0xFF,0xFF,0xFF,
    0xFF,0xFF,0xFF,0xFF,0xFF,0xFF,0xFF,0xFF,0xFF,0xFF,0xFF,0xFF,0xFF,0xFF,0xFF,0xFF,
    0xFF,0xFF,0xFF,0xFF,0xFF,0xFF,0xFF,0xFF,0xFF,0xFF,0xFF,0xFF,0xFF,0xFF,0xFF,0xFF,
    0xFF,0xFF,0xFF,0xFF,0xFF,0xFF,0xFF,0xFF,0xFF,0xFF,0xFF,0xFF,0xFF,0xFF,0xFF,0xFF,
    0xFF,0xFF,0xFF,0xFF,0xFF,0xFF,0xFF,0xFF,0xFF,0xFF,0xFF,0xFF,0xFF,0xFF,0xFF,0xFF,
    0xFF,0xFF,0xFF,0xFF,0xFF,0xFF,0xFF,0xFF,0xFF,0xFF,0xFF,0xFF,0xFF,0xFF,0xFF,0xFF,
    0xFF,0xFF,0xFF,0xFF,0xFF,0xFF,0xFF,0xFF,0xFF,0xFF,0xFF,0xFF,0xFF,0xFF,0xFF,0xFF,
    0xFF,0xFF,0xFF,0xFF,0xFF,0xFF,0xFF,0xFF,0xFF,0xFF,0xFF,0xFF,0xFF,0xFF,0xFF,0xFF,
    0xFF,0xFF,0xFF,0xFF,0xFF,0xFF,0xFF,0xFF,0xFF,0xFF,0xFF,0xFF,0xFF,0xFF,0xFF,0xFF,
    0xFF,0xFF,0xFF,0xFF,0xFF,0xFF,0xFF,0xFF,0xFF,0xFF,0xFF,0xFF,0xFF,0xFF,0xFF,0xFF,
    0xFF,0xFF,0xFF,0xFF,0xFF,0xFF,0xFF,0xFF,0xFF,0xFF,0xFF,0xFF,0xFF,0xFF,0xFF,0xFF,
    0xFF,0xFF,0xFF,0xFF,0xFF,0xFF,0xFF,0xFF,0xFF,0xFF,0xFF,0xFF,0xFF,0xFF,0xFF,0xFF,
    0xFF,0xFF,0xFF,0xFF,0xFF,0xFF,0xFF,0xFF,0xFF,0xFF,0xFF,0xFF,0xFF,0xFF,0xFF,0xFF,
    0xFF,0xFF,0xFF,0xFF,0xFF,0xFF,0xFF,0xFF,0xFF,0xFF,0xFF,0xFF,0xFF,0xFF,0xFF,0xFF,
    0xFF,0xFF,0xFF,0xFF,0xFF,0xFF,0xFF,0xFF,0xFF,0xFF,0xFF,0xFF,0xFF,0xFF,0xFF,0xFF,
    0xFF,0xFF,0xFF,0xFF,0xFF,0xFF,0xFF,0xFF,0xFF,0xFF,0xFF,0xFF,0xFF,0xFF,0xFF,0xFF,
    0xFF,0xFF,0xFF,0xFF,0xFF,0xFF,0xFF,0xFF,0xFF,0xFF,0xFF,0xFF,0xFF,0xFF,0xFF,0xFF,
    0xFF,0xFF,0xFF,0xFF,0xFF,0xFF,0xFF,0xFF,0xFF,0xFF,0xFF,0xFF,0xFF,0xFF,0xFF,0xFF,
    0xFF,0xFF,0xFF,0xFF,0xFF,0xFF,0xFF,0xFF,0xFF,0xFF,0xFF,0xFF,0xFF,0xFF,0xFF,0xFF,
    0xFF,0xFF,0xFF,0xFF,0xFF,0xFF,0xFF,0xFF,0xFF,0xFF,0xFF,0xFF,0xFF,0xFF,0xFF,0xFF,
    0xFF,0xFF,0xFF,0xFF,0xFF,0xFF,0xFF,0xFF,0xFF,0xFF,0xFF,0xFF,0xFF,0xFF,0xFF,0xFF,
    0xFF,0xFF,0xFF,0xFF,0xFF,0xFF,0xFF,0xFF,0xFF,0xFF,0xFF,0xFF,0xFF,0xFF,0xFF,0xFF,
    0xFF,0xFF,0xFF,0xFF,0xFF,0xFF,0xFF,0xFF,0xFF,0xFF,0xFF,0xFF,0xFF,0xFF,0xFF,0xFF,
    0xFF,0xFF,0xFF,0xFF,0xFF,0xFF,0xFF,0xFF,0xFF,0xFF,0xFF,0xFF,0xFF,0xFF,0xFF,0xFF,
    0xFF,0xFF,0xFF,0xFF,0xFF,0xFF,0xFF,0xFF,0xFF,0xFF,0xFF,0xFF,0xFF,0xFF,0xFF,0xFF,
    0xFF,0xFF,0xFF,0xFF,0xFF,0xFF,0xFF,0xFF,0xFF,0xFF,0xFF,0xFF,0xFF,0xFF,0xFF,0xFF,
    0xFF,0xFF,0xFF,0xFF,0xFF,0xFF,0xFF,0xFF,0xFF,0xFF,0xFF,0xFF,0xFF,0xFF,0xFF,0xFF,
    0xFF,0xFF,0xFF,0xFF,0xFF,0xFF,0xFF,0xFF,0xFF,0xFF,0xFF,0xFF,0xFF,0xFF,0xFF,0xFF,
    0xFF,0xFF,0xFF,0xFF,0xFF,0xFF,0xFF,0xFF,0xFF,0xFF,0xFF,0xFF,0xFF,0xFF,0xFF,0xFF,
    0xFF,0xFF,0xFF,0xFF,0xFF,0xFF,0xFF,0xFF,0xFF,0xFF,0xFF,0xFF,0xFF,0xFF,0xFF,0xFF,
    0xFF,0xFF,0xFF,0xFF,0xFF,0xFF,0xFF,0xFF,0xFF,0xFF,0xFF,0xFF,0xFF,0xFF,0xFF,0xFF,
    0xFF,0xFF,0xFF,0xFF,0xFF,0xFF,0xFF,0xFF,0xFF,0xFF,0xFF,0xFF,0xFF,0xFF,0xFF,0xFF,
    0xFF,0xFF,0xFF,0xFF,0xFF,0xFF,0xFF,0xFF,0xFF,0xFF,0xFF,0xFF,0xFF,0xFF,0xFF,0xFF,
    0xFF,0xFF,0xFF,0xFF,0xFF,0xFF,0xFF,0xFF,0xFF,0xFF,0xFF,0xFF,0xFF,0xFF,0xFF,0xFF,
    0xFF,0xFF,0xFF,0xFF,0xFF,0xFF,0xFF,0xFF,0xFF,0xFF,0xFF,0xFF,0xFF,0xFF,0xFF,0xFF,
    0xFF,0xFF,0xFF,0xFF,0xFF,0xFF,0xFF,0xFF,0xFF,0xFF,0xFF,0xFF,0xFF,0xFF,0xFF,0xFF,
    0xFF,0xFF,0xFF,0xFF,0xFF,0xFF,0xFF,0xFF,0xFF,0xFF,0xFF,0xFF,0xFF,0xFF,0xFF,0xFF,
    0xFF,0xFF,0xFF,0xFF,0xFF,0xFF,0xFF,0xFF,0xFF,0xFF,0xFF,0xFF,0xFF,0xFF,0xFF,0xFF,
    0xFF,0xFF,0xFF,0xFF,0xFF,0xFF,0xFF,0xFF,0xFF,0xFF,0xFF,0xFF,0xFF,0xFF,0xFF,0xFF,
    0xFF,0xFF,0xFF,0xFF,0xFF,0xFF,0xFF,0xFF,0xFF,0xFF,0xFF,0xFF,0xFF,0xFF,0xFF,0xFF,
    0xFF,0xFF,0xFF,0xFF,0xFF,0xFF,0xFF,0xFF,0xFF,0xFF,0xFF,0xFF,0xFF,0xFF,0xFF,0xFF,
    0xFF,0xFF,0xFF,0xFF,0xFF,0xFF,0xFF,0xFF,0xFF,0xFF,0xFF,0xFF,0xFF,0xFF,0xFF,0xFF,
    0xFF,0xFF,0xFF,0xFF,0xFF,0xFF,0xFF,0xFF,0xFF,0xFF,0xFF,0xFF,0xFF,0xFF,0xFF,0xFF,
    0xFF,0xFF,0xFF,0xFF,0xFF,0xFF,0xFF,0xFF,0xFF,0xFF,0xFF,0xFF,0xFF,0xFF,0xFF,0xFF,
    0xFF,0xFF,0xFF,0xFF,0xFF,0xFF,0xFF,0xFF,0xFF,0xFF,0xFF,0xFF,0xFF,0xFF,0xFF,0xFF,
    0xFF,0xFF,0xFF,0xFF,0xFF,0xFF,0xFF,0xFF,0xFF,0xFF,0xFF,0xFF,0xFF,0xFF,0xFF,0xFF,
    0xFF,0xFF,0xFF,0xFF,0xFF,0xFF,0xFF,0xFF,0xFF,0xFF,0xFF,0xFF,0xFF,0xFF,0xFF,0xFF,
    0xFF,0xFF,0xFF,0xFF,0xFF,0xFF,0xFF,0xFF,0xFF,0xFF,0xFF,0xFF,0xFF,0xFF,0xFF,0xFF,
    0xFF,0xFF,0xFF,0xFF,0xFF,0xFF,0xFF,0xFF,0xFF,0xFF,0xFF,0xFF,0xFF,0xFF,0xFF,0xFF,
    0xFF,0xFF,0xFF,0xFF,0xFF,0xFF,0xFF,0xFF,0xFF,0xFF,0xFF,0xFF,0xFF,0xFF,0xFF,0xFF,
    0xFF,0xFF,0xFF,0xFF,0xFF,0xFF,0xFF,0xFF,0xFF,0xFF,0xFF,0xFF,0xFF,0xFF,0xFF,0xFF,
    0xFF,0xFF,0xFF,0xFF,0xFF,0xFF,0xFF,0xFF,0xFF,0xFF,0xFF,0xFF,0xFF,0xFF,0xFF,0xFF,
    0xFF,0xFF,0xFF,0xFF,0xFF,0xFF,0xFF,0xFF,0xFF,0xFF,0xFF,0xFF,0xFF,0xFF,0xFF,0xFF,
    0xFF,0xFF,0xFF,0xFF,0xFF,0xFF,0xFF,0xFF,0xFF,0xFF,0xFF,0xFF,0xFF,0xFF,0xFF,0xFF,
    0xFF,0xFF,0xFF,0xFF,0xFF,0xFF,0xFF,0xFF,0xFF,0xFF,0xFF,0xFF,0xFF,0xFF,0xFF,0xFF,
    0xFF,0xFF,0xFF,0xFF,0xFF,0xFF,0xFF,0xFF,0xFF,0xFF,0xFF,0xFF,0xFF,0xFF,0xFF,0xFF,
    0xFF,0xFF,0xFF,0xFF,0xFF,0xFF,0xFF,0xFF,0xFF,0xFF,0xFF,0xFF,0xFF,0xFF,0xFF,0xFF,
    0xFF,0xFF,0xFF,0xFF,0xFF,0xFF,0xFF,0xFF,0xFF,0xFF,0xFF,0xFF,0xFF,0xFF,0xFF,0xFF,
    0xFF,0xFF,0xFF,0xFF,0xFF,0xFF,0xFF,0xFF,0xFF,0xFF,0xFF,0xFF,0xFF,0xFF,0xFF,0xFF,
    0xFF,0xFF,0xFF,0xFF,0xFF,0xFF,0xFF,0xFF,0xFF,0xFF,0xFF,0xFF,0xFF,0xFF,0xFF,0xFF,
    0xFF,0xFF,0xFF,0xFF,0xFF,0xFF,0xFF,0xFF,0xFF,0xFF,0xFF,0xFF,0xFF,0xFF,0xFF,0xFF,
    0xFF,0xFF,0xFF,0xFF,0xFF,0xFF,0xFF,0xFF,0xFF,0xFF,0xFF,0xFF,0xFF,0xFF,0xFF,0xFF,
    0xFF,0xFF,0xFF,0xFF,0xFF,0xFF,0xFF,0xFF,0xFF,0xFF,0xFF,0xFF,0xFF,0xFF,0xFF,0xFF,
    0xFF,0xFF,0xFF,0xFF,0xFF,0xFF,0xFF,0xFF,0xFF,0xFF,0xFF,0xFF,0xFF,0xFF,0xFF,0xFF,
    0xFF,0xFF,0xFF,0xFF,0xFF,0xFF,0xFF,0xFF,0xFF,0xFF,0xFF,0xFF,0xFF,0xFF,0xFF,0xFF,
    0xFF,0xFF,0xFF,0xFF,0xFF,0xFF,0xFF,0xFF,0xFF,0xFF,0xFF,0xFF,0xFF,0xFF,0xFF,0xFF,
    0xFF,0xFF,0xFF,0xFF,0xFF,0xFF,0xFF,0xFF,0xFF,0xFF,0xFF,0xFF,0xFF,0xFF,0xFF,0xFF,
    0xFF,0xFF,0xFF,0x00,0x08,0x00,0x00,0x00,0x00,0x00,0x00,0x00,0x00,0xFF,0xC0,0xC0,
    0xC0,0xC0,0xC0,0xC0,0xC0,0xFF,0x00,0x00,0x00,0x00,0x00,0x00,0x00,0xFF,0x03,0x03,
    0x03,0x03,0x03,0x03,0x03,0xC0,0xC0,0xC0,0xC0,0xC0,0xC0,0xC0,0xC0,0x03,0x03,0x03,
    0x03,0x03,0x03,0x03,0x03,0xC0,0xC0,0xC0,0xC0,0xC0,0xC0,0xC0,0xFF,0x00,0x00,0x00,
    0x00,0x00,0x00,0x00,0xFF,0x03,0x03,0x03,0x03,0x03,0x03,0x03,0xFF,0xC0,0xC0,0xC0,
    0xFF,0xC0,0xC0,0xC0,0xC0,0x03,0x03,0x03,0xFF,0x03,0x03,0x03,0x03,0xFF,0x18,0x18,
    0x18,0x18,0x18,0x18,0x18,0x18,0x18,0x18,0x18,0x18,0x18,0x18,0xFF,0x01,0x03,0x07,
    0x0F,0x1F,0x3F,0x7F,0xFF,0x00,0x00,0x00,0x00,0x00,0x00,0x00,0x00,0x00,0x00,0x00,
    0x00,0x00,0x00,0x00,0x00,0x00,0x01,0x03,0x07,0x0F,0x1C,0x38,0x78,0x00,0x00,0x80,
    0xC0,0xE0,0x70,0x38,0x3C,0x00,0x00,0x00,0x00,0x00,0x00,0x00,0x00,0x00,0x00,0x00,
    0x00,0x00,0x00,0x00,0x00,0x00,0x00,0x00,0x00,0x00,0x00,0x00,0x00,0x00,0x01,0x03,
    0x07,0x0F,0x1F,0x3F,0x7F,0xF8,0xF8,0xF8,0xF8,0xF8,0xF8,0xF8,0xFC,0x3E,0x3F,0x3F,
    0x3F,0x3F,0x3F,0x3F,0x7F,0x00,0x00,0x80,0xC0,0xE0,0xF0,0xF8,0xFC,0x00,0x00,0x00,
    0x00,0x00,0x00,0x00,0x00,0x00,0x01,0x03,0x07,0x0F,0x1F,0x3F,0x00,0xFF,0xFF,0xFF,
    0xFF,0xFF,0xFF,0xFF,0x00,0xFF,0xFF,0xFC,0xF8,0xFC,0xFF,0xFF,0x00,0xFF,0xFF,0x7F,
    0x3F,0x7F,0xFF,0xFF,0x00,0xFE,0xFF,0xFF,0xFF,0xFF,0xFF,0xFF,0x00,0x00,0x00,0x80,
    0xC0,0xE0,0xF0,0xF8,0x00,0x00,0x00,0x00,0x00,0x00,0x00,0x00,0x00,0x00,0x30,0x30,
    0x30,0x30,0x00,0x30,0x00,0x00,0x6C,0x24,0x48,0x00,0x00,0x00,0x00,0x00,0x24,0x7E,
    0x24,0x24,0x7E,0x24,0x00,0x18,0x3E,0x60,0x3C,0x06,0x7C,0x18,0x00,0x63,0x66,0x0C,
    0x18,0x30,0x66,0xC6,0x00,0x00,0x18,0x34,0x18,0x2C,0x66,0x3A,0x00,0x00,0x18,0x08,
    0x10,0x00,0x00,0x00,0x00,0x06,0x0C,0x18,0x18,0x18,0x0C,0x06,0x00,0x60,0x30,0x18,
    0x18,0x18,0x30,0x60,0x00,0x00,0x24,0x18,0x7E,0x18,0x24,0x00,0x00,0x00,0x18,0x18,
    0x7E,0x18,0x18,0x00,0x00,0x00,0x00,0x00,0x00,0x00,0x00,0x18,0x30,0x00,0x00,0x00,
    0x7C,0x00,0x00,0x00,0x00,0x00,0x00,0x00,0x00,0x00,0x00,0x30,0x00,0x03,0x06,0x0C,
    0x18,0x30,0x60,0xC0,0x00,0x00,0x3C,0x66,0x6E,0x76,0x66,0x3C,0x00,0x00,0x18,0x38,
    0x18,0x18,0x18,0x18,0x00,0x00,0x3C,0x66,0x06,0x3C,0x60,0x7E,0x00,0x00,0x3C,0x66,
    0x0C,0x06,0x66,0x3C,0x00,0x00,0x66,0x66,0x66,0x7E,0x06,0x06,0x00,0x00,0x7E,0x60,
    0x7C,0x06,0x66,0x3C,0x00,0x00,0x3C,0x60,0x7C,0x66,0x66,0x3C,0x00,0x00,0x7E,0x06,
    0x06,0x0C,0x18,0x18,0x00,0x00,0x3C,0x66,0x3C,0x66,0x66,0x3C,0x00,0x00,0x3C,0x66,
    0x66,0x3E,0x06,0x3C,0x00,0x00,0x00,0x30,0x00,0x00,0x30,0x00,0x00,0x00,0x00,0x30,
    0x00,0x00,0x30,0x10,0x20,0x06,0x0C,0x18,0x30,0x18,0x0C,0x06,0x00,0x00,0x00,0x3C,
    0x00,0x3C,0x00,0x00,0x00,0x60,0x30,0x18,0x0C,0x18,0x30,0x60,0x00,0x00,0x3C,0x66,
    0x06,0x1C,0x00,0x18,0x00,0x00,0x3C,0x66,0x5A,0x5E,0x60,0x3C,0x00,0x00,0x3C,0x66,
    0x66,0x7E,0x66,0x66,0x00,0x00,0x7C,0x66,0x7C,0x66,0x66,0x7C,0x00,0x00,0x3C,0x66,
    0x60,0x60,0x66,0x3C,0x00,0x00,0x7C,0x66,0x66,0x66,0x66,0x7C,0x00,0x00,0x7E,0x60,
    0x78,0x60,0x60,0x7E,0x00,0x00,0x7E,0x60,0x60,0x7C,0x60,0x60,0x00,0x00,0x3C,0x66,
    0x60,0x6E,0x66,0x3E,0x00,0x00,0x66,0x66,0x7E,0x66,0x66,0x66,0x00,0x00,0x3C,0x18,
    0x18,0x18,0x18,0x3C,0x00,0x00,0x06,0x06,0x06,0x06,0x66,0x3C,0x00,0x00,0x66,0x6C,
    0x78,0x6C,0x66,0x66,0x00,0x00,0x60,0x60,0x60,0x60,0x60,0x7E,0x00,0x00,0x82,0xC6,
    0xEE,0xD6,0xC6,0xC6,0x00,0x00,0x46,0x66,0x76,0x6E,0x66,0x62,0x00,0x00,0x3C,0x66,
    0x66,0x66,0x66,0x3C,0x00,0x00,0x7C,0x66,0x66,0x7C,0x60,0x60,0x00,0x00,0x3C,0x66,
    0x66,0x66,0x6E,0x3C,0x06,0x00,0x7C,0x66,0x66,0x7C,0x66,0x66,0x00,0x00,0x3C,0x60,
    0x3C,0x06,0x66,0x3C,0x00,0x00,0x7E,0x18,0x18,0x18,0x18,0x18,0x00,0x00,0x66,0x66,
    0x66,0x66,0x66,0x3C,0x00,0x00,0x66,0x66,0x66,0x66,0x24,0x18,0x00,0x00,0xC6,0xC6,
    0xC6,0xD6,0xEE,0x44,0x00,0x00,0x66,0x66,0x3C,0x66,0x66,0x66,0x00,0x00,0x66,0x66,
    0x66,0x3C,0x18,0x18,0x00,0x00,0x7E,0x0C,0x18,0x30,0x60,0x7E,0x00,0x1E,0x18,0x18,
    0x18,0x18,0x18,0x1E,0x00,0xC0,0x60,0x30,0x18,0x0C,0x06,0x03,0x00,0x78,0x18,0x18,
    0x18,0x18,0x18,0x78,0x00,0x00,0x18,0x3C,0x66,0x00,0x00,0x00,0x00,0x00,0x00,0x00,
    0x00,0x00,0x00,0x00,0xFF,0x00,0x18,0x10,0x08,0x00,0x00,0x00,0x00,0x00,0x00,0x3C,
    0x06,0x3E,0x66,0x3E,0x00,0x00,0x60,0x60,0x7C,0x66,0x66,0x7C,0x00,0x00,0x00,0x3C,
    0x66,0x60,0x66,0x3C,0x00,0x00,0x06,0x06,0x3E,0x66,0x66,0x3E,0x00,0x00,0x00,0x3C,
    0x66,0x7E,0x60,0x3C,0x00,0x00,0x1C,0x36,0x30,0x78,0x30,0x30,0x00,0x00,0x00,0x3E,
    0x66,0x66,0x3E,0x06,0x3C,0x00,0x60,0x60,0x7C,0x66,0x66,0x66,0x00,0x00,0x18,0x00,
    0x38,0x18,0x18,0x3C,0x00,0x00,0x0C,0x00,0x0C,0x0C,0x0C,0x0C,0x38,0x00,0x60,0x66,
    0x6C,0x78,0x6C,0x66,0x00,0x00,0x30,0x30,0x30,0x30,0x30,0x1C,0x00,0x00,0x00,0xFC,
    0xD6,0xD6,0xD6,0xD6,0x00,0x00,0x00,0x7C,0x66,0x66,0x66,0x66,0x00,0x00,0x00,0x3C,
    0x66,0x66,0x66,0x3C,0x00,0x00,0x00,0x7C,0x66,0x66,0x7C,0x60,0x60,0x00,0x00,0x3E,
    0x66,0x66,0x3E,0x06,0x06,0x00,0x00,0x3C,0x60,0x60,0x60,0x60,0x00,0x00,0x00,0x3C,
    0x60,0x3C,0x06,0x7C,0x00,0x00,0x30,0x78,0x30,0x30,0x30,0x1C,0x00,0x00,0x00,0x66,
    0x66,0x66,0x66,0x3E,0x00,0x00,0x00,0x66,0x66,0x66,0x24,0x18,0x00,0x00,0x00,0xC6,
    0xC6,0xD6,0xEE,0x44,0x00,0x00,0x00,0x66,0x66,0x3C,0x66,0x66,0x00,0x00,0x00,0x66,
    0x66,0x66,0x3E,0x06,0x3C,0x00,0x00,0x7E,0x0C,0x18,0x30,0x7E,0x00,0x1C,0x30,0x30,
    0xE0,0x30,0x30,0x1C,0x00,0x18,0x18,0x18,0x18,0x18,0x18,0x18,0x00,0x70,0x18,0x18,
    0x0E,0x18,0x18,0x70,0x00,0x00,0x34,0x58,0x00,0x00,0x00,0x00,0x00,0x3C,0x42,0x99,
    0xA1,0xA1,0x99,0x42,0x3C,0x00,0x3C,0x66,0x66,0x7E,0x66,0x66,0x00,0x00,0x7C,0x60,
    0x7C,0x66,0x66,0x7C,0x00,0x00,0x7C,0x66,0x7C,0x66,0x66,0x7C,0x00,0x00,0x7E,0x60,
    0x60,0x60,0x60,0x60,0x00,0x00,0x1E,0x36,0x66,0x66,0x66,0xFF,0xC3,0x00,0x7E,0x60,
    0x78,0x60,0x60,0x7E,0x00,0x00,0xD6,0xD6,0x7C,0x7C,0xD6,0xD6,0x00,0x00,0x3C,0x66,
    0x0C,0x06,0x66,0x3C,0x00,0x00,0x62,0x66,0x6E,0x76,0x66,0x46,0x00,0x04,0x6A,0x66,
    0x6E,0x76,0x66,0x46,0x00,0x00,0x66,0x6C,0x78,0x6C,0x66,0x66,0x00,0x00,0x1E,0x36,
    0x66,0x66,0x66,0x66,0x00,0x00,0x82,0xC6,0xEE,0xD6,0xC6,0xC6,0x00,0x00,0x66,0x66,
    0x7E,0x66,0x66,0x66,0x00,0x00,0x3C,0x66,0x66,0x66,0x66,0x3C,0x00,0x00,0x7E,0x66,
    0x66,0x66,0x66,0x66,0x00,0x00,0x7C,0x66,0x66,0x7C,0x60,0x60,0x00,0x00,0x3C,0x66,
    0x60,0x60,0x66,0x3C,0x00,0x00,0x7E,0x18,0x18,0x18,0x18,0x18,0x00,0x00,0x66,0x66,
    0x66,0x3E,0x06,0x3C,0x00,0x00,0x7C,0xD6,0xD6,0xD6,0x7C,0x10,0x00,0x00,0x66,0x66,
    0x3C,0x66,0x66,0x66,0x00,0x00,0x66,0x66,0x66,0x66,0x66,0x7F,0x01,0x00,0x66,0x66,
    0x66,0x3E,0x06,0x06,0x00,0x00,0xD6,0xD6,0xD6,0xD6,0xD6,0xFE,0x00,0x00,0xD6,0xD6,
    0xD6,0xD6,0xD6,0xFF,0x01,0x00,0xE0,0x60,0x7C,0x66,0x66,0x7C,0x00,0x00,0xC6,0xC6,
    0xF6,0xDE,0xDE,0xF6,0x00,0x00,0x60,0x60,0x7C,0x66,0x66,0x7C,0x00,0x00,0x3C,0x66,
    0x0E,0x06,0x66,0x3C,0x00,0x00,0xCE,0xDB,0xFB,0xDB,0xDB,0xCE,0x00,0x00,0x3E,0x66,
    0x66,0x3E,0x66,0x66,0x00,0x00,0x00,0x3C,0x06,0x3E,0x66,0x3E,0x00,0x00,0x3C,0x60,
    0x3C,0x66,0x66,0x3C,0x00,0x00,0x00,0x7C,0x66,0x7C,0x66,0x7C,0x00,0x00,0x00,0x3C,
    0x06,0x3C,0x60,0x3E,0x00,0x00,0x3C,0x06,0x3E,0x66,0x66,0x3C,0x00,0x00,0x00,0x3C,
    0x66,0x7E,0x60,0x3C,0x00,0x00,0x00,0xD6,0x7C,0x7C,0xD6,0xD6,0x00,0x00,0x00,0x3C,
    0x66,0x0C,0x66,0x3C,0x00,0x00,0x00,0x62,0x66,0x6E,0x76,0x66,0x00,0x00,0x04,0x6A,
    0x66,0x6E,0x76,0x66,0x00,0x00,0x00,0x66,0x6C,0x78,0x6C,0x66,0x00,0x00,0x00,0x1E,
    0x36,0x66,0x66,0x66,0x00,0x00,0x00,0x82,0xC6,0xEE,0xD6,0xC6,0x00,0x00,0x00,0x66,
    0x66,0x7E,0x66,0x66,0x00,0x00,0x00,0x3C,0x66,0x66,0x66,0x3C,0x00,0x00,0x00,0x7E,
    0x66,0x66,0x66,0x66,0x00,0x22,0x88,0x22,0x88,0x22,0x88,0x22,0x88,0x55,0xAA,0x55,
    0xAA,0x55,0xAA,0x55,0xAA,0x77,0xDD,0x77,0xDD,0x77,0xDD,0x77,0xDD,0x18,0x18,0x18,
    0x18,0x18,0x18,0x18,0x18,0x18,0x18,0x18,0xF8,0x18,0x18,0x18,0x18,0x00,0x7F,0x7F,
    0x7F,0x7F,0x7F,0x7F,0x7F,0x00,0xFE,0xFE,0xFE,0xFE,0xFE,0xFE,0xFE,0x00,0x7F,0x60,
    0x60,0x60,0x60,0x60,0x7F,0x00,0xFE,0x06,0x06,0x06,0x06,0x06,0xFE,0x00,0x7F,0xF0,
    0xEF,0xDF,0xBF,0xFF,0x00,0x00,0xF0,0x00,0xFE,0xFC,0xF8,0xF0,0x00,0x00,0x00,0xFF,
    0xFF,0xFF,0xFF,0xFF,0x00,0x7C,0xFC,0x00,0xFC,0xFC,0xFC,0xFC,0x00,0x1E,0x1E,0x1E,
    0x1F,0x1F,0x1F,0x1F,0x00,0x60,0x70,0x00,0xF8,0xF8,0xF8,0xF8,0x00,0x00,0x00,0x00,
    0xF8,0x18,0x18,0x18,0x18,0x18,0x18,0x18,0x1F,0x00,0x00,0x00,0x00,0x18,0x18,0x18,
    0xFF,0x00,0x00,0x00,0x00,0x00,0x00,0x00,0xFF,0x18,0x18,0x18,0x18,0x18,0x18,0x18,
    0x1F,0x18,0x18,0x18,0x18,0x00,0x00,0x00,0xFF,0x00,0x00,0x00,0x00,0x18,0x18,0x18,
    0xFF,0x18,0x18,0x18,0x18,0x00,0x7F,0x60,0x67,0x67,0x67,0x60,0x7F,0x00,0xFE,0x06,
    0xE6,0xE6,0xE6,0x06,0xFE,0x00,0x7F,0x60,0x67,0x60,0x67,0x67,0x7F,0x00,0xFE,0x0E,
    0xF2,0x0E,0xE6,0xF2,0xFE,0x00,0x7F,0x4F,0x4E,0x46,0x65,0x73,0x7F,0x00,0xFE,0xF2,
    0x72,0x66,0xA6,0xCE,0xFE,0x00,0x7F,0x70,0x67,0x67,0x67,0x70,0x7F,0x00,0xFE,0x02,
    0xFE,0xFE,0xFE,0x02,0xFE,0x00,0x7F,0x40,0x4F,0x40,0x4F,0x4F,0x7F,0x00,0xFE,0x02,
    0xFE,0x1E,0xFE,0xFE,0xFE,0x00,0x07,0x18,0x30,0x30,0x18,0x07,0x00,0x00,0xE0,0x18,
    0x0C,0x0C,0x18,0xE0,0x00,0x00,0x07,0x18,0x33,0x33,0x18,0x07,0x00,0x00,0xE0,0x18,
    0xCC,0xCC,0x18,0xE0,0x00,0x00,0x3F,0x30,0x30,0x30,0x30,0x3F,0x00,0x00,0xFC,0x0C,
    0x0C,0x0C,0x0C,0xFC,0x00,0x00,0x3F,0x30,0x2C,0x36,0x33,0x3D,0x00,0x03,0xF6,0x0C,
    0x18,0x34,0x6C,0xDC,0x80,0x01,0x03,0x07,0x0F,0x1F,0x3F,0x7F,0xFF,0x18,0x18,0x18,
    0xF8,0x00,0x00,0x00,0x00,0x00,0x00,0x00,0x1F,0x18,0x18,0x18,0x18,0xFF,0xFF,0xFF,
    0xFF,0xFF,0xFF,0xFF,0xFF,0x00,0x00,0x00,0x00,0xFF,0xFF,0xFF,0xFF,0xF0,0xF0,0xF0,
    0xF0,0xF0,0xF0,0xF0,0xF0,0x0F,0x0F,0x0F,0x0F,0x0F,0x0F,0x0F,0x0F,0xFF,0xFF,0xFF,
    0xFF,0x00,0x00,0x00,0x00,0x00,0x00,0x7C,0x66,0x66,0x7C,0x60,0x60,0x00,0x00,0x3C,
    0x66,0x60,0x66,0x3C,0x00,0x00,0x00,0x7E,0x18,0x18,0x18,0x18,0x00,0x00,0x00,0x66,
    0x66,0x66,0x3E,0x06,0x3C,0x00,0x00,0x7C,0xD6,0xD6,0x7C,0x10,0x10,0x00,0x00,0x66,
    0x66,0x3C,0x66,0x66,0x00,0x00,0x00,0x66,0x66,0x66,0x66,0x7F,0x01,0x00,0x00,0x66,
    0x66,0x3E,0x06,0x06,0x00,0x00,0x00,0xD6,0xD6,0xD6,0xD6,0xFE,0x00,0x00,0x00,0xD6,
    0xD6,0xD6,0xD6,0xFF,0x01,0x00,0x00,0xE0,0x60,0x7C,0x66,0x7C,0x00,0x00,0x00,0xC6,
    0xC6,0xF6,0xDE,0xF6,0x00,0x00,0x00,0x60,0x60,0x7C,0x66,0x7C,0x00,0x00,0x00,0x3C,
    0x66,0x0E,0x66,0x3C,0x00,0x00,0x00,0xCE,0xDB,0xFB,0xDB,0xCE,0x00,0x00,0x00,0x3E,
    0x66,0x3E,0x66,0x66,0x00,0x00,0x7F,0x7F,0x67,0x43,0x18,0x3C,0x7F,0x00,0xFE,0xCE,
    0x86,0x32,0x78,0xFC,0xFE,0x3F,0x3F,0x3E,0x3C,0x38,0x30,0x3F,0x3F,0xFF,0x7F,0x3F,
    0x1F,0x0F,0x07,0xFF,0xFF,0x3F,0x3F,0x30,0x38,0x3C,0x3E,0x3F,0x3F,0xFF,0xFF,0x07,
    0x0F,0x1F,0x3F,0x7F,0xFF,0x00,0x18,0x00,0x7E,0x00,0x18,0x00,0x00,0x00,0x76,0xDC,
    0x00,0x76,0xDC,0x00,0x00,0x00,0x3C,0x66,0x3C,0x00,0x00,0x00,0x00,0x00,0x18,0x3C,
    0x18,0x00,0x00,0x00,0x00,0x00,0x00,0x00,0x00,0x18,0x00,0x00,0x00,0x0E,0x0E,0x0C,
    0x0C,0x6C,0x3C,0x1C,0x00,0x8F,0xCD,0xEF,0xFC,0xDC,0xCC,0xCC,0x00,0x38,0x6C,0x18,
    0x30,0x7C,0x00,0x00,0x00,0x00,0x00,0x3C,0x3C,0x3C,0x3C,0x00,0x00,0xAA,0x54,0xAA,
    0x54,0xAA,0x54,0xAA,0x00,0xF1,0xC1,0xD1,0xD5,0xC5,0xF5,0xAF,0x6F,0xB0,0x06,0x10,
    0x20,0x04,0x06,0x08,0x79,0x29,0xCB,0x11,0x17,0x30,0x01,0x19,0x10,0xF7,0xC9,0x26,
    0x00,0xDD,0xE5,0xDD,0x21,0x4A,0x88,0xCD,0xDE,0xA6,0xDD,0xE1,0x21,0x4A,0x88,0xC9,
    0x26,0x00,0xDD,0xE5,0xDD,0x21,0x4A,0x88,0xCB,0x7D,0x28,0x0A,0x7D,0xED,0x44,0x6F,
    0xDD,0x36,0x00,0x2D,0xDD,0x23,0xCD,0xDE,0xA6,0xDD,0xE1,0x21,0x4A,0x88,0xC9,0xDD,
    0xE5,0xDD,0x21,0x4A,0x88,0xCD,0xE2,0xA6,0xDD,0xE1,0x21,0x4A,0x88,0xC9,0xDD,0xE5,
    0xDD,0x21,0x4A,0x88,0xCB,0x7C,0x28,0x09,0xCD,0x55,0xA8,0xDD,0x36,0x00,0x2D,0xDD,
    0x23,0xCD,0xE2,0xA6,0xDD,0xE1,0x21,0x4A,0x88,0xC9,0xDD,0xE5,0xDD,0x21,0x4A,0x88,
    0xCD,0x79,0xA6,0xDD,0xE1,0x21,0x4A,0x88,0xC9,0xD5,0xD9,0xE1,0xD9,0x0E,0x00,0xD9,
    0x11,0x9A,0x3B,0xD9,0x11,0x00,0xCA,0xCD,0x00,0xA7,0xD9,0x11,0xF5,0x05,0xD9,0x11,
    0x00,0xE1,0xCD,0x00,0xA7,0xD9,0x11,0x98,0x00,0xD9,0x11,0x80,0x96,0xCD,0x00,0xA7,
    0xD9,0x11,0x0F,0x00,0xD9,0x11,0x40,0x42,0xCD,0x00,0xA7,0xD9,0x11,0x01,0x00,0xD9,
    0x11,0xA0,0x86,0xCD,0x00,0xA7,0xD9,0x11,0x00,0x00,0xD9,0x11,0x10,0x27,0xCD,0x00,
    0xA7,0x11,0xE8,0x03,0xCD,0x00,0xA7,0x11,0x64,0x00,0xCD,0xEB,0xA6,0x11,0x0A,0x00,
    0xCD,0xEB,0xA6,0x7D,0xF6,0x30,0xDD,0x77,0x00,0xDD,0x36,0x01,0x00,0xC9,0x0E,0x00,
    0x18,0xE5,0x0E,0x00,0xD9,0x21,0x00,0x00,0xD9,0x18,0xCB,0x3E,0x30,0xB7,0xED,0x52,
    0x38,0x04,0x3C,0x0C,0x18,0xF8,0x19,0x0C,0x0D,0xC8,0xDD,0x77,0x00,0xDD,0x23,0xC9,
    0x3E,0x30,0xB7,0xED,0x52,0xD9,0xED,0x52,0xD9,0x38,0x04,0x3C,0x0C,0x18,0xF4,0x19,
    0xD9,0xED,0x5A,0xD9,0x0C,0x0D,0xC8,0xDD,0x77,0x00,0xDD,0x23,0xC9,0xDD,0xE5,0xDD,
    0x21,0x4A,0x88,0xCB,0x7A,0x28,0x09,0xCD,0x5E,0xA8,0xDD,0x36,0x00,0x2D,0xDD,0x23,
    0xCD,0x79,0xA6,0xDD,0xE1,0x21,0x4A,0x88,0xC9,0xDD,0xE5,0x7D,0xDD,0x21,0x4A,0x88,
    0xCD,0x9D,0xA7,0xDD,0x36,0x00,0x00,0xDD,0xE1,0x21,0x4A,0x88,0xC9,0xDD,0xE5,0xDD,
    0x21,0x4A,0x88,0xCD,0x90,0xA7,0xDD,0x36,0x00,0x00,0xDD,0xE1,0x21,0x4A,0x88,0xC9,
    0xDD,0xE5,0xDD,0x21,0x4A,0x88,0xCD,0x73,0xA7,0xDD,0x36,0x00,0x00,0xDD,0xE1,0x21,
    0x4A,0x88,0xC9,0x0E,0x00,0x7A,0xCD,0xB1,0xA7,0x7A,0xCD,0xBE,0xA7,0x7B,0xCD,0xB1,
    0xA7,0x7B,0xCD,0xBE,0xA7,0x7C,0xCD,0xB1,0xA7,0x7C,0xCD,0xBE,0xA7,0x7D,0x18,0x0F,
    0x0E,0x00,0x7C,0xCD,0xB1,0xA7,0x7C,0xCD,0xBE,0xA7,0x7D,0x18,0x02,0x0E,0x00,0xF5,
    0xCD,0xB1,0xA7,0xF1,0xF6,0xF0,0x27,0xC6,0xA0,0xCE,0x40,0xDD,0x77,0x00,0xDD,0x23,
    0xC9,0x1F,0x1F,0x1F,0x1F,0xF6,0xF0,0x27,0xC6,0xA0,0xCE,0x40,0x18,0x07,0xF6,0xF0,
    0x27,0xC6,0xA0,0xCE,0x40,0xFE,0x30,0x28,0x01,0x0C,0x0C,0x0D,0xC8,0xDD,0x77,0x00,
    0xDD,0x23,0xC9,0xCD,0x0F,0xA6,0xC3,0x57,0x91,0xCD,0x20,0xA6,0xC3,0x57,0x91,0xCD,
    0x3F,0xA6,0xC3,0x57,0x91,0xCD,0x4E,0xA6,0xC3,0x57,0x91,0xCD,0x1D,0xA7,0xC3,0x57,
    0x91,0xCD,0x6A,0xA6,0xC3,0x57,0x91,0xCD,0x39,0xA7,0xC3,0x57,0x91,0xCD,0x4D,0xA7,
    0xC3,0x57,0x91,0xCD,0x60,0xA7,0xC3,0x57,0x91,0x7E,0xFE,0x2D,0x20,0x01,0x23,0x08,
    0xCD,0x18,0xA8,0x08,0xC0,0xC3,0x5E,0xA8,0xE5,0xDD,0xE1,0x2E,0x00,0x65,0x5D,0x55,
    0xDD,0x7E,0x00,0xD6,0x30,0xFE,0x0A,0xD0,0xDD,0x23,0xCD,0x3C,0xA8,0x0E,0x00,0x85,
    0x6F,0x7C,0x89,0x67,0x7B,0x89,0x5F,0x7A,0x89,0x57,0x18,0xE4,0x29,0xCB,0x13,0xCB,
    0x12,0xD5,0xE5,0x29,0xCB,0x13,0xCB,0x12,0x29,0xCB,0x13,0xCB,0x12,0xC1,0x09,0xEB,
    0xC1,0xED,0x4A,0xEB,0xC9,0x7D,0xED,0x44,0x6F,0x3E,0x00,0x9C,0x67,0xC9,0x7D,0xED,
    0x44,0x6F,0x3E,0x00,0x9C,0x67,0x3E,0x00,0x9B,0x5F,0x3E,0x00,0x9A,0x57,0xC9,0xDD,
    0xE5,0xDD,0x21,0x04,0x00,0xDD,0x39,0xDD,0x6E,0x00,0xDD,0x66,0x01,0xAF,0x32,0x69,
    0xAA,0x3E,0x20,0x32,0x6A,0xAA,0xDD,0x23,0xDD,0x23,0x7E,0xB7,0xCA,0x66,0xAA,0x23,
    0xFE,0x25,0x20,0x4E,0x7E,0xB7,0xCA,0x66,0xAA,0xFE,0x3A,0x30,0x1A,0xFE,0x30,0x38,
    0x41,0x20,0x05,0x3E,0x30,0x32,0x6A,0xAA,0xDD,0xE5,0xCD,0x18,0xA8,0x7D,0x32,0x69,
    0xAA,0xDD,0xE5,0xE1,0xDD,0xE1,0x7E,0x23,0xFE,0x6C,0xCA,0xEA,0xA8,0xFE,0x75,0xCA,
    0xAF,0xA9,0xFE,0x64,0xCA,0xC0,0xA9,0xFE,0x78,0xCA,0x83,0xA9,0xFE,0x58,0xCA,0x83,
    0xA9,0xFE,0x73,0xCA,0x02,0xA9,0xFE,0x6D,0x28,0x36,0xFE,0x63,0xC2,0xE2,0xA8,0xDD,
    0x7E,0x00,0xE5,0x6F,0xCD,0xAA,0x90,0xE1,0x18,0xA0,0x7E,0x23,0xFE,0x75,0xCA,0xD1,
    0xA9,0xFE,0x64,0xCA,0xEC,0xA9,0xFE,0x78,0xCA,0x94,0xA9,0xFE,0x58,0xCA,0x94,0xA9,
    0x18,0xE0,0xE5,0xDD,0x6E,0x00,0xDD,0x66,0x01,0xCD,0x57,0x91,0xE1,0xC3,0x7D,0xA8,
    0x7E,0x23,0xFE,0x78,0x28,0x02,0x18,0xCA,0x7E,0x23,0x32,0x2B,0xA9,0xFE,0x62,0x28,
    0x0B,0xFE,0x77,0x28,0x07,0xFE,0x64,0x28,0x03,0x18,0xB7,0x00,0xE5,0xDD,0x6E,0x00,
    0xDD,0x66,0x01,0xDD,0x23,0xDD,0x23,0xDD,0x4E,0x00,0xDD,0x46,0x01,0xDD,0xE5,0xE5,
    0xDD,0xE1,0x78,0xB1,0x28,0x37,0xC5,0x11,0x00,0x00,0x63,0xDD,0x6E,0x00,0xDD,0x23,
    0x3A,0x2B,0xA9,0xFE,0x62,0x28,0x13,0xDD,0x66,0x00,0xDD,0x23,0xFE,0x77,0x28,0x0A,
    0xDD,0x5E,0x00,0xDD,0x23,0xDD,0x56,0x00,0xDD,0x23,0xDD,0xE5,0xCD,0x60,0xA7,0xCD,
    0x49,0xAA,0x2E,0x20,0xCD,0xAA,0x90,0xDD,0xE1,0xC1,0x0B,0x18,0xC5,0xDD,0xE1,0xE1,
    0xC3,0x7D,0xA8,0xE5,0xDD,0x6E,0x00,0xDD,0x66,0x01,0xCD,0x4D,0xA7,0xCD,0x49,0xAA,
    0xE1,0xC3,0x7D,0xA8,0xE5,0xDD,0x6E,0x00,0xDD,0x66,0x01,0xDD,0x23,0xDD,0x23,0xDD,
    0x5E,0x00,0xDD,0x56,0x01,0xCD,0x60,0xA7,0xCD,0x49,0xAA,0xE1,0xC3,0x7D,0xA8,0xE5,
    0xDD,0x6E,0x00,0xDD,0x66,0x01,0xCD,0x3F,0xA6,0xCD,0x49,0xAA,0xE1,0xC3,0x7D,0xA8,
    0xE5,0xDD,0x6E,0x00,0xDD,0x66,0x01,0xCB,0x7C,0xC4,0x55,0xA8,0xCD,0x3F,0xA6,0x18,
    0x34,0xE5,0xDD,0x6E,0x00,0xDD,0x66,0x01,0xDD,0x23,0xDD,0x23,0xDD,0x5E,0x00,0xDD,
    0x56,0x01,0xCD,0x6A,0xA6,0xCD,0x49,0xAA,0xE1,0xC3,0x7D,0xA8,0xE5,0xDD,0x6E,0x00,
    0xDD,0x66,0x01,0xDD,0x23,0xDD,0x23,0xDD,0x5E,0x00,0xDD,0x56,0x01,0xCB,0x7A,0xC4,
    0x5E,0xA8,0xCD,0x6A,0xA6,0xE5,0xCD,0x76,0x92,0x3A,0x6A,0xAA,0xFE,0x20,0x28,0x10,
    0xDD,0xCB,0x01,0x7E,0xC4,0x3D,0xAA,0x3A,0x69,0xAA,0x90,0xD4,0x58,0xAA,0x18,0x15,
    0x3A,0x69,0xAA,0xDD,0xCB,0x01,0x7E,0x28,0x01,0x04,0x90,0xD4,0x58,0xAA,0xDD,0xCB,
    0x01,0x7E,0xC4,0x3D,0xAA,0xE1,0xCD,0x57,0x91,0xE1,0xC3,0x7D,0xA8,0x04,0xE5,0xC5,
    0x3E,0x2D,0x6F,0xCD,0xAA,0x90,0xC1,0xE1,0xC9,0xE5,0xCD,0x76,0x92,0x3A,0x69,0xAA,
    0x90,0xD4,0x58,0xAA,0xE1,0xC3,0x57,0x91,0xC8,0x47,0xC5,0x3A,0x6A,0xAA,0x6F,0xCD,
    0xAA,0x90,0xC1,0x10,0xF5,0xC9,0xDD,0xE1,0xC9,0x00,0x00,0xCD,0x73,0xAA,0x3A,0x85,
    0xAC,0x6F,0xC9,0xCD,0xD0,0xAA,0xB7,0x20,0x0A,0x32,0x85,0xAC,0x3A,0x88,0xAC,0x32,
    0x87,0xAC,0xC9,0x4F,0x3A,0x88,0xAC,0x47,0x3A,0x87,0xAC,0xB8,0x20,0x08,0x78,0x3D,
    0x32,0x87,0xAC,0x79,0x18,0x0F,0x3D,0x32,0x87,0xAC,0x3E,0x00,0x20,0x07,0x3A,0x86,
    0xAC,0x32,0x87,0xAC,0x79,0x32,0x85,0xAC,0x3A,0x89,0xAC,0x4F,0x3A,0x85,0xAC,0xFE,
    0x06,0x20,0x0E,0xCB,0x61,0x28,0x0A,0xF5,0x3E,0x08,0xA9,0x4F,0x32,0x89,0xAC,0xF1,
    0xC9,0xFE,0x14,0xC0,0xCB,0x49,0xC8,0xF5,0x79,0xEE,0x01,0x32,0x89,0xAC,0xF1,0xC9,
    0x21,0x95,0xAB,0x01,0xFE,0x7F,0x16,0x10,0xED,0x58,0x7B,0xA2,0x28,0x1D,0x23,0xCB,
    0x0A,0x30,0xF5,0xCB,0x08,0x38,0xEF,0x01,0xFE,0xFE,0xED,0x78,0x1F,0x3E,0x00,0xD8,
    0x06,0x7F,0xED,0x78,0x2F,0xE6,0x02,0xC8,0x3E,0x0E,0xC9,0x7E,0xB7,0x28,0xDF,0xCB,
    0x1A,0x38,0x17,0x7B,0xA2,0x20,0xF8,0x7A,0xFE,0x02,0x20,0x05,0x78,0xFE,0x7F,0x28,
    0x09,0xAF,0x15,0xC0,0x78,0xFE,0xFE,0x3E,0x00,0xC0,0x37,0xCB,0x18,0x30,0x12,0xED,
    0x78,0x2F,0xE6,0x1F,0x28,0xF4,0xFE,0x01,0x3E,0x00,0xC0,0x78,0xFE,0xFE,0x3E,0x00,
    0xC0,0x01,0xFE,0xFE,0x11,0x28,0x00,0xED,0x78,0x1F,0x38,0x12,0x19,0x11,0x78,0x00,
    0x3A,0x89,0xAC,0x1F,0x30,0x01,0x19,0xE6,0x04,0x7E,0xC4,0x69,0xAB,0xC9,0x06,0x7F,
    0xED,0x78,0xE6,0x02,0x20,0x02,0x19,0x19,0x11,0x78,0x00,0x3A,0x89,0xAC,0x1F,0x30,
    0x01,0x19,0xE6,0x04,0x7E,0xC4,0x7F,0xAB,0xC9,0xFE,0x41,0xD8,0xFE,0xA0,0xD0,0xFE,
    0x5B,0x38,0x09,0xFE,0x80,0xD8,0xFE,0x90,0x38,0x02,0xC6,0x30,0xC6,0x20,0xC9,0xFE,
    0x61,0xD8,0xFE,0x7B,0x38,0x0C,0xFE,0xA0,0xD8,0xFE,0xB0,0x38,0x05,0xD6,0x30,0xFE,
    0xC0,0xD0,0xD6,0x20,0xC9,0x62,0x6E,0x6D,0x00,0x20,0x68,0x6A,0x6B,0x6C,0x0D,0x79,
    0x75,0x69,0x6F,0x70,0x36,0x37,0x38,0x39,0x30,0x35,0x34,0x33,0x32,0x31,0x74,0x72,
    0x65,0x77,0x71,0x67,0x66,0x64,0x73,0x61,0x76,0x63,0x78,0x7A,0x00,0x42,0x4E,0x4D,
    0x00,0x16,0x48,0x4A,0x4B,0x4C,0x15,0x59,0x55,0x49,0x4F,0x50,0x0A,0x0B,0x09,0x0F,
    0x0C,0x08,0x05,0x04,0x06,0x07,0x54,0x52,0x45,0x57,0x51,0x47,0x46,0x44,0x53,0x41,
    0x56,0x43,0x58,0x5A,0x00,0x2A,0x2C,0x2E,0x00,0x14,0x5E,0x2D,0x2B,0x3D,0x13,0x5B,
    0x5D,0x7F,0x3B,0x22,0x26,0x27,0x28,0x29,0x5F,0x25,0x24,0x23,0x40,0x21,0x3E,0x3C,
    0x12,0x10,0x11,0x7D,0x7B,0x5C,0x7C,0x7E,0x2F,0x3F,0x60,0x3A,0x00,0xA8,0xE2,0xEC,
    0x00,0x20,0xE0,0xAE,0xAB,0xA4,0x0D,0xAD,0xA3,0xE8,0xE9,0xA7,0x36,0x37,0x38,0x39,
    0x30,0x35,0x34,0x33,0x32,0x31,0xA5,0xAA,0xE3,0xE6,0xA9,0xAF,0xA0,0xA2,0xEB,0xE4,
    0xAC,0xE1,0xE7,0xEF,0x00,0x88,0x92,0x9C,0x00,0x16,0x90,0x8E,0x8B,0x84,0x15,0x8D,
    0x83,0x98,0x99,0x87,0x0A,0x0B,0x09,0x0F,0x0C,0x08,0x05,0x04,0x06,0x07,0x85,0x8A,
    0x93,0x96,0x89,0x8F,0x80,0x82,0x9B,0x94,0x8C,0x91,0x97,0x9F,0x00,0x2A,0xA1,0xEE,
    0x00,0x14,0x5E,0x2D,0x2B,0x3D,0x13,0xE5,0xEA,0x7F,0xA6,0xED,0x26,0x27,0xE5,0xEA,
    0x5F,0x25,0x24,0x23,0x40,0x21,0x3E,0x3C,0x12,0x10,0x11,0x7D,0x7B,0x5C,0x7C,0x7E,
    0x2F,0x3F,0x60,0xA6,0x00,0x00,0x01,0x1E,0x1E,0x12,0xFB,0x76,0xCD,0x6B,0xAA,0x4D,
    0xFD,0x21,0x02,0x00,0xFD,0x39,0xFD,0x7E,0x00,0x91,0x20,0xEE,0xC9,0xFB,0x76,0xCD,
    0x6B,0xAA,0x7D,0xB7,0x20,0xF7,0xC9,0x2E,0x00,0xC9,0xDD,0xE5,0xDD,0x21,0x00,0x00,
    0xDD,0x39,0xF5,0xDD,0x7E,0x09,0xDD,0xB6,0x08,0x20,0x05,0x21,0x00,0x00,0x18,0x46,
    0xDD,0x4E,0x08,0xDD,0x46,0x09,0x0B,0xDD,0x5E,0x04,0xDD,0x56,0x05,0xDD,0x6E,0x06,
    0xDD,0x66,0x07,0x1A,0xDD,0x77,0xFE,0x7E,0xDD,0x77,0xFF,0x78,0xB1,0x28,0x1A,0xDD,
    0x7E,0xFE,0xDD,0x96,0xFF,0x20,0x12,0x13,0x7A,0xDD,0x73,0x04,0xDD,0x77,0x05,0x23,
    0x7C,0xDD,0x75,0x06,0xDD,0x77,0x07,0x18,0xCD,0xDD,0x6E,0xFE,0x26,0x00,0xDD,0x4E,
    0xFF,0x06,0x00,0xBF,0xED,0x42,0xDD,0xF9,0xDD,0xE1,0xC9,0xF1,0xE1,0xD1,0xC1,0xC5,
    0xD5,0xE5,0xF5,0x79,0xB0,0xC8,0x73,0x0B,0x79,0xB0,0xC8,0xE5,0x5D,0x54,0x13,0xED,
    0xB0,0xE1,0xC9,0xDD,0xE5,0xDD,0x21,0x00,0x00,0xDD,0x39,0xDD,0x5E,0x04,0xDD,0x56,
    0x05,0x1A,0xB7,0x28,0x03,0x13,0x18,0xF9,0xDD,0x4E,0x06,0xDD,0x46,0x07,0x0A,0x03,
    0x12,0x13,0xB7,0x20,0xF9,0xDD,0x6E,0x04,0xDD,0x66,0x05,0xDD,0xE1,0xC9,0xC1,0xE1,
    0xE5,0xC5,0xAF,0x47,0x4F,0xED,0xB1,0x21,0xFF,0xFF,0xED,0x42,0xC9,0xE1,0xDD,0xE5,
    0xDD,0x21,0x00,0x00,0xDD,0x39,0xE9,0xDD,0xE5,0xDD,0x21,0x00,0x00,0xDD,0x39,0xF5,
    0x3B,0xDD,0x4E,0x04,0xDD,0x46,0x05,0xDD,0x5E,0x06,0xDD,0x56,0x07,0x0A,0xDD,0x77,
    0xFD,0xDD,0x36,0xFE,0x00,0x1A,0xDD,0x77,0xFF,0x6F,0x26,0x00,0xDD,0x7E,0xFD,0x95,
    0x6F,0xDD,0x7E,0xFE,0x9C,0x67,0xB5,0x20,0x0A,0xDD,0x7E,0xFF,0xB7,0x28,0x04,0x03,
    0x13,0x18,0xDA,0xDD,0xF9,0xDD,0xE1,0xC9,0xDD,0xE5,0xDD,0x21,0x00,0x00,0xDD,0x39,
    0x21,0x00,0x00,0x5D,0x54,0x0E,0x20,0xDD,0x7E,0x07,0x07,0xE6,0x01,0x47,0xDD,0xCB,
    0x04,0x26,0xDD,0xCB,0x05,0x16,0xDD,0xCB,0x06,0x16,0xDD,0xCB,0x07,0x16,0x29,0xCB,
    0x13,0xCB,0x12,0xCB,0x40,0x28,0x02,0xCB,0xC5,0x7D,0xDD,0x96,0x08,0x7C,0xDD,0x9E,
    0x09,0x7B,0xDD,0x9E,0x0A,0x7A,0xDD,0x9E,0x0B,0x38,0x1C,0x7D,0xDD,0x96,0x08,0x6F,
    0x7C,0xDD,0x9E,0x09,0x67,0x7B,0xDD,0x9E,0x0A,0x5F,0x7A,0xDD,0x9E,0x0B,0x57,0xDD,
    0x7E,0x04,0xF6,0x01,0xDD,0x77,0x04,0x0D,0x20,0xAD,0xDD,0x6E,0x04,0xDD,0x66,0x05,
    0xDD,0x5E,0x06,0xDD,0x56,0x07,0xDD,0xE1,0xC9,0xDD,0xE5,0xDD,0x21,0x00,0x00,0xDD,
    0x39,0x21,0xF8,0xFF,0x39,0xF9,0x21,0x0C,0x00,0x39,0xE3,0xC1,0xC5,0x03,0x03,0xE1,
    0xE5,0x23,0x23,0x5E,0x23,0x56,0x21,0x10,0x00,0x39,0xDD,0x75,0xFA,0xDD,0x74,0xFB,
    0x7E,0x23,0x66,0x6F,0xC5,0xE5,0xD5,0xCD,0xF5,0xA5,0xF1,0xF1,0xEB,0xC1,0x7B,0x02,
    0x03,0x7A,0x02,0xC1,0xC5,0x03,0x03,0xDD,0x71,0xFE,0xDD,0x70,0xFF,0xE1,0xE5,0x23,
    0x23,0x4E,0x23,0x46,0xD1,0xE1,0xE5,0xD5,0x23,0x23,0x5E,0x23,0x56,0xE1,0xE5,0x7E,
    0x23,0x66,0x6F,0xC5,0xE5,0xD5,0xCD,0xF5,0xA5,0xF1,0xF1,0xC1,0x09,0xEB,0xDD,0x6E,
    0xFE,0xDD,0x66,0xFF,0x73,0x23,0x72,0xC1,0xC5,0x03,0x03,0xE1,0xE5,0x23,0x23,0x5E,
    0x23,0x56,0xE1,0xE5,0x23,0x7E,0xDD,0x77,0xFF,0xDD,0x6E,0xFA,0xDD,0x66,0xFB,0x23,
    0x66,0xD5,0xC5,0xDD,0x5E,0xFF,0x2E,0x00,0x55,0x06,0x08,0x29,0x30,0x01,0x19,0x10,
    0xFA,0xC1,0xD1,0x19,0xEB,0x7B,0x02,0x03,0x7A,0x02,0xC1,0xE1,0xE5,0xC5,0x5E,0xE1,
    0xE5,0x23,0x66,0x2E,0x00,0x55,0x06,0x08,0x29,0x30,0x01,0x19,0x10,0xFA,0xDD,0x75,
    0xFC,0xDD,0x74,0xFD,0xD1,0xC1,0xC5,0xD5,0x03,0xE1,0xE5,0x5E,0xDD,0x6E,0xFA,0xDD,
    0x66,0xFB,0x23,0x66,0xC5,0x2E,0x00,0x55,0x06,0x08,0x29,0x30,0x01,0x19,0x10,0xFA,
    0xC1,0xEB,0x7B,0x02,0x03,0x7A,0x02,0xD1,0xC1,0xC5,0xD5,0x03,0x03,0x03,0xDD,0x5E,
    0xFA,0xDD,0x56,0xFB,0x13,0xDD,0x73,0xFE,0xDD,0x72,0xFF,0xD1,0xE1,0xE5,0xD5,0x23,
    0x5E,0x23,0x56,0x7B,0xDD,0x86,0xFC,0x5F,0x7A,0xDD,0x8E,0xFD,0x57,0xDD,0x6E,0xFE,
    0xDD,0x66,0xFF,0x73,0x23,0x72,0x7B,0xDD,0x96,0xFC,0x7A,0xDD,0x9E,0xFD,0x3E,0x00,
    0x17,0x02,0xC1,0xC5,0xE1,0xE5,0x5E,0xDD,0x6E,0xFA,0xDD,0x66,0xFB,0x66,0xC5,0x2E,
    0x00,0x55,0x06,0x08,0x29,0x30,0x01,0x19,0x10,0xFA,0xC1,0xEB,0x7B,0x02,0x03,0x7A,
    0x02,0xD1,0xC1,0xC5,0xD5,0xAF,0x02,0xDD,0x7E,0x04,0xDD,0x86,0x08,0x6F,0xDD,0x7E,
    0x05,0xDD,0x8E,0x09,0x67,0xDD,0x7E,0x06,0xDD,0x8E,0x0A,0x5F,0xDD,0x7E,0x07,0xDD,
    0x8E,0x0B,0x57,0xDD,0xF9,0xDD,0xE1,0xC9,0xFF,0xFF,0xFF,0xFF,0xFF,0xFF,0xFF,0xFF,
    0xFF,0xFF,0xFF,0xFF,0xFF,0xFF,0xFF,0xFF,0xFF,0xFF,0xFF,0xFF,0xFF,0xFF,0xFF,0xFF,
    0xFF,0xFF,0xFF,0xFF,0xFF,0xFF,0xFF,0xFF,0xFF,0xFF,0xFF,0xFF,0xFF,0xFF,0xFF,0xFF,
    0xFF,0xFF,0xFF,0xFF,0xFF,0xFF,0xFF,0xFF,0xFF,0xFF,0xFF,0xFF,0xFF,0xFF,0xFF,0xFF,
    0xFF,0xFF,0xFF,0xFF,0xFF,0xFF,0xFF,0xFF,0xFF,0xFF,0xFF,0xFF,0xFF,0xFF,0xFF,0xFF,
    0xFF,0xFF,0xFF,0xFF,0xFF,0xFF,0xFF,0xFF,0xFF,0xFF,0xFF,0xFF,0xFF,0xFF,0xFF,0xFF,
    0xFF,0xFF,0xFF,0xFF,0xFF,0xFF,0xFF,0xFF,0xFF,0xFF,0xFF,0xFF,0xFF,0xFF,0xFF,0xFF,
    0xFF,0xFF,0xFF,0xFF,0xFF,0xFF,0xFF,0xFF,0xFF,0xFF,0xFF,0xFF,0xFF,0xFF,0xFF,0xFF,
    0xFF,0xFF,0xFF,0xFF,0xFF,0xFF,0xFF,0xFF,0xFF,0xFF,0xFF,0xFF,0xFF,0xFF,0xFF,0xFF,
    0xFF,0xFF,0xFF,0xFF,0xFF,0xFF,0xFF,0xFF,0xFF,0xFF,0xFF,0xFF,0xFF,0xFF,0xFF,0xFF,
    0xFF,0xFF,0xFF,0xFF,0xFF,0xFF,0xFF,0xFF,0xFF,0xFF,0xFF,0xFF,0xFF,0xFF,0xFF,0xFF,
    0xFF,0xFF,0xFF,0xFF,0xFF,0xFF,0xFF,0xFF,0xFF,0xFF,0xFF,0xFF,0xFF,0xFF,0xFF,0xFF,
    0xFF,0xFF,0xFF,0xFF,0xFF,0xFF,0xFF,0xFF,0xFF,0xFF,0xFF,0xFF,0xFF,0xFF,0xFF,0xFF,
    0xFF,0xFF,0xFF,0xFF,0xFF,0xFF,0xFF,0xFF,0xFF,0xFF,0xFF,0xFF,0xFF,0xFF,0xFF,0xFF,
    0xFF,0xFF,0xFF,0xFF,0xFF,0xFF,0xFF,0xFF,0xFF,0xFF,0xFF,0xFF,0xFF,0xFF,0xFF,0xFF,
    0xFF,0xFF,0xFF,0xFF,0xFF,0xFF,0xFF,0xFF,0xFF,0xFF,0xFF,0xFF,0xFF,0xFF,0xFF,0xFF,
    0xFF,0xFF,0xFF,0xFF,0xFF,0xFF,0xFF,0xFF,0xFF,0xFF,0xFF,0xFF,0xFF,0xFF,0xFF,0xFF,
    0xFF,0xFF,0xFF,0xFF,0xFF,0xFF,0xFF,0xFF,0xFF,0xFF,0xFF,0xFF,0xFF,0xFF,0xFF,0xFF,
    0xFF,0xFF,0xFF,0xFF,0xFF,0xFF,0xFF,0xFF,0xFF,0xFF,0xFF,0xFF,0xFF,0xFF,0xFF,0xFF,
    0xFF,0xFF,0xFF,0xFF,0xFF,0xFF,0xFF,0xFF,0xFF,0xFF,0xFF,0xFF,0xFF,0xFF,0xFF,0xFF,
    0xFF,0xFF,0xFF,0xFF,0xFF,0xFF,0xFF,0xFF,0xFF,0xFF,0xFF,0xFF,0xFF,0xFF,0xFF,0xFF,
    0xFF,0xFF,0xFF,0xFF,0xFF,0xFF,0xFF,0xFF,0xFF,0xFF,0xFF,0xFF,0xFF,0xFF,0xFF,0xFF,
    0xFF,0xFF,0xFF,0xFF,0xFF,0xFF,0xFF,0xFF,0xFF,0xFF,0xFF,0xFF,0xFF,0xFF,0xFF,0xFF,
    0xFF,0xFF,0xFF,0xFF,0xFF,0xFF,0xFF,0xFF,0xFF,0xFF,0xFF,0xFF,0xFF,0xFF,0xFF,0xFF,
    0xFF,0xFF,0xFF,0xFF,0xFF,0xFF,0xFF,0xFF,0xFF,0xFF,0xFF,0xFF,0xFF,0xFF,0xFF,0xFF,
    0xFF,0xFF,0xFF,0xFF,0xFF,0xFF,0xFF,0xFF,0xFF,0xFF,0xFF,0xFF,0xFF,0xFF,0xFF,0xFF,
    0xFF,0xFF,0xFF,0xFF,0xFF,0xFF,0xFF,0xFF,0xFF,0xFF,0xFF,0xFF,0xFF,0xFF,0xFF,0xFF,
    0xFF,0xFF,0xFF,0xFF,0xFF,0xFF,0xFF,0xFF,0xFF,0xFF,0xFF,0xFF,0xFF,0xFF,0xFF,0xFF,
    0xFF,0xFF,0xFF,0xFF,0xFF,0xFF,0xFF,0xFF,0xFF,0xFF,0xFF,0xFF,0xFF,0xFF,0xFF,0xFF,
    0xFF,0xFF,0xFF,0xFF,0xFF,0xFF,0xFF,0xFF,0xFF,0xFF,0xFF,0xFF,0xFF,0xFF,0xFF,0xFF,
    0xFF,0xFF,0xFF,0xFF,0xFF,0xFF,0xFF,0xFF,0xFF,0xFF,0xFF,0xFF,0xFF,0xFF,0xFF,0xFF,
    0xFF,0xFF,0xFF,0xFF,0xFF,0xFF,0xFF,0xFF,0xFF,0xFF,0xFF,0xFF,0xFF,0xFF,0xFF,0xFF,
    0xFF,0xFF,0xFF,0xFF,0xFF,0xFF,0xFF,0xFF,0xFF,0xFF,0xFF,0xFF,0xFF,0xFF,0xFF,0xFF,
    0xFF,0xFF,0xFF,0xFF,0xFF,0xFF,0xFF,0xFF,0xFF,0xFF,0xFF,0xFF,0xFF,0xFF,0xFF,0xFF,
    0xFF,0xFF,0xFF,0xFF,0xFF,0xFF,0xFF,0xFF,0xFF,0xFF,0xFF,0xFF,0xFF,0xFF,0xFF,0xFF,
    0xFF,0xFF,0xFF,0xFF,0xFF,0xFF,0xFF,0xFF,0xFF,0xFF,0xFF,0xFF,0xFF,0xFF,0xFF,0xFF,
    0xFF,0xFF,0xFF,0xFF,0xFF,0xFF,0xFF,0xFF,0xFF,0xFF,0xFF,0xFF,0xFF,0xFF,0xFF,0xFF,
    0xFF,0xFF,0xFF,0xFF,0xFF,0xFF,0xFF,0xFF,0xFF,0xFF,0xFF,0xFF,0xFF,0xFF,0xFF,0xFF,
    0xFF,0xFF,0xFF,0xFF,0xFF,0xFF,0xFF,0xFF,0xFF,0xFF,0xFF,0xFF,0xFF,0xFF,0xFF,0xFF,
    0xFF,0xFF,0xFF,0xFF,0xFF,0xFF,0xFF,0xFF,0xFF,0xFF,0xFF,0xFF,0xFF,0xFF,0xFF,0xFF,
    0xFF,0xFF,0xFF,0xFF,0xFF,0xFF,0xFF,0xFF,0xFF,0xFF,0xFF,0xFF,0xFF,0xFF,0xFF,0xFF,
    0xFF,0xFF,0xFF,0xFF,0xFF,0xFF,0xFF,0xFF,0xFF,0xFF,0xFF,0xFF,0xFF,0xFF,0xFF,0xFF,
    0xFF,0xFF,0xFF,0xFF,0xFF,0xFF,0xFF,0xFF,0xFF,0xFF,0xFF,0xFF,0xFF,0xFF,0xFF,0xFF,
    0xFF,0xFF,0xFF,0xFF,0xFF,0xFF,0xFF,0xFF,0xFF,0xFF,0xFF,0xFF,0xFF,0xFF,0xFF,0xFF,
    0xFF,0xFF,0xFF,0xFF,0xFF,0xFF,0xFF,0xFF,0xFF,0xFF,0xFF,0xFF,0xFF,0xFF,0xFF,0xFF,
    0xFF,0xFF,0xFF,0xFF,0xFF,0xFF,0xFF,0xFF,0xFF,0xFF,0xFF,0xFF,0xFF,0xFF,0xFF,0xFF,
    0xFF,0xFF,0xFF,0xFF,0xFF,0xFF,0xFF,0xFF,0xFF,0xFF,0xFF,0xFF,0xFF,0xFF,0xFF,0xFF,
    0xFF,0xFF,0xFF,0xFF,0xFF,0xFF,0xFF,0xFF,0xFF,0xFF,0xFF,0xFF,0xFF,0xFF,0xFF,0xFF,
    0xFF,0xFF,0xFF,0xFF,0xFF,0xFF,0xFF,0xFF,0xFF,0xFF,0xFF,0xFF,0xFF,0xFF,0xFF,0xFF,
    0xFF,0xFF,0xFF,0xFF,0xFF,0xFF,0xFF,0xFF,0xFF,0xFF,0xFF,0xFF,0xFF,0xFF,0xFF,0xFF,
    0xFF,0xFF,0xFF,0xFF,0xFF,0xFF,0xFF,0xFF,0xFF,0xFF,0xFF,0xFF,0xFF,0xFF,0xFF,0xFF,
    0xFF,0xFF,0xFF,0xFF,0xFF,0xFF,0xFF,0xFF,0xFF,0xFF,0xFF,0xFF,0xFF,0xFF,0xFF,0xFF,
    0xFF,0xFF,0xFF,0xFF,0xFF,0xFF,0xFF,0xFF,0xFF,0xFF,0xFF,0xFF,0xFF,0xFF,0xFF,0xFF,
    0xFF,0xFF,0xFF,0xFF,0xFF,0xFF,0xFF,0xFF,0xFF,0xFF,0xFF,0xFF,0xFF,0xFF,0xFF,0xFF,
    0xFF,0xFF,0xFF,0xFF,0xFF,0xFF,0xFF,0xFF,0xFF,0xFF,0xFF,0xFF,0xFF,0xFF,0xFF,0xFF,
    0xFF,0xFF,0xFF,0xFF,0xFF,0xFF,0xFF,0xFF,0xFF,0xFF,0xFF,0xFF,0xFF,0xFF,0xFF,0xFF,
    0xFF,0xFF,0xFF,0xFF,0xFF,0xFF,0xFF,0xFF,0xFF,0xFF,0xFF,0xFF,0xFF,0xFF,0xFF,0xFF,
    0xFF,0xFF,0xFF,0xFF,0xFF,0xFF,0xFF,0xFF,0xFF,0xFF,0xFF,0xFF,0xFF,0xFF,0xFF,0xFF,
    0xFF,0xFF,0xFF,0xFF,0xFF,0xFF,0xFF,0xFF,0xFF,0xFF,0xFF,0xFF,0xFF,0xFF,0xFF,0xFF,
    0xFF,0xFF,0xFF,0xFF,0xFF,0xFF,0xFF,0xFF,0xFF,0xFF,0xFF,0xFF,0xFF,0xFF,0xFF,0xFF,
    0xFF,0xFF,0xFF,0xFF,0xFF,0xFF,0xFF,0xFF,0xFF,0xFF,0xFF,0xFF,0xFF,0xFF,0xFF,0xFF,
    0xFF,0xFF,0xFF,0xFF,0xFF,0xFF,0xFF,0xFF,0xFF,0xFF,0xFF,0xFF,0xFF,0xFF,0xFF,0xFF,
    0xFF,0xFF,0xFF,0xFF,0xFF,0xFF,0xFF,0xFF,0xFF,0xFF,0xFF,0xFF,0xFF,0xFF,0xFF,0xFF,
    0xFF,0xFF,0xFF,0xFF,0xFF,0xFF,0xFF,0xFF,0xFF,0xFF,0xFF,0xFF,0xFF,0xFF,0xFF,0xFF,
    0xFF,0xFF,0xFF,0xFF,0xFF,0xFF,0xFF,0xFF,0xFF,0xFF,0xFF,0xFF,0xFF,0xFF,0xFF,0xFF,
    0xFF,0xFF,0xFF,0xFF,0xFF,0xFF,0xFF,0xFF,0xFF,0xFF,0xFF,0xFF,0xFF,0xFF,0xFF,0xFF,
    0xFF,0xFF,0xFF,0xFF,0xFF,0xFF,0xFF,0xFF,0xFF,0xFF,0xFF,0xFF,0xFF,0xFF,0xFF,0xFF,
    0xFF,0xFF,0xFF,0xFF,0xFF,0xFF,0xFF,0xFF,0xFF,0xFF,0xFF,0xFF,0xFF,0xFF,0xFF,0xFF,
    0xFF,0xFF,0xFF,0xFF,0xFF,0xFF,0xFF,0xFF,0xFF,0xFF,0xFF,0xFF,0xFF,0xFF,0xFF,0xFF,
    0xFF,0xFF,0xFF,0xFF,0xFF,0xFF,0xFF,0xFF,0xFF,0xFF,0xFF,0xFF,0xFF,0xFF,0xFF,0xFF,
    0xFF,0xFF,0xFF,0xFF,0xFF,0xFF,0xFF,0xFF,0xFF,0xFF,0xFF,0xFF,0xFF,0xFF,0xFF,0xFF,
    0xFF,0xFF,0xFF,0xFF,0xFF,0xFF,0xFF,0xFF,0xFF,0xFF,0xFF,0xFF,0xFF,0xFF,0xFF,0xFF,
    0xFF,0xFF,0xFF,0xFF,0xFF,0xFF,0xFF,0xFF,0xFF,0xFF,0xFF,0xFF,0xFF,0xFF,0xFF,0xFF,
    0xFF,0xFF,0xFF,0xFF,0xFF,0xFF,0xFF,0xFF,0xFF,0xFF,0xFF,0xFF,0xFF,0xFF,0xFF,0xFF,
    0xFF,0xFF,0xFF,0xFF,0xFF,0xFF,0xFF,0xFF,0xFF,0xFF,0xFF,0xFF,0xFF,0xFF,0xFF,0xFF,
    0xFF,0xFF,0xFF,0xFF,0xFF,0xFF,0xFF,0xFF,0xFF,0xFF,0xFF,0xFF,0xFF,0xFF,0xFF,0xFF,
    0xFF,0xFF,0xFF,0xFF,0xFF,0xFF,0xFF,0xFF,0xFF,0xFF,0xFF,0xFF,0xFF,0xFF,0xFF,0xFF,
    0xFF,0xFF,0xFF,0xFF,0xFF,0xFF,0xFF,0xFF,0xFF,0xFF,0xFF,0xFF,0xFF,0xFF,0xFF,0xFF,
    0xFF,0xFF,0xFF,0xFF,0xFF,0xFF,0xFF,0xFF,0xFF,0xFF,0xFF,0xFF,0xFF,0xFF,0xFF,0xFF,
    0xFF,0xFF,0xFF,0xFF,0xFF,0xFF,0xFF,0xFF,0xFF,0xFF,0xFF,0xFF,0xFF,0xFF,0xFF,0xFF,
    0xFF,0xFF,0xFF,0xFF,0xFF,0xFF,0xFF,0xFF,0xFF,0xFF,0xFF,0xFF,0xFF,0xFF,0xFF,0xFF,
    0xFF,0xFF,0xFF,0xFF,0xFF,0xFF,0xFF,0xFF,0xFF,0xFF,0xFF,0xFF,0xFF,0xFF,0xFF,0xFF,
    0xFF,0xFF,0xFF,0xFF,0xFF,0xFF,0xFF,0xFF,0xFF,0xFF,0xFF,0xFF,0xFF,0xFF,0xFF,0xFF,
    0xFF,0xFF,0xFF,0xFF,0xFF,0xFF,0xFF,0xFF,0xFF,0xFF,0xFF,0xFF,0xFF,0xFF,0xFF,0xFF,
    0xFF,0xFF,0xFF,0xFF,0xFF,0xFF,0xFF,0xFF,0xFF,0xFF,0xFF,0xFF,0xFF,0xFF,0xFF,0xFF,
    0xFF,0xFF,0xFF,0xFF,0xFF,0xFF,0xFF,0xFF,0xFF,0xFF,0xFF,0xFF,0xFF,0xFF,0xFF,0xFF,
    0xFF,0xFF,0xFF,0xFF,0xFF,0xFF,0xFF,0xFF,0xFF,0xFF,0xFF,0xFF,0xFF,0xFF,0xFF,0xFF,
    0xFF,0xFF,0xFF,0xFF,0xFF,0xFF,0xFF,0xFF,0xFF,0xFF,0xFF,0xFF,0xFF,0xFF,0xFF,0xFF,
    0xFF,0xFF,0xFF,0xFF,0xFF,0xFF,0xFF,0xFF,0xFF,0xFF,0xFF,0xFF,0xFF,0xFF,0xFF,0xFF,
    0xFF,0xFF,0xFF,0xFF,0xFF,0xFF,0xFF,0xFF,0xFF,0xFF,0xFF,0xFF,0xFF,0xFF,0xFF,0xFF,
    0xFF,0xFF,0xFF,0xFF,0xFF,0xFF,0xFF,0xFF,0xFF,0xFF,0xFF,0xFF,0xFF,0xFF,0xFF,0xFF,
    0xFF,0xFF,0xFF,0xFF,0xFF,0xFF,0xFF,0xFF,0xFF,0xFF,0xFF,0xFF,0xFF,0xFF,0xFF,0xFF,
    0xFF,0xFF,0xFF,0xFF,0xFF,0xFF,0xFF,0xFF,0xFF,0xFF,0xFF,0xFF,0xFF,0xFF,0xFF,0xFF,
    0xFF,0xFF,0xFF,0xFF,0xFF,0xFF,0xFF,0xFF,0xFF,0xFF,0xFF,0xFF,0xFF,0xFF,0xFF,0xFF,
    0xFF,0xFF,0xFF,0xFF,0xFF,0xFF,0xFF,0xFF,0xFF,0xFF,0xFF,0xFF,0xFF,0xFF,0xFF,0xFF,
    0xFF,0xFF,0xFF,0xFF,0xFF,0xFF,0xFF,0xFF,0xFF,0xFF,0xFF,0xFF,0xFF,0xFF,0xFF,0xFF,
    0xFF,0xFF,0xFF,0xFF,0xFF,0xFF,0xFF,0xFF,0xFF,0xFF,0xFF,0xFF,0xFF,0xFF,0xFF,0xFF,
    0xFF,0xFF,0xFF,0xFF,0xFF,0xFF,0xFF,0xFF,0xFF,0xFF,0xFF,0xFF,0xFF,0xFF,0xFF,0xFF,
    0xFF,0xFF,0xFF,0xFF,0xFF,0xFF,0xFF,0xFF,0xFF,0xFF,0xFF,0xFF,0xFF,0xFF,0xFF,0xFF,
    0xFF,0xFF,0xFF,0xFF,0xFF,0xFF,0xFF,0xFF,0xFF,0xFF,0xFF,0xFF,0xFF,0xFF,0xFF,0xFF,
    0xFF,0xFF,0xFF,0xFF,0xFF,0xFF,0xFF,0xFF,0xFF,0xFF,0xFF,0xFF,0xFF,0xFF,0xFF,0xFF,
    0xFF,0xFF,0xFF,0xFF,0xFF,0xFF,0xFF,0xFF,0xFF,0xFF,0xFF,0xFF,0xFF,0xFF,0xFF,0xFF,
    0xFF,0xFF,0xFF,0xFF,0xFF,0xFF,0xFF,0xFF,0xFF,0xFF,0xFF,0xFF,0xFF,0xFF,0xFF,0xFF,
    0xFF,0xFF,0xFF,0xFF,0xFF,0xFF,0xFF,0xFF,0xFF,0xFF,0xFF,0xFF,0xFF,0xFF,0xFF,0xFF,
    0xFF,0xFF,0xFF,0xFF,0xFF,0xFF,0xFF,0xFF,0xFF,0xFF,0xFF,0xFF,0xFF,0xFF,0xFF,0xFF,
    0xFF,0xFF,0xFF,0xFF,0xFF,0xFF,0xFF,0xFF,0xFF,0xFF,0xFF,0xFF,0xFF,0xFF,0xFF,0xFF,
    0xFF,0xFF,0xFF,0xFF,0xFF,0xFF,0xFF,0xFF,0xFF,0xFF,0xFF,0xFF,0xFF,0xFF,0xFF,0xFF,
    0xFF,0xFF,0xFF,0xFF,0xFF,0xFF,0xFF,0xFF,0xFF,0xFF,0xFF,0xFF,0xFF,0xFF,0xFF,0xFF,
    0xFF,0xFF,0xFF,0xFF,0xFF,0xFF,0xFF,0xFF,0xFF,0xFF,0xFF,0xFF,0xFF,0xFF,0xFF,0xFF,
    0xFF,0xFF,0xFF,0xFF,0xFF,0xFF,0xFF,0xFF,0xFF,0xFF,0xFF,0xFF,0xFF,0xFF,0xFF,0xFF,
    0xFF,0xFF,0xFF,0xFF,0xFF,0xFF,0xFF,0xFF,0xFF,0xFF,0xFF,0xFF,0xFF,0xFF,0xFF,0xFF,
    0xFF,0xFF,0xFF,0xFF,0xFF,0xFF,0xFF,0xFF,0xFF,0xFF,0xFF,0xFF,0xFF,0xFF,0xFF,0xFF,
    0xFF,0xFF,0xFF,0xFF,0xFF,0xFF,0xFF,0xFF,0xFF,0xFF,0xFF,0xFF,0xFF,0xFF,0xFF,0xFF,
    0xFF,0xFF,0xFF,0xFF,0xFF,0xFF,0xFF,0xFF,0xFF,0xFF,0xFF,0xFF,0xFF,0xFF,0xFF,0xFF,
    0xFF,0xFF,0xFF,0xFF,0xFF,0xFF,0xFF,0xFF,0xFF,0xFF,0xFF,0xFF,0xFF,0xFF,0xFF,0xFF,
    0xFF,0xFF,0xFF,0xFF,0xFF,0xFF,0xFF,0xFF,0xFF,0xFF,0xFF,0xFF,0xFF,0xFF,0xFF,0xFF,
    0xFF,0xFF,0xFF,0xFF,0xFF,0xFF,0xFF,0xFF,0xFF,0xFF,0xFF,0xFF,0xFF,0xFF,0xFF,0xFF,
    0xFF,0xFF,0xFF,0xFF,0xFF,0xFF,0xFF,0xFF,0xFF,0xFF,0xFF,0xFF,0xFF,0xFF,0xFF,0xFF,
    0xFF,0xFF,0xFF,0xFF,0xFF,0xFF,0xFF,0xFF,0xFF,0xFF,0xFF,0xFF,0xFF,0xFF,0xFF,0xFF,
    0xFF,0xFF,0xFF,0xFF,0xFF,0xFF,0xFF,0xFF,0xFF,0xFF,0xFF,0xFF,0xFF,0xFF,0xFF,0xFF,
    0xFF,0xFF,0xFF,0xFF,0xFF,0xFF,0xFF,0xFF,0xFF,0xFF,0xFF,0xFF,0xFF,0xFF,0xFF,0xFF,
    0xFF,0xFF,0xFF,0xFF,0xFF,0xFF,0xFF,0xFF,0xFF,0xFF,0xFF,0xFF,0xFF,0xFF,0xFF,0xFF,
    0xFF,0xFF,0xFF,0xFF,0xFF,0xFF,0xFF,0xFF,0xFF,0xFF,0xFF,0xFF,0xFF,0xFF,0xFF,0xFF,
    0xFF,0xFF,0xFF,0xFF,0xFF,0xFF,0xFF,0xFF,0xFF,0xFF,0xFF,0xFF,0xFF,0xFF,0xFF,0xFF,
    0xFF,0xFF,0xFF,0xFF,0xFF,0xFF,0xFF,0xFF,0xFF,0xFF,0xFF,0xFF,0xFF,0xFF,0xFF,0xFF,
    0xFF,0xFF,0xFF,0xFF,0xFF,0xFF,0xFF,0xFF,0xFF,0xFF,0xFF,0xFF,0xFF,0xFF,0xFF,0xFF,
    0xFF,0xFF,0xFF,0xFF,0xFF,0xFF,0xFF,0xFF,0xFF,0xFF,0xFF,0xFF,0xFF,0xFF,0xFF,0xFF,
    0xFF,0xFF,0xFF,0xFF,0xFF,0xFF,0xFF,0xFF,0xFF,0xFF,0xFF,0xFF,0xFF,0xFF,0xFF,0xFF,
    0xFF,0xFF,0xFF,0xFF,0xFF,0xFF,0xFF,0xFF,0xFF,0xFF,0xFF,0xFF,0xFF,0xFF,0xFF,0xFF,
    0xFF,0xFF,0xFF,0xFF,0xFF,0xFF,0xFF,0xFF,0xFF,0xFF,0xFF,0xFF,0xFF,0xFF,0xFF,0xFF,
    0xFF,0xFF,0xFF,0xFF,0xFF,0xFF,0xFF,0xFF,0xFF,0xFF,0xFF,0xFF,0xFF,0xFF,0xFF,0xFF,
    0xFF,0xFF,0xFF,0xFF,0xFF,0xFF,0xFF,0xFF,0xFF,0xFF,0xFF,0xFF,0xFF,0xFF,0xFF,0xFF,
    0xFF,0xFF,0xFF,0xFF,0xFF,0xFF,0xFF,0xFF,0xFF,0xFF,0xFF,0xFF,0xFF,0xFF,0xFF,0xFF,
    0xFF,0xFF,0xFF,0xFF,0xFF,0xFF,0xFF,0xFF,0xFF,0xFF,0xFF,0xFF,0xFF,0xFF,0xFF,0xFF,
    0xFF,0xFF,0xFF,0xFF,0xFF,0xFF,0xFF,0xFF,0xFF,0xFF,0xFF,0xFF,0xFF,0xFF,0xFF,0xFF,
    0xFF,0xFF,0xFF,0xFF,0xFF,0xFF,0xFF,0xFF,0xFF,0xFF,0xFF,0xFF,0xFF,0xFF,0xFF,0xFF,
    0xFF,0xFF,0xFF,0xFF,0xFF,0xFF,0xFF,0xFF,0xFF,0xFF,0xFF,0xFF,0xFF,0xFF,0xFF,0xFF,
    0xFF,0xFF,0xFF,0xFF,0xFF,0xFF,0xFF,0xFF,0xFF,0xFF,0xFF,0xFF,0xFF,0xFF,0xFF,0xFF,
    0xFF,0xFF,0xFF,0xFF,0xFF,0xFF,0xFF,0xFF,0xFF,0xFF,0xFF,0xFF,0xFF,0xFF,0xFF,0xFF,
    0xFF,0xFF,0xFF,0xFF,0xFF,0xFF,0xFF,0xFF,0xFF,0xFF,0xFF,0xFF,0xFF,0xFF,0xFF,0xFF,
    0xFF,0xFF,0xFF,0xFF,0xFF,0xFF,0xFF,0xFF,0xFF,0xFF,0xFF,0xFF,0xFF,0xFF,0xFF,0xFF,
    0xFF,0xFF,0xFF,0xFF,0xFF,0xFF,0xFF,0xFF,0xFF,0xFF,0xFF,0xFF,0xFF,0xFF,0xFF,0xFF,
    0xFF,0xFF,0xFF,0xFF,0xFF,0xFF,0xFF,0xFF,0xFF,0xFF,0xFF,0xFF,0xFF,0xFF,0xFF,0xFF,
    0xFF,0xFF,0xFF,0xFF,0xFF,0xFF,0xFF,0xFF,0xFF,0xFF,0xFF,0xFF,0xFF,0xFF,0xFF,0xFF,
    0xFF,0xFF,0xFF,0xFF,0xFF,0xFF,0xFF,0xFF,0xFF,0xFF,0xFF,0xFF,0xFF,0xFF,0xFF,0xFF,
    0xFF,0xFF,0xFF,0xFF,0xFF,0xFF,0xFF,0xFF,0xFF,0xFF,0xFF,0xFF,0xFF,0xFF,0xFF,0xFF,
    0xFF,0xFF,0xFF,0xFF,0xFF,0xFF,0xFF,0xFF,0xFF,0xFF,0xFF,0xFF,0xFF,0xFF,0xFF,0xFF,
    0xFF,0xFF,0xFF,0xFF,0xFF,0xFF,0xFF,0xFF,0xFF,0xFF,0xFF,0xFF,0xFF,0xFF,0xFF,0xFF,
    0xFF,0xFF,0xFF,0xFF,0xFF,0xFF,0xFF,0xFF,0xFF,0xFF,0xFF,0xFF,0xFF,0xFF,0xFF,0xFF,
    0xFF,0xFF,0xFF,0xFF,0xFF,0xFF,0xFF,0xFF,0xFF,0xFF,0xFF,0xFF,0xFF,0xFF,0xFF,0xFF,
    0xFF,0xFF,0xFF,0xFF,0xFF,0xFF,0xFF,0xFF,0xFF,0xFF,0xFF,0xFF,0xFF,0xFF,0xFF,0xFF,
    0xFF,0xFF,0xFF,0xFF,0xFF,0xFF,0xFF,0xFF,0xFF,0xFF,0xFF,0xFF,0xFF,0xFF,0xFF,0xFF,
    0xFF,0xFF,0xFF,0xFF,0xFF,0xFF,0xFF,0xFF,0xFF,0xFF,0xFF,0xFF,0xFF,0xFF,0xFF,0xFF,
    0xFF,0xFF,0xFF,0xFF,0xFF,0xFF,0xFF,0xFF,0xFF,0xFF,0xFF,0xFF,0xFF,0xFF,0xFF,0xFF,
    0xFF,0xFF,0xFF,0xFF,0xFF,0xFF,0xFF,0xFF,0xFF,0xFF,0xFF,0xFF,0xFF,0xFF,0xFF,0xFF,
    0xFF,0xFF,0xFF,0xFF,0xFF,0xFF,0xFF,0xFF,0xFF,0xFF,0xFF,0xFF,0xFF,0xFF,0xFF,0xFF,
    0xFF,0xFF,0xFF,0xFF,0xFF,0xFF,0xFF,0xFF,0xFF,0xFF,0xFF,0xFF,0xFF,0xFF,0xFF,0xFF,
    0xFF,0xFF,0xFF,0xFF,0xFF,0xFF,0xFF,0xFF,0xFF,0xFF,0xFF,0xFF,0xFF,0xFF,0xFF,0xFF,
    0xFF,0xFF,0xFF,0xFF,0xFF,0xFF,0xFF,0xFF,0xFF,0xFF,0xFF,0xFF,0xFF,0xFF,0xFF,0xFF,
    0xFF,0xFF,0xFF,0xFF,0xFF,0xFF,0xFF,0xFF,0xFF,0xFF,0xFF,0xFF,0xFF,0xFF,0xFF,0xFF,
    0xFF,0xFF,0xFF,0xFF,0xFF,0xFF,0xFF,0xFF,0xFF,0xFF,0xFF,0xFF,0xFF,0xFF,0xFF,0xFF,
    0xFF,0xFF,0xFF,0xFF,0xFF,0xFF,0xFF,0xFF,0xFF,0xFF,0xFF,0xFF,0xFF,0xFF,0xFF,0xFF,
    0xFF,0xFF,0xFF,0xFF,0xFF,0xFF,0xFF,0xFF,0xFF,0xFF,0xFF,0xFF,0xFF,0xFF,0xFF,0xFF,
    0xFF,0xFF,0xFF,0xFF,0xFF,0xFF,0xFF,0xFF,0xFF,0xFF,0xFF,0xFF,0xFF,0xFF,0xFF,0xFF,
    0xFF,0xFF,0xFF,0xFF,0xFF,0xFF,0xFF,0xFF,0xFF,0xFF,0xFF,0xFF,0xFF,0xFF,0xFF,0xFF,
    0xFF,0xFF,0xFF,0xFF,0xFF,0xFF,0xFF,0xFF,0xFF,0xFF,0xFF,0xFF,0xFF,0xFF,0xFF,0xFF,
    0xFF,0xFF,0xFF,0xFF,0xFF,0xFF,0xFF,0xFF,0xFF,0xFF,0xFF,0xFF,0xFF,0xFF,0xFF,0xFF,
    0xFF,0xFF,0xFF,0xFF,0xFF,0xFF,0xFF,0xFF,0xFF,0xFF,0xFF,0xFF,0xFF,0xFF,0xFF,0xFF,
    0xFF,0xFF,0xFF,0xFF,0xFF,0xFF,0xFF,0xFF,0xFF,0xFF,0xFF,0xFF,0xFF,0xFF,0xFF,0xFF,
    0xFF,0xFF,0xFF,0xFF,0xFF,0xFF,0xFF,0xFF,0xFF,0xFF,0xFF,0xFF,0xFF,0xFF,0xFF,0xFF,
    0xFF,0xFF,0xFF,0xFF,0xFF,0xFF,0xFF,0xFF,0xFF,0xFF,0xFF,0xFF,0xFF,0xFF,0xFF,0xFF,
    0xFF,0xFF,0xFF,0xFF,0xFF,0xFF,0xFF,0xFF,0xFF,0xFF,0xFF,0xFF,0xFF,0xFF,0xFF,0xFF,
    0xFF,0xFF,0xFF,0xFF,0xFF,0xFF,0xFF,0xFF,0xFF,0xFF,0xFF,0xFF,0xFF,0xFF,0xFF,0xFF,
    0xFF,0xFF,0xFF,0xFF,0xFF,0xFF,0xFF,0xFF,0xFF,0xFF,0xFF,0xFF,0xFF,0xFF,0xFF,0xFF,
    0xFF,0xFF,0xFF,0xFF,0xFF,0xFF,0xFF,0xFF,0xFF,0xFF,0xFF,0xFF,0xFF,0xFF,0xFF,0xFF,
    0xFF,0xFF,0xFF,0xFF,0xFF,0xFF,0xFF,0xFF,0xFF,0xFF,0xFF,0xFF,0xFF,0xFF,0xFF,0xFF,
    0xFF,0xFF,0xFF,0xFF,0xFF,0xFF,0xFF,0xFF,0xFF,0xFF,0xFF,0xFF,0xFF,0xFF,0xFF,0xFF,
    0xFF,0xFF,0xFF,0xFF,0xFF,0xFF,0xFF,0xFF,0xFF,0xFF,0xFF,0xFF,0xFF,0xFF,0xFF,0xFF,
    0xFF,0xFF,0xFF,0xFF,0xFF,0xFF,0xFF,0xFF,0xFF,0xFF,0xFF,0xFF,0xFF,0xFF,0xFF,0xFF,
    0xFF,0xFF,0xFF,0xFF,0xFF,0xFF,0xFF,0xFF,0xFF,0xFF,0xFF,0xFF,0xFF,0xFF,0xFF,0xFF,
    0xFF,0xFF,0xFF,0xFF,0xFF,0xFF,0xFF,0xFF,0xFF,0xFF,0xFF,0xFF,0xFF,0xFF,0xFF,0xFF,
    0xFF,0xFF,0xFF,0xFF,0xFF,0xFF,0xFF,0xFF,0xFF,0xFF,0xFF,0xFF,0xFF,0xFF,0xFF,0xFF,
    0xFF,0xFF,0xFF,0xFF,0xFF,0xFF,0xFF,0xFF,0xFF,0xFF,0xFF,0xFF,0xFF,0xFF,0xFF,0xFF,
    0xFF,0xFF,0xFF,0xFF,0xFF,0xFF,0xFF,0xFF,0xFF,0xFF,0xFF,0xFF,0xFF,0xFF,0xFF,0xFF,
    0xFF,0xFF,0xFF,0xFF,0xFF,0xFF,0xFF,0xFF,0xFF,0xFF,0xFF,0xFF,0xFF,0xFF,0xFF,0xFF,
    0xFF,0xFF,0xFF,0xFF,0xFF,0xFF,0xFF,0xFF,0xFF,0xFF,0xFF,0xFF,0xFF,0xFF,0xFF,0xFF,
    0xFF,0xFF,0xFF,0xFF,0xFF,0xFF,0xFF,0xFF,0xFF,0xFF,0xFF,0xFF,0xFF,0xFF,0xFF,0xFF,
    0xFF,0xFF,0xFF,0xFF,0xFF,0xFF,0xFF,0xFF,0xFF,0xFF,0xFF,0xFF,0xFF,0xFF,0xFF,0xFF,
    0xFF,0xFF,0xFF,0xFF,0xFF,0xFF,0xFF,0xFF,0xFF,0xFF,0xFF,0xFF,0xFF,0xFF,0xFF,0xFF,
    0xFF,0xFF,0xFF,0xFF,0xFF,0xFF,0xFF,0xFF,0xFF,0xFF,0xFF,0xFF,0xFF,0xFF,0xFF,0xFF,
    0xFF,0xFF,0xFF,0xFF,0xFF,0xFF,0xFF,0xFF,0xFF,0xFF,0xFF,0xFF,0xFF,0xFF,0xFF,0xFF,
    0xFF,0xFF,0xFF,0xFF,0xFF,0xFF,0xFF,0xFF,0xFF,0xFF,0xFF,0xFF,0xFF,0xFF,0xFF,0xFF,
    0xFF,0xFF,0xFF,0xFF,0xFF,0xFF,0xFF,0xFF,0xFF,0xFF,0xFF,0xFF,0xFF,0xFF,0xFF,0xFF,
    0xFF,0xFF,0xFF,0xFF,0xFF,0xFF,0xFF,0xFF,0xFF,0xFF,0xFF,0xFF,0xFF,0xFF,0xFF,0xFF,
    0xFF,0xFF,0xFF,0xFF,0xFF,0xFF,0xFF,0xFF,0xFF,0xFF,0xFF,0xFF,0xFF,0xFF,0xFF,0xFF,
    0xFF,0xFF,0xFF,0xFF,0xFF,0xFF,0xFF,0xFF,0xFF,0xFF,0xFF,0xFF,0xFF,0xFF,0xFF,0xFF,
    0xFF,0xFF,0xFF,0xFF,0xFF,0xFF,0xFF,0xFF,0xFF,0xFF,0xFF,0xFF,0xFF,0xFF,0xFF,0xFF,
    0xFF,0xFF,0xFF,0xFF,0xFF,0xFF,0xFF,0xFF,0xFF,0xFF,0xFF,0xFF,0xFF,0xFF,0xFF,0xFF,
    0xFF,0xFF,0xFF,0xFF,0xFF,0xFF,0xFF,0xFF,0xFF,0xFF,0xFF,0xFF,0xFF,0xFF,0xFF,0xFF,
    0xFF,0xFF,0xFF,0xFF,0xFF,0xFF,0xFF,0xFF,0xFF,0xFF,0xFF,0xFF,0xFF,0xFF,0xFF,0xFF,
    0xFF,0xFF,0xFF,0xFF,0xFF,0xFF,0xFF,0xFF,0xFF,0xFF,0xFF,0xFF,0xFF,0xFF,0xFF,0xFF,
    0xFF,0xFF,0xFF,0xFF,0xFF,0xFF,0xFF,0xFF,0xFF,0xFF,0xFF,0xFF,0xFF,0xFF,0xFF,0xFF,
    0xFF,0xFF,0xFF,0xFF,0xFF,0xFF,0xFF,0xFF,0xFF,0xFF,0xFF,0xFF,0xFF,0xFF,0xFF,0xFF,
    0xFF,0xFF,0xFF,0xFF,0xFF,0xFF,0xFF,0xFF,0xFF,0xFF,0xFF,0xFF,0xFF,0xFF,0x00,0xD8,
    0xBE,0x08,0xC9,0x08,0xD4,0x08,0xE0,0x08,0xEE,0x08,0xF6,0x08,0x01,0x00,0x00,0x01,
    0x00,0x02,0x10,0x12,0x80,0x82,0x90,0x92,0x00,0x03,0x18,0x1B,0xC0,0xC3,0xD8,0xDB,
    0x0E,0xB6,0x40,0x98,0xC7,0x00,0x00,0x00,0x10,0x19,0x6A,0x5C,0x64,0x5E,0x75,0x5E,
    0x00,0x00,0x00,0x00,0x21,0x51,0x25,0x51,0x10,0x66,0x18,0x66,0x40,0xA8,0xC7,0x01,
    0x00,0x00,0x04,0x04,0x00,0x00,0xCB,0x60,0x00,0x00,0x00,0x00,0x00,0x00,0x00,0xC0,
    0x00,0xC0,0x00,0xC0,0x54,0x52,0x44,0x00,0x53,0x43,0x4C,0x00,0x50,0x52,0x4F,0x00,
    0x46,0x44,0x49,0x00,0x54,0x44,0x30,0x00,0x00,0x00,0x00,0x00,0x00,0x00,0x00,0x00,
    0x00,0x00,0x00,0x00,0x00,0x00,0x00,0x00,0x00,0x00,0x00,0x00,0x00,0x00,0x00,0x00,
    0x00,0x00,0x00,0x00,0x00,0x00,0x00,0x00,0x00,0x00,0x00,0x00,0x00,0x00,0x00,0x00,
    0x00,0x00,0x00,0x00,0x00,0x00,0x00,0x00,0x00,0x00,0x00,0x00,0x00,0x00,0x00,0x00,
    0x00,0x00,0x00,0x00,0x00,0x00,0x00,0x00,0x00,0x00,0x00,0x00,0x00,0x00,0x00,0x00,
    0x00,0x00,0x00,0x00,0x00,0x00,0x00,0x00,0x00,0x00,0x00,0x00,0x00,0x00,0x00,0x00,
    0x00,0x00,0x00,0x00,0x00,0x00,0x00,0x00,0x00,0x00,0x00,0x00,0x00,0x00,0x00,0x00,
    0x00,0x00,0x00,0x00,0x00,0x00,0x00,0x00,0x00,0x00,0x00,0x00,0x00,0x00,0x00,0x00,
    0x00,0x00,0x00,0x00,0x00,0x00,0x00,0x00,0x00,0x00,0x00,0x00,0x00,0x00,0x00,0x00,
    0x00,0x00,0x00,0x00,0x00,0x00,0x00,0x00,0x00,0x00,0x00,0x00,0x00,0x00,0x00,0x00,
    0x00,0x00,0x00,0x00,0x00,0x00,0x00,0x00,0x00,0x00,0x00,0x00,0x00,0x00,0x00,0x00,
    0x00,0x00,0x00,0x00,0x00,0x00,0x00,0x00,0x00,0x00,0x00,0x00,0x00,0x00,0x00,0x00,
    0x00,0x00,0x00,0x00,0x00,0x00,0x00,0x00,0x00,0x00,0x00,0x00,0x00,0x00,0x00,0x00,
    0x00,0x00,0x00,0x00,0x00,0x00,0x00,0x00,0x00,0x00,0x00,0x00,0x00,0x00,0x00,0x00,
    0x00,0x00,0x00,0x00,0x00,0x00,0x00,0x00,0x00,0x00,0x00,0x00,0x00,0x00,0x00,0x00,
    0x00,0x00,0x00,0x00,0x00,0x00,0x00,0x00,0x00,0x00,0x00,0x00,0x00,0x00,0x00,0x00,
    0x00,0x00,0x00,0x00,0x00,0x00,0x00,0x00,0x00,0x00,0x00,0x00,0x00,0x00,0x00,0x00,
    0x00,0x00,0x00,0x00,0x00,0x00,0x00,0x00,0x00,0x00,0x00,0x00,0x00,0x00,0x00,0x00,
    0x00,0x00,0x00,0x00,0x00,0x00,0x00,0x00,0x00,0x00,0x00,0x00,0x00,0x00,0x00,0x00,
    0x00,0x00,0x00,0x00,0x00,0x00,0x00,0x00,0x00,0x00,0x00,0x00,0x00,0x00,0x00,0x00,
    0x00,0x00,0x00,0x00,0x00,0x00,0x00,0x00,0x00,0x00,0x00,0x00,0x00,0x00,0x00,0x00,
    0x00,0x00,0x00,0x00,0x00,0x00,0x00,0x00,0x00,0x00,0x00,0x00,0x00,0x00,0x00,0x00,
    0x00,0x00,0x00,0x00,0x00,0x00,0x00,0x00,0x00,0x00,0x00,0x00,0x00,0x00,0x00,0x00,
    0x00,0x00,0x00,0x00,0x00,0x00,0x00,0x00,0x00,0x00,0x00,0x00,0x00,0x00,0x00,0x00,
    0x00,0x00,0x00,0x00,0x00,0x00,0x00,0x00,0x00,0x00,0x00,0x00,0x00,0x00,0x00,0x00,
    0x00,0x00,0x00,0x00,0x00,0x00,0x00,0x00,0x00,0x00,0x00,0x00,0x00,0x00,0x00,0x00,
    0x00,0x00,0x00,0x00,0x00,0x00,0x00,0x00,0x00,0x00,0x00,0x00,0x00,0x00,0x00,0x00,
    0x00,0x00,0x00,0x00,0x00,0x00,0x00,0x00,0x00,0x00,0x00,0x00,0x00,0x00,0x00,0x00,
    0x00,0x00,0x00,0x00,0x00,0x00,0x00,0x00,0x00,0x00,0x00,0x00,0x00,0x00,0x00,0x00,
    0x00,0x00,0x00,0x00,0x00,0x00,0x00,0x00,0x00,0x00,0x00,0x00,0x00,0x00,0x00,0x00,
    0x00,0x00,0x00,0x00,0x00,0x00,0x00,0x00,0x00,0x00,0x00,0x00,0x00,0x00,0x00,0x00,
    0x00,0x00,0x00,0x00,0x00,0x00,0x00,0x00,0x00,0x00,0x00,0x00,0x00,0x00,0x00,0x00,
    0x00,0x00,0x00,0x00,0x00,0x00,0x00,0x00,0x00,0x00,0x00,0x00,0x00,0x00,0x00,0x00,
    0x00,0x00,0x00,0x00,0x00,0x00,0x00,0x00,0x00,0x00,0x00,0x00,0x00,0x00,0x00,0x00,
    0x00,0x00,0x00,0x00,0x00,0x00,0x00,0x00,0x00,0x00,0x00,0x00,0x00,0x00,0x00,0x00,
    0x00,0x00,0x00,0x00,0x00,0x00,0x00,0x00,0x00,0x00,0x00,0x00,0x00,0x00,0x00,0x00,
    0x00,0x00,0x00,0x00,0x00,0x00,0x00,0x00,0x00,0x00,0x00,0x00,0x00,0x00,0x00,0x00,
    0x00,0x00,0x00,0x00,0x00,0x00,0x00,0x00,0x00,0x00,0x00,0x00,0x00,0x00,0x00,0x00,
    0x00,0x00,0x00,0x00,0x00,0x00,0x00,0x00,0x00,0x00,0x00,0x00,0x00,0x00,0x00,0x00,
    0x00,0x00,0x00,0x00,0x00,0x00,0x00,0x00,0x00,0x00,0x00,0x00,0x00,0x00,0x00,0x00,
    0x00,0x00,0x00,0x00,0x00,0x00,0x00,0x00,0x00,0x00,0x00,0x00,0x00,0x00,0x00,0x00,
    0x00,0x00,0x00,0x00,0x00,0x00,0x00,0x00,0x00,0x00,0x00,0x00,0x00,0x00,0x00,0x00,
    0x00,0x00,0x00,0x00,0x00,0x00,0x00,0x00,0x00,0x00,0x00,0x00,0x00,0x00,0x00,0x00,
    0x00,0x00,0x00,0x00,0x00,0x00,0x00,0x00,0x00,0x00,0x00,0x00,0x00,0x00,0x00,0x00,
    0x00,0x00,0x00,0x00,0x00,0x00,0x00,0x00,0x00,0x00,0x00,0x00,0x00,0x00,0x00,0x00,
    0x00,0x00,0x00,0x00,0x00,0x00,0x00,0x00,0x00,0x00,0x00,0x00,0x00,0x00,0x00,0x00,
    0x00,0x00,0x00,0x00,0x00,0x00,0x00,0x00,0x00,0x00,0x00,0x00,0x00,0x00,0x00,0x00,
    0x00,0x00,0x00,0x00,0x00,0x00,0x00,0x00,0x00,0x00,0x00,0x00,0x00,0x00,0x00,0x00,
    0x00,0x00,0x00,0x00,0x00,0x00,0x00,0x00,0x00,0x00,0x00,0x00,0x00,0x00,0x00,0x00,
    0x00,0x00,0x00,0x00,0x00,0x00,0x00,0x00,0x00,0x00,0x00,0x00,0x00,0x00,0x00,0x00,
    0x00,0x00,0x00,0x00,0x00,0x00,0x00,0x00,0x00,0x00,0x00,0x00,0x00,0x00,0x00,0x00,
    0x00,0x00,0x00,0x00,0x00,0x00,0x00,0x00,0x00,0x00,0x00,0x00,0x00,0x00,0x00,0x00,
    0x00,0x00,0x00,0x00,0x00,0x00,0x00,0x00,0x00,0x00,0x00,0x00,0x00,0x00,0x00,0x00,
    0x00,0x00,0x00,0x00,0x00,0x00,0x00,0x00,0x00,0x00,0x00,0x00,0x00,0x00,0x00,0x00,
    0x00,0x00,0x00,0x00,0x00,0x00,0x00,0x00,0x00,0x00,0x00,0x00,0x00,0x00,0x00,0x00,
};

// Shared empty bank (16K of 0xFF): bank1 of both tool images.
__attribute__((aligned(4096))) const unsigned char gb_rom_profi_bank_ff[16384] = {
    0xFF,0xFF,0xFF,0xFF,0xFF,0xFF,0xFF,0xFF,0xFF,0xFF,0xFF,0xFF,0xFF,0xFF,0xFF,0xFF,
    0xFF,0xFF,0xFF,0xFF,0xFF,0xFF,0xFF,0xFF,0xFF,0xFF,0xFF,0xFF,0xFF,0xFF,0xFF,0xFF,
    0xFF,0xFF,0xFF,0xFF,0xFF,0xFF,0xFF,0xFF,0xFF,0xFF,0xFF,0xFF,0xFF,0xFF,0xFF,0xFF,
    0xFF,0xFF,0xFF,0xFF,0xFF,0xFF,0xFF,0xFF,0xFF,0xFF,0xFF,0xFF,0xFF,0xFF,0xFF,0xFF,
    0xFF,0xFF,0xFF,0xFF,0xFF,0xFF,0xFF,0xFF,0xFF,0xFF,0xFF,0xFF,0xFF,0xFF,0xFF,0xFF,
    0xFF,0xFF,0xFF,0xFF,0xFF,0xFF,0xFF,0xFF,0xFF,0xFF,0xFF,0xFF,0xFF,0xFF,0xFF,0xFF,
    0xFF,0xFF,0xFF,0xFF,0xFF,0xFF,0xFF,0xFF,0xFF,0xFF,0xFF,0xFF,0xFF,0xFF,0xFF,0xFF,
    0xFF,0xFF,0xFF,0xFF,0xFF,0xFF,0xFF,0xFF,0xFF,0xFF,0xFF,0xFF,0xFF,0xFF,0xFF,0xFF,
    0xFF,0xFF,0xFF,0xFF,0xFF,0xFF,0xFF,0xFF,0xFF,0xFF,0xFF,0xFF,0xFF,0xFF,0xFF,0xFF,
    0xFF,0xFF,0xFF,0xFF,0xFF,0xFF,0xFF,0xFF,0xFF,0xFF,0xFF,0xFF,0xFF,0xFF,0xFF,0xFF,
    0xFF,0xFF,0xFF,0xFF,0xFF,0xFF,0xFF,0xFF,0xFF,0xFF,0xFF,0xFF,0xFF,0xFF,0xFF,0xFF,
    0xFF,0xFF,0xFF,0xFF,0xFF,0xFF,0xFF,0xFF,0xFF,0xFF,0xFF,0xFF,0xFF,0xFF,0xFF,0xFF,
    0xFF,0xFF,0xFF,0xFF,0xFF,0xFF,0xFF,0xFF,0xFF,0xFF,0xFF,0xFF,0xFF,0xFF,0xFF,0xFF,
    0xFF,0xFF,0xFF,0xFF,0xFF,0xFF,0xFF,0xFF,0xFF,0xFF,0xFF,0xFF,0xFF,0xFF,0xFF,0xFF,
    0xFF,0xFF,0xFF,0xFF,0xFF,0xFF,0xFF,0xFF,0xFF,0xFF,0xFF,0xFF,0xFF,0xFF,0xFF,0xFF,
    0xFF,0xFF,0xFF,0xFF,0xFF,0xFF,0xFF,0xFF,0xFF,0xFF,0xFF,0xFF,0xFF,0xFF,0xFF,0xFF,
    0xFF,0xFF,0xFF,0xFF,0xFF,0xFF,0xFF,0xFF,0xFF,0xFF,0xFF,0xFF,0xFF,0xFF,0xFF,0xFF,
    0xFF,0xFF,0xFF,0xFF,0xFF,0xFF,0xFF,0xFF,0xFF,0xFF,0xFF,0xFF,0xFF,0xFF,0xFF,0xFF,
    0xFF,0xFF,0xFF,0xFF,0xFF,0xFF,0xFF,0xFF,0xFF,0xFF,0xFF,0xFF,0xFF,0xFF,0xFF,0xFF,
    0xFF,0xFF,0xFF,0xFF,0xFF,0xFF,0xFF,0xFF,0xFF,0xFF,0xFF,0xFF,0xFF,0xFF,0xFF,0xFF,
    0xFF,0xFF,0xFF,0xFF,0xFF,0xFF,0xFF,0xFF,0xFF,0xFF,0xFF,0xFF,0xFF,0xFF,0xFF,0xFF,
    0xFF,0xFF,0xFF,0xFF,0xFF,0xFF,0xFF,0xFF,0xFF,0xFF,0xFF,0xFF,0xFF,0xFF,0xFF,0xFF,
    0xFF,0xFF,0xFF,0xFF,0xFF,0xFF,0xFF,0xFF,0xFF,0xFF,0xFF,0xFF,0xFF,0xFF,0xFF,0xFF,
    0xFF,0xFF,0xFF,0xFF,0xFF,0xFF,0xFF,0xFF,0xFF,0xFF,0xFF,0xFF,0xFF,0xFF,0xFF,0xFF,
    0xFF,0xFF,0xFF,0xFF,0xFF,0xFF,0xFF,0xFF,0xFF,0xFF,0xFF,0xFF,0xFF,0xFF,0xFF,0xFF,
    0xFF,0xFF,0xFF,0xFF,0xFF,0xFF,0xFF,0xFF,0xFF,0xFF,0xFF,0xFF,0xFF,0xFF,0xFF,0xFF,
    0xFF,0xFF,0xFF,0xFF,0xFF,0xFF,0xFF,0xFF,0xFF,0xFF,0xFF,0xFF,0xFF,0xFF,0xFF,0xFF,
    0xFF,0xFF,0xFF,0xFF,0xFF,0xFF,0xFF,0xFF,0xFF,0xFF,0xFF,0xFF,0xFF,0xFF,0xFF,0xFF,
    0xFF,0xFF,0xFF,0xFF,0xFF,0xFF,0xFF,0xFF,0xFF,0xFF,0xFF,0xFF,0xFF,0xFF,0xFF,0xFF,
    0xFF,0xFF,0xFF,0xFF,0xFF,0xFF,0xFF,0xFF,0xFF,0xFF,0xFF,0xFF,0xFF,0xFF,0xFF,0xFF,
    0xFF,0xFF,0xFF,0xFF,0xFF,0xFF,0xFF,0xFF,0xFF,0xFF,0xFF,0xFF,0xFF,0xFF,0xFF,0xFF,
    0xFF,0xFF,0xFF,0xFF,0xFF,0xFF,0xFF,0xFF,0xFF,0xFF,0xFF,0xFF,0xFF,0xFF,0xFF,0xFF,
    0xFF,0xFF,0xFF,0xFF,0xFF,0xFF,0xFF,0xFF,0xFF,0xFF,0xFF,0xFF,0xFF,0xFF,0xFF,0xFF,
    0xFF,0xFF,0xFF,0xFF,0xFF,0xFF,0xFF,0xFF,0xFF,0xFF,0xFF,0xFF,0xFF,0xFF,0xFF,0xFF,
    0xFF,0xFF,0xFF,0xFF,0xFF,0xFF,0xFF,0xFF,0xFF,0xFF,0xFF,0xFF,0xFF,0xFF,0xFF,0xFF,
    0xFF,0xFF,0xFF,0xFF,0xFF,0xFF,0xFF,0xFF,0xFF,0xFF,0xFF,0xFF,0xFF,0xFF,0xFF,0xFF,
    0xFF,0xFF,0xFF,0xFF,0xFF,0xFF,0xFF,0xFF,0xFF,0xFF,0xFF,0xFF,0xFF,0xFF,0xFF,0xFF,
    0xFF,0xFF,0xFF,0xFF,0xFF,0xFF,0xFF,0xFF,0xFF,0xFF,0xFF,0xFF,0xFF,0xFF,0xFF,0xFF,
    0xFF,0xFF,0xFF,0xFF,0xFF,0xFF,0xFF,0xFF,0xFF,0xFF,0xFF,0xFF,0xFF,0xFF,0xFF,0xFF,
    0xFF,0xFF,0xFF,0xFF,0xFF,0xFF,0xFF,0xFF,0xFF,0xFF,0xFF,0xFF,0xFF,0xFF,0xFF,0xFF,
    0xFF,0xFF,0xFF,0xFF,0xFF,0xFF,0xFF,0xFF,0xFF,0xFF,0xFF,0xFF,0xFF,0xFF,0xFF,0xFF,
    0xFF,0xFF,0xFF,0xFF,0xFF,0xFF,0xFF,0xFF,0xFF,0xFF,0xFF,0xFF,0xFF,0xFF,0xFF,0xFF,
    0xFF,0xFF,0xFF,0xFF,0xFF,0xFF,0xFF,0xFF,0xFF,0xFF,0xFF,0xFF,0xFF,0xFF,0xFF,0xFF,
    0xFF,0xFF,0xFF,0xFF,0xFF,0xFF,0xFF,0xFF,0xFF,0xFF,0xFF,0xFF,0xFF,0xFF,0xFF,0xFF,
    0xFF,0xFF,0xFF,0xFF,0xFF,0xFF,0xFF,0xFF,0xFF,0xFF,0xFF,0xFF,0xFF,0xFF,0xFF,0xFF,
    0xFF,0xFF,0xFF,0xFF,0xFF,0xFF,0xFF,0xFF,0xFF,0xFF,0xFF,0xFF,0xFF,0xFF,0xFF,0xFF,
    0xFF,0xFF,0xFF,0xFF,0xFF,0xFF,0xFF,0xFF,0xFF,0xFF,0xFF,0xFF,0xFF,0xFF,0xFF,0xFF,
    0xFF,0xFF,0xFF,0xFF,0xFF,0xFF,0xFF,0xFF,0xFF,0xFF,0xFF,0xFF,0xFF,0xFF,0xFF,0xFF,
    0xFF,0xFF,0xFF,0xFF,0xFF,0xFF,0xFF,0xFF,0xFF,0xFF,0xFF,0xFF,0xFF,0xFF,0xFF,0xFF,
    0xFF,0xFF,0xFF,0xFF,0xFF,0xFF,0xFF,0xFF,0xFF,0xFF,0xFF,0xFF,0xFF,0xFF,0xFF,0xFF,
    0xFF,0xFF,0xFF,0xFF,0xFF,0xFF,0xFF,0xFF,0xFF,0xFF,0xFF,0xFF,0xFF,0xFF,0xFF,0xFF,
    0xFF,0xFF,0xFF,0xFF,0xFF,0xFF,0xFF,0xFF,0xFF,0xFF,0xFF,0xFF,0xFF,0xFF,0xFF,0xFF,
    0xFF,0xFF,0xFF,0xFF,0xFF,0xFF,0xFF,0xFF,0xFF,0xFF,0xFF,0xFF,0xFF,0xFF,0xFF,0xFF,
    0xFF,0xFF,0xFF,0xFF,0xFF,0xFF,0xFF,0xFF,0xFF,0xFF,0xFF,0xFF,0xFF,0xFF,0xFF,0xFF,
    0xFF,0xFF,0xFF,0xFF,0xFF,0xFF,0xFF,0xFF,0xFF,0xFF,0xFF,0xFF,0xFF,0xFF,0xFF,0xFF,
    0xFF,0xFF,0xFF,0xFF,0xFF,0xFF,0xFF,0xFF,0xFF,0xFF,0xFF,0xFF,0xFF,0xFF,0xFF,0xFF,
    0xFF,0xFF,0xFF,0xFF,0xFF,0xFF,0xFF,0xFF,0xFF,0xFF,0xFF,0xFF,0xFF,0xFF,0xFF,0xFF,
    0xFF,0xFF,0xFF,0xFF,0xFF,0xFF,0xFF,0xFF,0xFF,0xFF,0xFF,0xFF,0xFF,0xFF,0xFF,0xFF,
    0xFF,0xFF,0xFF,0xFF,0xFF,0xFF,0xFF,0xFF,0xFF,0xFF,0xFF,0xFF,0xFF,0xFF,0xFF,0xFF,
    0xFF,0xFF,0xFF,0xFF,0xFF,0xFF,0xFF,0xFF,0xFF,0xFF,0xFF,0xFF,0xFF,0xFF,0xFF,0xFF,
    0xFF,0xFF,0xFF,0xFF,0xFF,0xFF,0xFF,0xFF,0xFF,0xFF,0xFF,0xFF,0xFF,0xFF,0xFF,0xFF,
    0xFF,0xFF,0xFF,0xFF,0xFF,0xFF,0xFF,0xFF,0xFF,0xFF,0xFF,0xFF,0xFF,0xFF,0xFF,0xFF,
    0xFF,0xFF,0xFF,0xFF,0xFF,0xFF,0xFF,0xFF,0xFF,0xFF,0xFF,0xFF,0xFF,0xFF,0xFF,0xFF,
    0xFF,0xFF,0xFF,0xFF,0xFF,0xFF,0xFF,0xFF,0xFF,0xFF,0xFF,0xFF,0xFF,0xFF,0xFF,0xFF,
    0xFF,0xFF,0xFF,0xFF,0xFF,0xFF,0xFF,0xFF,0xFF,0xFF,0xFF,0xFF,0xFF,0xFF,0xFF,0xFF,
    0xFF,0xFF,0xFF,0xFF,0xFF,0xFF,0xFF,0xFF,0xFF,0xFF,0xFF,0xFF,0xFF,0xFF,0xFF,0xFF,
    0xFF,0xFF,0xFF,0xFF,0xFF,0xFF,0xFF,0xFF,0xFF,0xFF,0xFF,0xFF,0xFF,0xFF,0xFF,0xFF,
    0xFF,0xFF,0xFF,0xFF,0xFF,0xFF,0xFF,0xFF,0xFF,0xFF,0xFF,0xFF,0xFF,0xFF,0xFF,0xFF,
    0xFF,0xFF,0xFF,0xFF,0xFF,0xFF,0xFF,0xFF,0xFF,0xFF,0xFF,0xFF,0xFF,0xFF,0xFF,0xFF,
    0xFF,0xFF,0xFF,0xFF,0xFF,0xFF,0xFF,0xFF,0xFF,0xFF,0xFF,0xFF,0xFF,0xFF,0xFF,0xFF,
    0xFF,0xFF,0xFF,0xFF,0xFF,0xFF,0xFF,0xFF,0xFF,0xFF,0xFF,0xFF,0xFF,0xFF,0xFF,0xFF,
    0xFF,0xFF,0xFF,0xFF,0xFF,0xFF,0xFF,0xFF,0xFF,0xFF,0xFF,0xFF,0xFF,0xFF,0xFF,0xFF,
    0xFF,0xFF,0xFF,0xFF,0xFF,0xFF,0xFF,0xFF,0xFF,0xFF,0xFF,0xFF,0xFF,0xFF,0xFF,0xFF,
    0xFF,0xFF,0xFF,0xFF,0xFF,0xFF,0xFF,0xFF,0xFF,0xFF,0xFF,0xFF,0xFF,0xFF,0xFF,0xFF,
    0xFF,0xFF,0xFF,0xFF,0xFF,0xFF,0xFF,0xFF,0xFF,0xFF,0xFF,0xFF,0xFF,0xFF,0xFF,0xFF,
    0xFF,0xFF,0xFF,0xFF,0xFF,0xFF,0xFF,0xFF,0xFF,0xFF,0xFF,0xFF,0xFF,0xFF,0xFF,0xFF,
    0xFF,0xFF,0xFF,0xFF,0xFF,0xFF,0xFF,0xFF,0xFF,0xFF,0xFF,0xFF,0xFF,0xFF,0xFF,0xFF,
    0xFF,0xFF,0xFF,0xFF,0xFF,0xFF,0xFF,0xFF,0xFF,0xFF,0xFF,0xFF,0xFF,0xFF,0xFF,0xFF,
    0xFF,0xFF,0xFF,0xFF,0xFF,0xFF,0xFF,0xFF,0xFF,0xFF,0xFF,0xFF,0xFF,0xFF,0xFF,0xFF,
    0xFF,0xFF,0xFF,0xFF,0xFF,0xFF,0xFF,0xFF,0xFF,0xFF,0xFF,0xFF,0xFF,0xFF,0xFF,0xFF,
    0xFF,0xFF,0xFF,0xFF,0xFF,0xFF,0xFF,0xFF,0xFF,0xFF,0xFF,0xFF,0xFF,0xFF,0xFF,0xFF,
    0xFF,0xFF,0xFF,0xFF,0xFF,0xFF,0xFF,0xFF,0xFF,0xFF,0xFF,0xFF,0xFF,0xFF,0xFF,0xFF,
    0xFF,0xFF,0xFF,0xFF,0xFF,0xFF,0xFF,0xFF,0xFF,0xFF,0xFF,0xFF,0xFF,0xFF,0xFF,0xFF,
    0xFF,0xFF,0xFF,0xFF,0xFF,0xFF,0xFF,0xFF,0xFF,0xFF,0xFF,0xFF,0xFF,0xFF,0xFF,0xFF,
    0xFF,0xFF,0xFF,0xFF,0xFF,0xFF,0xFF,0xFF,0xFF,0xFF,0xFF,0xFF,0xFF,0xFF,0xFF,0xFF,
    0xFF,0xFF,0xFF,0xFF,0xFF,0xFF,0xFF,0xFF,0xFF,0xFF,0xFF,0xFF,0xFF,0xFF,0xFF,0xFF,
    0xFF,0xFF,0xFF,0xFF,0xFF,0xFF,0xFF,0xFF,0xFF,0xFF,0xFF,0xFF,0xFF,0xFF,0xFF,0xFF,
    0xFF,0xFF,0xFF,0xFF,0xFF,0xFF,0xFF,0xFF,0xFF,0xFF,0xFF,0xFF,0xFF,0xFF,0xFF,0xFF,
    0xFF,0xFF,0xFF,0xFF,0xFF,0xFF,0xFF,0xFF,0xFF,0xFF,0xFF,0xFF,0xFF,0xFF,0xFF,0xFF,
    0xFF,0xFF,0xFF,0xFF,0xFF,0xFF,0xFF,0xFF,0xFF,0xFF,0xFF,0xFF,0xFF,0xFF,0xFF,0xFF,
    0xFF,0xFF,0xFF,0xFF,0xFF,0xFF,0xFF,0xFF,0xFF,0xFF,0xFF,0xFF,0xFF,0xFF,0xFF,0xFF,
    0xFF,0xFF,0xFF,0xFF,0xFF,0xFF,0xFF,0xFF,0xFF,0xFF,0xFF,0xFF,0xFF,0xFF,0xFF,0xFF,
    0xFF,0xFF,0xFF,0xFF,0xFF,0xFF,0xFF,0xFF,0xFF,0xFF,0xFF,0xFF,0xFF,0xFF,0xFF,0xFF,
    0xFF,0xFF,0xFF,0xFF,0xFF,0xFF,0xFF,0xFF,0xFF,0xFF,0xFF,0xFF,0xFF,0xFF,0xFF,0xFF,
    0xFF,0xFF,0xFF,0xFF,0xFF,0xFF,0xFF,0xFF,0xFF,0xFF,0xFF,0xFF,0xFF,0xFF,0xFF,0xFF,
    0xFF,0xFF,0xFF,0xFF,0xFF,0xFF,0xFF,0xFF,0xFF,0xFF,0xFF,0xFF,0xFF,0xFF,0xFF,0xFF,
    0xFF,0xFF,0xFF,0xFF,0xFF,0xFF,0xFF,0xFF,0xFF,0xFF,0xFF,0xFF,0xFF,0xFF,0xFF,0xFF,
    0xFF,0xFF,0xFF,0xFF,0xFF,0xFF,0xFF,0xFF,0xFF,0xFF,0xFF,0xFF,0xFF,0xFF,0xFF,0xFF,
    0xFF,0xFF,0xFF,0xFF,0xFF,0xFF,0xFF,0xFF,0xFF,0xFF,0xFF,0xFF,0xFF,0xFF,0xFF,0xFF,
    0xFF,0xFF,0xFF,0xFF,0xFF,0xFF,0xFF,0xFF,0xFF,0xFF,0xFF,0xFF,0xFF,0xFF,0xFF,0xFF,
    0xFF,0xFF,0xFF,0xFF,0xFF,0xFF,0xFF,0xFF,0xFF,0xFF,0xFF,0xFF,0xFF,0xFF,0xFF,0xFF,
    0xFF,0xFF,0xFF,0xFF,0xFF,0xFF,0xFF,0xFF,0xFF,0xFF,0xFF,0xFF,0xFF,0xFF,0xFF,0xFF,
    0xFF,0xFF,0xFF,0xFF,0xFF,0xFF,0xFF,0xFF,0xFF,0xFF,0xFF,0xFF,0xFF,0xFF,0xFF,0xFF,
    0xFF,0xFF,0xFF,0xFF,0xFF,0xFF,0xFF,0xFF,0xFF,0xFF,0xFF,0xFF,0xFF,0xFF,0xFF,0xFF,
    0xFF,0xFF,0xFF,0xFF,0xFF,0xFF,0xFF,0xFF,0xFF,0xFF,0xFF,0xFF,0xFF,0xFF,0xFF,0xFF,
    0xFF,0xFF,0xFF,0xFF,0xFF,0xFF,0xFF,0xFF,0xFF,0xFF,0xFF,0xFF,0xFF,0xFF,0xFF,0xFF,
    0xFF,0xFF,0xFF,0xFF,0xFF,0xFF,0xFF,0xFF,0xFF,0xFF,0xFF,0xFF,0xFF,0xFF,0xFF,0xFF,
    0xFF,0xFF,0xFF,0xFF,0xFF,0xFF,0xFF,0xFF,0xFF,0xFF,0xFF,0xFF,0xFF,0xFF,0xFF,0xFF,
    0xFF,0xFF,0xFF,0xFF,0xFF,0xFF,0xFF,0xFF,0xFF,0xFF,0xFF,0xFF,0xFF,0xFF,0xFF,0xFF,
    0xFF,0xFF,0xFF,0xFF,0xFF,0xFF,0xFF,0xFF,0xFF,0xFF,0xFF,0xFF,0xFF,0xFF,0xFF,0xFF,
    0xFF,0xFF,0xFF,0xFF,0xFF,0xFF,0xFF,0xFF,0xFF,0xFF,0xFF,0xFF,0xFF,0xFF,0xFF,0xFF,
    0xFF,0xFF,0xFF,0xFF,0xFF,0xFF,0xFF,0xFF,0xFF,0xFF,0xFF,0xFF,0xFF,0xFF,0xFF,0xFF,
    0xFF,0xFF,0xFF,0xFF,0xFF,0xFF,0xFF,0xFF,0xFF,0xFF,0xFF,0xFF,0xFF,0xFF,0xFF,0xFF,
    0xFF,0xFF,0xFF,0xFF,0xFF,0xFF,0xFF,0xFF,0xFF,0xFF,0xFF,0xFF,0xFF,0xFF,0xFF,0xFF,
    0xFF,0xFF,0xFF,0xFF,0xFF,0xFF,0xFF,0xFF,0xFF,0xFF,0xFF,0xFF,0xFF,0xFF,0xFF,0xFF,
    0xFF,0xFF,0xFF,0xFF,0xFF,0xFF,0xFF,0xFF,0xFF,0xFF,0xFF,0xFF,0xFF,0xFF,0xFF,0xFF,
    0xFF,0xFF,0xFF,0xFF,0xFF,0xFF,0xFF,0xFF,0xFF,0xFF,0xFF,0xFF,0xFF,0xFF,0xFF,0xFF,
    0xFF,0xFF,0xFF,0xFF,0xFF,0xFF,0xFF,0xFF,0xFF,0xFF,0xFF,0xFF,0xFF,0xFF,0xFF,0xFF,
    0xFF,0xFF,0xFF,0xFF,0xFF,0xFF,0xFF,0xFF,0xFF,0xFF,0xFF,0xFF,0xFF,0xFF,0xFF,0xFF,
    0xFF,0xFF,0xFF,0xFF,0xFF,0xFF,0xFF,0xFF,0xFF,0xFF,0xFF,0xFF,0xFF,0xFF,0xFF,0xFF,
    0xFF,0xFF,0xFF,0xFF,0xFF,0xFF,0xFF,0xFF,0xFF,0xFF,0xFF,0xFF,0xFF,0xFF,0xFF,0xFF,
    0xFF,0xFF,0xFF,0xFF,0xFF,0xFF,0xFF,0xFF,0xFF,0xFF,0xFF,0xFF,0xFF,0xFF,0xFF,0xFF,
    0xFF,0xFF,0xFF,0xFF,0xFF,0xFF,0xFF,0xFF,0xFF,0xFF,0xFF,0xFF,0xFF,0xFF,0xFF,0xFF,
    0xFF,0xFF,0xFF,0xFF,0xFF,0xFF,0xFF,0xFF,0xFF,0xFF,0xFF,0xFF,0xFF,0xFF,0xFF,0xFF,
    0xFF,0xFF,0xFF,0xFF,0xFF,0xFF,0xFF,0xFF,0xFF,0xFF,0xFF,0xFF,0xFF,0xFF,0xFF,0xFF,
    0xFF,0xFF,0xFF,0xFF,0xFF,0xFF,0xFF,0xFF,0xFF,0xFF,0xFF,0xFF,0xFF,0xFF,0xFF,0xFF,
    0xFF,0xFF,0xFF,0xFF,0xFF,0xFF,0xFF,0xFF,0xFF,0xFF,0xFF,0xFF,0xFF,0xFF,0xFF,0xFF,
    0xFF,0xFF,0xFF,0xFF,0xFF,0xFF,0xFF,0xFF,0xFF,0xFF,0xFF,0xFF,0xFF,0xFF,0xFF,0xFF,
    0xFF,0xFF,0xFF,0xFF,0xFF,0xFF,0xFF,0xFF,0xFF,0xFF,0xFF,0xFF,0xFF,0xFF,0xFF,0xFF,
    0xFF,0xFF,0xFF,0xFF,0xFF,0xFF,0xFF,0xFF,0xFF,0xFF,0xFF,0xFF,0xFF,0xFF,0xFF,0xFF,
    0xFF,0xFF,0xFF,0xFF,0xFF,0xFF,0xFF,0xFF,0xFF,0xFF,0xFF,0xFF,0xFF,0xFF,0xFF,0xFF,
    0xFF,0xFF,0xFF,0xFF,0xFF,0xFF,0xFF,0xFF,0xFF,0xFF,0xFF,0xFF,0xFF,0xFF,0xFF,0xFF,
    0xFF,0xFF,0xFF,0xFF,0xFF,0xFF,0xFF,0xFF,0xFF,0xFF,0xFF,0xFF,0xFF,0xFF,0xFF,0xFF,
    0xFF,0xFF,0xFF,0xFF,0xFF,0xFF,0xFF,0xFF,0xFF,0xFF,0xFF,0xFF,0xFF,0xFF,0xFF,0xFF,
    0xFF,0xFF,0xFF,0xFF,0xFF,0xFF,0xFF,0xFF,0xFF,0xFF,0xFF,0xFF,0xFF,0xFF,0xFF,0xFF,
    0xFF,0xFF,0xFF,0xFF,0xFF,0xFF,0xFF,0xFF,0xFF,0xFF,0xFF,0xFF,0xFF,0xFF,0xFF,0xFF,
    0xFF,0xFF,0xFF,0xFF,0xFF,0xFF,0xFF,0xFF,0xFF,0xFF,0xFF,0xFF,0xFF,0xFF,0xFF,0xFF,
    0xFF,0xFF,0xFF,0xFF,0xFF,0xFF,0xFF,0xFF,0xFF,0xFF,0xFF,0xFF,0xFF,0xFF,0xFF,0xFF,
    0xFF,0xFF,0xFF,0xFF,0xFF,0xFF,0xFF,0xFF,0xFF,0xFF,0xFF,0xFF,0xFF,0xFF,0xFF,0xFF,
    0xFF,0xFF,0xFF,0xFF,0xFF,0xFF,0xFF,0xFF,0xFF,0xFF,0xFF,0xFF,0xFF,0xFF,0xFF,0xFF,
    0xFF,0xFF,0xFF,0xFF,0xFF,0xFF,0xFF,0xFF,0xFF,0xFF,0xFF,0xFF,0xFF,0xFF,0xFF,0xFF,
    0xFF,0xFF,0xFF,0xFF,0xFF,0xFF,0xFF,0xFF,0xFF,0xFF,0xFF,0xFF,0xFF,0xFF,0xFF,0xFF,
    0xFF,0xFF,0xFF,0xFF,0xFF,0xFF,0xFF,0xFF,0xFF,0xFF,0xFF,0xFF,0xFF,0xFF,0xFF,0xFF,
    0xFF,0xFF,0xFF,0xFF,0xFF,0xFF,0xFF,0xFF,0xFF,0xFF,0xFF,0xFF,0xFF,0xFF,0xFF,0xFF,
    0xFF,0xFF,0xFF,0xFF,0xFF,0xFF,0xFF,0xFF,0xFF,0xFF,0xFF,0xFF,0xFF,0xFF,0xFF,0xFF,
    0xFF,0xFF,0xFF,0xFF,0xFF,0xFF,0xFF,0xFF,0xFF,0xFF,0xFF,0xFF,0xFF,0xFF,0xFF,0xFF,
    0xFF,0xFF,0xFF,0xFF,0xFF,0xFF,0xFF,0xFF,0xFF,0xFF,0xFF,0xFF,0xFF,0xFF,0xFF,0xFF,
    0xFF,0xFF,0xFF,0xFF,0xFF,0xFF,0xFF,0xFF,0xFF,0xFF,0xFF,0xFF,0xFF,0xFF,0xFF,0xFF,
    0xFF,0xFF,0xFF,0xFF,0xFF,0xFF,0xFF,0xFF,0xFF,0xFF,0xFF,0xFF,0xFF,0xFF,0xFF,0xFF,
    0xFF,0xFF,0xFF,0xFF,0xFF,0xFF,0xFF,0xFF,0xFF,0xFF,0xFF,0xFF,0xFF,0xFF,0xFF,0xFF,
    0xFF,0xFF,0xFF,0xFF,0xFF,0xFF,0xFF,0xFF,0xFF,0xFF,0xFF,0xFF,0xFF,0xFF,0xFF,0xFF,
    0xFF,0xFF,0xFF,0xFF,0xFF,0xFF,0xFF,0xFF,0xFF,0xFF,0xFF,0xFF,0xFF,0xFF,0xFF,0xFF,
    0xFF,0xFF,0xFF,0xFF,0xFF,0xFF,0xFF,0xFF,0xFF,0xFF,0xFF,0xFF,0xFF,0xFF,0xFF,0xFF,
    0xFF,0xFF,0xFF,0xFF,0xFF,0xFF,0xFF,0xFF,0xFF,0xFF,0xFF,0xFF,0xFF,0xFF,0xFF,0xFF,
    0xFF,0xFF,0xFF,0xFF,0xFF,0xFF,0xFF,0xFF,0xFF,0xFF,0xFF,0xFF,0xFF,0xFF,0xFF,0xFF,
    0xFF,0xFF,0xFF,0xFF,0xFF,0xFF,0xFF,0xFF,0xFF,0xFF,0xFF,0xFF,0xFF,0xFF,0xFF,0xFF,
    0xFF,0xFF,0xFF,0xFF,0xFF,0xFF,0xFF,0xFF,0xFF,0xFF,0xFF,0xFF,0xFF,0xFF,0xFF,0xFF,
    0xFF,0xFF,0xFF,0xFF,0xFF,0xFF,0xFF,0xFF,0xFF,0xFF,0xFF,0xFF,0xFF,0xFF,0xFF,0xFF,
    0xFF,0xFF,0xFF,0xFF,0xFF,0xFF,0xFF,0xFF,0xFF,0xFF,0xFF,0xFF,0xFF,0xFF,0xFF,0xFF,
    0xFF,0xFF,0xFF,0xFF,0xFF,0xFF,0xFF,0xFF,0xFF,0xFF,0xFF,0xFF,0xFF,0xFF,0xFF,0xFF,
    0xFF,0xFF,0xFF,0xFF,0xFF,0xFF,0xFF,0xFF,0xFF,0xFF,0xFF,0xFF,0xFF,0xFF,0xFF,0xFF,
    0xFF,0xFF,0xFF,0xFF,0xFF,0xFF,0xFF,0xFF,0xFF,0xFF,0xFF,0xFF,0xFF,0xFF,0xFF,0xFF,
    0xFF,0xFF,0xFF,0xFF,0xFF,0xFF,0xFF,0xFF,0xFF,0xFF,0xFF,0xFF,0xFF,0xFF,0xFF,0xFF,
    0xFF,0xFF,0xFF,0xFF,0xFF,0xFF,0xFF,0xFF,0xFF,0xFF,0xFF,0xFF,0xFF,0xFF,0xFF,0xFF,
    0xFF,0xFF,0xFF,0xFF,0xFF,0xFF,0xFF,0xFF,0xFF,0xFF,0xFF,0xFF,0xFF,0xFF,0xFF,0xFF,
    0xFF,0xFF,0xFF,0xFF,0xFF,0xFF,0xFF,0xFF,0xFF,0xFF,0xFF,0xFF,0xFF,0xFF,0xFF,0xFF,
    0xFF,0xFF,0xFF,0xFF,0xFF,0xFF,0xFF,0xFF,0xFF,0xFF,0xFF,0xFF,0xFF,0xFF,0xFF,0xFF,
    0xFF,0xFF,0xFF,0xFF,0xFF,0xFF,0xFF,0xFF,0xFF,0xFF,0xFF,0xFF,0xFF,0xFF,0xFF,0xFF,
    0xFF,0xFF,0xFF,0xFF,0xFF,0xFF,0xFF,0xFF,0xFF,0xFF,0xFF,0xFF,0xFF,0xFF,0xFF,0xFF,
    0xFF,0xFF,0xFF,0xFF,0xFF,0xFF,0xFF,0xFF,0xFF,0xFF,0xFF,0xFF,0xFF,0xFF,0xFF,0xFF,
    0xFF,0xFF,0xFF,0xFF,0xFF,0xFF,0xFF,0xFF,0xFF,0xFF,0xFF,0xFF,0xFF,0xFF,0xFF,0xFF,
    0xFF,0xFF,0xFF,0xFF,0xFF,0xFF,0xFF,0xFF,0xFF,0xFF,0xFF,0xFF,0xFF,0xFF,0xFF,0xFF,
    0xFF,0xFF,0xFF,0xFF,0xFF,0xFF,0xFF,0xFF,0xFF,0xFF,0xFF,0xFF,0xFF,0xFF,0xFF,0xFF,
    0xFF,0xFF,0xFF,0xFF,0xFF,0xFF,0xFF,0xFF,0xFF,0xFF,0xFF,0xFF,0xFF,0xFF,0xFF,0xFF,
    0xFF,0xFF,0xFF,0xFF,0xFF,0xFF,0xFF,0xFF,0xFF,0xFF,0xFF,0xFF,0xFF,0xFF,0xFF,0xFF,
    0xFF,0xFF,0xFF,0xFF,0xFF,0xFF,0xFF,0xFF,0xFF,0xFF,0xFF,0xFF,0xFF,0xFF,0xFF,0xFF,
    0xFF,0xFF,0xFF,0xFF,0xFF,0xFF,0xFF,0xFF,0xFF,0xFF,0xFF,0xFF,0xFF,0xFF,0xFF,0xFF,
    0xFF,0xFF,0xFF,0xFF,0xFF,0xFF,0xFF,0xFF,0xFF,0xFF,0xFF,0xFF,0xFF,0xFF,0xFF,0xFF,
    0xFF,0xFF,0xFF,0xFF,0xFF,0xFF,0xFF,0xFF,0xFF,0xFF,0xFF,0xFF,0xFF,0xFF,0xFF,0xFF,
    0xFF,0xFF,0xFF,0xFF,0xFF,0xFF,0xFF,0xFF,0xFF,0xFF,0xFF,0xFF,0xFF,0xFF,0xFF,0xFF,
    0xFF,0xFF,0xFF,0xFF,0xFF,0xFF,0xFF,0xFF,0xFF,0xFF,0xFF,0xFF,0xFF,0xFF,0xFF,0xFF,
    0xFF,0xFF,0xFF,0xFF,0xFF,0xFF,0xFF,0xFF,0xFF,0xFF,0xFF,0xFF,0xFF,0xFF,0xFF,0xFF,
    0xFF,0xFF,0xFF,0xFF,0xFF,0xFF,0xFF,0xFF,0xFF,0xFF,0xFF,0xFF,0xFF,0xFF,0xFF,0xFF,
    0xFF,0xFF,0xFF,0xFF,0xFF,0xFF,0xFF,0xFF,0xFF,0xFF,0xFF,0xFF,0xFF,0xFF,0xFF,0xFF,
    0xFF,0xFF,0xFF,0xFF,0xFF,0xFF,0xFF,0xFF,0xFF,0xFF,0xFF,0xFF,0xFF,0xFF,0xFF,0xFF,
    0xFF,0xFF,0xFF,0xFF,0xFF,0xFF,0xFF,0xFF,0xFF,0xFF,0xFF,0xFF,0xFF,0xFF,0xFF,0xFF,
    0xFF,0xFF,0xFF,0xFF,0xFF,0xFF,0xFF,0xFF,0xFF,0xFF,0xFF,0xFF,0xFF,0xFF,0xFF,0xFF,
    0xFF,0xFF,0xFF,0xFF,0xFF,0xFF,0xFF,0xFF,0xFF,0xFF,0xFF,0xFF,0xFF,0xFF,0xFF,0xFF,
    0xFF,0xFF,0xFF,0xFF,0xFF,0xFF,0xFF,0xFF,0xFF,0xFF,0xFF,0xFF,0xFF,0xFF,0xFF,0xFF,
    0xFF,0xFF,0xFF,0xFF,0xFF,0xFF,0xFF,0xFF,0xFF,0xFF,0xFF,0xFF,0xFF,0xFF,0xFF,0xFF,
    0xFF,0xFF,0xFF,0xFF,0xFF,0xFF,0xFF,0xFF,0xFF,0xFF,0xFF,0xFF,0xFF,0xFF,0xFF,0xFF,
    0xFF,0xFF,0xFF,0xFF,0xFF,0xFF,0xFF,0xFF,0xFF,0xFF,0xFF,0xFF,0xFF,0xFF,0xFF,0xFF,
    0xFF,0xFF,0xFF,0xFF,0xFF,0xFF,0xFF,0xFF,0xFF,0xFF,0xFF,0xFF,0xFF,0xFF,0xFF,0xFF,
    0xFF,0xFF,0xFF,0xFF,0xFF,0xFF,0xFF,0xFF,0xFF,0xFF,0xFF,0xFF,0xFF,0xFF,0xFF,0xFF,
    0xFF,0xFF,0xFF,0xFF,0xFF,0xFF,0xFF,0xFF,0xFF,0xFF,0xFF,0xFF,0xFF,0xFF,0xFF,0xFF,
    0xFF,0xFF,0xFF,0xFF,0xFF,0xFF,0xFF,0xFF,0xFF,0xFF,0xFF,0xFF,0xFF,0xFF,0xFF,0xFF,
    0xFF,0xFF,0xFF,0xFF,0xFF,0xFF,0xFF,0xFF,0xFF,0xFF,0xFF,0xFF,0xFF,0xFF,0xFF,0xFF,
    0xFF,0xFF,0xFF,0xFF,0xFF,0xFF,0xFF,0xFF,0xFF,0xFF,0xFF,0xFF,0xFF,0xFF,0xFF,0xFF,
    0xFF,0xFF,0xFF,0xFF,0xFF,0xFF,0xFF,0xFF,0xFF,0xFF,0xFF,0xFF,0xFF,0xFF,0xFF,0xFF,
    0xFF,0xFF,0xFF,0xFF,0xFF,0xFF,0xFF,0xFF,0xFF,0xFF,0xFF,0xFF,0xFF,0xFF,0xFF,0xFF,
    0xFF,0xFF,0xFF,0xFF,0xFF,0xFF,0xFF,0xFF,0xFF,0xFF,0xFF,0xFF,0xFF,0xFF,0xFF,0xFF,
    0xFF,0xFF,0xFF,0xFF,0xFF,0xFF,0xFF,0xFF,0xFF,0xFF,0xFF,0xFF,0xFF,0xFF,0xFF,0xFF,
    0xFF,0xFF,0xFF,0xFF,0xFF,0xFF,0xFF,0xFF,0xFF,0xFF,0xFF,0xFF,0xFF,0xFF,0xFF,0xFF,
    0xFF,0xFF,0xFF,0xFF,0xFF,0xFF,0xFF,0xFF,0xFF,0xFF,0xFF,0xFF,0xFF,0xFF,0xFF,0xFF,
    0xFF,0xFF,0xFF,0xFF,0xFF,0xFF,0xFF,0xFF,0xFF,0xFF,0xFF,0xFF,0xFF,0xFF,0xFF,0xFF,
    0xFF,0xFF,0xFF,0xFF,0xFF,0xFF,0xFF,0xFF,0xFF,0xFF,0xFF,0xFF,0xFF,0xFF,0xFF,0xFF,
    0xFF,0xFF,0xFF,0xFF,0xFF,0xFF,0xFF,0xFF,0xFF,0xFF,0xFF,0xFF,0xFF,0xFF,0xFF,0xFF,
    0xFF,0xFF,0xFF,0xFF,0xFF,0xFF,0xFF,0xFF,0xFF,0xFF,0xFF,0xFF,0xFF,0xFF,0xFF,0xFF,
    0xFF,0xFF,0xFF,0xFF,0xFF,0xFF,0xFF,0xFF,0xFF,0xFF,0xFF,0xFF,0xFF,0xFF,0xFF,0xFF,
    0xFF,0xFF,0xFF,0xFF,0xFF,0xFF,0xFF,0xFF,0xFF,0xFF,0xFF,0xFF,0xFF,0xFF,0xFF,0xFF,
    0xFF,0xFF,0xFF,0xFF,0xFF,0xFF,0xFF,0xFF,0xFF,0xFF,0xFF,0xFF,0xFF,0xFF,0xFF,0xFF,
    0xFF,0xFF,0xFF,0xFF,0xFF,0xFF,0xFF,0xFF,0xFF,0xFF,0xFF,0xFF,0xFF,0xFF,0xFF,0xFF,
    0xFF,0xFF,0xFF,0xFF,0xFF,0xFF,0xFF,0xFF,0xFF,0xFF,0xFF,0xFF,0xFF,0xFF,0xFF,0xFF,
    0xFF,0xFF,0xFF,0xFF,0xFF,0xFF,0xFF,0xFF,0xFF,0xFF,0xFF,0xFF,0xFF,0xFF,0xFF,0xFF,
    0xFF,0xFF,0xFF,0xFF,0xFF,0xFF,0xFF,0xFF,0xFF,0xFF,0xFF,0xFF,0xFF,0xFF,0xFF,0xFF,
    0xFF,0xFF,0xFF,0xFF,0xFF,0xFF,0xFF,0xFF,0xFF,0xFF,0xFF,0xFF,0xFF,0xFF,0xFF,0xFF,
    0xFF,0xFF,0xFF,0xFF,0xFF,0xFF,0xFF,0xFF,0xFF,0xFF,0xFF,0xFF,0xFF,0xFF,0xFF,0xFF,
    0xFF,0xFF,0xFF,0xFF,0xFF,0xFF,0xFF,0xFF,0xFF,0xFF,0xFF,0xFF,0xFF,0xFF,0xFF,0xFF,
    0xFF,0xFF,0xFF,0xFF,0xFF,0xFF,0xFF,0xFF,0xFF,0xFF,0xFF,0xFF,0xFF,0xFF,0xFF,0xFF,
    0xFF,0xFF,0xFF,0xFF,0xFF,0xFF,0xFF,0xFF,0xFF,0xFF,0xFF,0xFF,0xFF,0xFF,0xFF,0xFF,
    0xFF,0xFF,0xFF,0xFF,0xFF,0xFF,0xFF,0xFF,0xFF,0xFF,0xFF,0xFF,0xFF,0xFF,0xFF,0xFF,
    0xFF,0xFF,0xFF,0xFF,0xFF,0xFF,0xFF,0xFF,0xFF,0xFF,0xFF,0xFF,0xFF,0xFF,0xFF,0xFF,
    0xFF,0xFF,0xFF,0xFF,0xFF,0xFF,0xFF,0xFF,0xFF,0xFF,0xFF,0xFF,0xFF,0xFF,0xFF,0xFF,
    0xFF,0xFF,0xFF,0xFF,0xFF,0xFF,0xFF,0xFF,0xFF,0xFF,0xFF,0xFF,0xFF,0xFF,0xFF,0xFF,
    0xFF,0xFF,0xFF,0xFF,0xFF,0xFF,0xFF,0xFF,0xFF,0xFF,0xFF,0xFF,0xFF,0xFF,0xFF,0xFF,
    0xFF,0xFF,0xFF,0xFF,0xFF,0xFF,0xFF,0xFF,0xFF,0xFF,0xFF,0xFF,0xFF,0xFF,0xFF,0xFF,
    0xFF,0xFF,0xFF,0xFF,0xFF,0xFF,0xFF,0xFF,0xFF,0xFF,0xFF,0xFF,0xFF,0xFF,0xFF,0xFF,
    0xFF,0xFF,0xFF,0xFF,0xFF,0xFF,0xFF,0xFF,0xFF,0xFF,0xFF,0xFF,0xFF,0xFF,0xFF,0xFF,
    0xFF,0xFF,0xFF,0xFF,0xFF,0xFF,0xFF,0xFF,0xFF,0xFF,0xFF,0xFF,0xFF,0xFF,0xFF,0xFF,
    0xFF,0xFF,0xFF,0xFF,0xFF,0xFF,0xFF,0xFF,0xFF,0xFF,0xFF,0xFF,0xFF,0xFF,0xFF,0xFF,
    0xFF,0xFF,0xFF,0xFF,0xFF,0xFF,0xFF,0xFF,0xFF,0xFF,0xFF,0xFF,0xFF,0xFF,0xFF,0xFF,
    0xFF,0xFF,0xFF,0xFF,0xFF,0xFF,0xFF,0xFF,0xFF,0xFF,0xFF,0xFF,0xFF,0xFF,0xFF,0xFF,
    0xFF,0xFF,0xFF,0xFF,0xFF,0xFF,0xFF,0xFF,0xFF,0xFF,0xFF,0xFF,0xFF,0xFF,0xFF,0xFF,
    0xFF,0xFF,0xFF,0xFF,0xFF,0xFF,0xFF,0xFF,0xFF,0xFF,0xFF,0xFF,0xFF,0xFF,0xFF,0xFF,
    0xFF,0xFF,0xFF,0xFF,0xFF,0xFF,0xFF,0xFF,0xFF,0xFF,0xFF,0xFF,0xFF,0xFF,0xFF,0xFF,
    0xFF,0xFF,0xFF,0xFF,0xFF,0xFF,0xFF,0xFF,0xFF,0xFF,0xFF,0xFF,0xFF,0xFF,0xFF,0xFF,
    0xFF,0xFF,0xFF,0xFF,0xFF,0xFF,0xFF,0xFF,0xFF,0xFF,0xFF,0xFF,0xFF,0xFF,0xFF,0xFF,
    0xFF,0xFF,0xFF,0xFF,0xFF,0xFF,0xFF,0xFF,0xFF,0xFF,0xFF,0xFF,0xFF,0xFF,0xFF,0xFF,
    0xFF,0xFF,0xFF,0xFF,0xFF,0xFF,0xFF,0xFF,0xFF,0xFF,0xFF,0xFF,0xFF,0xFF,0xFF,0xFF,
    0xFF,0xFF,0xFF,0xFF,0xFF,0xFF,0xFF,0xFF,0xFF,0xFF,0xFF,0xFF,0xFF,0xFF,0xFF,0xFF,
    0xFF,0xFF,0xFF,0xFF,0xFF,0xFF,0xFF,0xFF,0xFF,0xFF,0xFF,0xFF,0xFF,0xFF,0xFF,0xFF,
    0xFF,0xFF,0xFF,0xFF,0xFF,0xFF,0xFF,0xFF,0xFF,0xFF,0xFF,0xFF,0xFF,0xFF,0xFF,0xFF,
    0xFF,0xFF,0xFF,0xFF,0xFF,0xFF,0xFF,0xFF,0xFF,0xFF,0xFF,0xFF,0xFF,0xFF,0xFF,0xFF,
    0xFF,0xFF,0xFF,0xFF,0xFF,0xFF,0xFF,0xFF,0xFF,0xFF,0xFF,0xFF,0xFF,0xFF,0xFF,0xFF,
    0xFF,0xFF,0xFF,0xFF,0xFF,0xFF,0xFF,0xFF,0xFF,0xFF,0xFF,0xFF,0xFF,0xFF,0xFF,0xFF,
    0xFF,0xFF,0xFF,0xFF,0xFF,0xFF,0xFF,0xFF,0xFF,0xFF,0xFF,0xFF,0xFF,0xFF,0xFF,0xFF,
    0xFF,0xFF,0xFF,0xFF,0xFF,0xFF,0xFF,0xFF,0xFF,0xFF,0xFF,0xFF,0xFF,0xFF,0xFF,0xFF,
    0xFF,0xFF,0xFF,0xFF,0xFF,0xFF,0xFF,0xFF,0xFF,0xFF,0xFF,0xFF,0xFF,0xFF,0xFF,0xFF,
    0xFF,0xFF,0xFF,0xFF,0xFF,0xFF,0xFF,0xFF,0xFF,0xFF,0xFF,0xFF,0xFF,0xFF,0xFF,0xFF,
    0xFF,0xFF,0xFF,0xFF,0xFF,0xFF,0xFF,0xFF,0xFF,0xFF,0xFF,0xFF,0xFF,0xFF,0xFF,0xFF,
    0xFF,0xFF,0xFF,0xFF,0xFF,0xFF,0xFF,0xFF,0xFF,0xFF,0xFF,0xFF,0xFF,0xFF,0xFF,0xFF,
    0xFF,0xFF,0xFF,0xFF,0xFF,0xFF,0xFF,0xFF,0xFF,0xFF,0xFF,0xFF,0xFF,0xFF,0xFF,0xFF,
    0xFF,0xFF,0xFF,0xFF,0xFF,0xFF,0xFF,0xFF,0xFF,0xFF,0xFF,0xFF,0xFF,0xFF,0xFF,0xFF,
    0xFF,0xFF,0xFF,0xFF,0xFF,0xFF,0xFF,0xFF,0xFF,0xFF,0xFF,0xFF,0xFF,0xFF,0xFF,0xFF,
    0xFF,0xFF,0xFF,0xFF,0xFF,0xFF,0xFF,0xFF,0xFF,0xFF,0xFF,0xFF,0xFF,0xFF,0xFF,0xFF,
    0xFF,0xFF,0xFF,0xFF,0xFF,0xFF,0xFF,0xFF,0xFF,0xFF,0xFF,0xFF,0xFF,0xFF,0xFF,0xFF,
    0xFF,0xFF,0xFF,0xFF,0xFF,0xFF,0xFF,0xFF,0xFF,0xFF,0xFF,0xFF,0xFF,0xFF,0xFF,0xFF,
    0xFF,0xFF,0xFF,0xFF,0xFF,0xFF,0xFF,0xFF,0xFF,0xFF,0xFF,0xFF,0xFF,0xFF,0xFF,0xFF,
    0xFF,0xFF,0xFF,0xFF,0xFF,0xFF,0xFF,0xFF,0xFF,0xFF,0xFF,0xFF,0xFF,0xFF,0xFF,0xFF,
    0xFF,0xFF,0xFF,0xFF,0xFF,0xFF,0xFF,0xFF,0xFF,0xFF,0xFF,0xFF,0xFF,0xFF,0xFF,0xFF,
    0xFF,0xFF,0xFF,0xFF,0xFF,0xFF,0xFF,0xFF,0xFF,0xFF,0xFF,0xFF,0xFF,0xFF,0xFF,0xFF,
    0xFF,0xFF,0xFF,0xFF,0xFF,0xFF,0xFF,0xFF,0xFF,0xFF,0xFF,0xFF,0xFF,0xFF,0xFF,0xFF,
    0xFF,0xFF,0xFF,0xFF,0xFF,0xFF,0xFF,0xFF,0xFF,0xFF,0xFF,0xFF,0xFF,0xFF,0xFF,0xFF,
    0xFF,0xFF,0xFF,0xFF,0xFF,0xFF,0xFF,0xFF,0xFF,0xFF,0xFF,0xFF,0xFF,0xFF,0xFF,0xFF,
    0xFF,0xFF,0xFF,0xFF,0xFF,0xFF,0xFF,0xFF,0xFF,0xFF,0xFF,0xFF,0xFF,0xFF,0xFF,0xFF,
    0xFF,0xFF,0xFF,0xFF,0xFF,0xFF,0xFF,0xFF,0xFF,0xFF,0xFF,0xFF,0xFF,0xFF,0xFF,0xFF,
    0xFF,0xFF,0xFF,0xFF,0xFF,0xFF,0xFF,0xFF,0xFF,0xFF,0xFF,0xFF,0xFF,0xFF,0xFF,0xFF,
    0xFF,0xFF,0xFF,0xFF,0xFF,0xFF,0xFF,0xFF,0xFF,0xFF,0xFF,0xFF,0xFF,0xFF,0xFF,0xFF,
    0xFF,0xFF,0xFF,0xFF,0xFF,0xFF,0xFF,0xFF,0xFF,0xFF,0xFF,0xFF,0xFF,0xFF,0xFF,0xFF,
    0xFF,0xFF,0xFF,0xFF,0xFF,0xFF,0xFF,0xFF,0xFF,0xFF,0xFF,0xFF,0xFF,0xFF,0xFF,0xFF,
    0xFF,0xFF,0xFF,0xFF,0xFF,0xFF,0xFF,0xFF,0xFF,0xFF,0xFF,0xFF,0xFF,0xFF,0xFF,0xFF,
    0xFF,0xFF,0xFF,0xFF,0xFF,0xFF,0xFF,0xFF,0xFF,0xFF,0xFF,0xFF,0xFF,0xFF,0xFF,0xFF,
    0xFF,0xFF,0xFF,0xFF,0xFF,0xFF,0xFF,0xFF,0xFF,0xFF,0xFF,0xFF,0xFF,0xFF,0xFF,0xFF,
    0xFF,0xFF,0xFF,0xFF,0xFF,0xFF,0xFF,0xFF,0xFF,0xFF,0xFF,0xFF,0xFF,0xFF,0xFF,0xFF,
    0xFF,0xFF,0xFF,0xFF,0xFF,0xFF,0xFF,0xFF,0xFF,0xFF,0xFF,0xFF,0xFF,0xFF,0xFF,0xFF,
    0xFF,0xFF,0xFF,0xFF,0xFF,0xFF,0xFF,0xFF,0xFF,0xFF,0xFF,0xFF,0xFF,0xFF,0xFF,0xFF,
    0xFF,0xFF,0xFF,0xFF,0xFF,0xFF,0xFF,0xFF,0xFF,0xFF,0xFF,0xFF,0xFF,0xFF,0xFF,0xFF,
    0xFF,0xFF,0xFF,0xFF,0xFF,0xFF,0xFF,0xFF,0xFF,0xFF,0xFF,0xFF,0xFF,0xFF,0xFF,0xFF,
    0xFF,0xFF,0xFF,0xFF,0xFF,0xFF,0xFF,0xFF,0xFF,0xFF,0xFF,0xFF,0xFF,0xFF,0xFF,0xFF,
    0xFF,0xFF,0xFF,0xFF,0xFF,0xFF,0xFF,0xFF,0xFF,0xFF,0xFF,0xFF,0xFF,0xFF,0xFF,0xFF,
    0xFF,0xFF,0xFF,0xFF,0xFF,0xFF,0xFF,0xFF,0xFF,0xFF,0xFF,0xFF,0xFF,0xFF,0xFF,0xFF,
    0xFF,0xFF,0xFF,0xFF,0xFF,0xFF,0xFF,0xFF,0xFF,0xFF,0xFF,0xFF,0xFF,0xFF,0xFF,0xFF,
    0xFF,0xFF,0xFF,0xFF,0xFF,0xFF,0xFF,0xFF,0xFF,0xFF,0xFF,0xFF,0xFF,0xFF,0xFF,0xFF,
    0xFF,0xFF,0xFF,0xFF,0xFF,0xFF,0xFF,0xFF,0xFF,0xFF,0xFF,0xFF,0xFF,0xFF,0xFF,0xFF,
    0xFF,0xFF,0xFF,0xFF,0xFF,0xFF,0xFF,0xFF,0xFF,0xFF,0xFF,0xFF,0xFF,0xFF,0xFF,0xFF,
    0xFF,0xFF,0xFF,0xFF,0xFF,0xFF,0xFF,0xFF,0xFF,0xFF,0xFF,0xFF,0xFF,0xFF,0xFF,0xFF,
    0xFF,0xFF,0xFF,0xFF,0xFF,0xFF,0xFF,0xFF,0xFF,0xFF,0xFF,0xFF,0xFF,0xFF,0xFF,0xFF,
    0xFF,0xFF,0xFF,0xFF,0xFF,0xFF,0xFF,0xFF,0xFF,0xFF,0xFF,0xFF,0xFF,0xFF,0xFF,0xFF,
    0xFF,0xFF,0xFF,0xFF,0xFF,0xFF,0xFF,0xFF,0xFF,0xFF,0xFF,0xFF,0xFF,0xFF,0xFF,0xFF,
    0xFF,0xFF,0xFF,0xFF,0xFF,0xFF,0xFF,0xFF,0xFF,0xFF,0xFF,0xFF,0xFF,0xFF,0xFF,0xFF,
    0xFF,0xFF,0xFF,0xFF,0xFF,0xFF,0xFF,0xFF,0xFF,0xFF,0xFF,0xFF,0xFF,0xFF,0xFF,0xFF,
    0xFF,0xFF,0xFF,0xFF,0xFF,0xFF,0xFF,0xFF,0xFF,0xFF,0xFF,0xFF,0xFF,0xFF,0xFF,0xFF,
    0xFF,0xFF,0xFF,0xFF,0xFF,0xFF,0xFF,0xFF,0xFF,0xFF,0xFF,0xFF,0xFF,0xFF,0xFF,0xFF,
    0xFF,0xFF,0xFF,0xFF,0xFF,0xFF,0xFF,0xFF,0xFF,0xFF,0xFF,0xFF,0xFF,0xFF,0xFF,0xFF,
    0xFF,0xFF,0xFF,0xFF,0xFF,0xFF,0xFF,0xFF,0xFF,0xFF,0xFF,0xFF,0xFF,0xFF,0xFF,0xFF,
    0xFF,0xFF,0xFF,0xFF,0xFF,0xFF,0xFF,0xFF,0xFF,0xFF,0xFF,0xFF,0xFF,0xFF,0xFF,0xFF,
    0xFF,0xFF,0xFF,0xFF,0xFF,0xFF,0xFF,0xFF,0xFF,0xFF,0xFF,0xFF,0xFF,0xFF,0xFF,0xFF,
    0xFF,0xFF,0xFF,0xFF,0xFF,0xFF,0xFF,0xFF,0xFF,0xFF,0xFF,0xFF,0xFF,0xFF,0xFF,0xFF,
    0xFF,0xFF,0xFF,0xFF,0xFF,0xFF,0xFF,0xFF,0xFF,0xFF,0xFF,0xFF,0xFF,0xFF,0xFF,0xFF,
    0xFF,0xFF,0xFF,0xFF,0xFF,0xFF,0xFF,0xFF,0xFF,0xFF,0xFF,0xFF,0xFF,0xFF,0xFF,0xFF,
    0xFF,0xFF,0xFF,0xFF,0xFF,0xFF,0xFF,0xFF,0xFF,0xFF,0xFF,0xFF,0xFF,0xFF,0xFF,0xFF,
    0xFF,0xFF,0xFF,0xFF,0xFF,0xFF,0xFF,0xFF,0xFF,0xFF,0xFF,0xFF,0xFF,0xFF,0xFF,0xFF,
    0xFF,0xFF,0xFF,0xFF,0xFF,0xFF,0xFF,0xFF,0xFF,0xFF,0xFF,0xFF,0xFF,0xFF,0xFF,0xFF,
    0xFF,0xFF,0xFF,0xFF,0xFF,0xFF,0xFF,0xFF,0xFF,0xFF,0xFF,0xFF,0xFF,0xFF,0xFF,0xFF,
    0xFF,0xFF,0xFF,0xFF,0xFF,0xFF,0xFF,0xFF,0xFF,0xFF,0xFF,0xFF,0xFF,0xFF,0xFF,0xFF,
    0xFF,0xFF,0xFF,0xFF,0xFF,0xFF,0xFF,0xFF,0xFF,0xFF,0xFF,0xFF,0xFF,0xFF,0xFF,0xFF,
    0xFF,0xFF,0xFF,0xFF,0xFF,0xFF,0xFF,0xFF,0xFF,0xFF,0xFF,0xFF,0xFF,0xFF,0xFF,0xFF,
    0xFF,0xFF,0xFF,0xFF,0xFF,0xFF,0xFF,0xFF,0xFF,0xFF,0xFF,0xFF,0xFF,0xFF,0xFF,0xFF,
    0xFF,0xFF,0xFF,0xFF,0xFF,0xFF,0xFF,0xFF,0xFF,0xFF,0xFF,0xFF,0xFF,0xFF,0xFF,0xFF,
    0xFF,0xFF,0xFF,0xFF,0xFF,0xFF,0xFF,0xFF,0xFF,0xFF,0xFF,0xFF,0xFF,0xFF,0xFF,0xFF,
    0xFF,0xFF,0xFF,0xFF,0xFF,0xFF,0xFF,0xFF,0xFF,0xFF,0xFF,0xFF,0xFF,0xFF,0xFF,0xFF,
    0xFF,0xFF,0xFF,0xFF,0xFF,0xFF,0xFF,0xFF,0xFF,0xFF,0xFF,0xFF,0xFF,0xFF,0xFF,0xFF,
    0xFF,0xFF,0xFF,0xFF,0xFF,0xFF,0xFF,0xFF,0xFF,0xFF,0xFF,0xFF,0xFF,0xFF,0xFF,0xFF,
    0xFF,0xFF,0xFF,0xFF,0xFF,0xFF,0xFF,0xFF,0xFF,0xFF,0xFF,0xFF,0xFF,0xFF,0xFF,0xFF,
    0xFF,0xFF,0xFF,0xFF,0xFF,0xFF,0xFF,0xFF,0xFF,0xFF,0xFF,0xFF,0xFF,0xFF,0xFF,0xFF,
    0xFF,0xFF,0xFF,0xFF,0xFF,0xFF,0xFF,0xFF,0xFF,0xFF,0xFF,0xFF,0xFF,0xFF,0xFF,0xFF,
    0xFF,0xFF,0xFF,0xFF,0xFF,0xFF,0xFF,0xFF,0xFF,0xFF,0xFF,0xFF,0xFF,0xFF,0xFF,0xFF,
    0xFF,0xFF,0xFF,0xFF,0xFF,0xFF,0xFF,0xFF,0xFF,0xFF,0xFF,0xFF,0xFF,0xFF,0xFF,0xFF,
    0xFF,0xFF,0xFF,0xFF,0xFF,0xFF,0xFF,0xFF,0xFF,0xFF,0xFF,0xFF,0xFF,0xFF,0xFF,0xFF,
    0xFF,0xFF,0xFF,0xFF,0xFF,0xFF,0xFF,0xFF,0xFF,0xFF,0xFF,0xFF,0xFF,0xFF,0xFF,0xFF,
    0xFF,0xFF,0xFF,0xFF,0xFF,0xFF,0xFF,0xFF,0xFF,0xFF,0xFF,0xFF,0xFF,0xFF,0xFF,0xFF,
    0xFF,0xFF,0xFF,0xFF,0xFF,0xFF,0xFF,0xFF,0xFF,0xFF,0xFF,0xFF,0xFF,0xFF,0xFF,0xFF,
    0xFF,0xFF,0xFF,0xFF,0xFF,0xFF,0xFF,0xFF,0xFF,0xFF,0xFF,0xFF,0xFF,0xFF,0xFF,0xFF,
    0xFF,0xFF,0xFF,0xFF,0xFF,0xFF,0xFF,0xFF,0xFF,0xFF,0xFF,0xFF,0xFF,0xFF,0xFF,0xFF,
    0xFF,0xFF,0xFF,0xFF,0xFF,0xFF,0xFF,0xFF,0xFF,0xFF,0xFF,0xFF,0xFF,0xFF,0xFF,0xFF,
    0xFF,0xFF,0xFF,0xFF,0xFF,0xFF,0xFF,0xFF,0xFF,0xFF,0xFF,0xFF,0xFF,0xFF,0xFF,0xFF,
    0xFF,0xFF,0xFF,0xFF,0xFF,0xFF,0xFF,0xFF,0xFF,0xFF,0xFF,0xFF,0xFF,0xFF,0xFF,0xFF,
    0xFF,0xFF,0xFF,0xFF,0xFF,0xFF,0xFF,0xFF,0xFF,0xFF,0xFF,0xFF,0xFF,0xFF,0xFF,0xFF,
    0xFF,0xFF,0xFF,0xFF,0xFF,0xFF,0xFF,0xFF,0xFF,0xFF,0xFF,0xFF,0xFF,0xFF,0xFF,0xFF,
    0xFF,0xFF,0xFF,0xFF,0xFF,0xFF,0xFF,0xFF,0xFF,0xFF,0xFF,0xFF,0xFF,0xFF,0xFF,0xFF,
    0xFF,0xFF,0xFF,0xFF,0xFF,0xFF,0xFF,0xFF,0xFF,0xFF,0xFF,0xFF,0xFF,0xFF,0xFF,0xFF,
    0xFF,0xFF,0xFF,0xFF,0xFF,0xFF,0xFF,0xFF,0xFF,0xFF,0xFF,0xFF,0xFF,0xFF,0xFF,0xFF,
    0xFF,0xFF,0xFF,0xFF,0xFF,0xFF,0xFF,0xFF,0xFF,0xFF,0xFF,0xFF,0xFF,0xFF,0xFF,0xFF,
    0xFF,0xFF,0xFF,0xFF,0xFF,0xFF,0xFF,0xFF,0xFF,0xFF,0xFF,0xFF,0xFF,0xFF,0xFF,0xFF,
    0xFF,0xFF,0xFF,0xFF,0xFF,0xFF,0xFF,0xFF,0xFF,0xFF,0xFF,0xFF,0xFF,0xFF,0xFF,0xFF,
    0xFF,0xFF,0xFF,0xFF,0xFF,0xFF,0xFF,0xFF,0xFF,0xFF,0xFF,0xFF,0xFF,0xFF,0xFF,0xFF,
    0xFF,0xFF,0xFF,0xFF,0xFF,0xFF,0xFF,0xFF,0xFF,0xFF,0xFF,0xFF,0xFF,0xFF,0xFF,0xFF,
    0xFF,0xFF,0xFF,0xFF,0xFF,0xFF,0xFF,0xFF,0xFF,0xFF,0xFF,0xFF,0xFF,0xFF,0xFF,0xFF,
    0xFF,0xFF,0xFF,0xFF,0xFF,0xFF,0xFF,0xFF,0xFF,0xFF,0xFF,0xFF,0xFF,0xFF,0xFF,0xFF,
    0xFF,0xFF,0xFF,0xFF,0xFF,0xFF,0xFF,0xFF,0xFF,0xFF,0xFF,0xFF,0xFF,0xFF,0xFF,0xFF,
    0xFF,0xFF,0xFF,0xFF,0xFF,0xFF,0xFF,0xFF,0xFF,0xFF,0xFF,0xFF,0xFF,0xFF,0xFF,0xFF,
    0xFF,0xFF,0xFF,0xFF,0xFF,0xFF,0xFF,0xFF,0xFF,0xFF,0xFF,0xFF,0xFF,0xFF,0xFF,0xFF,
    0xFF,0xFF,0xFF,0xFF,0xFF,0xFF,0xFF,0xFF,0xFF,0xFF,0xFF,0xFF,0xFF,0xFF,0xFF,0xFF,
    0xFF,0xFF,0xFF,0xFF,0xFF,0xFF,0xFF,0xFF,0xFF,0xFF,0xFF,0xFF,0xFF,0xFF,0xFF,0xFF,
    0xFF,0xFF,0xFF,0xFF,0xFF,0xFF,0xFF,0xFF,0xFF,0xFF,0xFF,0xFF,0xFF,0xFF,0xFF,0xFF,
    0xFF,0xFF,0xFF,0xFF,0xFF,0xFF,0xFF,0xFF,0xFF,0xFF,0xFF,0xFF,0xFF,0xFF,0xFF,0xFF,
    0xFF,0xFF,0xFF,0xFF,0xFF,0xFF,0xFF,0xFF,0xFF,0xFF,0xFF,0xFF,0xFF,0xFF,0xFF,0xFF,
    0xFF,0xFF,0xFF,0xFF,0xFF,0xFF,0xFF,0xFF,0xFF,0xFF,0xFF,0xFF,0xFF,0xFF,0xFF,0xFF,
    0xFF,0xFF,0xFF,0xFF,0xFF,0xFF,0xFF,0xFF,0xFF,0xFF,0xFF,0xFF,0xFF,0xFF,0xFF,0xFF,
    0xFF,0xFF,0xFF,0xFF,0xFF,0xFF,0xFF,0xFF,0xFF,0xFF,0xFF,0xFF,0xFF,0xFF,0xFF,0xFF,
    0xFF,0xFF,0xFF,0xFF,0xFF,0xFF,0xFF,0xFF,0xFF,0xFF,0xFF,0xFF,0xFF,0xFF,0xFF,0xFF,
    0xFF,0xFF,0xFF,0xFF,0xFF,0xFF,0xFF,0xFF,0xFF,0xFF,0xFF,0xFF,0xFF,0xFF,0xFF,0xFF,
    0xFF,0xFF,0xFF,0xFF,0xFF,0xFF,0xFF,0xFF,0xFF,0xFF,0xFF,0xFF,0xFF,0xFF,0xFF,0xFF,
    0xFF,0xFF,0xFF,0xFF,0xFF,0xFF,0xFF,0xFF,0xFF,0xFF,0xFF,0xFF,0xFF,0xFF,0xFF,0xFF,
    0xFF,0xFF,0xFF,0xFF,0xFF,0xFF,0xFF,0xFF,0xFF,0xFF,0xFF,0xFF,0xFF,0xFF,0xFF,0xFF,
    0xFF,0xFF,0xFF,0xFF,0xFF,0xFF,0xFF,0xFF,0xFF,0xFF,0xFF,0xFF,0xFF,0xFF,0xFF,0xFF,
    0xFF,0xFF,0xFF,0xFF,0xFF,0xFF,0xFF,0xFF,0xFF,0xFF,0xFF,0xFF,0xFF,0xFF,0xFF,0xFF,
    0xFF,0xFF,0xFF,0xFF,0xFF,0xFF,0xFF,0xFF,0xFF,0xFF,0xFF,0xFF,0xFF,0xFF,0xFF,0xFF,
    0xFF,0xFF,0xFF,0xFF,0xFF,0xFF,0xFF,0xFF,0xFF,0xFF,0xFF,0xFF,0xFF,0xFF,0xFF,0xFF,
    0xFF,0xFF,0xFF,0xFF,0xFF,0xFF,0xFF,0xFF,0xFF,0xFF,0xFF,0xFF,0xFF,0xFF,0xFF,0xFF,
    0xFF,0xFF,0xFF,0xFF,0xFF,0xFF,0xFF,0xFF,0xFF,0xFF,0xFF,0xFF,0xFF,0xFF,0xFF,0xFF,
    0xFF,0xFF,0xFF,0xFF,0xFF,0xFF,0xFF,0xFF,0xFF,0xFF,0xFF,0xFF,0xFF,0xFF,0xFF,0xFF,
    0xFF,0xFF,0xFF,0xFF,0xFF,0xFF,0xFF,0xFF,0xFF,0xFF,0xFF,0xFF,0xFF,0xFF,0xFF,0xFF,
    0xFF,0xFF,0xFF,0xFF,0xFF,0xFF,0xFF,0xFF,0xFF,0xFF,0xFF,0xFF,0xFF,0xFF,0xFF,0xFF,
    0xFF,0xFF,0xFF,0xFF,0xFF,0xFF,0xFF,0xFF,0xFF,0xFF,0xFF,0xFF,0xFF,0xFF,0xFF,0xFF,
    0xFF,0xFF,0xFF,0xFF,0xFF,0xFF,0xFF,0xFF,0xFF,0xFF,0xFF,0xFF,0xFF,0xFF,0xFF,0xFF,
    0xFF,0xFF,0xFF,0xFF,0xFF,0xFF,0xFF,0xFF,0xFF,0xFF,0xFF,0xFF,0xFF,0xFF,0xFF,0xFF,
    0xFF,0xFF,0xFF,0xFF,0xFF,0xFF,0xFF,0xFF,0xFF,0xFF,0xFF,0xFF,0xFF,0xFF,0xFF,0xFF,
    0xFF,0xFF,0xFF,0xFF,0xFF,0xFF,0xFF,0xFF,0xFF,0xFF,0xFF,0xFF,0xFF,0xFF,0xFF,0xFF,
    0xFF,0xFF,0xFF,0xFF,0xFF,0xFF,0xFF,0xFF,0xFF,0xFF,0xFF,0xFF,0xFF,0xFF,0xFF,0xFF,
    0xFF,0xFF,0xFF,0xFF,0xFF,0xFF,0xFF,0xFF,0xFF,0xFF,0xFF,0xFF,0xFF,0xFF,0xFF,0xFF,
    0xFF,0xFF,0xFF,0xFF,0xFF,0xFF,0xFF,0xFF,0xFF,0xFF,0xFF,0xFF,0xFF,0xFF,0xFF,0xFF,
    0xFF,0xFF,0xFF,0xFF,0xFF,0xFF,0xFF,0xFF,0xFF,0xFF,0xFF,0xFF,0xFF,0xFF,0xFF,0xFF,
    0xFF,0xFF,0xFF,0xFF,0xFF,0xFF,0xFF,0xFF,0xFF,0xFF,0xFF,0xFF,0xFF,0xFF,0xFF,0xFF,
    0xFF,0xFF,0xFF,0xFF,0xFF,0xFF,0xFF,0xFF,0xFF,0xFF,0xFF,0xFF,0xFF,0xFF,0xFF,0xFF,
    0xFF,0xFF,0xFF,0xFF,0xFF,0xFF,0xFF,0xFF,0xFF,0xFF,0xFF,0xFF,0xFF,0xFF,0xFF,0xFF,
    0xFF,0xFF,0xFF,0xFF,0xFF,0xFF,0xFF,0xFF,0xFF,0xFF,0xFF,0xFF,0xFF,0xFF,0xFF,0xFF,
    0xFF,0xFF,0xFF,0xFF,0xFF,0xFF,0xFF,0xFF,0xFF,0xFF,0xFF,0xFF,0xFF,0xFF,0xFF,0xFF,
    0xFF,0xFF,0xFF,0xFF,0xFF,0xFF,0xFF,0xFF,0xFF,0xFF,0xFF,0xFF,0xFF,0xFF,0xFF,0xFF,
    0xFF,0xFF,0xFF,0xFF,0xFF,0xFF,0xFF,0xFF,0xFF,0xFF,0xFF,0xFF,0xFF,0xFF,0xFF,0xFF,
    0xFF,0xFF,0xFF,0xFF,0xFF,0xFF,0xFF,0xFF,0xFF,0xFF,0xFF,0xFF,0xFF,0xFF,0xFF,0xFF,
    0xFF,0xFF,0xFF,0xFF,0xFF,0xFF,0xFF,0xFF,0xFF,0xFF,0xFF,0xFF,0xFF,0xFF,0xFF,0xFF,
    0xFF,0xFF,0xFF,0xFF,0xFF,0xFF,0xFF,0xFF,0xFF,0xFF,0xFF,0xFF,0xFF,0xFF,0xFF,0xFF,
    0xFF,0xFF,0xFF,0xFF,0xFF,0xFF,0xFF,0xFF,0xFF,0xFF,0xFF,0xFF,0xFF,0xFF,0xFF,0xFF,
    0xFF,0xFF,0xFF,0xFF,0xFF,0xFF,0xFF,0xFF,0xFF,0xFF,0xFF,0xFF,0xFF,0xFF,0xFF,0xFF,
    0xFF,0xFF,0xFF,0xFF,0xFF,0xFF,0xFF,0xFF,0xFF,0xFF,0xFF,0xFF,0xFF,0xFF,0xFF,0xFF,
    0xFF,0xFF,0xFF,0xFF,0xFF,0xFF,0xFF,0xFF,0xFF,0xFF,0xFF,0xFF,0xFF,0xFF,0xFF,0xFF,
    0xFF,0xFF,0xFF,0xFF,0xFF,0xFF,0xFF,0xFF,0xFF,0xFF,0xFF,0xFF,0xFF,0xFF,0xFF,0xFF,
    0xFF,0xFF,0xFF,0xFF,0xFF,0xFF,0xFF,0xFF,0xFF,0xFF,0xFF,0xFF,0xFF,0xFF,0xFF,0xFF,
    0xFF,0xFF,0xFF,0xFF,0xFF,0xFF,0xFF,0xFF,0xFF,0xFF,0xFF,0xFF,0xFF,0xFF,0xFF,0xFF,
    0xFF,0xFF,0xFF,0xFF,0xFF,0xFF,0xFF,0xFF,0xFF,0xFF,0xFF,0xFF,0xFF,0xFF,0xFF,0xFF,
    0xFF,0xFF,0xFF,0xFF,0xFF,0xFF,0xFF,0xFF,0xFF,0xFF,0xFF,0xFF,0xFF,0xFF,0xFF,0xFF,
    0xFF,0xFF,0xFF,0xFF,0xFF,0xFF,0xFF,0xFF,0xFF,0xFF,0xFF,0xFF,0xFF,0xFF,0xFF,0xFF,
    0xFF,0xFF,0xFF,0xFF,0xFF,0xFF,0xFF,0xFF,0xFF,0xFF,0xFF,0xFF,0xFF,0xFF,0xFF,0xFF,
    0xFF,0xFF,0xFF,0xFF,0xFF,0xFF,0xFF,0xFF,0xFF,0xFF,0xFF,0xFF,0xFF,0xFF,0xFF,0xFF,
    0xFF,0xFF,0xFF,0xFF,0xFF,0xFF,0xFF,0xFF,0xFF,0xFF,0xFF,0xFF,0xFF,0xFF,0xFF,0xFF,
    0xFF,0xFF,0xFF,0xFF,0xFF,0xFF,0xFF,0xFF,0xFF,0xFF,0xFF,0xFF,0xFF,0xFF,0xFF,0xFF,
    0xFF,0xFF,0xFF,0xFF,0xFF,0xFF,0xFF,0xFF,0xFF,0xFF,0xFF,0xFF,0xFF,0xFF,0xFF,0xFF,
    0xFF,0xFF,0xFF,0xFF,0xFF,0xFF,0xFF,0xFF,0xFF,0xFF,0xFF,0xFF,0xFF,0xFF,0xFF,0xFF,
    0xFF,0xFF,0xFF,0xFF,0xFF,0xFF,0xFF,0xFF,0xFF,0xFF,0xFF,0xFF,0xFF,0xFF,0xFF,0xFF,
    0xFF,0xFF,0xFF,0xFF,0xFF,0xFF,0xFF,0xFF,0xFF,0xFF,0xFF,0xFF,0xFF,0xFF,0xFF,0xFF,
    0xFF,0xFF,0xFF,0xFF,0xFF,0xFF,0xFF,0xFF,0xFF,0xFF,0xFF,0xFF,0xFF,0xFF,0xFF,0xFF,
    0xFF,0xFF,0xFF,0xFF,0xFF,0xFF,0xFF,0xFF,0xFF,0xFF,0xFF,0xFF,0xFF,0xFF,0xFF,0xFF,
    0xFF,0xFF,0xFF,0xFF,0xFF,0xFF,0xFF,0xFF,0xFF,0xFF,0xFF,0xFF,0xFF,0xFF,0xFF,0xFF,
    0xFF,0xFF,0xFF,0xFF,0xFF,0xFF,0xFF,0xFF,0xFF,0xFF,0xFF,0xFF,0xFF,0xFF,0xFF,0xFF,
    0xFF,0xFF,0xFF,0xFF,0xFF,0xFF,0xFF,0xFF,0xFF,0xFF,0xFF,0xFF,0xFF,0xFF,0xFF,0xFF,
    0xFF,0xFF,0xFF,0xFF,0xFF,0xFF,0xFF,0xFF,0xFF,0xFF,0xFF,0xFF,0xFF,0xFF,0xFF,0xFF,
    0xFF,0xFF,0xFF,0xFF,0xFF,0xFF,0xFF,0xFF,0xFF,0xFF,0xFF,0xFF,0xFF,0xFF,0xFF,0xFF,
    0xFF,0xFF,0xFF,0xFF,0xFF,0xFF,0xFF,0xFF,0xFF,0xFF,0xFF,0xFF,0xFF,0xFF,0xFF,0xFF,
    0xFF,0xFF,0xFF,0xFF,0xFF,0xFF,0xFF,0xFF,0xFF,0xFF,0xFF,0xFF,0xFF,0xFF,0xFF,0xFF,
    0xFF,0xFF,0xFF,0xFF,0xFF,0xFF,0xFF,0xFF,0xFF,0xFF,0xFF,0xFF,0xFF,0xFF,0xFF,0xFF,
    0xFF,0xFF,0xFF,0xFF,0xFF,0xFF,0xFF,0xFF,0xFF,0xFF,0xFF,0xFF,0xFF,0xFF,0xFF,0xFF,
    0xFF,0xFF,0xFF,0xFF,0xFF,0xFF,0xFF,0xFF,0xFF,0xFF,0xFF,0xFF,0xFF,0xFF,0xFF,0xFF,
    0xFF,0xFF,0xFF,0xFF,0xFF,0xFF,0xFF,0xFF,0xFF,0xFF,0xFF,0xFF,0xFF,0xFF,0xFF,0xFF,
    0xFF,0xFF,0xFF,0xFF,0xFF,0xFF,0xFF,0xFF,0xFF,0xFF,0xFF,0xFF,0xFF,0xFF,0xFF,0xFF,
    0xFF,0xFF,0xFF,0xFF,0xFF,0xFF,0xFF,0xFF,0xFF,0xFF,0xFF,0xFF,0xFF,0xFF,0xFF,0xFF,
    0xFF,0xFF,0xFF,0xFF,0xFF,0xFF,0xFF,0xFF,0xFF,0xFF,0xFF,0xFF,0xFF,0xFF,0xFF,0xFF,
    0xFF,0xFF,0xFF,0xFF,0xFF,0xFF,0xFF,0xFF,0xFF,0xFF,0xFF,0xFF,0xFF,0xFF,0xFF,0xFF,
    0xFF,0xFF,0xFF,0xFF,0xFF,0xFF,0xFF,0xFF,0xFF,0xFF,0xFF,0xFF,0xFF,0xFF,0xFF,0xFF,
    0xFF,0xFF,0xFF,0xFF,0xFF,0xFF,0xFF,0xFF,0xFF,0xFF,0xFF,0xFF,0xFF,0xFF,0xFF,0xFF,
    0xFF,0xFF,0xFF,0xFF,0xFF,0xFF,0xFF,0xFF,0xFF,0xFF,0xFF,0xFF,0xFF,0xFF,0xFF,0xFF,
    0xFF,0xFF,0xFF,0xFF,0xFF,0xFF,0xFF,0xFF,0xFF,0xFF,0xFF,0xFF,0xFF,0xFF,0xFF,0xFF,
    0xFF,0xFF,0xFF,0xFF,0xFF,0xFF,0xFF,0xFF,0xFF,0xFF,0xFF,0xFF,0xFF,0xFF,0xFF,0xFF,
    0xFF,0xFF,0xFF,0xFF,0xFF,0xFF,0xFF,0xFF,0xFF,0xFF,0xFF,0xFF,0xFF,0xFF,0xFF,0xFF,
    0xFF,0xFF,0xFF,0xFF,0xFF,0xFF,0xFF,0xFF,0xFF,0xFF,0xFF,0xFF,0xFF,0xFF,0xFF,0xFF,
    0xFF,0xFF,0xFF,0xFF,0xFF,0xFF,0xFF,0xFF,0xFF,0xFF,0xFF,0xFF,0xFF,0xFF,0xFF,0xFF,
    0xFF,0xFF,0xFF,0xFF,0xFF,0xFF,0xFF,0xFF,0xFF,0xFF,0xFF,0xFF,0xFF,0xFF,0xFF,0xFF,
    0xFF,0xFF,0xFF,0xFF,0xFF,0xFF,0xFF,0xFF,0xFF,0xFF,0xFF,0xFF,0xFF,0xFF,0xFF,0xFF,
    0xFF,0xFF,0xFF,0xFF,0xFF,0xFF,0xFF,0xFF,0xFF,0xFF,0xFF,0xFF,0xFF,0xFF,0xFF,0xFF,
    0xFF,0xFF,0xFF,0xFF,0xFF,0xFF,0xFF,0xFF,0xFF,0xFF,0xFF,0xFF,0xFF,0xFF,0xFF,0xFF,
    0xFF,0xFF,0xFF,0xFF,0xFF,0xFF,0xFF,0xFF,0xFF,0xFF,0xFF,0xFF,0xFF,0xFF,0xFF,0xFF,
    0xFF,0xFF,0xFF,0xFF,0xFF,0xFF,0xFF,0xFF,0xFF,0xFF,0xFF,0xFF,0xFF,0xFF,0xFF,0xFF,
    0xFF,0xFF,0xFF,0xFF,0xFF,0xFF,0xFF,0xFF,0xFF,0xFF,0xFF,0xFF,0xFF,0xFF,0xFF,0xFF,
    0xFF,0xFF,0xFF,0xFF,0xFF,0xFF,0xFF,0xFF,0xFF,0xFF,0xFF,0xFF,0xFF,0xFF,0xFF,0xFF,
    0xFF,0xFF,0xFF,0xFF,0xFF,0xFF,0xFF,0xFF,0xFF,0xFF,0xFF,0xFF,0xFF,0xFF,0xFF,0xFF,
    0xFF,0xFF,0xFF,0xFF,0xFF,0xFF,0xFF,0xFF,0xFF,0xFF,0xFF,0xFF,0xFF,0xFF,0xFF,0xFF,
    0xFF,0xFF,0xFF,0xFF,0xFF,0xFF,0xFF,0xFF,0xFF,0xFF,0xFF,0xFF,0xFF,0xFF,0xFF,0xFF,
    0xFF,0xFF,0xFF,0xFF,0xFF,0xFF,0xFF,0xFF,0xFF,0xFF,0xFF,0xFF,0xFF,0xFF,0xFF,0xFF,
    0xFF,0xFF,0xFF,0xFF,0xFF,0xFF,0xFF,0xFF,0xFF,0xFF,0xFF,0xFF,0xFF,0xFF,0xFF,0xFF,
    0xFF,0xFF,0xFF,0xFF,0xFF,0xFF,0xFF,0xFF,0xFF,0xFF,0xFF,0xFF,0xFF,0xFF,0xFF,0xFF,
    0xFF,0xFF,0xFF,0xFF,0xFF,0xFF,0xFF,0xFF,0xFF,0xFF,0xFF,0xFF,0xFF,0xFF,0xFF,0xFF,
    0xFF,0xFF,0xFF,0xFF,0xFF,0xFF,0xFF,0xFF,0xFF,0xFF,0xFF,0xFF,0xFF,0xFF,0xFF,0xFF,
    0xFF,0xFF,0xFF,0xFF,0xFF,0xFF,0xFF,0xFF,0xFF,0xFF,0xFF,0xFF,0xFF,0xFF,0xFF,0xFF,
    0xFF,0xFF,0xFF,0xFF,0xFF,0xFF,0xFF,0xFF,0xFF,0xFF,0xFF,0xFF,0xFF,0xFF,0xFF,0xFF,
    0xFF,0xFF,0xFF,0xFF,0xFF,0xFF,0xFF,0xFF,0xFF,0xFF,0xFF,0xFF,0xFF,0xFF,0xFF,0xFF,
    0xFF,0xFF,0xFF,0xFF,0xFF,0xFF,0xFF,0xFF,0xFF,0xFF,0xFF,0xFF,0xFF,0xFF,0xFF,0xFF,
    0xFF,0xFF,0xFF,0xFF,0xFF,0xFF,0xFF,0xFF,0xFF,0xFF,0xFF,0xFF,0xFF,0xFF,0xFF,0xFF,
    0xFF,0xFF,0xFF,0xFF,0xFF,0xFF,0xFF,0xFF,0xFF,0xFF,0xFF,0xFF,0xFF,0xFF,0xFF,0xFF,
    0xFF,0xFF,0xFF,0xFF,0xFF,0xFF,0xFF,0xFF,0xFF,0xFF,0xFF,0xFF,0xFF,0xFF,0xFF,0xFF,
    0xFF,0xFF,0xFF,0xFF,0xFF,0xFF,0xFF,0xFF,0xFF,0xFF,0xFF,0xFF,0xFF,0xFF,0xFF,0xFF,
    0xFF,0xFF,0xFF,0xFF,0xFF,0xFF,0xFF,0xFF,0xFF,0xFF,0xFF,0xFF,0xFF,0xFF,0xFF,0xFF,
    0xFF,0xFF,0xFF,0xFF,0xFF,0xFF,0xFF,0xFF,0xFF,0xFF,0xFF,0xFF,0xFF,0xFF,0xFF,0xFF,
    0xFF,0xFF,0xFF,0xFF,0xFF,0xFF,0xFF,0xFF,0xFF,0xFF,0xFF,0xFF,0xFF,0xFF,0xFF,0xFF,
    0xFF,0xFF,0xFF,0xFF,0xFF,0xFF,0xFF,0xFF,0xFF,0xFF,0xFF,0xFF,0xFF,0xFF,0xFF,0xFF,
    0xFF,0xFF,0xFF,0xFF,0xFF,0xFF,0xFF,0xFF,0xFF,0xFF,0xFF,0xFF,0xFF,0xFF,0xFF,0xFF,
    0xFF,0xFF,0xFF,0xFF,0xFF,0xFF,0xFF,0xFF,0xFF,0xFF,0xFF,0xFF,0xFF,0xFF,0xFF,0xFF,
    0xFF,0xFF,0xFF,0xFF,0xFF,0xFF,0xFF,0xFF,0xFF,0xFF,0xFF,0xFF,0xFF,0xFF,0xFF,0xFF,
    0xFF,0xFF,0xFF,0xFF,0xFF,0xFF,0xFF,0xFF,0xFF,0xFF,0xFF,0xFF,0xFF,0xFF,0xFF,0xFF,
    0xFF,0xFF,0xFF,0xFF,0xFF,0xFF,0xFF,0xFF,0xFF,0xFF,0xFF,0xFF,0xFF,0xFF,0xFF,0xFF,
    0xFF,0xFF,0xFF,0xFF,0xFF,0xFF,0xFF,0xFF,0xFF,0xFF,0xFF,0xFF,0xFF,0xFF,0xFF,0xFF,
    0xFF,0xFF,0xFF,0xFF,0xFF,0xFF,0xFF,0xFF,0xFF,0xFF,0xFF,0xFF,0xFF,0xFF,0xFF,0xFF,
    0xFF,0xFF,0xFF,0xFF,0xFF,0xFF,0xFF,0xFF,0xFF,0xFF,0xFF,0xFF,0xFF,0xFF,0xFF,0xFF,
    0xFF,0xFF,0xFF,0xFF,0xFF,0xFF,0xFF,0xFF,0xFF,0xFF,0xFF,0xFF,0xFF,0xFF,0xFF,0xFF,
    0xFF,0xFF,0xFF,0xFF,0xFF,0xFF,0xFF,0xFF,0xFF,0xFF,0xFF,0xFF,0xFF,0xFF,0xFF,0xFF,
    0xFF,0xFF,0xFF,0xFF,0xFF,0xFF,0xFF,0xFF,0xFF,0xFF,0xFF,0xFF,0xFF,0xFF,0xFF,0xFF,
    0xFF,0xFF,0xFF,0xFF,0xFF,0xFF,0xFF,0xFF,0xFF,0xFF,0xFF,0xFF,0xFF,0xFF,0xFF,0xFF,
    0xFF,0xFF,0xFF,0xFF,0xFF,0xFF,0xFF,0xFF,0xFF,0xFF,0xFF,0xFF,0xFF,0xFF,0xFF,0xFF,
    0xFF,0xFF,0xFF,0xFF,0xFF,0xFF,0xFF,0xFF,0xFF,0xFF,0xFF,0xFF,0xFF,0xFF,0xFF,0xFF,
    0xFF,0xFF,0xFF,0xFF,0xFF,0xFF,0xFF,0xFF,0xFF,0xFF,0xFF,0xFF,0xFF,0xFF,0xFF,0xFF,
    0xFF,0xFF,0xFF,0xFF,0xFF,0xFF,0xFF,0xFF,0xFF,0xFF,0xFF,0xFF,0xFF,0xFF,0xFF,0xFF,
    0xFF,0xFF,0xFF,0xFF,0xFF,0xFF,0xFF,0xFF,0xFF,0xFF,0xFF,0xFF,0xFF,0xFF,0xFF,0xFF,
    0xFF,0xFF,0xFF,0xFF,0xFF,0xFF,0xFF,0xFF,0xFF,0xFF,0xFF,0xFF,0xFF,0xFF,0xFF,0xFF,
    0xFF,0xFF,0xFF,0xFF,0xFF,0xFF,0xFF,0xFF,0xFF,0xFF,0xFF,0xFF,0xFF,0xFF,0xFF,0xFF,
    0xFF,0xFF,0xFF,0xFF,0xFF,0xFF,0xFF,0xFF,0xFF,0xFF,0xFF,0xFF,0xFF,0xFF,0xFF,0xFF,
    0xFF,0xFF,0xFF,0xFF,0xFF,0xFF,0xFF,0xFF,0xFF,0xFF,0xFF,0xFF,0xFF,0xFF,0xFF,0xFF,
    0xFF,0xFF,0xFF,0xFF,0xFF,0xFF,0xFF,0xFF,0xFF,0xFF,0xFF,0xFF,0xFF,0xFF,0xFF,0xFF,
    0xFF,0xFF,0xFF,0xFF,0xFF,0xFF,0xFF,0xFF,0xFF,0xFF,0xFF,0xFF,0xFF,0xFF,0xFF,0xFF,
    0xFF,0xFF,0xFF,0xFF,0xFF,0xFF,0xFF,0xFF,0xFF,0xFF,0xFF,0xFF,0xFF,0xFF,0xFF,0xFF,
    0xFF,0xFF,0xFF,0xFF,0xFF,0xFF,0xFF,0xFF,0xFF,0xFF,0xFF,0xFF,0xFF,0xFF,0xFF,0xFF,
    0xFF,0xFF,0xFF,0xFF,0xFF,0xFF,0xFF,0xFF,0xFF,0xFF,0xFF,0xFF,0xFF,0xFF,0xFF,0xFF,
    0xFF,0xFF,0xFF,0xFF,0xFF,0xFF,0xFF,0xFF,0xFF,0xFF,0xFF,0xFF,0xFF,0xFF,0xFF,0xFF,
    0xFF,0xFF,0xFF,0xFF,0xFF,0xFF,0xFF,0xFF,0xFF,0xFF,0xFF,0xFF,0xFF,0xFF,0xFF,0xFF,
    0xFF,0xFF,0xFF,0xFF,0xFF,0xFF,0xFF,0xFF,0xFF,0xFF,0xFF,0xFF,0xFF,0xFF,0xFF,0xFF,
    0xFF,0xFF,0xFF,0xFF,0xFF,0xFF,0xFF,0xFF,0xFF,0xFF,0xFF,0xFF,0xFF,0xFF,0xFF,0xFF,
    0xFF,0xFF,0xFF,0xFF,0xFF,0xFF,0xFF,0xFF,0xFF,0xFF,0xFF,0xFF,0xFF,0xFF,0xFF,0xFF,
    0xFF,0xFF,0xFF,0xFF,0xFF,0xFF,0xFF,0xFF,0xFF,0xFF,0xFF,0xFF,0xFF,0xFF,0xFF,0xFF,
    0xFF,0xFF,0xFF,0xFF,0xFF,0xFF,0xFF,0xFF,0xFF,0xFF,0xFF,0xFF,0xFF,0xFF,0xFF,0xFF,
    0xFF,0xFF,0xFF,0xFF,0xFF,0xFF,0xFF,0xFF,0xFF,0xFF,0xFF,0xFF,0xFF,0xFF,0xFF,0xFF,
    0xFF,0xFF,0xFF,0xFF,0xFF,0xFF,0xFF,0xFF,0xFF,0xFF,0xFF,0xFF,0xFF,0xFF,0xFF,0xFF,
    0xFF,0xFF,0xFF,0xFF,0xFF,0xFF,0xFF,0xFF,0xFF,0xFF,0xFF,0xFF,0xFF,0xFF,0xFF,0xFF,
    0xFF,0xFF,0xFF,0xFF,0xFF,0xFF,0xFF,0xFF,0xFF,0xFF,0xFF,0xFF,0xFF,0xFF,0xFF,0xFF,
    0xFF,0xFF,0xFF,0xFF,0xFF,0xFF,0xFF,0xFF,0xFF,0xFF,0xFF,0xFF,0xFF,0xFF,0xFF,0xFF,
    0xFF,0xFF,0xFF,0xFF,0xFF,0xFF,0xFF,0xFF,0xFF,0xFF,0xFF,0xFF,0xFF,0xFF,0xFF,0xFF,
    0xFF,0xFF,0xFF,0xFF,0xFF,0xFF,0xFF,0xFF,0xFF,0xFF,0xFF,0xFF,0xFF,0xFF,0xFF,0xFF,
    0xFF,0xFF,0xFF,0xFF,0xFF,0xFF,0xFF,0xFF,0xFF,0xFF,0xFF,0xFF,0xFF,0xFF,0xFF,0xFF,
    0xFF,0xFF,0xFF,0xFF,0xFF,0xFF,0xFF,0xFF,0xFF,0xFF,0xFF,0xFF,0xFF,0xFF,0xFF,0xFF,
    0xFF,0xFF,0xFF,0xFF,0xFF,0xFF,0xFF,0xFF,0xFF,0xFF,0xFF,0xFF,0xFF,0xFF,0xFF,0xFF,
    0xFF,0xFF,0xFF,0xFF,0xFF,0xFF,0xFF,0xFF,0xFF,0xFF,0xFF,0xFF,0xFF,0xFF,0xFF,0xFF,
    0xFF,0xFF,0xFF,0xFF,0xFF,0xFF,0xFF,0xFF,0xFF,0xFF,0xFF,0xFF,0xFF,0xFF,0xFF,0xFF,
    0xFF,0xFF,0xFF,0xFF,0xFF,0xFF,0xFF,0xFF,0xFF,0xFF,0xFF,0xFF,0xFF,0xFF,0xFF,0xFF,
    0xFF,0xFF,0xFF,0xFF,0xFF,0xFF,0xFF,0xFF,0xFF,0xFF,0xFF,0xFF,0xFF,0xFF,0xFF,0xFF,
    0xFF,0xFF,0xFF,0xFF,0xFF,0xFF,0xFF,0xFF,0xFF,0xFF,0xFF,0xFF,0xFF,0xFF,0xFF,0xFF,
    0xFF,0xFF,0xFF,0xFF,0xFF,0xFF,0xFF,0xFF,0xFF,0xFF,0xFF,0xFF,0xFF,0xFF,0xFF,0xFF,
    0xFF,0xFF,0xFF,0xFF,0xFF,0xFF,0xFF,0xFF,0xFF,0xFF,0xFF,0xFF,0xFF,0xFF,0xFF,0xFF,
    0xFF,0xFF,0xFF,0xFF,0xFF,0xFF,0xFF,0xFF,0xFF,0xFF,0xFF,0xFF,0xFF,0xFF,0xFF,0xFF,
    0xFF,0xFF,0xFF,0xFF,0xFF,0xFF,0xFF,0xFF,0xFF,0xFF,0xFF,0xFF,0xFF,0xFF,0xFF,0xFF,
    0xFF,0xFF,0xFF,0xFF,0xFF,0xFF,0xFF,0xFF,0xFF,0xFF,0xFF,0xFF,0xFF,0xFF,0xFF,0xFF,
    0xFF,0xFF,0xFF,0xFF,0xFF,0xFF,0xFF,0xFF,0xFF,0xFF,0xFF,0xFF,0xFF,0xFF,0xFF,0xFF,
    0xFF,0xFF,0xFF,0xFF,0xFF,0xFF,0xFF,0xFF,0xFF,0xFF,0xFF,0xFF,0xFF,0xFF,0xFF,0xFF,
    0xFF,0xFF,0xFF,0xFF,0xFF,0xFF,0xFF,0xFF,0xFF,0xFF,0xFF,0xFF,0xFF,0xFF,0xFF,0xFF,
    0xFF,0xFF,0xFF,0xFF,0xFF,0xFF,0xFF,0xFF,0xFF,0xFF,0xFF,0xFF,0xFF,0xFF,0xFF,0xFF,
    0xFF,0xFF,0xFF,0xFF,0xFF,0xFF,0xFF,0xFF,0xFF,0xFF,0xFF,0xFF,0xFF,0xFF,0xFF,0xFF,
    0xFF,0xFF,0xFF,0xFF,0xFF,0xFF,0xFF,0xFF,0xFF,0xFF,0xFF,0xFF,0xFF,0xFF,0xFF,0xFF,
    0xFF,0xFF,0xFF,0xFF,0xFF,0xFF,0xFF,0xFF,0xFF,0xFF,0xFF,0xFF,0xFF,0xFF,0xFF,0xFF,
    0xFF,0xFF,0xFF,0xFF,0xFF,0xFF,0xFF,0xFF,0xFF,0xFF,0xFF,0xFF,0xFF,0xFF,0xFF,0xFF,
    0xFF,0xFF,0xFF,0xFF,0xFF,0xFF,0xFF,0xFF,0xFF,0xFF,0xFF,0xFF,0xFF,0xFF,0xFF,0xFF,
    0xFF,0xFF,0xFF,0xFF,0xFF,0xFF,0xFF,0xFF,0xFF,0xFF,0xFF,0xFF,0xFF,0xFF,0xFF,0xFF,
    0xFF,0xFF,0xFF,0xFF,0xFF,0xFF,0xFF,0xFF,0xFF,0xFF,0xFF,0xFF,0xFF,0xFF,0xFF,0xFF,
    0xFF,0xFF,0xFF,0xFF,0xFF,0xFF,0xFF,0xFF,0xFF,0xFF,0xFF,0xFF,0xFF,0xFF,0xFF,0xFF,
    0xFF,0xFF,0xFF,0xFF,0xFF,0xFF,0xFF,0xFF,0xFF,0xFF,0xFF,0xFF,0xFF,0xFF,0xFF,0xFF,
    0xFF,0xFF,0xFF,0xFF,0xFF,0xFF,0xFF,0xFF,0xFF,0xFF,0xFF,0xFF,0xFF,0xFF,0xFF,0xFF,
    0xFF,0xFF,0xFF,0xFF,0xFF,0xFF,0xFF,0xFF,0xFF,0xFF,0xFF,0xFF,0xFF,0xFF,0xFF,0xFF,
    0xFF,0xFF,0xFF,0xFF,0xFF,0xFF,0xFF,0xFF,0xFF,0xFF,0xFF,0xFF,0xFF,0xFF,0xFF,0xFF,
    0xFF,0xFF,0xFF,0xFF,0xFF,0xFF,0xFF,0xFF,0xFF,0xFF,0xFF,0xFF,0xFF,0xFF,0xFF,0xFF,
    0xFF,0xFF,0xFF,0xFF,0xFF,0xFF,0xFF,0xFF,0xFF,0xFF,0xFF,0xFF,0xFF,0xFF,0xFF,0xFF,
    0xFF,0xFF,0xFF,0xFF,0xFF,0xFF,0xFF,0xFF,0xFF,0xFF,0xFF,0xFF,0xFF,0xFF,0xFF,0xFF,
    0xFF,0xFF,0xFF,0xFF,0xFF,0xFF,0xFF,0xFF,0xFF,0xFF,0xFF,0xFF,0xFF,0xFF,0xFF,0xFF,
    0xFF,0xFF,0xFF,0xFF,0xFF,0xFF,0xFF,0xFF,0xFF,0xFF,0xFF,0xFF,0xFF,0xFF,0xFF,0xFF,
    0xFF,0xFF,0xFF,0xFF,0xFF,0xFF,0xFF,0xFF,0xFF,0xFF,0xFF,0xFF,0xFF,0xFF,0xFF,0xFF,
    0xFF,0xFF,0xFF,0xFF,0xFF,0xFF,0xFF,0xFF,0xFF,0xFF,0xFF,0xFF,0xFF,0xFF,0xFF,0xFF,
    0xFF,0xFF,0xFF,0xFF,0xFF,0xFF,0xFF,0xFF,0xFF,0xFF,0xFF,0xFF,0xFF,0xFF,0xFF,0xFF,
    0xFF,0xFF,0xFF,0xFF,0xFF,0xFF,0xFF,0xFF,0xFF,0xFF,0xFF,0xFF,0xFF,0xFF,0xFF,0xFF,
    0xFF,0xFF,0xFF,0xFF,0xFF,0xFF,0xFF,0xFF,0xFF,0xFF,0xFF,0xFF,0xFF,0xFF,0xFF,0xFF,
    0xFF,0xFF,0xFF,0xFF,0xFF,0xFF,0xFF,0xFF,0xFF,0xFF,0xFF,0xFF,0xFF,0xFF,0xFF,0xFF,
    0xFF,0xFF,0xFF,0xFF,0xFF,0xFF,0xFF,0xFF,0xFF,0xFF,0xFF,0xFF,0xFF,0xFF,0xFF,0xFF,
    0xFF,0xFF,0xFF,0xFF,0xFF,0xFF,0xFF,0xFF,0xFF,0xFF,0xFF,0xFF,0xFF,0xFF,0xFF,0xFF,
    0xFF,0xFF,0xFF,0xFF,0xFF,0xFF,0xFF,0xFF,0xFF,0xFF,0xFF,0xFF,0xFF,0xFF,0xFF,0xFF,
    0xFF,0xFF,0xFF,0xFF,0xFF,0xFF,0xFF,0xFF,0xFF,0xFF,0xFF,0xFF,0xFF,0xFF,0xFF,0xFF,
    0xFF,0xFF,0xFF,0xFF,0xFF,0xFF,0xFF,0xFF,0xFF,0xFF,0xFF,0xFF,0xFF,0xFF,0xFF,0xFF,
    0xFF,0xFF,0xFF,0xFF,0xFF,0xFF,0xFF,0xFF,0xFF,0xFF,0xFF,0xFF,0xFF,0xFF,0xFF,0xFF,
    0xFF,0xFF,0xFF,0xFF,0xFF,0xFF,0xFF,0xFF,0xFF,0xFF,0xFF,0xFF,0xFF,0xFF,0xFF,0xFF,
    0xFF,0xFF,0xFF,0xFF,0xFF,0xFF,0xFF,0xFF,0xFF,0xFF,0xFF,0xFF,0xFF,0xFF,0xFF,0xFF,
    0xFF,0xFF,0xFF,0xFF,0xFF,0xFF,0xFF,0xFF,0xFF,0xFF,0xFF,0xFF,0xFF,0xFF,0xFF,0xFF,
    0xFF,0xFF,0xFF,0xFF,0xFF,0xFF,0xFF,0xFF,0xFF,0xFF,0xFF,0xFF,0xFF,0xFF,0xFF,0xFF,
    0xFF,0xFF,0xFF,0xFF,0xFF,0xFF,0xFF,0xFF,0xFF,0xFF,0xFF,0xFF,0xFF,0xFF,0xFF,0xFF,
    0xFF,0xFF,0xFF,0xFF,0xFF,0xFF,0xFF,0xFF,0xFF,0xFF,0xFF,0xFF,0xFF,0xFF,0xFF,0xFF,
    0xFF,0xFF,0xFF,0xFF,0xFF,0xFF,0xFF,0xFF,0xFF,0xFF,0xFF,0xFF,0xFF,0xFF,0xFF,0xFF,
    0xFF,0xFF,0xFF,0xFF,0xFF,0xFF,0xFF,0xFF,0xFF,0xFF,0xFF,0xFF,0xFF,0xFF,0xFF,0xFF,
    0xFF,0xFF,0xFF,0xFF,0xFF,0xFF,0xFF,0xFF,0xFF,0xFF,0xFF,0xFF,0xFF,0xFF,0xFF,0xFF,
    0xFF,0xFF,0xFF,0xFF,0xFF,0xFF,0xFF,0xFF,0xFF,0xFF,0xFF,0xFF,0xFF,0xFF,0xFF,0xFF,
    0xFF,0xFF,0xFF,0xFF,0xFF,0xFF,0xFF,0xFF,0xFF,0xFF,0xFF,0xFF,0xFF,0xFF,0xFF,0xFF,
    0xFF,0xFF,0xFF,0xFF,0xFF,0xFF,0xFF,0xFF,0xFF,0xFF,0xFF,0xFF,0xFF,0xFF,0xFF,0xFF,
    0xFF,0xFF,0xFF,0xFF,0xFF,0xFF,0xFF,0xFF,0xFF,0xFF,0xFF,0xFF,0xFF,0xFF,0xFF,0xFF,
    0xFF,0xFF,0xFF,0xFF,0xFF,0xFF,0xFF,0xFF,0xFF,0xFF,0xFF,0xFF,0xFF,0xFF,0xFF,0xFF,
    0xFF,0xFF,0xFF,0xFF,0xFF,0xFF,0xFF,0xFF,0xFF,0xFF,0xFF,0xFF,0xFF,0xFF,0xFF,0xFF,
    0xFF,0xFF,0xFF,0xFF,0xFF,0xFF,0xFF,0xFF,0xFF,0xFF,0xFF,0xFF,0xFF,0xFF,0xFF,0xFF,
    0xFF,0xFF,0xFF,0xFF,0xFF,0xFF,0xFF,0xFF,0xFF,0xFF,0xFF,0xFF,0xFF,0xFF,0xFF,0xFF,
    0xFF,0xFF,0xFF,0xFF,0xFF,0xFF,0xFF,0xFF,0xFF,0xFF,0xFF,0xFF,0xFF,0xFF,0xFF,0xFF,
    0xFF,0xFF,0xFF,0xFF,0xFF,0xFF,0xFF,0xFF,0xFF,0xFF,0xFF,0xFF,0xFF,0xFF,0xFF,0xFF,
    0xFF,0xFF,0xFF,0xFF,0xFF,0xFF,0xFF,0xFF,0xFF,0xFF,0xFF,0xFF,0xFF,0xFF,0xFF,0xFF,
    0xFF,0xFF,0xFF,0xFF,0xFF,0xFF,0xFF,0xFF,0xFF,0xFF,0xFF,0xFF,0xFF,0xFF,0xFF,0xFF,
    0xFF,0xFF,0xFF,0xFF,0xFF,0xFF,0xFF,0xFF,0xFF,0xFF,0xFF,0xFF,0xFF,0xFF,0xFF,0xFF,
    0xFF,0xFF,0xFF,0xFF,0xFF,0xFF,0xFF,0xFF,0xFF,0xFF,0xFF,0xFF,0xFF,0xFF,0xFF,0xFF,
    0xFF,0xFF,0xFF,0xFF,0xFF,0xFF,0xFF,0xFF,0xFF,0xFF,0xFF,0xFF,0xFF,0xFF,0xFF,0xFF,
    0xFF,0xFF,0xFF,0xFF,0xFF,0xFF,0xFF,0xFF,0xFF,0xFF,0xFF,0xFF,0xFF,0xFF,0xFF,0xFF,
    0xFF,0xFF,0xFF,0xFF,0xFF,0xFF,0xFF,0xFF,0xFF,0xFF,0xFF,0xFF,0xFF,0xFF,0xFF,0xFF,
    0xFF,0xFF,0xFF,0xFF,0xFF,0xFF,0xFF,0xFF,0xFF,0xFF,0xFF,0xFF,0xFF,0xFF,0xFF,0xFF,
    0xFF,0xFF,0xFF,0xFF,0xFF,0xFF,0xFF,0xFF,0xFF,0xFF,0xFF,0xFF,0xFF,0xFF,0xFF,0xFF,
    0xFF,0xFF,0xFF,0xFF,0xFF,0xFF,0xFF,0xFF,0xFF,0xFF,0xFF,0xFF,0xFF,0xFF,0xFF,0xFF,
    0xFF,0xFF,0xFF,0xFF,0xFF,0xFF,0xFF,0xFF,0xFF,0xFF,0xFF,0xFF,0xFF,0xFF,0xFF,0xFF,
    0xFF,0xFF,0xFF,0xFF,0xFF,0xFF,0xFF,0xFF,0xFF,0xFF,0xFF,0xFF,0xFF,0xFF,0xFF,0xFF,
    0xFF,0xFF,0xFF,0xFF,0xFF,0xFF,0xFF,0xFF,0xFF,0xFF,0xFF,0xFF,0xFF,0xFF,0xFF,0xFF,
    0xFF,0xFF,0xFF,0xFF,0xFF,0xFF,0xFF,0xFF,0xFF,0xFF,0xFF,0xFF,0xFF,0xFF,0xFF,0xFF,
    0xFF,0xFF,0xFF,0xFF,0xFF,0xFF,0xFF,0xFF,0xFF,0xFF,0xFF,0xFF,0xFF,0xFF,0xFF,0xFF,
    0xFF,0xFF,0xFF,0xFF,0xFF,0xFF,0xFF,0xFF,0xFF,0xFF,0xFF,0xFF,0xFF,0xFF,0xFF,0xFF,
    0xFF,0xFF,0xFF,0xFF,0xFF,0xFF,0xFF,0xFF,0xFF,0xFF,0xFF,0xFF,0xFF,0xFF,0xFF,0xFF,
    0xFF,0xFF,0xFF,0xFF,0xFF,0xFF,0xFF,0xFF,0xFF,0xFF,0xFF,0xFF,0xFF,0xFF,0xFF,0xFF,
    0xFF,0xFF,0xFF,0xFF,0xFF,0xFF,0xFF,0xFF,0xFF,0xFF,0xFF,0xFF,0xFF,0xFF,0xFF,0xFF,
    0xFF,0xFF,0xFF,0xFF,0xFF,0xFF,0xFF,0xFF,0xFF,0xFF,0xFF,0xFF,0xFF,0xFF,0xFF,0xFF,
    0xFF,0xFF,0xFF,0xFF,0xFF,0xFF,0xFF,0xFF,0xFF,0xFF,0xFF,0xFF,0xFF,0xFF,0xFF,0xFF,
    0xFF,0xFF,0xFF,0xFF,0xFF,0xFF,0xFF,0xFF,0xFF,0xFF,0xFF,0xFF,0xFF,0xFF,0xFF,0xFF,
    0xFF,0xFF,0xFF,0xFF,0xFF,0xFF,0xFF,0xFF,0xFF,0xFF,0xFF,0xFF,0xFF,0xFF,0xFF,0xFF,
    0xFF,0xFF,0xFF,0xFF,0xFF,0xFF,0xFF,0xFF,0xFF,0xFF,0xFF,0xFF,0xFF,0xFF,0xFF,0xFF,
    0xFF,0xFF,0xFF,0xFF,0xFF,0xFF,0xFF,0xFF,0xFF,0xFF,0xFF,0xFF,0xFF,0xFF,0xFF,0xFF,
    0xFF,0xFF,0xFF,0xFF,0xFF,0xFF,0xFF,0xFF,0xFF,0xFF,0xFF,0xFF,0xFF,0xFF,0xFF,0xFF,
    0xFF,0xFF,0xFF,0xFF,0xFF,0xFF,0xFF,0xFF,0xFF,0xFF,0xFF,0xFF,0xFF,0xFF,0xFF,0xFF,
    0xFF,0xFF,0xFF,0xFF,0xFF,0xFF,0xFF,0xFF,0xFF,0xFF,0xFF,0xFF,0xFF,0xFF,0xFF,0xFF,
    0xFF,0xFF,0xFF,0xFF,0xFF,0xFF,0xFF,0xFF,0xFF,0xFF,0xFF,0xFF,0xFF,0xFF,0xFF,0xFF,
    0xFF,0xFF,0xFF,0xFF,0xFF,0xFF,0xFF,0xFF,0xFF,0xFF,0xFF,0xFF,0xFF,0xFF,0xFF,0xFF,
    0xFF,0xFF,0xFF,0xFF,0xFF,0xFF,0xFF,0xFF,0xFF,0xFF,0xFF,0xFF,0xFF,0xFF,0xFF,0xFF,
    0xFF,0xFF,0xFF,0xFF,0xFF,0xFF,0xFF,0xFF,0xFF,0xFF,0xFF,0xFF,0xFF,0xFF,0xFF,0xFF,
    0xFF,0xFF,0xFF,0xFF,0xFF,0xFF,0xFF,0xFF,0xFF,0xFF,0xFF,0xFF,0xFF,0xFF,0xFF,0xFF,
    0xFF,0xFF,0xFF,0xFF,0xFF,0xFF,0xFF,0xFF,0xFF,0xFF,0xFF,0xFF,0xFF,0xFF,0xFF,0xFF,
    0xFF,0xFF,0xFF,0xFF,0xFF,0xFF,0xFF,0xFF,0xFF,0xFF,0xFF,0xFF,0xFF,0xFF,0xFF,0xFF,
    0xFF,0xFF,0xFF,0xFF,0xFF,0xFF,0xFF,0xFF,0xFF,0xFF,0xFF,0xFF,0xFF,0xFF,0xFF,0xFF,
    0xFF,0xFF,0xFF,0xFF,0xFF,0xFF,0xFF,0xFF,0xFF,0xFF,0xFF,0xFF,0xFF,0xFF,0xFF,0xFF,
    0xFF,0xFF,0xFF,0xFF,0xFF,0xFF,0xFF,0xFF,0xFF,0xFF,0xFF,0xFF,0xFF,0xFF,0xFF,0xFF,
    0xFF,0xFF,0xFF,0xFF,0xFF,0xFF,0xFF,0xFF,0xFF,0xFF,0xFF,0xFF,0xFF,0xFF,0xFF,0xFF,
    0xFF,0xFF,0xFF,0xFF,0xFF,0xFF,0xFF,0xFF,0xFF,0xFF,0xFF,0xFF,0xFF,0xFF,0xFF,0xFF,
    0xFF,0xFF,0xFF,0xFF,0xFF,0xFF,0xFF,0xFF,0xFF,0xFF,0xFF,0xFF,0xFF,0xFF,0xFF,0xFF,
    0xFF,0xFF,0xFF,0xFF,0xFF,0xFF,0xFF,0xFF,0xFF,0xFF,0xFF,0xFF,0xFF,0xFF,0xFF,0xFF,
    0xFF,0xFF,0xFF,0xFF,0xFF,0xFF,0xFF,0xFF,0xFF,0xFF,0xFF,0xFF,0xFF,0xFF,0xFF,0xFF,
    0xFF,0xFF,0xFF,0xFF,0xFF,0xFF,0xFF,0xFF,0xFF,0xFF,0xFF,0xFF,0xFF,0xFF,0xFF,0xFF,
    0xFF,0xFF,0xFF,0xFF,0xFF,0xFF,0xFF,0xFF,0xFF,0xFF,0xFF,0xFF,0xFF,0xFF,0xFF,0xFF,
    0xFF,0xFF,0xFF,0xFF,0xFF,0xFF,0xFF,0xFF,0xFF,0xFF,0xFF,0xFF,0xFF,0xFF,0xFF,0xFF,
    0xFF,0xFF,0xFF,0xFF,0xFF,0xFF,0xFF,0xFF,0xFF,0xFF,0xFF,0xFF,0xFF,0xFF,0xFF,0xFF,
    0xFF,0xFF,0xFF,0xFF,0xFF,0xFF,0xFF,0xFF,0xFF,0xFF,0xFF,0xFF,0xFF,0xFF,0xFF,0xFF,
    0xFF,0xFF,0xFF,0xFF,0xFF,0xFF,0xFF,0xFF,0xFF,0xFF,0xFF,0xFF,0xFF,0xFF,0xFF,0xFF,
    0xFF,0xFF,0xFF,0xFF,0xFF,0xFF,0xFF,0xFF,0xFF,0xFF,0xFF,0xFF,0xFF,0xFF,0xFF,0xFF,
    0xFF,0xFF,0xFF,0xFF,0xFF,0xFF,0xFF,0xFF,0xFF,0xFF,0xFF,0xFF,0xFF,0xFF,0xFF,0xFF,
    0xFF,0xFF,0xFF,0xFF,0xFF,0xFF,0xFF,0xFF,0xFF,0xFF,0xFF,0xFF,0xFF,0xFF,0xFF,0xFF,
    0xFF,0xFF,0xFF,0xFF,0xFF,0xFF,0xFF,0xFF,0xFF,0xFF,0xFF,0xFF,0xFF,0xFF,0xFF,0xFF,
    0xFF,0xFF,0xFF,0xFF,0xFF,0xFF,0xFF,0xFF,0xFF,0xFF,0xFF,0xFF,0xFF,0xFF,0xFF,0xFF,
    0xFF,0xFF,0xFF,0xFF,0xFF,0xFF,0xFF,0xFF,0xFF,0xFF,0xFF,0xFF,0xFF,0xFF,0xFF,0xFF,
    0xFF,0xFF,0xFF,0xFF,0xFF,0xFF,0xFF,0xFF,0xFF,0xFF,0xFF,0xFF,0xFF,0xFF,0xFF,0xFF,
    0xFF,0xFF,0xFF,0xFF,0xFF,0xFF,0xFF,0xFF,0xFF,0xFF,0xFF,0xFF,0xFF,0xFF,0xFF,0xFF,
    0xFF,0xFF,0xFF,0xFF,0xFF,0xFF,0xFF,0xFF,0xFF,0xFF,0xFF,0xFF,0xFF,0xFF,0xFF,0xFF,
    0xFF,0xFF,0xFF,0xFF,0xFF,0xFF,0xFF,0xFF,0xFF,0xFF,0xFF,0xFF,0xFF,0xFF,0xFF,0xFF,
    0xFF,0xFF,0xFF,0xFF,0xFF,0xFF,0xFF,0xFF,0xFF,0xFF,0xFF,0xFF,0xFF,0xFF,0xFF,0xFF,
    0xFF,0xFF,0xFF,0xFF,0xFF,0xFF,0xFF,0xFF,0xFF,0xFF,0xFF,0xFF,0xFF,0xFF,0xFF,0xFF,
    0xFF,0xFF,0xFF,0xFF,0xFF,0xFF,0xFF,0xFF,0xFF,0xFF,0xFF,0xFF,0xFF,0xFF,0xFF,0xFF,
    0xFF,0xFF,0xFF,0xFF,0xFF,0xFF,0xFF,0xFF,0xFF,0xFF,0xFF,0xFF,0xFF,0xFF,0xFF,0xFF,
    0xFF,0xFF,0xFF,0xFF,0xFF,0xFF,0xFF,0xFF,0xFF,0xFF,0xFF,0xFF,0xFF,0xFF,0xFF,0xFF,
    0xFF,0xFF,0xFF,0xFF,0xFF,0xFF,0xFF,0xFF,0xFF,0xFF,0xFF,0xFF,0xFF,0xFF,0xFF,0xFF,
    0xFF,0xFF,0xFF,0xFF,0xFF,0xFF,0xFF,0xFF,0xFF,0xFF,0xFF,0xFF,0xFF,0xFF,0xFF,0xFF,
    0xFF,0xFF,0xFF,0xFF,0xFF,0xFF,0xFF,0xFF,0xFF,0xFF,0xFF,0xFF,0xFF,0xFF,0xFF,0xFF,
    0xFF,0xFF,0xFF,0xFF,0xFF,0xFF,0xFF,0xFF,0xFF,0xFF,0xFF,0xFF,0xFF,0xFF,0xFF,0xFF,
    0xFF,0xFF,0xFF,0xFF,0xFF,0xFF,0xFF,0xFF,0xFF,0xFF,0xFF,0xFF,0xFF,0xFF,0xFF,0xFF,
    0xFF,0xFF,0xFF,0xFF,0xFF,0xFF,0xFF,0xFF,0xFF,0xFF,0xFF,0xFF,0xFF,0xFF,0xFF,0xFF,
    0xFF,0xFF,0xFF,0xFF,0xFF,0xFF,0xFF,0xFF,0xFF,0xFF,0xFF,0xFF,0xFF,0xFF,0xFF,0xFF,
    0xFF,0xFF,0xFF,0xFF,0xFF,0xFF,0xFF,0xFF,0xFF,0xFF,0xFF,0xFF,0xFF,0xFF,0xFF,0xFF,
    0xFF,0xFF,0xFF,0xFF,0xFF,0xFF,0xFF,0xFF,0xFF,0xFF,0xFF,0xFF,0xFF,0xFF,0xFF,0xFF,
    0xFF,0xFF,0xFF,0xFF,0xFF,0xFF,0xFF,0xFF,0xFF,0xFF,0xFF,0xFF,0xFF,0xFF,0xFF,0xFF,
    0xFF,0xFF,0xFF,0xFF,0xFF,0xFF,0xFF,0xFF,0xFF,0xFF,0xFF,0xFF,0xFF,0xFF,0xFF,0xFF,
    0xFF,0xFF,0xFF,0xFF,0xFF,0xFF,0xFF,0xFF,0xFF,0xFF,0xFF,0xFF,0xFF,0xFF,0xFF,0xFF,
    0xFF,0xFF,0xFF,0xFF,0xFF,0xFF,0xFF,0xFF,0xFF,0xFF,0xFF,0xFF,0xFF,0xFF,0xFF,0xFF,
    0xFF,0xFF,0xFF,0xFF,0xFF,0xFF,0xFF,0xFF,0xFF,0xFF,0xFF,0xFF,0xFF,0xFF,0xFF,0xFF,
    0xFF,0xFF,0xFF,0xFF,0xFF,0xFF,0xFF,0xFF,0xFF,0xFF,0xFF,0xFF,0xFF,0xFF,0xFF,0xFF,
    0xFF,0xFF,0xFF,0xFF,0xFF,0xFF,0xFF,0xFF,0xFF,0xFF,0xFF,0xFF,0xFF,0xFF,0xFF,0xFF,
    0xFF,0xFF,0xFF,0xFF,0xFF,0xFF,0xFF,0xFF,0xFF,0xFF,0xFF,0xFF,0xFF,0xFF,0xFF,0xFF,
    0xFF,0xFF,0xFF,0xFF,0xFF,0xFF,0xFF,0xFF,0xFF,0xFF,0xFF,0xFF,0xFF,0xFF,0xFF,0xFF,
    0xFF,0xFF,0xFF,0xFF,0xFF,0xFF,0xFF,0xFF,0xFF,0xFF,0xFF,0xFF,0xFF,0xFF,0xFF,0xFF,
    0xFF,0xFF,0xFF,0xFF,0xFF,0xFF,0xFF,0xFF,0xFF,0xFF,0xFF,0xFF,0xFF,0xFF,0xFF,0xFF,
    0xFF,0xFF,0xFF,0xFF,0xFF,0xFF,0xFF,0xFF,0xFF,0xFF,0xFF,0xFF,0xFF,0xFF,0xFF,0xFF,
    0xFF,0xFF,0xFF,0xFF,0xFF,0xFF,0xFF,0xFF,0xFF,0xFF,0xFF,0xFF,0xFF,0xFF,0xFF,0xFF,
    0xFF,0xFF,0xFF,0xFF,0xFF,0xFF,0xFF,0xFF,0xFF,0xFF,0xFF,0xFF,0xFF,0xFF,0xFF,0xFF,
    0xFF,0xFF,0xFF,0xFF,0xFF,0xFF,0xFF,0xFF,0xFF,0xFF,0xFF,0xFF,0xFF,0xFF,0xFF,0xFF,
    0xFF,0xFF,0xFF,0xFF,0xFF,0xFF,0xFF,0xFF,0xFF,0xFF,0xFF,0xFF,0xFF,0xFF,0xFF,0xFF,
    0xFF,0xFF,0xFF,0xFF,0xFF,0xFF,0xFF,0xFF,0xFF,0xFF,0xFF,0xFF,0xFF,0xFF,0xFF,0xFF,
    0xFF,0xFF,0xFF,0xFF,0xFF,0xFF,0xFF,0xFF,0xFF,0xFF,0xFF,0xFF,0xFF,0xFF,0xFF,0xFF,
    0xFF,0xFF,0xFF,0xFF,0xFF,0xFF,0xFF,0xFF,0xFF,0xFF,0xFF,0xFF,0xFF,0xFF,0xFF,0xFF,
    0xFF,0xFF,0xFF,0xFF,0xFF,0xFF,0xFF,0xFF,0xFF,0xFF,0xFF,0xFF,0xFF,0xFF,0xFF,0xFF,
    0xFF,0xFF,0xFF,0xFF,0xFF,0xFF,0xFF,0xFF,0xFF,0xFF,0xFF,0xFF,0xFF,0xFF,0xFF,0xFF,
    0xFF,0xFF,0xFF,0xFF,0xFF,0xFF,0xFF,0xFF,0xFF,0xFF,0xFF,0xFF,0xFF,0xFF,0xFF,0xFF,
    0xFF,0xFF,0xFF,0xFF,0xFF,0xFF,0xFF,0xFF,0xFF,0xFF,0xFF,0xFF,0xFF,0xFF,0xFF,0xFF,
    0xFF,0xFF,0xFF,0xFF,0xFF,0xFF,0xFF,0xFF,0xFF,0xFF,0xFF,0xFF,0xFF,0xFF,0xFF,0xFF,
    0xFF,0xFF,0xFF,0xFF,0xFF,0xFF,0xFF,0xFF,0xFF,0xFF,0xFF,0xFF,0xFF,0xFF,0xFF,0xFF,
    0xFF,0xFF,0xFF,0xFF,0xFF,0xFF,0xFF,0xFF,0xFF,0xFF,0xFF,0xFF,0xFF,0xFF,0xFF,0xFF,
    0xFF,0xFF,0xFF,0xFF,0xFF,0xFF,0xFF,0xFF,0xFF,0xFF,0xFF,0xFF,0xFF,0xFF,0xFF,0xFF,
    0xFF,0xFF,0xFF,0xFF,0xFF,0xFF,0xFF,0xFF,0xFF,0xFF,0xFF,0xFF,0xFF,0xFF,0xFF,0xFF,
    0xFF,0xFF,0xFF,0xFF,0xFF,0xFF,0xFF,0xFF,0xFF,0xFF,0xFF,0xFF,0xFF,0xFF,0xFF,0xFF,
    0xFF,0xFF,0xFF,0xFF,0xFF,0xFF,0xFF,0xFF,0xFF,0xFF,0xFF,0xFF,0xFF,0xFF,0xFF,0xFF,
    0xFF,0xFF,0xFF,0xFF,0xFF,0xFF,0xFF,0xFF,0xFF,0xFF,0xFF,0xFF,0xFF,0xFF,0xFF,0xFF,
    0xFF,0xFF,0xFF,0xFF,0xFF,0xFF,0xFF,0xFF,0xFF,0xFF,0xFF,0xFF,0xFF,0xFF,0xFF,0xFF,
    0xFF,0xFF,0xFF,0xFF,0xFF,0xFF,0xFF,0xFF,0xFF,0xFF,0xFF,0xFF,0xFF,0xFF,0xFF,0xFF,
    0xFF,0xFF,0xFF,0xFF,0xFF,0xFF,0xFF,0xFF,0xFF,0xFF,0xFF,0xFF,0xFF,0xFF,0xFF,0xFF,
    0xFF,0xFF,0xFF,0xFF,0xFF,0xFF,0xFF,0xFF,0xFF,0xFF,0xFF,0xFF,0xFF,0xFF,0xFF,0xFF,
    0xFF,0xFF,0xFF,0xFF,0xFF,0xFF,0xFF,0xFF,0xFF,0xFF,0xFF,0xFF,0xFF,0xFF,0xFF,0xFF,
    0xFF,0xFF,0xFF,0xFF,0xFF,0xFF,0xFF,0xFF,0xFF,0xFF,0xFF,0xFF,0xFF,0xFF,0xFF,0xFF,
    0xFF,0xFF,0xFF,0xFF,0xFF,0xFF,0xFF,0xFF,0xFF,0xFF,0xFF,0xFF,0xFF,0xFF,0xFF,0xFF,
    0xFF,0xFF,0xFF,0xFF,0xFF,0xFF,0xFF,0xFF,0xFF,0xFF,0xFF,0xFF,0xFF,0xFF,0xFF,0xFF,
    0xFF,0xFF,0xFF,0xFF,0xFF,0xFF,0xFF,0xFF,0xFF,0xFF,0xFF,0xFF,0xFF,0xFF,0xFF,0xFF,
    0xFF,0xFF,0xFF,0xFF,0xFF,0xFF,0xFF,0xFF,0xFF,0xFF,0xFF,0xFF,0xFF,0xFF,0xFF,0xFF,
    0xFF,0xFF,0xFF,0xFF,0xFF,0xFF,0xFF,0xFF,0xFF,0xFF,0xFF,0xFF,0xFF,0xFF,0xFF,0xFF,
    0xFF,0xFF,0xFF,0xFF,0xFF,0xFF,0xFF,0xFF,0xFF,0xFF,0xFF,0xFF,0xFF,0xFF,0xFF,0xFF,
    0xFF,0xFF,0xFF,0xFF,0xFF,0xFF,0xFF,0xFF,0xFF,0xFF,0xFF,0xFF,0xFF,0xFF,0xFF,0xFF,
    0xFF,0xFF,0xFF,0xFF,0xFF,0xFF,0xFF,0xFF,0xFF,0xFF,0xFF,0xFF,0xFF,0xFF,0xFF,0xFF,
    0xFF,0xFF,0xFF,0xFF,0xFF,0xFF,0xFF,0xFF,0xFF,0xFF,0xFF,0xFF,0xFF,0xFF,0xFF,0xFF,
    0xFF,0xFF,0xFF,0xFF,0xFF,0xFF,0xFF,0xFF,0xFF,0xFF,0xFF,0xFF,0xFF,0xFF,0xFF,0xFF,
    0xFF,0xFF,0xFF,0xFF,0xFF,0xFF,0xFF,0xFF,0xFF,0xFF,0xFF,0xFF,0xFF,0xFF,0xFF,0xFF,
    0xFF,0xFF,0xFF,0xFF,0xFF,0xFF,0xFF,0xFF,0xFF,0xFF,0xFF,0xFF,0xFF,0xFF,0xFF,0xFF,
    0xFF,0xFF,0xFF,0xFF,0xFF,0xFF,0xFF,0xFF,0xFF,0xFF,0xFF,0xFF,0xFF,0xFF,0xFF,0xFF,
    0xFF,0xFF,0xFF,0xFF,0xFF,0xFF,0xFF,0xFF,0xFF,0xFF,0xFF,0xFF,0xFF,0xFF,0xFF,0xFF,
    0xFF,0xFF,0xFF,0xFF,0xFF,0xFF,0xFF,0xFF,0xFF,0xFF,0xFF,0xFF,0xFF,0xFF,0xFF,0xFF,
    0xFF,0xFF,0xFF,0xFF,0xFF,0xFF,0xFF,0xFF,0xFF,0xFF,0xFF,0xFF,0xFF,0xFF,0xFF,0xFF,
    0xFF,0xFF,0xFF,0xFF,0xFF,0xFF,0xFF,0xFF,0xFF,0xFF,0xFF,0xFF,0xFF,0xFF,0xFF,0xFF,
    0xFF,0xFF,0xFF,0xFF,0xFF,0xFF,0xFF,0xFF,0xFF,0xFF,0xFF,0xFF,0xFF,0xFF,0xFF,0xFF,
    0xFF,0xFF,0xFF,0xFF,0xFF,0xFF,0xFF,0xFF,0xFF,0xFF,0xFF,0xFF,0xFF,0xFF,0xFF,0xFF,
    0xFF,0xFF,0xFF,0xFF,0xFF,0xFF,0xFF,0xFF,0xFF,0xFF,0xFF,0xFF,0xFF,0xFF,0xFF,0xFF,
    0xFF,0xFF,0xFF,0xFF,0xFF,0xFF,0xFF,0xFF,0xFF,0xFF,0xFF,0xFF,0xFF,0xFF,0xFF,0xFF,
    0xFF,0xFF,0xFF,0xFF,0xFF,0xFF,0xFF,0xFF,0xFF,0xFF,0xFF,0xFF,0xFF,0xFF,0xFF,0xFF,
    0xFF,0xFF,0xFF,0xFF,0xFF,0xFF,0xFF,0xFF,0xFF,0xFF,0xFF,0xFF,0xFF,0xFF,0xFF,0xFF,
    0xFF,0xFF,0xFF,0xFF,0xFF,0xFF,0xFF,0xFF,0xFF,0xFF,0xFF,0xFF,0xFF,0xFF,0xFF,0xFF,
    0xFF,0xFF,0xFF,0xFF,0xFF,0xFF,0xFF,0xFF,0xFF,0xFF,0xFF,0xFF,0xFF,0xFF,0xFF,0xFF,
    0xFF,0xFF,0xFF,0xFF,0xFF,0xFF,0xFF,0xFF,0xFF,0xFF,0xFF,0xFF,0xFF,0xFF,0xFF,0xFF,
    0xFF,0xFF,0xFF,0xFF,0xFF,0xFF,0xFF,0xFF,0xFF,0xFF,0xFF,0xFF,0xFF,0xFF,0xFF,0xFF,
    0xFF,0xFF,0xFF,0xFF,0xFF,0xFF,0xFF,0xFF,0xFF,0xFF,0xFF,0xFF,0xFF,0xFF,0xFF,0xFF,
    0xFF,0xFF,0xFF,0xFF,0xFF,0xFF,0xFF,0xFF,0xFF,0xFF,0xFF,0xFF,0xFF,0xFF,0xFF,0xFF,
    0xFF,0xFF,0xFF,0xFF,0xFF,0xFF,0xFF,0xFF,0xFF,0xFF,0xFF,0xFF,0xFF,0xFF,0xFF,0xFF,
    0xFF,0xFF,0xFF,0xFF,0xFF,0xFF,0xFF,0xFF,0xFF,0xFF,0xFF,0xFF,0xFF,0xFF,0xFF,0xFF,
    0xFF,0xFF,0xFF,0xFF,0xFF,0xFF,0xFF,0xFF,0xFF,0xFF,0xFF,0xFF,0xFF,0xFF,0xFF,0xFF,
    0xFF,0xFF,0xFF,0xFF,0xFF,0xFF,0xFF,0xFF,0xFF,0xFF,0xFF,0xFF,0xFF,0xFF,0xFF,0xFF,
    0xFF,0xFF,0xFF,0xFF,0xFF,0xFF,0xFF,0xFF,0xFF,0xFF,0xFF,0xFF,0xFF,0xFF,0xFF,0xFF,
    0xFF,0xFF,0xFF,0xFF,0xFF,0xFF,0xFF,0xFF,0xFF,0xFF,0xFF,0xFF,0xFF,0xFF,0xFF,0xFF,
    0xFF,0xFF,0xFF,0xFF,0xFF,0xFF,0xFF,0xFF,0xFF,0xFF,0xFF,0xFF,0xFF,0xFF,0xFF,0xFF,
    0xFF,0xFF,0xFF,0xFF,0xFF,0xFF,0xFF,0xFF,0xFF,0xFF,0xFF,0xFF,0xFF,0xFF,0xFF,0xFF,
    0xFF,0xFF,0xFF,0xFF,0xFF,0xFF,0xFF,0xFF,0xFF,0xFF,0xFF,0xFF,0xFF,0xFF,0xFF,0xFF,
    0xFF,0xFF,0xFF,0xFF,0xFF,0xFF,0xFF,0xFF,0xFF,0xFF,0xFF,0xFF,0xFF,0xFF,0xFF,0xFF,
    0xFF,0xFF,0xFF,0xFF,0xFF,0xFF,0xFF,0xFF,0xFF,0xFF,0xFF,0xFF,0xFF,0xFF,0xFF,0xFF,
    0xFF,0xFF,0xFF,0xFF,0xFF,0xFF,0xFF,0xFF,0xFF,0xFF,0xFF,0xFF,0xFF,0xFF,0xFF,0xFF,
    0xFF,0xFF,0xFF,0xFF,0xFF,0xFF,0xFF,0xFF,0xFF,0xFF,0xFF,0xFF,0xFF,0xFF,0xFF,0xFF,
    0xFF,0xFF,0xFF,0xFF,0xFF,0xFF,0xFF,0xFF,0xFF,0xFF,0xFF,0xFF,0xFF,0xFF,0xFF,0xFF,
    0xFF,0xFF,0xFF,0xFF,0xFF,0xFF,0xFF,0xFF,0xFF,0xFF,0xFF,0xFF,0xFF,0xFF,0xFF,0xFF,
    0xFF,0xFF,0xFF,0xFF,0xFF,0xFF,0xFF,0xFF,0xFF,0xFF,0xFF,0xFF,0xFF,0xFF,0xFF,0xFF,
    0xFF,0xFF,0xFF,0xFF,0xFF,0xFF,0xFF,0xFF,0xFF,0xFF,0xFF,0xFF,0xFF,0xFF,0xFF,0xFF,
    0xFF,0xFF,0xFF,0xFF,0xFF,0xFF,0xFF,0xFF,0xFF,0xFF,0xFF,0xFF,0xFF,0xFF,0xFF,0xFF,
    0xFF,0xFF,0xFF,0xFF,0xFF,0xFF,0xFF,0xFF,0xFF,0xFF,0xFF,0xFF,0xFF,0xFF,0xFF,0xFF,
    0xFF,0xFF,0xFF,0xFF,0xFF,0xFF,0xFF,0xFF,0xFF,0xFF,0xFF,0xFF,0xFF,0xFF,0xFF,0xFF,
    0xFF,0xFF,0xFF,0xFF,0xFF,0xFF,0xFF,0xFF,0xFF,0xFF,0xFF,0xFF,0xFF,0xFF,0xFF,0xFF,
    0xFF,0xFF,0xFF,0xFF,0xFF,0xFF,0xFF,0xFF,0xFF,0xFF,0xFF,0xFF,0xFF,0xFF,0xFF,0xFF,
    0xFF,0xFF,0xFF,0xFF,0xFF,0xFF,0xFF,0xFF,0xFF,0xFF,0xFF,0xFF,0xFF,0xFF,0xFF,0xFF,
    0xFF,0xFF,0xFF,0xFF,0xFF,0xFF,0xFF,0xFF,0xFF,0xFF,0xFF,0xFF,0xFF,0xFF,0xFF,0xFF,
    0xFF,0xFF,0xFF,0xFF,0xFF,0xFF,0xFF,0xFF,0xFF,0xFF,0xFF,0xFF,0xFF,0xFF,0xFF,0xFF,
    0xFF,0xFF,0xFF,0xFF,0xFF,0xFF,0xFF,0xFF,0xFF,0xFF,0xFF,0xFF,0xFF,0xFF,0xFF,0xFF,
    0xFF,0xFF,0xFF,0xFF,0xFF,0xFF,0xFF,0xFF,0xFF,0xFF,0xFF,0xFF,0xFF,0xFF,0xFF,0xFF,
    0xFF,0xFF,0xFF,0xFF,0xFF,0xFF,0xFF,0xFF,0xFF,0xFF,0xFF,0xFF,0xFF,0xFF,0xFF,0xFF,
    0xFF,0xFF,0xFF,0xFF,0xFF,0xFF,0xFF,0xFF,0xFF,0xFF,0xFF,0xFF,0xFF,0xFF,0xFF,0xFF,
    0xFF,0xFF,0xFF,0xFF,0xFF,0xFF,0xFF,0xFF,0xFF,0xFF,0xFF,0xFF,0xFF,0xFF,0xFF,0xFF,
    0xFF,0xFF,0xFF,0xFF,0xFF,0xFF,0xFF,0xFF,0xFF,0xFF,0xFF,0xFF,0xFF,0xFF,0xFF,0xFF,
    0xFF,0xFF,0xFF,0xFF,0xFF,0xFF,0xFF,0xFF,0xFF,0xFF,0xFF,0xFF,0xFF,0xFF,0xFF,0xFF,
    0xFF,0xFF,0xFF,0xFF,0xFF,0xFF,0xFF,0xFF,0xFF,0xFF,0xFF,0xFF,0xFF,0xFF,0xFF,0xFF,
    0xFF,0xFF,0xFF,0xFF,0xFF,0xFF,0xFF,0xFF,0xFF,0xFF,0xFF,0xFF,0xFF,0xFF,0xFF,0xFF,
    0xFF,0xFF,0xFF,0xFF,0xFF,0xFF,0xFF,0xFF,0xFF,0xFF,0xFF,0xFF,0xFF,0xFF,0xFF,0xFF,
    0xFF,0xFF,0xFF,0xFF,0xFF,0xFF,0xFF,0xFF,0xFF,0xFF,0xFF,0xFF,0xFF,0xFF,0xFF,0xFF,
    0xFF,0xFF,0xFF,0xFF,0xFF,0xFF,0xFF,0xFF,0xFF,0xFF,0xFF,0xFF,0xFF,0xFF,0xFF,0xFF,
    0xFF,0xFF,0xFF,0xFF,0xFF,0xFF,0xFF,0xFF,0xFF,0xFF,0xFF,0xFF,0xFF,0xFF,0xFF,0xFF,
    0xFF,0xFF,0xFF,0xFF,0xFF,0xFF,0xFF,0xFF,0xFF,0xFF,0xFF,0xFF,0xFF,0xFF,0xFF,0xFF,
    0xFF,0xFF,0xFF,0xFF,0xFF,0xFF,0xFF,0xFF,0xFF,0xFF,0xFF,0xFF,0xFF,0xFF,0xFF,0xFF,
    0xFF,0xFF,0xFF,0xFF,0xFF,0xFF,0xFF,0xFF,0xFF,0xFF,0xFF,0xFF,0xFF,0xFF,0xFF,0xFF,
    0xFF,0xFF,0xFF,0xFF,0xFF,0xFF,0xFF,0xFF,0xFF,0xFF,0xFF,0xFF,0xFF,0xFF,0xFF,0xFF,
    0xFF,0xFF,0xFF,0xFF,0xFF,0xFF,0xFF,0xFF,0xFF,0xFF,0xFF,0xFF,0xFF,0xFF,0xFF,0xFF,
    0xFF,0xFF,0xFF,0xFF,0xFF,0xFF,0xFF,0xFF,0xFF,0xFF,0xFF,0xFF,0xFF,0xFF,0xFF,0xFF,
    0xFF,0xFF,0xFF,0xFF,0xFF,0xFF,0xFF,0xFF,0xFF,0xFF,0xFF,0xFF,0xFF,0xFF,0xFF,0xFF,
    0xFF,0xFF,0xFF,0xFF,0xFF,0xFF,0xFF,0xFF,0xFF,0xFF,0xFF,0xFF,0xFF,0xFF,0xFF,0xFF,
    0xFF,0xFF,0xFF,0xFF,0xFF,0xFF,0xFF,0xFF,0xFF,0xFF,0xFF,0xFF,0xFF,0xFF,0xFF,0xFF,
    0xFF,0xFF,0xFF,0xFF,0xFF,0xFF,0xFF,0xFF,0xFF,0xFF,0xFF,0xFF,0xFF,0xFF,0xFF,0xFF,
    0xFF,0xFF,0xFF,0xFF,0xFF,0xFF,0xFF,0xFF,0xFF,0xFF,0xFF,0xFF,0xFF,0xFF,0xFF,0xFF,
    0xFF,0xFF,0xFF,0xFF,0xFF,0xFF,0xFF,0xFF,0xFF,0xFF,0xFF,0xFF,0xFF,0xFF,0xFF,0xFF,
    0xFF,0xFF,0xFF,0xFF,0xFF,0xFF,0xFF,0xFF,0xFF,0xFF,0xFF,0xFF,0xFF,0xFF,0xFF,0xFF,
    0xFF,0xFF,0xFF,0xFF,0xFF,0xFF,0xFF,0xFF,0xFF,0xFF,0xFF,0xFF,0xFF,0xFF,0xFF,0xFF,
    0xFF,0xFF,0xFF,0xFF,0xFF,0xFF,0xFF,0xFF,0xFF,0xFF,0xFF,0xFF,0xFF,0xFF,0xFF,0xFF,
    0xFF,0xFF,0xFF,0xFF,0xFF,0xFF,0xFF,0xFF,0xFF,0xFF,0xFF,0xFF,0xFF,0xFF,0xFF,0xFF,
    0xFF,0xFF,0xFF,0xFF,0xFF,0xFF,0xFF,0xFF,0xFF,0xFF,0xFF,0xFF,0xFF,0xFF,0xFF,0xFF,
    0xFF,0xFF,0xFF,0xFF,0xFF,0xFF,0xFF,0xFF,0xFF,0xFF,0xFF,0xFF,0xFF,0xFF,0xFF,0xFF,
    0xFF,0xFF,0xFF,0xFF,0xFF,0xFF,0xFF,0xFF,0xFF,0xFF,0xFF,0xFF,0xFF,0xFF,0xFF,0xFF,
    0xFF,0xFF,0xFF,0xFF,0xFF,0xFF,0xFF,0xFF,0xFF,0xFF,0xFF,0xFF,0xFF,0xFF,0xFF,0xFF,
    0xFF,0xFF,0xFF,0xFF,0xFF,0xFF,0xFF,0xFF,0xFF,0xFF,0xFF,0xFF,0xFF,0xFF,0xFF,0xFF,
    0xFF,0xFF,0xFF,0xFF,0xFF,0xFF,0xFF,0xFF,0xFF,0xFF,0xFF,0xFF,0xFF,0xFF,0xFF,0xFF,
    0xFF,0xFF,0xFF,0xFF,0xFF,0xFF,0xFF,0xFF,0xFF,0xFF,0xFF,0xFF,0xFF,0xFF,0xFF,0xFF,
    0xFF,0xFF,0xFF,0xFF,0xFF,0xFF,0xFF,0xFF,0xFF,0xFF,0xFF,0xFF,0xFF,0xFF,0xFF,0xFF,
    0xFF,0xFF,0xFF,0xFF,0xFF,0xFF,0xFF,0xFF,0xFF,0xFF,0xFF,0xFF,0xFF,0xFF,0xFF,0xFF,
    0xFF,0xFF,0xFF,0xFF,0xFF,0xFF,0xFF,0xFF,0xFF,0xFF,0xFF,0xFF,0xFF,0xFF,0xFF,0xFF,
    0xFF,0xFF,0xFF,0xFF,0xFF,0xFF,0xFF,0xFF,0xFF,0xFF,0xFF,0xFF,0xFF,0xFF,0xFF,0xFF,
    0xFF,0xFF,0xFF,0xFF,0xFF,0xFF,0xFF,0xFF,0xFF,0xFF,0xFF,0xFF,0xFF,0xFF,0xFF,0xFF,
    0xFF,0xFF,0xFF,0xFF,0xFF,0xFF,0xFF,0xFF,0xFF,0xFF,0xFF,0xFF,0xFF,0xFF,0xFF,0xFF,
    0xFF,0xFF,0xFF,0xFF,0xFF,0xFF,0xFF,0xFF,0xFF,0xFF,0xFF,0xFF,0xFF,0xFF,0xFF,0xFF,
    0xFF,0xFF,0xFF,0xFF,0xFF,0xFF,0xFF,0xFF,0xFF,0xFF,0xFF,0xFF,0xFF,0xFF,0xFF,0xFF,
    0xFF,0xFF,0xFF,0xFF,0xFF,0xFF,0xFF,0xFF,0xFF,0xFF,0xFF,0xFF,0xFF,0xFF,0xFF,0xFF,
    0xFF,0xFF,0xFF,0xFF,0xFF,0xFF,0xFF,0xFF,0xFF,0xFF,0xFF,0xFF,0xFF,0xFF,0xFF,0xFF,
    0xFF,0xFF,0xFF,0xFF,0xFF,0xFF,0xFF,0xFF,0xFF,0xFF,0xFF,0xFF,0xFF,0xFF,0xFF,0xFF,
    0xFF,0xFF,0xFF,0xFF,0xFF,0xFF,0xFF,0xFF,0xFF,0xFF,0xFF,0xFF,0xFF,0xFF,0xFF,0xFF,
    0xFF,0xFF,0xFF,0xFF,0xFF,0xFF,0xFF,0xFF,0xFF,0xFF,0xFF,0xFF,0xFF,0xFF,0xFF,0xFF,
    0xFF,0xFF,0xFF,0xFF,0xFF,0xFF,0xFF,0xFF,0xFF,0xFF,0xFF,0xFF,0xFF,0xFF,0xFF,0xFF,
    0xFF,0xFF,0xFF,0xFF,0xFF,0xFF,0xFF,0xFF,0xFF,0xFF,0xFF,0xFF,0xFF,0xFF,0xFF,0xFF,
    0xFF,0xFF,0xFF,0xFF,0xFF,0xFF,0xFF,0xFF,0xFF,0xFF,0xFF,0xFF,0xFF,0xFF,0xFF,0xFF,
    0xFF,0xFF,0xFF,0xFF,0xFF,0xFF,0xFF,0xFF,0xFF,0xFF,0xFF,0xFF,0xFF,0xFF,0xFF,0xFF,
    0xFF,0xFF,0xFF,0xFF,0xFF,0xFF,0xFF,0xFF,0xFF,0xFF,0xFF,0xFF,0xFF,0xFF,0xFF,0xFF,
    0xFF,0xFF,0xFF,0xFF,0xFF,0xFF,0xFF,0xFF,0xFF,0xFF,0xFF,0xFF,0xFF,0xFF,0xFF,0xFF,
    0xFF,0xFF,0xFF,0xFF,0xFF,0xFF,0xFF,0xFF,0xFF,0xFF,0xFF,0xFF,0xFF,0xFF,0xFF,0xFF,
    0xFF,0xFF,0xFF,0xFF,0xFF,0xFF,0xFF,0xFF,0xFF,0xFF,0xFF,0xFF,0xFF,0xFF,0xFF,0xFF,
    0xFF,0xFF,0xFF,0xFF,0xFF,0xFF,0xFF,0xFF,0xFF,0xFF,0xFF,0xFF,0xFF,0xFF,0xFF,0xFF,
    0xFF,0xFF,0xFF,0xFF,0xFF,0xFF,0xFF,0xFF,0xFF,0xFF,0xFF,0xFF,0xFF,0xFF,0xFF,0xFF,
    0xFF,0xFF,0xFF,0xFF,0xFF,0xFF,0xFF,0xFF,0xFF,0xFF,0xFF,0xFF,0xFF,0xFF,0xFF,0xFF,
    0xFF,0xFF,0xFF,0xFF,0xFF,0xFF,0xFF,0xFF,0xFF,0xFF,0xFF,0xFF,0xFF,0xFF,0xFF,0xFF,
    0xFF,0xFF,0xFF,0xFF,0xFF,0xFF,0xFF,0xFF,0xFF,0xFF,0xFF,0xFF,0xFF,0xFF,0xFF,0xFF,
    0xFF,0xFF,0xFF,0xFF,0xFF,0xFF,0xFF,0xFF,0xFF,0xFF,0xFF,0xFF,0xFF,0xFF,0xFF,0xFF,
    0xFF,0xFF,0xFF,0xFF,0xFF,0xFF,0xFF,0xFF,0xFF,0xFF,0xFF,0xFF,0xFF,0xFF,0xFF,0xFF,
    0xFF,0xFF,0xFF,0xFF,0xFF,0xFF,0xFF,0xFF,0xFF,0xFF,0xFF,0xFF,0xFF,0xFF,0xFF,0xFF,
    0xFF,0xFF,0xFF,0xFF,0xFF,0xFF,0xFF,0xFF,0xFF,0xFF,0xFF,0xFF,0xFF,0xFF,0xFF,0xFF,
    0xFF,0xFF,0xFF,0xFF,0xFF,0xFF,0xFF,0xFF,0xFF,0xFF,0xFF,0xFF,0xFF,0xFF,0xFF,0xFF,
    0xFF,0xFF,0xFF,0xFF,0xFF,0xFF,0xFF,0xFF,0xFF,0xFF,0xFF,0xFF,0xFF,0xFF,0xFF,0xFF,
    0xFF,0xFF,0xFF,0xFF,0xFF,0xFF,0xFF,0xFF,0xFF,0xFF,0xFF,0xFF,0xFF,0xFF,0xFF,0xFF,
    0xFF,0xFF,0xFF,0xFF,0xFF,0xFF,0xFF,0xFF,0xFF,0xFF,0xFF,0xFF,0xFF,0xFF,0xFF,0xFF,
    0xFF,0xFF,0xFF,0xFF,0xFF,0xFF,0xFF,0xFF,0xFF,0xFF,0xFF,0xFF,0xFF,0xFF,0xFF,0xFF,
    0xFF,0xFF,0xFF,0xFF,0xFF,0xFF,0xFF,0xFF,0xFF,0xFF,0xFF,0xFF,0xFF,0xFF,0xFF,0xFF,
    0xFF,0xFF,0xFF,0xFF,0xFF,0xFF,0xFF,0xFF,0xFF,0xFF,0xFF,0xFF,0xFF,0xFF,0xFF,0xFF,
    0xFF,0xFF,0xFF,0xFF,0xFF,0xFF,0xFF,0xFF,0xFF,0xFF,0xFF,0xFF,0xFF,0xFF,0xFF,0xFF,
    0xFF,0xFF,0xFF,0xFF,0xFF,0xFF,0xFF,0xFF,0xFF,0xFF,0xFF,0xFF,0xFF,0xFF,0xFF,0xFF,
    0xFF,0xFF,0xFF,0xFF,0xFF,0xFF,0xFF,0xFF,0xFF,0xFF,0xFF,0xFF,0xFF,0xFF,0xFF,0xFF,
    0xFF,0xFF,0xFF,0xFF,0xFF,0xFF,0xFF,0xFF,0xFF,0xFF,0xFF,0xFF,0xFF,0xFF,0xFF,0xFF,
    0xFF,0xFF,0xFF,0xFF,0xFF,0xFF,0xFF,0xFF,0xFF,0xFF,0xFF,0xFF,0xFF,0xFF,0xFF,0xFF,
    0xFF,0xFF,0xFF,0xFF,0xFF,0xFF,0xFF,0xFF,0xFF,0xFF,0xFF,0xFF,0xFF,0xFF,0xFF,0xFF,
    0xFF,0xFF,0xFF,0xFF,0xFF,0xFF,0xFF,0xFF,0xFF,0xFF,0xFF,0xFF,0xFF,0xFF,0xFF,0xFF,
    0xFF,0xFF,0xFF,0xFF,0xFF,0xFF,0xFF,0xFF,0xFF,0xFF,0xFF,0xFF,0xFF,0xFF,0xFF,0xFF,
    0xFF,0xFF,0xFF,0xFF,0xFF,0xFF,0xFF,0xFF,0xFF,0xFF,0xFF,0xFF,0xFF,0xFF,0xFF,0xFF,
    0xFF,0xFF,0xFF,0xFF,0xFF,0xFF,0xFF,0xFF,0xFF,0xFF,0xFF,0xFF,0xFF,0xFF,0xFF,0xFF,
    0xFF,0xFF,0xFF,0xFF,0xFF,0xFF,0xFF,0xFF,0xFF,0xFF,0xFF,0xFF,0xFF,0xFF,0xFF,0xFF,
    0xFF,0xFF,0xFF,0xFF,0xFF,0xFF,0xFF,0xFF,0xFF,0xFF,0xFF,0xFF,0xFF,0xFF,0xFF,0xFF,
    0xFF,0xFF,0xFF,0xFF,0xFF,0xFF,0xFF,0xFF,0xFF,0xFF,0xFF,0xFF,0xFF,0xFF,0xFF,0xFF,
    0xFF,0xFF,0xFF,0xFF,0xFF,0xFF,0xFF,0xFF,0xFF,0xFF,0xFF,0xFF,0xFF,0xFF,0xFF,0xFF,
    0xFF,0xFF,0xFF,0xFF,0xFF,0xFF,0xFF,0xFF,0xFF,0xFF,0xFF,0xFF,0xFF,0xFF,0xFF,0xFF,
    0xFF,0xFF,0xFF,0xFF,0xFF,0xFF,0xFF,0xFF,0xFF,0xFF,0xFF,0xFF,0xFF,0xFF,0xFF,0xFF,
    0xFF,0xFF,0xFF,0xFF,0xFF,0xFF,0xFF,0xFF,0xFF,0xFF,0xFF,0xFF,0xFF,0xFF,0xFF,0xFF,
    0xFF,0xFF,0xFF,0xFF,0xFF,0xFF,0xFF,0xFF,0xFF,0xFF,0xFF,0xFF,0xFF,0xFF,0xFF,0xFF,
    0xFF,0xFF,0xFF,0xFF,0xFF,0xFF,0xFF,0xFF,0xFF,0xFF,0xFF,0xFF,0xFF,0xFF,0xFF,0xFF,
    0xFF,0xFF,0xFF,0xFF,0xFF,0xFF,0xFF,0xFF,0xFF,0xFF,0xFF,0xFF,0xFF,0xFF,0xFF,0xFF,
    0xFF,0xFF,0xFF,0xFF,0xFF,0xFF,0xFF,0xFF,0xFF,0xFF,0xFF,0xFF,0xFF,0xFF,0xFF,0xFF,
    0xFF,0xFF,0xFF,0xFF,0xFF,0xFF,0xFF,0xFF,0xFF,0xFF,0xFF,0xFF,0xFF,0xFF,0xFF,0xFF,
    0xFF,0xFF,0xFF,0xFF,0xFF,0xFF,0xFF,0xFF,0xFF,0xFF,0xFF,0xFF,0xFF,0xFF,0xFF,0xFF,
    0xFF,0xFF,0xFF,0xFF,0xFF,0xFF,0xFF,0xFF,0xFF,0xFF,0xFF,0xFF,0xFF,0xFF,0xFF,0xFF,
    0xFF,0xFF,0xFF,0xFF,0xFF,0xFF,0xFF,0xFF,0xFF,0xFF,0xFF,0xFF,0xFF,0xFF,0xFF,0xFF,
    0xFF,0xFF,0xFF,0xFF,0xFF,0xFF,0xFF,0xFF,0xFF,0xFF,0xFF,0xFF,0xFF,0xFF,0xFF,0xFF,
    0xFF,0xFF,0xFF,0xFF,0xFF,0xFF,0xFF,0xFF,0xFF,0xFF,0xFF,0xFF,0xFF,0xFF,0xFF,0xFF,
    0xFF,0xFF,0xFF,0xFF,0xFF,0xFF,0xFF,0xFF,0xFF,0xFF,0xFF,0xFF,0xFF,0xFF,0xFF,0xFF,
    0xFF,0xFF,0xFF,0xFF,0xFF,0xFF,0xFF,0xFF,0xFF,0xFF,0xFF,0xFF,0xFF,0xFF,0xFF,0xFF,
    0xFF,0xFF,0xFF,0xFF,0xFF,0xFF,0xFF,0xFF,0xFF,0xFF,0xFF,0xFF,0xFF,0xFF,0xFF,0xFF,
    0xFF,0xFF,0xFF,0xFF,0xFF,0xFF,0xFF,0xFF,0xFF,0xFF,0xFF,0xFF,0xFF,0xFF,0xFF,0xFF,
    0xFF,0xFF,0xFF,0xFF,0xFF,0xFF,0xFF,0xFF,0xFF,0xFF,0xFF,0xFF,0xFF,0xFF,0xFF,0xFF,
    0xFF,0xFF,0xFF,0xFF,0xFF,0xFF,0xFF,0xFF,0xFF,0xFF,0xFF,0xFF,0xFF,0xFF,0xFF,0xFF,
    0xFF,0xFF,0xFF,0xFF,0xFF,0xFF,0xFF,0xFF,0xFF,0xFF,0xFF,0xFF,0xFF,0xFF,0xFF,0xFF,
    0xFF,0xFF,0xFF,0xFF,0xFF,0xFF,0xFF,0xFF,0xFF,0xFF,0xFF,0xFF,0xFF,0xFF,0xFF,0xFF,
    0xFF,0xFF,0xFF,0xFF,0xFF,0xFF,0xFF,0xFF,0xFF,0xFF,0xFF,0xFF,0xFF,0xFF,0xFF,0xFF,
    0xFF,0xFF,0xFF,0xFF,0xFF,0xFF,0xFF,0xFF,0xFF,0xFF,0xFF,0xFF,0xFF,0xFF,0xFF,0xFF,
    0xFF,0xFF,0xFF,0xFF,0xFF,0xFF,0xFF,0xFF,0xFF,0xFF,0xFF,0xFF,0xFF,0xFF,0xFF,0xFF,
    0xFF,0xFF,0xFF,0xFF,0xFF,0xFF,0xFF,0xFF,0xFF,0xFF,0xFF,0xFF,0xFF,0xFF,0xFF,0xFF,
    0xFF,0xFF,0xFF,0xFF,0xFF,0xFF,0xFF,0xFF,0xFF,0xFF,0xFF,0xFF,0xFF,0xFF,0xFF,0xFF,
    0xFF,0xFF,0xFF,0xFF,0xFF,0xFF,0xFF,0xFF,0xFF,0xFF,0xFF,0xFF,0xFF,0xFF,0xFF,0xFF,
    0xFF,0xFF,0xFF,0xFF,0xFF,0xFF,0xFF,0xFF,0xFF,0xFF,0xFF,0xFF,0xFF,0xFF,0xFF,0xFF,
    0xFF,0xFF,0xFF,0xFF,0xFF,0xFF,0xFF,0xFF,0xFF,0xFF,0xFF,0xFF,0xFF,0xFF,0xFF,0xFF,
    0xFF,0xFF,0xFF,0xFF,0xFF,0xFF,0xFF,0xFF,0xFF,0xFF,0xFF,0xFF,0xFF,0xFF,0xFF,0xFF,
    0xFF,0xFF,0xFF,0xFF,0xFF,0xFF,0xFF,0xFF,0xFF,0xFF,0xFF,0xFF,0xFF,0xFF,0xFF,0xFF,
    0xFF,0xFF,0xFF,0xFF,0xFF,0xFF,0xFF,0xFF,0xFF,0xFF,0xFF,0xFF,0xFF,0xFF,0xFF,0xFF,
    0xFF,0xFF,0xFF,0xFF,0xFF,0xFF,0xFF,0xFF,0xFF,0xFF,0xFF,0xFF,0xFF,0xFF,0xFF,0xFF,
    0xFF,0xFF,0xFF,0xFF,0xFF,0xFF,0xFF,0xFF,0xFF,0xFF,0xFF,0xFF,0xFF,0xFF,0xFF,0xFF,
    0xFF,0xFF,0xFF,0xFF,0xFF,0xFF,0xFF,0xFF,0xFF,0xFF,0xFF,0xFF,0xFF,0xFF,0xFF,0xFF,
    0xFF,0xFF,0xFF,0xFF,0xFF,0xFF,0xFF,0xFF,0xFF,0xFF,0xFF,0xFF,0xFF,0xFF,0xFF,0xFF,
    0xFF,0xFF,0xFF,0xFF,0xFF,0xFF,0xFF,0xFF,0xFF,0xFF,0xFF,0xFF,0xFF,0xFF,0xFF,0xFF,
    0xFF,0xFF,0xFF,0xFF,0xFF,0xFF,0xFF,0xFF,0xFF,0xFF,0xFF,0xFF,0xFF,0xFF,0xFF,0xFF,
    0xFF,0xFF,0xFF,0xFF,0xFF,0xFF,0xFF,0xFF,0xFF,0xFF,0xFF,0xFF,0xFF,0xFF,0xFF,0xFF,
    0xFF,0xFF,0xFF,0xFF,0xFF,0xFF,0xFF,0xFF,0xFF,0xFF,0xFF,0xFF,0xFF,0xFF,0xFF,0xFF,
    0xFF,0xFF,0xFF,0xFF,0xFF,0xFF,0xFF,0xFF,0xFF,0xFF,0xFF,0xFF,0xFF,0xFF,0xFF,0xFF,
    0xFF,0xFF,0xFF,0xFF,0xFF,0xFF,0xFF,0xFF,0xFF,0xFF,0xFF,0xFF,0xFF,0xFF,0xFF,0xFF,
    0xFF,0xFF,0xFF,0xFF,0xFF,0xFF,0xFF,0xFF,0xFF,0xFF,0xFF,0xFF,0xFF,0xFF,0xFF,0xFF,
    0xFF,0xFF,0xFF,0xFF,0xFF,0xFF,0xFF,0xFF,0xFF,0xFF,0xFF,0xFF,0xFF,0xFF,0xFF,0xFF,
    0xFF,0xFF,0xFF,0xFF,0xFF,0xFF,0xFF,0xFF,0xFF,0xFF,0xFF,0xFF,0xFF,0xFF,0xFF,0xFF,
    0xFF,0xFF,0xFF,0xFF,0xFF,0xFF,0xFF,0xFF,0xFF,0xFF,0xFF,0xFF,0xFF,0xFF,0xFF,0xFF,
    0xFF,0xFF,0xFF,0xFF,0xFF,0xFF,0xFF,0xFF,0xFF,0xFF,0xFF,0xFF,0xFF,0xFF,0xFF,0xFF,
    0xFF,0xFF,0xFF,0xFF,0xFF,0xFF,0xFF,0xFF,0xFF,0xFF,0xFF,0xFF,0xFF,0xFF,0xFF,0xFF,
    0xFF,0xFF,0xFF,0xFF,0xFF,0xFF,0xFF,0xFF,0xFF,0xFF,0xFF,0xFF,0xFF,0xFF,0xFF,0xFF,
    0xFF,0xFF,0xFF,0xFF,0xFF,0xFF,0xFF,0xFF,0xFF,0xFF,0xFF,0xFF,0xFF,0xFF,0xFF,0xFF,
    0xFF,0xFF,0xFF,0xFF,0xFF,0xFF,0xFF,0xFF,0xFF,0xFF,0xFF,0xFF,0xFF,0xFF,0xFF,0xFF,
    0xFF,0xFF,0xFF,0xFF,0xFF,0xFF,0xFF,0xFF,0xFF,0xFF,0xFF,0xFF,0xFF,0xFF,0xFF,0xFF,
    0xFF,0xFF,0xFF,0xFF,0xFF,0xFF,0xFF,0xFF,0xFF,0xFF,0xFF,0xFF,0xFF,0xFF,0xFF,0xFF,
    0xFF,0xFF,0xFF,0xFF,0xFF,0xFF,0xFF,0xFF,0xFF,0xFF,0xFF,0xFF,0xFF,0xFF,0xFF,0xFF,
    0xFF,0xFF,0xFF,0xFF,0xFF,0xFF,0xFF,0xFF,0xFF,0xFF,0xFF,0xFF,0xFF,0xFF,0xFF,0xFF,
    0xFF,0xFF,0xFF,0xFF,0xFF,0xFF,0xFF,0xFF,0xFF,0xFF,0xFF,0xFF,0xFF,0xFF,0xFF,0xFF,
    0xFF,0xFF,0xFF,0xFF,0xFF,0xFF,0xFF,0xFF,0xFF,0xFF,0xFF,0xFF,0xFF,0xFF,0xFF,0xFF,
    0xFF,0xFF,0xFF,0xFF,0xFF,0xFF,0xFF,0xFF,0xFF,0xFF,0xFF,0xFF,0xFF,0xFF,0xFF,0xFF,
    0xFF,0xFF,0xFF,0xFF,0xFF,0xFF,0xFF,0xFF,0xFF,0xFF,0xFF,0xFF,0xFF,0xFF,0xFF,0xFF,
    0xFF,0xFF,0xFF,0xFF,0xFF,0xFF,0xFF,0xFF,0xFF,0xFF,0xFF,0xFF,0xFF,0xFF,0xFF,0xFF,
    0xFF,0xFF,0xFF,0xFF,0xFF,0xFF,0xFF,0xFF,0xFF,0xFF,0xFF,0xFF,0xFF,0xFF,0xFF,0xFF,
    0xFF,0xFF,0xFF,0xFF,0xFF,0xFF,0xFF,0xFF,0xFF,0xFF,0xFF,0xFF,0xFF,0xFF,0xFF,0xFF,
    0xFF,0xFF,0xFF,0xFF,0xFF,0xFF,0xFF,0xFF,0xFF,0xFF,0xFF,0xFF,0xFF,0xFF,0xFF,0xFF,
    0xFF,0xFF,0xFF,0xFF,0xFF,0xFF,0xFF,0xFF,0xFF,0xFF,0xFF,0xFF,0xFF,0xFF,0xFF,0xFF,
    0xFF,0xFF,0xFF,0xFF,0xFF,0xFF,0xFF,0xFF,0xFF,0xFF,0xFF,0xFF,0xFF,0xFF,0xFF,0xFF,
    0xFF,0xFF,0xFF,0xFF,0xFF,0xFF,0xFF,0xFF,0xFF,0xFF,0xFF,0xFF,0xFF,0xFF,0xFF,0xFF,
    0xFF,0xFF,0xFF,0xFF,0xFF,0xFF,0xFF,0xFF,0xFF,0xFF,0xFF,0xFF,0xFF,0xFF,0xFF,0xFF,
    0xFF,0xFF,0xFF,0xFF,0xFF,0xFF,0xFF,0xFF,0xFF,0xFF,0xFF,0xFF,0xFF,0xFF,0xFF,0xFF,
    0xFF,0xFF,0xFF,0xFF,0xFF,0xFF,0xFF,0xFF,0xFF,0xFF,0xFF,0xFF,0xFF,0xFF,0xFF,0xFF,
    0xFF,0xFF,0xFF,0xFF,0xFF,0xFF,0xFF,0xFF,0xFF,0xFF,0xFF,0xFF,0xFF,0xFF,0xFF,0xFF,
    0xFF,0xFF,0xFF,0xFF,0xFF,0xFF,0xFF,0xFF,0xFF,0xFF,0xFF,0xFF,0xFF,0xFF,0xFF,0xFF,
    0xFF,0xFF,0xFF,0xFF,0xFF,0xFF,0xFF,0xFF,0xFF,0xFF,0xFF,0xFF,0xFF,0xFF,0xFF,0xFF,
    0xFF,0xFF,0xFF,0xFF,0xFF,0xFF,0xFF,0xFF,0xFF,0xFF,0xFF,0xFF,0xFF,0xFF,0xFF,0xFF,
    0xFF,0xFF,0xFF,0xFF,0xFF,0xFF,0xFF,0xFF,0xFF,0xFF,0xFF,0xFF,0xFF,0xFF,0xFF,0xFF,
    0xFF,0xFF,0xFF,0xFF,0xFF,0xFF,0xFF,0xFF,0xFF,0xFF,0xFF,0xFF,0xFF,0xFF,0xFF,0xFF,
    0xFF,0xFF,0xFF,0xFF,0xFF,0xFF,0xFF,0xFF,0xFF,0xFF,0xFF,0xFF,0xFF,0xFF,0xFF,0xFF,
    0xFF,0xFF,0xFF,0xFF,0xFF,0xFF,0xFF,0xFF,0xFF,0xFF,0xFF,0xFF,0xFF,0xFF,0xFF,0xFF,
    0xFF,0xFF,0xFF,0xFF,0xFF,0xFF,0xFF,0xFF,0xFF,0xFF,0xFF,0xFF,0xFF,0xFF,0xFF,0xFF,
    0xFF,0xFF,0xFF,0xFF,0xFF,0xFF,0xFF,0xFF,0xFF,0xFF,0xFF,0xFF,0xFF,0xFF,0xFF,0xFF,
    0xFF,0xFF,0xFF,0xFF,0xFF,0xFF,0xFF,0xFF,0xFF,0xFF,0xFF,0xFF,0xFF,0xFF,0xFF,0xFF,
    0xFF,0xFF,0xFF,0xFF,0xFF,0xFF,0xFF,0xFF,0xFF,0xFF,0xFF,0xFF,0xFF,0xFF,0xFF,0xFF,
    0xFF,0xFF,0xFF,0xFF,0xFF,0xFF,0xFF,0xFF,0xFF,0xFF,0xFF,0xFF,0xFF,0xFF,0xFF,0xFF,
    0xFF,0xFF,0xFF,0xFF,0xFF,0xFF,0xFF,0xFF,0xFF,0xFF,0xFF,0xFF,0xFF,0xFF,0xFF,0xFF,
    0xFF,0xFF,0xFF,0xFF,0xFF,0xFF,0xFF,0xFF,0xFF,0xFF,0xFF,0xFF,0xFF,0xFF,0xFF,0xFF,
    0xFF,0xFF,0xFF,0xFF,0xFF,0xFF,0xFF,0xFF,0xFF,0xFF,0xFF,0xFF,0xFF,0xFF,0xFF,0xFF,
    0xFF,0xFF,0xFF,0xFF,0xFF,0xFF,0xFF,0xFF,0xFF,0xFF,0xFF,0xFF,0xFF,0xFF,0xFF,0xFF,
    0xFF,0xFF,0xFF,0xFF,0xFF,0xFF,0xFF,0xFF,0xFF,0xFF,0xFF,0xFF,0xFF,0xFF,0xFF,0xFF,
    0xFF,0xFF,0xFF,0xFF,0xFF,0xFF,0xFF,0xFF,0xFF,0xFF,0xFF,0xFF,0xFF,0xFF,0xFF,0xFF,
    0xFF,0xFF,0xFF,0xFF,0xFF,0xFF,0xFF,0xFF,0xFF,0xFF,0xFF,0xFF,0xFF,0xFF,0xFF,0xFF,
    0xFF,0xFF,0xFF,0xFF,0xFF,0xFF,0xFF,0xFF,0xFF,0xFF,0xFF,0xFF,0xFF,0xFF,0xFF,0xFF,
    0xFF,0xFF,0xFF,0xFF,0xFF,0xFF,0xFF,0xFF,0xFF,0xFF,0xFF,0xFF,0xFF,0xFF,0xFF,0xFF,
    0xFF,0xFF,0xFF,0xFF,0xFF,0xFF,0xFF,0xFF,0xFF,0xFF,0xFF,0xFF,0xFF,0xFF,0xFF,0xFF,
    0xFF,0xFF,0xFF,0xFF,0xFF,0xFF,0xFF,0xFF,0xFF,0xFF,0xFF,0xFF,0xFF,0xFF,0xFF,0xFF,
    0xFF,0xFF,0xFF,0xFF,0xFF,0xFF,0xFF,0xFF,0xFF,0xFF,0xFF,0xFF,0xFF,0xFF,0xFF,0xFF,
    0xFF,0xFF,0xFF,0xFF,0xFF,0xFF,0xFF,0xFF,0xFF,0xFF,0xFF,0xFF,0xFF,0xFF,0xFF,0xFF,
    0xFF,0xFF,0xFF,0xFF,0xFF,0xFF,0xFF,0xFF,0xFF,0xFF,0xFF,0xFF,0xFF,0xFF,0xFF,0xFF,
    0xFF,0xFF,0xFF,0xFF,0xFF,0xFF,0xFF,0xFF,0xFF,0xFF,0xFF,0xFF,0xFF,0xFF,0xFF,0xFF,
    0xFF,0xFF,0xFF,0xFF,0xFF,0xFF,0xFF,0xFF,0xFF,0xFF,0xFF,0xFF,0xFF,0xFF,0xFF,0xFF,
    0xFF,0xFF,0xFF,0xFF,0xFF,0xFF,0xFF,0xFF,0xFF,0xFF,0xFF,0xFF,0xFF,0xFF,0xFF,0xFF,
    0xFF,0xFF,0xFF,0xFF,0xFF,0xFF,0xFF,0xFF,0xFF,0xFF,0xFF,0xFF,0xFF,0xFF,0xFF,0xFF,
    0xFF,0xFF,0xFF,0xFF,0xFF,0xFF,0xFF,0xFF,0xFF,0xFF,0xFF,0xFF,0xFF,0xFF,0xFF,0xFF,
    0xFF,0xFF,0xFF,0xFF,0xFF,0xFF,0xFF,0xFF,0xFF,0xFF,0xFF,0xFF,0xFF,0xFF,0xFF,0xFF,
    0xFF,0xFF,0xFF,0xFF,0xFF,0xFF,0xFF,0xFF,0xFF,0xFF,0xFF,0xFF,0xFF,0xFF,0xFF,0xFF,
    0xFF,0xFF,0xFF,0xFF,0xFF,0xFF,0xFF,0xFF,0xFF,0xFF,0xFF,0xFF,0xFF,0xFF,0xFF,0xFF,
    0xFF,0xFF,0xFF,0xFF,0xFF,0xFF,0xFF,0xFF,0xFF,0xFF,0xFF,0xFF,0xFF,0xFF,0xFF,0xFF,
    0xFF,0xFF,0xFF,0xFF,0xFF,0xFF,0xFF,0xFF,0xFF,0xFF,0xFF,0xFF,0xFF,0xFF,0xFF,0xFF,
    0xFF,0xFF,0xFF,0xFF,0xFF,0xFF,0xFF,0xFF,0xFF,0xFF,0xFF,0xFF,0xFF,0xFF,0xFF,0xFF,
    0xFF,0xFF,0xFF,0xFF,0xFF,0xFF,0xFF,0xFF,0xFF,0xFF,0xFF,0xFF,0xFF,0xFF,0xFF,0xFF,
    0xFF,0xFF,0xFF,0xFF,0xFF,0xFF,0xFF,0xFF,0xFF,0xFF,0xFF,0xFF,0xFF,0xFF,0xFF,0xFF,
    0xFF,0xFF,0xFF,0xFF,0xFF,0xFF,0xFF,0xFF,0xFF,0xFF,0xFF,0xFF,0xFF,0xFF,0xFF,0xFF,
    0xFF,0xFF,0xFF,0xFF,0xFF,0xFF,0xFF,0xFF,0xFF,0xFF,0xFF,0xFF,0xFF,0xFF,0xFF,0xFF,
    0xFF,0xFF,0xFF,0xFF,0xFF,0xFF,0xFF,0xFF,0xFF,0xFF,0xFF,0xFF,0xFF,0xFF,0xFF,0xFF,
    0xFF,0xFF,0xFF,0xFF,0xFF,0xFF,0xFF,0xFF,0xFF,0xFF,0xFF,0xFF,0xFF,0xFF,0xFF,0xFF,
    0xFF,0xFF,0xFF,0xFF,0xFF,0xFF,0xFF,0xFF,0xFF,0xFF,0xFF,0xFF,0xFF,0xFF,0xFF,0xFF,
    0xFF,0xFF,0xFF,0xFF,0xFF,0xFF,0xFF,0xFF,0xFF,0xFF,0xFF,0xFF,0xFF,0xFF,0xFF,0xFF,
    0xFF,0xFF,0xFF,0xFF,0xFF,0xFF,0xFF,0xFF,0xFF,0xFF,0xFF,0xFF,0xFF,0xFF,0xFF,0xFF,
    0xFF,0xFF,0xFF,0xFF,0xFF,0xFF,0xFF,0xFF,0xFF,0xFF,0xFF,0xFF,0xFF,0xFF,0xFF,0xFF,
    0xFF,0xFF,0xFF,0xFF,0xFF,0xFF,0xFF,0xFF,0xFF,0xFF,0xFF,0xFF,0xFF,0xFF,0xFF,0xFF,
    0xFF,0xFF,0xFF,0xFF,0xFF,0xFF,0xFF,0xFF,0xFF,0xFF,0xFF,0xFF,0xFF,0xFF,0xFF,0xFF,
    0xFF,0xFF,0xFF,0xFF,0xFF,0xFF,0xFF,0xFF,0xFF,0xFF,0xFF,0xFF,0xFF,0xFF,0xFF,0xFF,
    0xFF,0xFF,0xFF,0xFF,0xFF,0xFF,0xFF,0xFF,0xFF,0xFF,0xFF,0xFF,0xFF,0xFF,0xFF,0xFF,
    0xFF,0xFF,0xFF,0xFF,0xFF,0xFF,0xFF,0xFF,0xFF,0xFF,0xFF,0xFF,0xFF,0xFF,0xFF,0xFF,
    0xFF,0xFF,0xFF,0xFF,0xFF,0xFF,0xFF,0xFF,0xFF,0xFF,0xFF,0xFF,0xFF,0xFF,0xFF,0xFF,
    0xFF,0xFF,0xFF,0xFF,0xFF,0xFF,0xFF,0xFF,0xFF,0xFF,0xFF,0xFF,0xFF,0xFF,0xFF,0xFF,
    0xFF,0xFF,0xFF,0xFF,0xFF,0xFF,0xFF,0xFF,0xFF,0xFF,0xFF,0xFF,0xFF,0xFF,0xFF,0xFF,
    0xFF,0xFF,0xFF,0xFF,0xFF,0xFF,0xFF,0xFF,0xFF,0xFF,0xFF,0xFF,0xFF,0xFF,0xFF,0xFF,
    0xFF,0xFF,0xFF,0xFF,0xFF,0xFF,0xFF,0xFF,0xFF,0xFF,0xFF,0xFF,0xFF,0xFF,0xFF,0xFF,
    0xFF,0xFF,0xFF,0xFF,0xFF,0xFF,0xFF,0xFF,0xFF,0xFF,0xFF,0xFF,0xFF,0xFF,0xFF,0xFF,
    0xFF,0xFF,0xFF,0xFF,0xFF,0xFF,0xFF,0xFF,0xFF,0xFF,0xFF,0xFF,0xFF,0xFF,0xFF,0xFF,
    0xFF,0xFF,0xFF,0xFF,0xFF,0xFF,0xFF,0xFF,0xFF,0xFF,0xFF,0xFF,0xFF,0xFF,0xFF,0xFF,
    0xFF,0xFF,0xFF,0xFF,0xFF,0xFF,0xFF,0xFF,0xFF,0xFF,0xFF,0xFF,0xFF,0xFF,0xFF,0xFF,
    0xFF,0xFF,0xFF,0xFF,0xFF,0xFF,0xFF,0xFF,0xFF,0xFF,0xFF,0xFF,0xFF,0xFF,0xFF,0xFF,
    0xFF,0xFF,0xFF,0xFF,0xFF,0xFF,0xFF,0xFF,0xFF,0xFF,0xFF,0xFF,0xFF,0xFF,0xFF,0xFF,
    0xFF,0xFF,0xFF,0xFF,0xFF,0xFF,0xFF,0xFF,0xFF,0xFF,0xFF,0xFF,0xFF,0xFF,0xFF,0xFF,
    0xFF,0xFF,0xFF,0xFF,0xFF,0xFF,0xFF,0xFF,0xFF,0xFF,0xFF,0xFF,0xFF,0xFF,0xFF,0xFF,
    0xFF,0xFF,0xFF,0xFF,0xFF,0xFF,0xFF,0xFF,0xFF,0xFF,0xFF,0xFF,0xFF,0xFF,0xFF,0xFF,
    0xFF,0xFF,0xFF,0xFF,0xFF,0xFF,0xFF,0xFF,0xFF,0xFF,0xFF,0xFF,0xFF,0xFF,0xFF,0xFF,
    0xFF,0xFF,0xFF,0xFF,0xFF,0xFF,0xFF,0xFF,0xFF,0xFF,0xFF,0xFF,0xFF,0xFF,0xFF,0xFF,
    0xFF,0xFF,0xFF,0xFF,0xFF,0xFF,0xFF,0xFF,0xFF,0xFF,0xFF,0xFF,0xFF,0xFF,0xFF,0xFF,
    0xFF,0xFF,0xFF,0xFF,0xFF,0xFF,0xFF,0xFF,0xFF,0xFF,0xFF,0xFF,0xFF,0xFF,0xFF,0xFF,
    0xFF,0xFF,0xFF,0xFF,0xFF,0xFF,0xFF,0xFF,0xFF,0xFF,0xFF,0xFF,0xFF,0xFF,0xFF,0xFF,
    0xFF,0xFF,0xFF,0xFF,0xFF,0xFF,0xFF,0xFF,0xFF,0xFF,0xFF,0xFF,0xFF,0xFF,0xFF,0xFF,
    0xFF,0xFF,0xFF,0xFF,0xFF,0xFF,0xFF,0xFF,0xFF,0xFF,0xFF,0xFF,0xFF,0xFF,0xFF,0xFF,
    0xFF,0xFF,0xFF,0xFF,0xFF,0xFF,0xFF,0xFF,0xFF,0xFF,0xFF,0xFF,0xFF,0xFF,0xFF,0xFF,
    0xFF,0xFF,0xFF,0xFF,0xFF,0xFF,0xFF,0xFF,0xFF,0xFF,0xFF,0xFF,0xFF,0xFF,0xFF,0xFF,
    0xFF,0xFF,0xFF,0xFF,0xFF,0xFF,0xFF,0xFF,0xFF,0xFF,0xFF,0xFF,0xFF,0xFF,0xFF,0xFF,
    0xFF,0xFF,0xFF,0xFF,0xFF,0xFF,0xFF,0xFF,0xFF,0xFF,0xFF,0xFF,0xFF,0xFF,0xFF,0xFF,
    0xFF,0xFF,0xFF,0xFF,0xFF,0xFF,0xFF,0xFF,0xFF,0xFF,0xFF,0xFF,0xFF,0xFF,0xFF,0xFF,
    0xFF,0xFF,0xFF,0xFF,0xFF,0xFF,0xFF,0xFF,0xFF,0xFF,0xFF,0xFF,0xFF,0xFF,0xFF,0xFF,
    0xFF,0xFF,0xFF,0xFF,0xFF,0xFF,0xFF,0xFF,0xFF,0xFF,0xFF,0xFF,0xFF,0xFF,0xFF,0xFF,
    0xFF,0xFF,0xFF,0xFF,0xFF,0xFF,0xFF,0xFF,0xFF,0xFF,0xFF,0xFF,0xFF,0xFF,0xFF,0xFF,
    0xFF,0xFF,0xFF,0xFF,0xFF,0xFF,0xFF,0xFF,0xFF,0xFF,0xFF,0xFF,0xFF,0xFF,0xFF,0xFF,
    0xFF,0xFF,0xFF,0xFF,0xFF,0xFF,0xFF,0xFF,0xFF,0xFF,0xFF,0xFF,0xFF,0xFF,0xFF,0xFF,
    0xFF,0xFF,0xFF,0xFF,0xFF,0xFF,0xFF,0xFF,0xFF,0xFF,0xFF,0xFF,0xFF,0xFF,0xFF,0xFF,
    0xFF,0xFF,0xFF,0xFF,0xFF,0xFF,0xFF,0xFF,0xFF,0xFF,0xFF,0xFF,0xFF,0xFF,0xFF,0xFF,
    0xFF,0xFF,0xFF,0xFF,0xFF,0xFF,0xFF,0xFF,0xFF,0xFF,0xFF,0xFF,0xFF,0xFF,0xFF,0xFF,
    0xFF,0xFF,0xFF,0xFF,0xFF,0xFF,0xFF,0xFF,0xFF,0xFF,0xFF,0xFF,0xFF,0xFF,0xFF,0xFF,
    0xFF,0xFF,0xFF,0xFF,0xFF,0xFF,0xFF,0xFF,0xFF,0xFF,0xFF,0xFF,0xFF,0xFF,0xFF,0xFF,
    0xFF,0xFF,0xFF,0xFF,0xFF,0xFF,0xFF,0xFF,0xFF,0xFF,0xFF,0xFF,0xFF,0xFF,0xFF,0xFF,
    0xFF,0xFF,0xFF,0xFF,0xFF,0xFF,0xFF,0xFF,0xFF,0xFF,0xFF,0xFF,0xFF,0xFF,0xFF,0xFF,
    0xFF,0xFF,0xFF,0xFF,0xFF,0xFF,0xFF,0xFF,0xFF,0xFF,0xFF,0xFF,0xFF,0xFF,0xFF,0xFF,
    0xFF,0xFF,0xFF,0xFF,0xFF,0xFF,0xFF,0xFF,0xFF,0xFF,0xFF,0xFF,0xFF,0xFF,0xFF,0xFF,
    0xFF,0xFF,0xFF,0xFF,0xFF,0xFF,0xFF,0xFF,0xFF,0xFF,0xFF,0xFF,0xFF,0xFF,0xFF,0xFF,
    0xFF,0xFF,0xFF,0xFF,0xFF,0xFF,0xFF,0xFF,0xFF,0xFF,0xFF,0xFF,0xFF,0xFF,0xFF,0xFF,
    0xFF,0xFF,0xFF,0xFF,0xFF,0xFF,0xFF,0xFF,0xFF,0xFF,0xFF,0xFF,0xFF,0xFF,0xFF,0xFF,
    0xFF,0xFF,0xFF,0xFF,0xFF,0xFF,0xFF,0xFF,0xFF,0xFF,0xFF,0xFF,0xFF,0xFF,0xFF,0xFF,
    0xFF,0xFF,0xFF,0xFF,0xFF,0xFF,0xFF,0xFF,0xFF,0xFF,0xFF,0xFF,0xFF,0xFF,0xFF,0xFF,
    0xFF,0xFF,0xFF,0xFF,0xFF,0xFF,0xFF,0xFF,0xFF,0xFF,0xFF,0xFF,0xFF,0xFF,0xFF,0xFF,
    0xFF,0xFF,0xFF,0xFF,0xFF,0xFF,0xFF,0xFF,0xFF,0xFF,0xFF,0xFF,0xFF,0xFF,0xFF,0xFF,
    0xFF,0xFF,0xFF,0xFF,0xFF,0xFF,0xFF,0xFF,0xFF,0xFF,0xFF,0xFF,0xFF,0xFF,0xFF,0xFF,
    0xFF,0xFF,0xFF,0xFF,0xFF,0xFF,0xFF,0xFF,0xFF,0xFF,0xFF,0xFF,0xFF,0xFF,0xFF,0xFF,
    0xFF,0xFF,0xFF,0xFF,0xFF,0xFF,0xFF,0xFF,0xFF,0xFF,0xFF,0xFF,0xFF,0xFF,0xFF,0xFF,
    0xFF,0xFF,0xFF,0xFF,0xFF,0xFF,0xFF,0xFF,0xFF,0xFF,0xFF,0xFF,0xFF,0xFF,0xFF,0xFF,
    0xFF,0xFF,0xFF,0xFF,0xFF,0xFF,0xFF,0xFF,0xFF,0xFF,0xFF,0xFF,0xFF,0xFF,0xFF,0xFF,
    0xFF,0xFF,0xFF,0xFF,0xFF,0xFF,0xFF,0xFF,0xFF,0xFF,0xFF,0xFF,0xFF,0xFF,0xFF,0xFF,
    0xFF,0xFF,0xFF,0xFF,0xFF,0xFF,0xFF,0xFF,0xFF,0xFF,0xFF,0xFF,0xFF,0xFF,0xFF,0xFF,
    0xFF,0xFF,0xFF,0xFF,0xFF,0xFF,0xFF,0xFF,0xFF,0xFF,0xFF,0xFF,0xFF,0xFF,0xFF,0xFF,
    0xFF,0xFF,0xFF,0xFF,0xFF,0xFF,0xFF,0xFF,0xFF,0xFF,0xFF,0xFF,0xFF,0xFF,0xFF,0xFF,
    0xFF,0xFF,0xFF,0xFF,0xFF,0xFF,0xFF,0xFF,0xFF,0xFF,0xFF,0xFF,0xFF,0xFF,0xFF,0xFF,
    0xFF,0xFF,0xFF,0xFF,0xFF,0xFF,0xFF,0xFF,0xFF,0xFF,0xFF,0xFF,0xFF,0xFF,0xFF,0xFF,
    0xFF,0xFF,0xFF,0xFF,0xFF,0xFF,0xFF,0xFF,0xFF,0xFF,0xFF,0xFF,0xFF,0xFF,0xFF,0xFF,
    0xFF,0xFF,0xFF,0xFF,0xFF,0xFF,0xFF,0xFF,0xFF,0xFF,0xFF,0xFF,0xFF,0xFF,0xFF,0xFF,
    0xFF,0xFF,0xFF,0xFF,0xFF,0xFF,0xFF,0xFF,0xFF,0xFF,0xFF,0xFF,0xFF,0xFF,0xFF,0xFF,
    0xFF,0xFF,0xFF,0xFF,0xFF,0xFF,0xFF,0xFF,0xFF,0xFF,0xFF,0xFF,0xFF,0xFF,0xFF,0xFF,
    0xFF,0xFF,0xFF,0xFF,0xFF,0xFF,0xFF,0xFF,0xFF,0xFF,0xFF,0xFF,0xFF,0xFF,0xFF,0xFF,
    0xFF,0xFF,0xFF,0xFF,0xFF,0xFF,0xFF,0xFF,0xFF,0xFF,0xFF,0xFF,0xFF,0xFF,0xFF,0xFF,
    0xFF,0xFF,0xFF,0xFF,0xFF,0xFF,0xFF,0xFF,0xFF,0xFF,0xFF,0xFF,0xFF,0xFF,0xFF,0xFF,
    0xFF,0xFF,0xFF,0xFF,0xFF,0xFF,0xFF,0xFF,0xFF,0xFF,0xFF,0xFF,0xFF,0xFF,0xFF,0xFF,
    0xFF,0xFF,0xFF,0xFF,0xFF,0xFF,0xFF,0xFF,0xFF,0xFF,0xFF,0xFF,0xFF,0xFF,0xFF,0xFF,
    0xFF,0xFF,0xFF,0xFF,0xFF,0xFF,0xFF,0xFF,0xFF,0xFF,0xFF,0xFF,0xFF,0xFF,0xFF,0xFF,
    0xFF,0xFF,0xFF,0xFF,0xFF,0xFF,0xFF,0xFF,0xFF,0xFF,0xFF,0xFF,0xFF,0xFF,0xFF,0xFF,
    0xFF,0xFF,0xFF,0xFF,0xFF,0xFF,0xFF,0xFF,0xFF,0xFF,0xFF,0xFF,0xFF,0xFF,0xFF,0xFF,
    0xFF,0xFF,0xFF,0xFF,0xFF,0xFF,0xFF,0xFF,0xFF,0xFF,0xFF,0xFF,0xFF,0xFF,0xFF,0xFF,
    0xFF,0xFF,0xFF,0xFF,0xFF,0xFF,0xFF,0xFF,0xFF,0xFF,0xFF,0xFF,0xFF,0xFF,0xFF,0xFF,
    0xFF,0xFF,0xFF,0xFF,0xFF,0xFF,0xFF,0xFF,0xFF,0xFF,0xFF,0xFF,0xFF,0xFF,0xFF,0xFF,
    0xFF,0xFF,0xFF,0xFF,0xFF,0xFF,0xFF,0xFF,0xFF,0xFF,0xFF,0xFF,0xFF,0xFF,0xFF,0xFF,
    0xFF,0xFF,0xFF,0xFF,0xFF,0xFF,0xFF,0xFF,0xFF,0xFF,0xFF,0xFF,0xFF,0xFF,0xFF,0xFF,
    0xFF,0xFF,0xFF,0xFF,0xFF,0xFF,0xFF,0xFF,0xFF,0xFF,0xFF,0xFF,0xFF,0xFF,0xFF,0xFF,
    0xFF,0xFF,0xFF,0xFF,0xFF,0xFF,0xFF,0xFF,0xFF,0xFF,0xFF,0xFF,0xFF,0xFF,0xFF,0xFF,
    0xFF,0xFF,0xFF,0xFF,0xFF,0xFF,0xFF,0xFF,0xFF,0xFF,0xFF,0xFF,0xFF,0xFF,0xFF,0xFF,
    0xFF,0xFF,0xFF,0xFF,0xFF,0xFF,0xFF,0xFF,0xFF,0xFF,0xFF,0xFF,0xFF,0xFF,0xFF,0xFF,
    0xFF,0xFF,0xFF,0xFF,0xFF,0xFF,0xFF,0xFF,0xFF,0xFF,0xFF,0xFF,0xFF,0xFF,0xFF,0xFF,
    0xFF,0xFF,0xFF,0xFF,0xFF,0xFF,0xFF,0xFF,0xFF,0xFF,0xFF,0xFF,0xFF,0xFF,0xFF,0xFF,
    0xFF,0xFF,0xFF,0xFF,0xFF,0xFF,0xFF,0xFF,0xFF,0xFF,0xFF,0xFF,0xFF,0xFF,0xFF,0xFF,
    0xFF,0xFF,0xFF,0xFF,0xFF,0xFF,0xFF,0xFF,0xFF,0xFF,0xFF,0xFF,0xFF,0xFF,0xFF,0xFF,
    0xFF,0xFF,0xFF,0xFF,0xFF,0xFF,0xFF,0xFF,0xFF,0xFF,0xFF,0xFF,0xFF,0xFF,0xFF,0xFF,
    0xFF,0xFF,0xFF,0xFF,0xFF,0xFF,0xFF,0xFF,0xFF,0xFF,0xFF,0xFF,0xFF,0xFF,0xFF,0xFF,
    0xFF,0xFF,0xFF,0xFF,0xFF,0xFF,0xFF,0xFF,0xFF,0xFF,0xFF,0xFF,0xFF,0xFF,0xFF,0xFF,
    0xFF,0xFF,0xFF,0xFF,0xFF,0xFF,0xFF,0xFF,0xFF,0xFF,0xFF,0xFF,0xFF,0xFF,0xFF,0xFF,
    0xFF,0xFF,0xFF,0xFF,0xFF,0xFF,0xFF,0xFF,0xFF,0xFF,0xFF,0xFF,0xFF,0xFF,0xFF,0xFF,
    0xFF,0xFF,0xFF,0xFF,0xFF,0xFF,0xFF,0xFF,0xFF,0xFF,0xFF,0xFF,0xFF,0xFF,0xFF,0xFF,
    0xFF,0xFF,0xFF,0xFF,0xFF,0xFF,0xFF,0xFF,0xFF,0xFF,0xFF,0xFF,0xFF,0xFF,0xFF,0xFF,
    0xFF,0xFF,0xFF,0xFF,0xFF,0xFF,0xFF,0xFF,0xFF,0xFF,0xFF,0xFF,0xFF,0xFF,0xFF,0xFF,
    0xFF,0xFF,0xFF,0xFF,0xFF,0xFF,0xFF,0xFF,0xFF,0xFF,0xFF,0xFF,0xFF,0xFF,0xFF,0xFF,
};
