// Generated by tools/rom_pack.py — do not edit by hand.
#include <stdint.h>

__attribute__((aligned(4))) const unsigned char gb_overlay_plus3e_rom0[] = {
    0x52,0x50,0x4F,0x31,0x00,0x40,0x00,0x00,0x75,0x00,0x00,0x00,0x5C,0x02,0x03,0x00,
    0x00,0x00,0x6C,0x02,0x02,0x00,0x03,0x00,0x1A,0x03,0x49,0x00,0x05,0x00,0x65,0x03,
    0x02,0x00,0x4E,0x00,0x91,0x03,0x09,0x00,0x50,0x00,0x9C,0x03,0x08,0x00,0x59,0x00,
    0xA8,0x03,0x06,0x00,0x61,0x00,0xC7,0x03,0x02,0x00,0x67,0x00,0xCA,0x03,0x01,0x00,
    0x69,0x00,0x43,0x07,0x02,0x00,0x6A,0x00,0x9F,0x07,0x02,0x00,0x6C,0x00,0x06,0x08,
    0x01,0x00,0x6E,0x00,0x84,0x08,0x01,0x00,0x6F,0x00,0x87,0x08,0x01,0x00,0x70,0x00,
    0x89,0x08,0x03,0x00,0x71,0x00,0x8D,0x08,0x38,0x00,0x74,0x00,0xF1,0x08,0x09,0x00,
    0xAC,0x00,0x6F,0x0E,0x01,0x00,0xB5,0x00,0xFB,0x15,0x09,0x00,0xB6,0x00,0x4A,0x19,
    0x01,0x00,0xBF,0x00,0x74,0x1B,0x02,0x00,0xC0,0x00,0x72,0x1F,0x02,0x00,0xC2,0x00,
    0xB5,0x20,0x02,0x00,0xC4,0x00,0x87,0x21,0x6E,0x00,0xC6,0x00,0xF6,0x21,0x05,0x00,
    0x34,0x01,0xFC,0x21,0xDB,0x00,0x39,0x01,0xD8,0x22,0x49,0x00,0x14,0x02,0x22,0x23,
    0x31,0x00,0x5D,0x02,0x54,0x23,0x7F,0x00,0x8E,0x02,0xD4,0x23,0x4A,0x00,0x0D,0x03,
    0x1F,0x24,0x0B,0x00,0x57,0x03,0x2B,0x24,0x04,0x00,0x62,0x03,0x30,0x24,0x19,0x00,
    0x66,0x03,0x4A,0x24,0x56,0x00,0x7F,0x03,0xA1,0x24,0x43,0x00,0xD5,0x03,0xE5,0x24,
    0x2E,0x00,0x18,0x04,0x14,0x25,0x12,0x00,0x46,0x04,0x27,0x25,0x70,0x00,0x58,0x04,
    0x98,0x25,0x66,0x00,0xC8,0x04,0xFF,0x25,0xA7,0x00,0x2E,0x05,0xA7,0x26,0x54,0x01,
    0xD5,0x05,0xFC,0x27,0x70,0x00,0x29,0x07,0x6D,0x28,0x0A,0x01,0x99,0x07,0x78,0x29,
    0x36,0x00,0xA3,0x08,0xAF,0x29,0x5B,0x01,0xD9,0x08,0x0B,0x2B,0x01,0x00,0x34,0x0A,
    0x0D,0x2B,0x35,0x00,0x35,0x0A,0x43,0x2B,0x3C,0x00,0x6A,0x0A,0x80,0x2B,0x7E,0x00,
    0xA6,0x0A,0x00,0x2C,0x0E,0x00,0x24,0x0B,0x0F,0x2C,0x2F,0x00,0x32,0x0B,0x3F,0x2C,
    0x42,0x00,0x61,0x0B,0x82,0x2C,0x02,0x00,0xA3,0x0B,0x85,0x2C,0x87,0x00,0xA5,0x0B,
    0x0D,0x2D,0x08,0x00,0x2C,0x0C,0x16,0x2D,0xE6,0x01,0x34,0x0C,0xFD,0x2E,0x17,0x00,
    0x1A,0x0E,0x15,0x2F,0x04,0x00,0x31,0x0E,0x1A,0x2F,0xA5,0x01,0x35,0x0E,0xC0,0x30,
    0x17,0x00,0xDA,0x0F,0xD8,0x30,0x34,0x00,0xF1,0x0F,0x0D,0x31,0x0F,0x00,0x25,0x10,
    0x1D,0x31,0x03,0x00,0x34,0x10,0x21,0x31,0x12,0x01,0x37,0x10,0x34,0x32,0x16,0x00,
    0x49,0x11,0x4B,0x32,0x01,0x00,0x5F,0x11,0x4D,0x32,0x11,0x00,0x60,0x11,0x5F,0x32,
    0x2B,0x00,0x71,0x11,0x8B,0x32,0x19,0x00,0x9C,0x11,0xA5,0x32,0x19,0x00,0xB5,0x11,
    0xBF,0x32,0x01,0x00,0xCE,0x11,0xC1,0x32,0x1A,0x00,0xCF,0x11,0xDC,0x32,0x03,0x00,
    0xE9,0x11,0xE0,0x32,0x01,0x00,0xEC,0x11,0xE2,0x32,0x11,0x00,0xED,0x11,0xF4,0x32,
    0x93,0x01,0xFE,0x11,0x89,0x34,0x1C,0x00,0x91,0x13,0xA6,0x34,0x50,0x00,0xAD,0x13,
    0xF7,0x34,0x10,0x00,0xFD,0x13,0x0A,0x35,0x52,0x00,0x0D,0x14,0x5D,0x35,0x03,0x00,
    0x5F,0x14,0x61,0x35,0x03,0x00,0x62,0x14,0x65,0x35,0x0C,0x00,0x65,0x14,0x72,0x35,
    0x02,0x00,0x71,0x14,0x75,0x35,0x04,0x00,0x73,0x14,0x7A,0x35,0x15,0x00,0x77,0x14,
    0x90,0x35,0x05,0x00,0x8C,0x14,0x96,0x35,0x1F,0x00,0x91,0x14,0xB6,0x35,0x07,0x00,
    0xB0,0x14,0xBF,0x35,0x01,0x00,0xB7,0x14,0xC1,0x35,0x6B,0x00,0xB8,0x14,0x2E,0x36,
    0x8C,0x00,0x23,0x15,0xEB,0x37,0x01,0x00,0xAF,0x15,0xEE,0x37,0x01,0x00,0xB0,0x15,
    0xF0,0x37,0x03,0x00,0xB1,0x15,0xF4,0x37,0x38,0x00,0xB4,0x15,0x34,0x38,0xC2,0x00,
    0xEC,0x15,0xF7,0x38,0x09,0x00,0xAE,0x16,0x01,0x39,0x02,0x00,0xB7,0x16,0x04,0x39,
    0x10,0x00,0xB9,0x16,0x15,0x39,0x0B,0x00,0xC9,0x16,0x21,0x39,0x11,0x00,0xD4,0x16,
    0x33,0x39,0x51,0x00,0xE5,0x16,0x85,0x39,0x0D,0x00,0x36,0x17,0x93,0x39,0x06,0x00,
    0x43,0x17,0x9A,0x39,0x0C,0x00,0x49,0x17,0xA7,0x39,0x3D,0x00,0x55,0x17,0xE5,0x39,
    0x24,0x00,0x92,0x17,0x0B,0x3A,0x18,0x00,0xB6,0x17,0x24,0x3A,0x0A,0x00,0xCE,0x17,
    0x30,0x3A,0x01,0x00,0xD8,0x17,0x41,0x3E,0x05,0x00,0xD9,0x17,0x47,0x3E,0x22,0x00,
    0xDE,0x17,0x6A,0x3E,0x14,0x00,0x00,0x18,0xC9,0x3E,0x29,0x00,0x14,0x18,0x12,0x3F,
    0x22,0x00,0x3D,0x18,0x63,0x3F,0x9D,0x00,0x5F,0x18,0x00,0x00,0x00,0x34,0x38,0x18,
    0xE6,0xCD,0x9F,0x08,0x77,0xC9,0xCD,0x9F,0x08,0x7E,0xC9,0x04,0x10,0x05,0x11,0x0F,
    0x00,0x18,0x24,0x10,0x1F,0x7A,0xB3,0xC2,0xD5,0x38,0xE5,0x2A,0x51,0x5C,0x11,0x0D,
    0x00,0x19,0x5E,0x23,0x56,0x1B,0x23,0xEB,0xC1,0xA7,0xED,0x42,0xEB,0xDA,0xD5,0x38,
    0x71,0x23,0x70,0xC9,0x11,0x0D,0x00,0x2A,0x51,0x5C,0x19,0x5E,0x23,0x56,0xEB,0x11,
    0x00,0x00,0xC9,0x00,0x00,0x00,0x00,0x00,0x00,0x00,0x00,0x00,0x00,0x00,0x00,0x00,
    0x00,0x00,0x00,0x00,0x00,0x00,0x00,0x00,0x00,0x00,0x00,0x00,0x00,0x00,0x00,0x00,
    0x00,0x00,0x5B,0x5B,0xD0,0x00,0xC8,0x00,0x65,0x00,0x00,0x00,0x00,0x00,0x00,0x00,
    0x00,0x00,0x00,0x00,0x00,0x00,0x00,0x00,0x00,0x00,0x00,0x00,0x00,0x00,0x00,0x00,
    0x2A,0x51,0x5C,0x11,0x0D,0x00,0x19,0x4E,0x23,0x46,0x23,0x5E,0x23,0x56,0xEB,0xE5,
    0xA7,0xED,0x42,0xE1,0xEB,0xD2,0xD5,0x38,0x13,0x72,0x2B,0x73,0x23,0x23,0x4E,0x23,
    0x46,0xEB,0x09,0x2B,0x37,0xC9,0xEB,0x37,0x00,0x00,0x3A,0x79,0x5B,0xFE,0x54,0x21,
    0xC3,0x73,0x38,0x2A,0x51,0x5C,0xC3,0x7F,0x38,0x65,0x28,0x38,0xA9,0x1F,0x00,0x00,
    0xF5,0xE5,0x3A,0x8D,0x5C,0xF5,0x3A,0x48,0x5C,0x32,0x8D,0x5C,0xEF,0x6E,0x0D,0x3E,
    0xFD,0xEF,0x01,0x16,0xF1,0x32,0x8D,0x5C,0xE1,0x7E,0x23,0xFE,0xFF,0x28,0x03,0xD7,
    0x18,0xF7,0xF1,0x28,0x0F,0xCD,0x71,0x18,0xD5,0xEF,0x6E,0x0D,0x3E,0xFE,0xEF,0x01,
    0x16,0xD1,0x7B,0xC9,0xCD,0x71,0x18,0xE6,0xDF,0x1E,0x00,0xFE,0x43,0x28,0xE9,0x1C,
    0xFE,0x52,0x28,0xE4,0x1C,0xFE,0x49,0x28,0xDF,0x18,0xE9,0x62,0x25,0xF1,0x23,0xBD,
    0x24,0xE8,0x24,0x4B,0x25,0x63,0x25,0x92,0x26,0x49,0x2A,0x69,0x25,0x84,0x25,0xBE,
    0x25,0xDB,0x25,0xEC,0x25,0x16,0x2A,0x9F,0x26,0x39,0x27,0x3F,0x27,0x4C,0x5C,0x27,
    0x67,0x27,0x72,0x7D,0x27,0x1C,0x26,0x7C,0x26,0xB9,0x2A,0x88,0x27,0xA3,0x26,0x93,
    0x27,0xAC,0x27,0xB7,0x27,0x86,0x22,0x96,0x22,0x24,0x26,0x49,0x24,0x62,0x25,0xBD,
    0x24,0xE8,0x24,0x4B,0x25,0x63,0x25,0x62,0x25,0x49,0x2A,0x62,0x25,0x62,0x25,0xBE,
    0x25,0xDB,0x25,0x62,0x25,0x23,0x24,0x9F,0x26,0x39,0x27,0xDE,0x22,0xDE,0x22,0xDE,
    0x22,0xDE,0x22,0xDE,0x22,0xDE,0x22,0x62,0x25,0x62,0x25,0xDE,0x22,0x62,0x25,0xDE,
    0x22,0xDE,0x22,0x62,0x25,0xDE,0x22,0x54,0x22,0x62,0x25,0xDD,0xCB,0x1A,0xFE,0xC9,
    0x2A,0x51,0x5C,0x11,0x4D,0x00,0x19,0xC9,0xCD,0x59,0x22,0x01,0xFF,0x00,0xDD,0xCB,
    0x1C,0x7E,0xC0,0xDD,0x7E,0x18,0xDD,0xCB,0x1A,0x66,0x28,0x02,0xCB,0x3F,0x4F,0x0C,
    0xC9,0xF5,0xC5,0xD5,0xE5,0xCD,0xD0,0x27,0xE1,0xD1,0xC1,0xF1,0xC9,0xE6,0x03,0xFE,
    0x03,0xC8,0x47,0xDD,0x7E,0x1C,0xE6,0xFC,0xB0,0xDD,0x77,0x1C,0xC9,0xDD,0xCB,0x1C,
    0xBE,0x1F,0xD0,0xDD,0xCB,0x1C,0xFE,0xC9,0xDD,0x2A,0x51,0x5C,0xDD,0x77,0x23,0xDD,
    0xCB,0x1A,0x56,0x20,0x12,0xFE,0xA5,0x38,0x0E,0xD6,0xA5,0x2A,0x5A,0x5B,0xE5,0xEF,
    0x10,0x0C,0xE1,0x22,0x5A,0x5B,0xC9,0xDD,0xCB,0x1A,0x76,0xDD,0xCB,0x1A,0xB6,0x20,
    0x2B,0xDD,0xCB,0x1A,0x7E,0xDD,0xCB,0x1A,0xBE,0x20,0xB2,0xFE,0x20,0x30,0x21,0x14,
    0x22,0xC3,0xE4,0x27,0xDD,0xCB,0x1C,0x7E,0xC8,0xDD,0xCB,0x1A,0xF6,0x18,0x0C,0xFE,
    0x20,0x20,0x08,0xCD,0x68,0x24,0xDD,0x7E,0x1E,0xA7,0xC8,0xCD,0x59,0x22,0xDD,0x5E,
    0x1D,0x19,0xDD,0x7E,0x23,0x77,0xDD,0x34,0x1D,0xCD,0x68,0x24,0xDD,0x7E,0x1D,0xFE,
    0xFF,0x28,0x07,0xCD,0x6C,0x22,0xDD,0xBE,0x1E,0xD0,0xCD,0x68,0x24,0xCD,0x6C,0x22,
    0xDD,0xBE,0x1E,0x30,0x3A,0xDD,0xBE,0x38,0x14,0xDD,0x7E,0x20,0xFE,0x01,0xDD,0x7E,
    0x1F,0x28,0x03,0xA7,0x28,0x07,0x4F,0x0C,0xDD,0x46,0x20,0x18,0x27,0xCD,0x59,0x22,
    0x01,0x00,0x00,0x7E,0xCD,0x7A,0x22,0x23,0x0C,0xDD,0x7E,0x17,0xDD,0xCB,0x1A,0x66,
    0x28,0x07,0x3C,0xDD,0xBE,0x18,0x28,0x7F,0xA7,0x20,0xE7,0x18,0x79,0xDD,0x4E,0x1D,
    0xDD,0x46,0x1E,0x79,0xA7,0xC8,0xCD,0x59,0x22,0xDD,0x7E,0x1C,0xE6,0x03,0x28,0x2E,
    0xC5,0xCD,0x6C,0x22,0xC1,0x90,0x5F,0xDD,0x7E,0x1C,0xE6,0x02,0x20,0x10,0x7B,0xCB,
    0x3F,0xA7,0x28,0x1A,0xF5,0x3E,0x20,0xCD,0x7A,0x22,0xF1,0x3D,0x18,0xF3,0xC5,0xE5,
    0x16,0x00,0x7E,0x23,0xFE,0x20,0x20,0x01,0x14,0x0D,0x20,0xF6,0xE1,0xC1,0x06,0x00,
    0xC5,0xE5,0x7E,0xCD,0x7A,0x22,0xFE,0x20,0x20,0x1F,0xDD,0x7E,0x1C,0xE6,0x02,0x28,
    0x18,0x7B,0x06,0x00,0x92,0x38,0x03,0x04,0x18,0xFA,0x15,0x78,0xA7,0x28,0x0A,0x7B,
    0x90,0x5F,0x3E,0x20,0xCD,0x7A,0x22,0x10,0xF9,0x23,0x0D,0x20,0xD5,0xDD,0x7E,0x17,
    0xA7,0xC4,0x16,0x2A,0xE1,0xC1,0xC5,0x61,0x22,0xEB,0xE1,0xE5,0x19,0xED,0xB0,0xC1,
    0xDD,0x7E,0x1D,0x91,0xDD,0x77,0x1D,0x28,0x2F,0xCD,0x59,0x22,0x0E,0x01,0x7E,0xFE,
    0x20,0x28,0xE2,0xC9,0xCD,0x61,0x22,0xC5,0xCD,0xB0,0x3F,0xC1,0xDD,0x6E,0x0B,0xDD,
    0x66,0x0C,0x09,0xDD,0x75,0x0B,0xDD,0x74,0x0C,0xDD,0xCB,0x1A,0xB6,0xDD,0xCB,0x1A,
    0xBE,0xDD,0x7E,0x17,0xA7,0xC4,0x16,0x2A,0xDD,0x36,0x1D,0x00,0x21,0xA1,0x22,0xDD,
    0x75,0xDD,0x74,0x06,0xC9,0xCD,0x68,0x24,0xDD,0x7E,0x1D,0xF5,0x7E,0x1C,0xF5,0xDD,
    0x1C,0x8E,0xCD,0x17,0x23,0xF1,0xDD,0x77,0x1C,0xDD,0x7E,0x1D,0xA7,0x20,0xEB,0xF1,
    0xA7,0xC0,0xCD,0xBE,0x25,0xD8,0xC3,0x49,0x2A,0x23,0x24,0xCD,0x61,0x22,0xC5,0xCD,
    0x78,0x3F,0xC1,0xDD,0x6E,0x0B,0xDD,0x66,0x0C,0xA7,0xED,0x42,0xDD,0x75,0x0B,0xDD,
    0x74,0x0C,0x21,0xD0,0x27,0x18,0xB4,0xCD,0x59,0x22,0x16,0x00,0x5A,0xDD,0x72,0x1F,
    0x4A,0xDD,0x46,0x1D,0x78,0xA7,0x28,0x36,0x7E,0xFE,0x20,0x38,0x38,0x20,0x06,0x15,
    0xDD,0x72,0x1F,0x14,0x4B,0x1C,0xFE,0x21,0x28,0x14,0xFE,0x2E,0x28,0x10,0xFE,0x2C,
    0x28,0x0C,0xFE,0x3F,0x28,0x08,0xFE,0x3A,0x28,0x04,0xFE,0x3B,0x20,0x0C,0xC5,0x6C,
    0x22,0xC1,0xBB,0x38,0x04,0xDD,0x72,0x1F,0x4B,0x14,0x23,0x10,0xCA,0xDD,0x73,0x1E,
    0xDD,0x71,0x20,0xC9,0x14,0x23,0x05,0x28,0xF4,0x18,0xEE,0xDD,0xCB,0x1A,0x5E,0x20,
    0x1F,0xCD,0x2A,0x25,0x2A,0x51,0x5C,0xDD,0x5E,0x0B,0xDD,0x56,0x0C,0x19,0xC5,0xD5,
    0xCD,0xB0,0x3F,0xE1,0xC1,0x09,0xDD,0x75,0x0B,0xDD,0x74,0x0C,0xDD,0xCB,0x1A,0xDE,
    0xDD,0x36,0x02,0x18,0x09,0xDD,0xCB,0x1A,0x5E,0xC8,0xDD,0x36,0x24,0x01,0xD9,0xE5,
    0xD5,0x2A,0x51,0x5C,0xDD,0x5E,0x0B,0xDD,0x56,0x0C,0x19,0xD9,0xCD,0xAA,0x26,0xD9,
    0xD1,0xE3,0xD9,0xE1,0xDD,0x7E,0x24,0x3D,0xC0,0xE5,0xCD,0x2A,0x25,0xE1,0xC5,0xCD,
    0x3F,0xDD,0x6E,0x0B,0xDD,0x66,0x0C,0xC1,0xA7,0xED,0x42,0xDD,0x75,0x0B,0xDD,0x74,
    0x0C,0xDD,0x1A,0x9E,0xC9,0xDD,0x7E,0x0F,0xDD,0x96,0x0D,0x3C,0x5F,0x16,0x00,0xDD,
    0x7E,0x10,0xDD,0x96,0x0E,0x3C,0x21,0x00,0x00,0x19,0x3D,0x20,0xFC,0x5D,0x54,0x29,
    0x29,0x29,0x19,0xE5,0xC1,0xC9,0xDD,0x7E,0x0E,0x87,0x87,0x87,0xDD,0x77,0x12,0xDD,
    0x7E,0x0D,0xDD,0x77,0x11,0xDD,0x36,0x16,0x00,0xDD,0x36,0x17,0x00,0xC9,0xDD,0x7E,
    0x10,0x3C,0x18,0xE5,0xDD,0x7E,0x17,0xA7,0xC8,0xDD,0x35,0x17,0xDD,0x7E,0x16,0xDD,
    0x96,0x13,0xDD,0x77,0x16,0xD0,0xC6,0x08,0xDD,0x77,0x16,0xDD,0x35,0x11,0xC9,0xDD,
    0x7E,0x17,0x3C,0xDD,0xBE,0x18,0xD0,0xDD,0x77,0x17,0xDD,0x7E,0x16,0xDD,0x86,0x13,
    0xDD,0x77,0xFE,0x08,0xD8,0xD6,0x08,0xDD,0x77,0x16,0xDD,0x34,0x11,0xC9,0xDD,0x7E,
    0x12,0xC6,0x08,0xDD,0xCB,0x1C,0x76,0xC8,0x3D,0x3D,0xC9,0xDD,0x7E,0x12,0xD6,0x08,
    0xDD,0xCB,0x1C,0x76,0xC8,0x3C,0x3C,0xC9,0xDD,0x7E,0x10,0x87,0x87,0x87,0x3C,0x47,
    0xDD,0x7E,0x12,0xC6,0x08,0xDD,0xCB,0x1C,0x76,0x28,0x04,0x3D,0x3D,0x04,0x04,0xB8,
    0xD0,0xDD,0x77,0x12,0xC9,0xDD,0x7E,0x0E,0x87,0x87,0x87,0x47,0xCD,0xB1,0x25,0xD8,
    0xB8,0xD8,0xDD,0x77,0x12,0xC9,0xDD,0x7E,0x0E,0x87,0x87,0x87,0x47,0xDD,0x7E,0x12,
    0x90,0xDD,0x77,0x21,0xDD,0x7E,0x17,0xA7,0x0B,0xCD,0xB1,0x25,0x90,0xD8,0xDD,0x77,
    0x21,0xDD,0x7E,0x18,0x3D,0xF5,0xDD,0x77,0x23,0xCD,0x24,0x26,0xCD,0x66,0x26,0xF1,
    0xDD,0x77,0x23,0x18,0x08,0xDD,0x77,0x21,0xDD,0x36,0x1B,0x20,0xC9,0xDD,0x7E,0x10,
    0xDD,0x96,0x0E,0x3C,0x87,0x87,0x87,0x3D,0xDD,0xBE,0x21,0xD8,0xDD,0x7E,0x23,0xDD,
    0xBE,0x18,0xD0,0xDD,0x77,0x17,0x47,0x04,0xDD,0x7E,0x0E,0x87,0x87,0x87,0xDD,0x86,
    0x21,0xDD,0x77,0x12,0xDD,0x4E,0x0D,0x3E,0x00,0x05,0x28,0x0C,0xDD,0x86,0x13,0xFE,
    0x08,0x38,0xF6,0xD6,0x08,0x0C,0x18,0xF1,0xDD,0x71,0x11,0xDD,0x77,0x16,0xC9,0xF5,
    0xDD,0x36,0x23,0x20,0xDD,0x7E,0x1A,0xF5,0xDD,0xCB,0x1A,0xA6,0xCD,0x00,0x28,0xF1,
    0xDD,0x77,0x1A,0xF1,0xC9,0xDD,0x46,0x18,0x90,0x30,0xFD,0x80,0xDD,0x4E,0x17,0x91,
    0x30,0x01,0x80,0xA7,0xC8,0xCD,0x66,0x26,0x3D,0x18,0xF8,0xDD,0x7E,0x18,0xCB,0x3F,
    0xDD,0xBE,0x17,0x30,0xE0,0xAF,0x18,0xDD,0xCD,0x4B,0x25,0xAF,0x32,0xE1,0x26,0x36,
    0x24,0x00,0xDD,0x4E,0x0D,0xDD,0x46,0x0E,0xCD,0xBD,0x2A,0xEB,0xDD,0x7E,0x10,0xDD,
    0x96,0x0E,0x3C,0x4F,0xE5,0xDD,0x7E,0x0F,0xDD,0x96,0x0D,0x3C,0x47,0xC5,0xE5,0x06,
    0x08,0xDD,0x7E,0x24,0xA7,0x28,0x11,0xD9,0x2B,0x3D,0x28,0x07,0xD9,0x7E,0xD9,0x77,
    0xD9,0x18,0x07,0x7E,0xD9,0x77,0x18,0x02,0x36,0x00,0x24,0x10,0xE4,0xE1,0xC1,0x23,
    0x10,0xDB,0xE1,0x7D,0xC6,0x20,0x6F,0x30,0x04,0x7C,0xC6,0x08,0x67,0x0D,0x20,0xC4,
    0xDD,0x4E,0x0D,0xDD,0x46,0x0E,0xCD,0xBD,0x2A,0x11,0x20,0x00,0xDD,0x7E,0x10,0xDD,
    0x96,0x0E,0x3C,0x4F,0xE5,0xDD,0x7E,0x0F,0xDD,0x96,0x0D,0x3C,0x47,0xDD,0x7E,0x24,
    0xA7,0x28,0x11,0xD9,0x2B,0x3D,0x28,0x07,0xD9,0x7E,0xD9,0x77,0xD9,0x18,0x09,0x7E,
    0xD9,0x77,0x18,0x04,0xDD,0x7E,0x19,0x77,0x23,0x10,0xE2,0xE1,0x19,0x0D,0x20,0xD4,
    0xC9,0xDD,0x36,0x24,0x00,0x18,0xB9,0xE6,0x07,0x47,0xDD,0x7E,0x19,0xE6,0xF8,0xB0,
    0xDD,0x77,0x19,0xC9,0xE6,0x07,0x87,0x87,0x87,0x47,0xDD,0x7E,0x19,0xE6,0xC7,0xB0,
    0xDD,0x77,0x19,0xC9,0xDD,0xCB,0x19,0xBE,0x1F,0xD0,0xDD,0xCB,0x19,0xFE,0xC9,0xDD,
    0xCB,0x19,0xB6,0x1F,0xD0,0xDD,0xCB,0x19,0xF6,0xC9,0xDD,0xCB,0x1A,0x86,0x1F,0xD0,
    0xDD,0xCB,0x1A,0xC6,0xC9,0xDD,0xCB,0x1A,0x8E,0x1F,0xD0,0xDD,0xCB,0x1A,0xCE,0xC9,
    0xDD,0xCB,0x1A,0x96,0x1F,0xD0,0xDD,0xCB,0x1A,0xD6,0xC9,0xCD,0x4B,0x25,0xDD,0x7E,
    0x10,0xDD,0x96,0x0E,0x3C,0x4F,0xDD,0x46,0x18,0xC5,0xCD,0x00,0x28,0xC1,0x10,0xF9,
    0x0D,0x20,0xF3,0xC9,0xDD,0xCB,0x1A,0xA6,0x1F,0xD0,0xDD,0xCB,0x1A,0xE6,0xC9,0xDD,
    0xCB,0x1A,0xAE,0x1F,0x30,0x04,0xDD,0xCB,0x1A,0xEE,0xDD,0xCB,0x1C,0xB6,0x1F,0xD0,
    0xDD,0xCB,0x1C,0xF6,0xC9,0x00,0x00,0x00,0xDD,0x2A,0x51,0x5C,0xDD,0x77,0x23,0xDD,
    0x7E,0x1B,0xA7,0x28,0x14,0xDD,0x36,0x1B,0x00,0x21,0xD2,0x21,0x5F,0x16,0x00,0x19,
    0x19,0x5E,0x23,0x56,0xEB,0xDD,0x7E,0x23,0xE9,0xDD,0x7E,0x23,0xFE,0x20,0x30,0x08,
    0xFE,0x10,0x38,0xDD,0x77,0x1B,0xC9,0xDD,0xCB,0x1A,0x56,0x20,0x08,0xDD,0x7E,0x23,
    0xD6,0xA5,0xD2,0xB4,0x22,0xDD,0x7E,0x23,0x26,0x00,0x6F,0x29,0x29,0x29,0xFE,0x80,
    0x38,0x2F,0xFE,0x90,0x30,0x1E,0x5F,0xDD,0xE5,0xE1,0x01,0x45,0x00,0x09,0xE5,0xDD,
    0x7E,0x13,0x4F,0xCB,0x39,0x91,0x47,0x05,0x0D,0xC5,0xCD,0xEB,0x2A,0xC1,0xCD,0xEB,
    0x2A,0xE1,0x18,0x1F,0xED,0x5B,0x7B,0x5C,0x19,0x11,0x80,0x04,0xA7,0xED,0x52,0x18,
    0x12,0xDD,0x4E,0x14,0xDD,0x46,0x15,0x78,0xE6,0xC0,0x20,0x06,0x11,0x5C,0x28,0xD5,
    0xC5,0xC9,0x09,0xDD,0x36,0x22,0x01,0xDD,0xCB,0x1A,0x66,0x28,0x7E,0xEB,0xDD,0xE5,
    0xE1,0x01,0x25,0x09,0x06,0x08,0xC5,0xDD,0x46,0x13,0xCB,0x38,0x38,0x1B,0xC5,0x36,
    0x01,0x1A,0x17,0xF5,0xCB,0x16,0xF1,0xCB,0x16,0x10,0xF7,0x38,0x04,0xCB,0x16,0x30,
    0xFC,0x01,0x08,0x00,0x09,0x36,0x01,0x18,0x1C,0xC5,0x36,0x01,0x1A,0x17,0xF5,0xCB,
    0x16,0xF1,0xCB,0x16,0x10,0xF7,0x17,0xF5,0xCB,0x16,0x30,0xFC,0x01,0x08,0x00,0x09,
    0x36,0x01,0xF1,0xCB,0x16,0xC1,0x17,0xF5,0xCB,0x16,0xF1,0xCB,0x16,0x10,0xF7,0x38,
    0x04,0xCB,0x16,0x30,0xFC,0x01,0x07,0x00,0xA7,0xED,0x42,0x13,0xC1,0x10,0xA7,0xDD,
    0x7E,0x17,0x3C,0xDD,0xBE,0x18,0xCC,0x16,0x2A,0xDD,0xE5,0xE1,0x01,0x25,0x00,0x09,
    0xCD,0xE4,0x28,0xDD,0xE5,0xE1,0x01,0x2D,0x00,0x09,0xDD,0xCB,0x1A,0x6E,0x28,0x4B,
    0xEB,0xDD,0xE5,0xE1,0x01,0x35,0x00,0x09,0x06,0x08,0x1A,0x13,0x77,0x23,0x77,0x23,
    0x10,0xF8,0xDD,0xE5,0xE1,0x01,0x35,0x00,0x09,0xDD,0xCB,0x1C,0x76,0x28,0x01,0x23,
    0xDD,0x36,0x22,0x00,0xCD,0x35,0x29,0xDD,0xE5,0xE1,0x01,0x3D,0x00,0x09,0xDD,0x7E,
    0x12,0xC6,0x08,0xDD,0xCB,0x1C,0x76,0x28,0x03,0x3D,0x3D,0x2B,0xDD,0x77,0x12,0xCD,
    0x35,0x29,0xCD,0xB1,0x25,0xDD,0x77,0x12,0xC3,0xFA,0x29,0xE5,0xDD,0x7E,0x10,0x3C,
    0x87,0x87,0x87,0x3C,0x47,0xCD,0xA4,0x25,0xB8,0x38,0x0B,0xDD,0x7E,0x12,0xD6,0x08,
    0xDD,0x77,0x12,0xCD,0x49,0x2A,0xDD,0x4E,0x11,0xDD,0x46,0x12,0xCD,0xC2,0x2A,0xDD,
    0x46,0x19,0x70,0xDD,0x7E,0x16,0xDD,0x86,0x13,0xFE,0x09,0x38,0x03,0x23,0x70,0x2B,
    0xDD,0x7E,0x12,0xE6,0x07,0x28,0x1D,0xDD,0xCB,0x1C,0x76,0x28,0x04,0x03,0x38,0x13,
    0xD5,0x11,0x20,0x00,0x19,0xD1,0x70,0xDD,0x7E,0x16,0xDD,0x86,0x13,0xFE,0x09,0x38,
    0x02,0x23,0x70,0xE1,0xEB,0xDD,0x46,0x13,0xAF,0x37,0x1F,0x10,0xFC,0x47,0x0E,0x08,
    0xDD,0xCB,0x1C,0x76,0x28,0x03,0x0D,0x0D,0x13,0xC5,0x1A,0x13,0xD5,0xDD,0xCB,0x1A,
    0x46,0x28,0x01,0xA0,0x57,0x0E,0x00,0x59,0xDD,0x7E,0x16,0xA7,0x28,0x0B,0xCB,0x18,
    0xCB,0x19,0xCB,0x1A,0xCB,0x1B,0x3D,0x20,0xF5,0xDD,0xCB,0x1A,0x4E,0x28,0x09,0x7E,
    0xAA,0x77,0x23,0x7E,0xAB,0x77,0x18,0x0B,0x78,0x2F,0xA6,0xB2,0x77,0x23,0x79,0x2F,
    0xA6,0xB3,0x77,0x2B,0x24,0x7C,0xE6,0x07,0x20,0x0A,0x7D,0xC6,0x20,0x6F,0x38,0x04,
    0x7C,0xD6,0x08,0x67,0xD1,0xC1,0x0D,0x20,0xAF,0xDD,0x7E,0x22,0xA7,0xC8,0xDD,0x34,
    0x17,0xDD,0x7E,0x16,0xDD,0x86,0x13,0xFE,0x08,0x38,0x05,0xD6,0x08,0xDD,0x34,0x11,
    0xDD,0x77,0x16,0xDD,0x7E,0x17,0xDD,0xBE,0x18,0xD8,0xCD,0x3B,0x2A,0xDD,0xCB,0x1A,
    0x6E,0xC4,0x20,0x2A,0xCD,0xA4,0x25,0xDD,0x77,0x12,0xDD,0x7E,0x10,0x3C,0x87,0x87,
    0x87,0xDD,0xBE,0x12,0xD0,0xDD,0x7E,0x12,0xD6,0x08,0xDD,0x77,0x12,0x18,0x0E,0xAF,
    0xDD,0x77,0x16,0xDD,0x77,0x17,0xDD,0x7E,0x0D,0xDD,0x77,0x11,0xC9,0xDD,0x4E,0x0D,
    0xDD,0x46,0x0E,0xCD,0xBD,0x2A,0xDD,0x7E,0x10,0xDD,0x96,0x0E,0x47,0x28,0x41,0xC5,
    0xD5,0xE5,0xDD,0x7E,0x0F,0xDD,0x96,0x0D,0x47,0x04,0xC5,0x01,0x20,0x00,0x09,0x7E,
    0xED,0x42,0x77,0xD5,0x06,0x08,0xD5,0x7B,0xC6,0x20,0x5F,0x30,0x04,0x7A,0xC6,0x08,
    0x57,0x1A,0xD1,0x12,0x14,0x10,0xEF,0xD1,0x13,0x23,0xC1,0x10,0xDD,0xE1,0xD1,0x01,
    0x20,0x00,0x09,0x7B,0xC6,0x20,0x5F,0x30,0x04,0x7A,0xC6,0x08,0x57,0xC1,0x10,0xBF,
    0xEB,0xDD,0x7E,0x0F,0xDD,0x96,0x0D,0x47,0x04,0xC5,0xDD,0x7E,0x19,0x12,0x06,0x08,
    0xE5,0x36,0x00,0x24,0x10,0xFB,0xE1,0x13,0x23,0xC1,0x10,0xED,0xC9,0xDD,0x77,0x19,
    0xC9,0x78,0x87,0x87,0x87,0x47,0x78,0x0F,0x0F,0x0F,0x6F,0xE6,0x18,0xF6,0x40,0x57,
    0x78,0xE6,0x07,0xB2,0x57,0x78,0x07,0x07,0xE6,0xE0,0xB1,0x5F,0x7D,0xE6,0x1F,0x6F,
    0x26,0x00,0x29,0x29,0x29,0x29,0x29,0x06,0x00,0x09,0x01,0x00,0x58,0x09,0xC9,0xAF,
    0xCB,0x3B,0x1F,0xCB,0x2F,0x0D,0x20,0xFB,0xCB,0x3B,0x1F,0xCB,0x2F,0x10,0xFC,0x06,
    0x04,0x77,0x23,0x10,0xFC,0xC9,0x00,0x00,0x00,0x00,0x00,0x00,0x00,0x00,0x00,0x00,
    0x00,0x00,0x00,0x00,0x00,0x00,0x00,0x00,0x00,0x00,0x00,0x00,0x00,0x00,0x00,0x00,
    0x00,0x01,0x00,0x3C,0x09,0xEB,0x2A,0x5A,0x5B,0xE5,0x21,0x45,0x00,0xDD,0xE5,0xC1,
    0x09,0xEB,0xD5,0x01,0x08,0x00,0xEF,0xC3,0x33,0xE1,0xD1,0xED,0x53,0x5A,0x5B,0xC9,
    0xCD,0x1F,0x2B,0xDD,0x45,0x26,0xDD,0xCB,0x46,0x26,0xDD,0xCB,0x47,0x26,0xDD,0xCB,
    0x48,0x26,0xDD,0xCB,0x49,0x26,0xDD,0xCB,0x4A,0x26,0xDD,0xCB,0x4B,0x26,0xDD,0xCB,
    0x4C,0x26,0xC9,0x01,0x95,0x2A,0x09,0xDD,0xE5,0xD1,0x01,0x45,0x00,0xEB,0x09,0xE5,
    0x06,0x08,0x1A,0x13,0xE6,0xE0,0x77,0x23,0x10,0xF8,0xE1,0xC9,0x01,0x95,0x2A,0x09,
    0xE5,0xD1,0x01,0x45,0x00,0xEB,0x09,0xE5,0x06,0x08,0x1A,0x13,0x87,0x87,0x87,0x77,
    0x23,0x10,0xF7,0xE1,0xC9,0x00,0x00,0x00,0x00,0x00,0x00,0x00,0x00,0x00,0x48,0x48,
    0x48,0x48,0x00,0x48,0x00,0x00,0xAA,0xAA,0x00,0x00,0x00,0x00,0x00,0x00,0xAA,0xFF,
    0xAA,0xAA,0xFF,0xAA,0x00,0x00,0x44,0xFE,0x94,0xFE,0x26,0xFE,0x44,0x00,0x92,0x82,
    0x24,0x48,0x90,0x32,0x20,0x00,0x48,0xB4,0x48,0xDD,0xB2,0xFD,0x00,0x00,0x44,0x88,
    0x00,0x00,0x00,0x00,0x00,0x00,0x42,0x84,0x84,0x84,0x84,0x42,0x00,0x00,0x88,0x44,
    0x44,0x44,0x44,0x88,0x00,0x00,0x00,0xAA,0x44,0xEE,0x44,0xAA,0x00,0x00,0x00,0x44,
    0x44,0xEE,0x44,0x44,0x00,0x00,0x00,0x00,0x00,0x00,0x44,0x44,0x88,0x00,0x00,0xEE,
    0x00,0x00,0x00,0x00,0x00,0x00,0x00,0x00,0xCC,0xCC,0x00,0x00,0x22,0x42,0x44,0x88,
    0x88,0x00,0x00,0xEC,0xB2,0xB2,0xB2,0xB2,0xEC,0x00,0x00,0x4C,0xC4,0x44,0x44,0x44,
    0xEE,0x00,0x00,0x4C,0xB2,0x22,0x4C,0x90,0xFE,0x00,0x00,0xCC,0x32,0xC4,0x22,0x32,
    0xCC,0x00,0x00,0x24,0x64,0xAC,0xB4,0xFE,0x24,0x00,0x00,0x90,0xDC,0x22,0x32,0xCC,
    0x00,0x00,0x6C,0x90,0xDC,0xB2,0xB2,0x4C,0x00,0x00,0xFE,0x22,0x44,0x48,0x88,0x88,
    0x00,0x00,0xEC,0xB2,0x4C,0xB2,0xB2,0xEC,0x00,0x00,0x4C,0xB2,0xB2,0x6E,0x22,0xCC,
    0x00,0x00,0x00,0x00,0x48,0x00,0x00,0x48,0x00,0x00,0x00,0x44,0x00,0x00,0x44,0x44,
    0x88,0x00,0x00,0x22,0x44,0x88,0x44,0x22,0x00,0x00,0x00,0x00,0xEE,0xEE,0x00,0x00,
    0x00,0x88,0x44,0x22,0x44,0x88,0x00,0x00,0x4C,0xB2,0x22,0x44,0x00,0x44,0x00,0x00,
    0x5E,0xFE,0xFA,0xFE,0x90,0xEE,0x00,0x00,0x4C,0xB2,0xB2,0xFE,0xB2,0xB2,0x00,0x00,
    0xDC,0xB2,0xDC,0xB2,0xB2,0xDC,0x00,0x00,0x4C,0xB2,0x90,0x90,0xB2,0x4C,0x00,0x00,
    0xDC,0xB2,0xB2,0xB2,0xB2,0xDC,0x00,0x00,0xFE,0x90,0xDC,0x90,0x90,0xFE,0x00,0x00,
    0xFE,0x90,0xFC,0x90,0x90,0x90,0x00,0x00,0x4C,0xB2,0x90,0xF6,0xB2,0x4E,0x00,0x00,
    0xB2,0xB2,0xFE,0xB2,0xB2,0xB2,0x00,0x00,0xEE,0x44,0x44,0x44,0x44,0xEE,0x00,0x00,
    0x22,0x22,0x22,0xA2,0xB2,0x4C,0x00,0x00,0xB2,0xB4,0xD8,0xD4,0xB2,0xB2,0x00,0x00,
    0x90,0x90,0x90,0x90,0x90,0xFE,0x00,0x00,0xB2,0xFE,0xFE,0xF2,0xB2,0xB2,0x00,0x00,
    0xF2,0xBA,0xBA,0xB6,0xB6,0xB2,0x00,0x4C,0xB2,0xB2,0xB2,0xB2,0x4C,0x00,0xDC,0xB2,
    0xB2,0xDC,0x90,0x90,0x00,0x00,0xEC,0xB2,0xB2,0xB6,0xF6,0xEE,0x20,0x00,0xFC,0xB2,
    0xB2,0xDC,0xD2,0xB2,0x00,0x00,0x6E,0x90,0x4C,0x22,0x32,0xCC,0x00,0x00,0xEE,0x44,
    0x44,0x44,0x44,0x44,0x00,0x00,0xB2,0xB2,0xB2,0xB2,0xB2,0xEC,0x00,0x00,0xAA,0xAA,
    0xAA,0xAA,0xAA,0x44,0x00,0x00,0xB2,0xF2,0xF2,0xFE,0xFE,0x52,0x00,0x00,0xAA,0xAA,
    0x44,0x44,0xAA,0xAA,0x00,0x00,0xAA,0xAA,0xAA,0x44,0x44,0x44,0x00,0x00,0xFE,0x22,
    0x44,0x48,0x90,0xFE,0x00,0x00,0x66,0x44,0x44,0x44,0x44,0x66,0x00,0x00,0x00,0x88,
    0xC8,0x44,0x62,0x22,0x00,0x00,0xCC,0x44,0x44,0x44,0x44,0xCC,0x00,0x00,0x44,0xEE,
    0x44,0x44,0x44,0x44,0x00,0x00,0x00,0x00,0x00,0x00,0x00,0x00,0xFF,0x00,0x4E,0xB0,
    0x9C,0xF0,0x90,0xFE,0x00,0x00,0x00,0xCC,0x22,0xEE,0xB2,0xEE,0x00,0x00,0x90,0x90,
    0xDC,0xB2,0xB2,0xDC,0x00,0x00,0x00,0x6E,0x90,0x90,0x90,0x6E,0x00,0x00,0x22,0x22,
    0x6E,0xB2,0xB2,0x6E,0x00,0x00,0x00,0x4C,0xB2,0xDC,0x90,0x6E,0x00,0x00,0x6C,0x90,
    0xD8,0x90,0x90,0x90,0x00,0x00,0x00,0x6E,0xB2,0xB2,0x6E,0x22,0xCC,0x00,0x90,0x90,
    0xDC,0xB2,0xB2,0xB2,0x00,0x00,0x44,0x00,0x4C,0x44,0x44,0x4E,0x00,0x00,0x22,0x00,
    0x22,0x22,0x22,0xB2,0x4C,0x00,0x90,0xB4,0xD8,0xD8,0xB4,0xB2,0x00,0x00,0x48,0x48,
    0x48,0x48,0x48,0x46,0x00,0x00,0x00,0xBA,0xF5,0xF5,0xF5,0xB5,0x00,0x00,0x00,0xDC,
    0xB2,0xB2,0xB2,0xB2,0x00,0x00,0x00,0x4C,0xB2,0xB2,0xB2,0x4C,0x00,0x00,0x00,0xDC,
    0xB2,0xB2,0xDC,0x90,0x90,0x00,0x00,0x6E,0xB2,0xB2,0x6E,0x22,0x22,0x00,0x00,0x6E,
    0x90,0x90,0x90,0x90,0x00,0x00,0x00,0x6E,0x90,0x4E,0x22,0xDC,0x00,0x00,0x48,0xFC,
    0x48,0x48,0x48,0x46,0x00,0x00,0x00,0xB2,0xB2,0xB2,0xB2,0xEC,0x00,0x00,0x00,0xAA,
    0xAA,0xAA,0xAA,0x44,0x00,0x00,0x00,0xB1,0xF5,0xF5,0xF5,0x4A,0x00,0x00,0x00,0xAA,
    0xAA,0x44,0xAA,0xAA,0x00,0x00,0x00,0xB2,0xB2,0xB2,0x6E,0x22,0xCC,0x00,0x00,0xFE,
    0x22,0x44,0x88,0xFE,0x00,0x00,0x66,0x44,0x88,0x44,0x44,0x66,0x00,0x00,0x44,0x44,
    0x44,0x44,0x44,0x44,0x00,0x00,0xCC,0x44,0x22,0x44,0x44,0xCC,0x00,0x00,0x4A,0xB4,
    0x00,0x00,0x00,0x00,0x00,0xEE,0xB1,0xF7,0xB5,0xF5,0xB7,0xB1,0xEE,0x00,0x00,0x00,
    0x00,0x00,0x00,0x00,0x00,0x00,0x00,0x00,0x00,0x00,0x00,0x00,0x00,0x00,0x00,0x00,
    0x00,0x00,0x00,0x00,0x00,0x00,0x00,0x00,0x00,0x00,0x00,0x00,0x00,0x00,0x00,0x00,
    0x00,0x00,0x00,0x00,0x00,0x00,0x00,0x00,0x00,0x00,0x00,0x00,0x00,0x00,0x00,0x00,
    0x00,0x00,0x00,0x00,0x00,0x00,0x00,0x00,0x00,0x00,0x00,0x00,0x00,0x00,0x00,0x00,
    0x00,0x00,0x00,0x00,0x00,0x00,0x00,0x00,0x00,0x00,0x00,0x00,0x00,0x00,0x00,0x00,
    0x00,0x00,0x00,0x00,0x00,0x00,0x00,0x00,0x00,0x00,0x00,0x00,0x00,0x00,0x00,0x00,
    0x00,0x00,0x00,0x00,0x00,0x00,0x00,0x00,0x00,0x00,0x00,0x00,0x00,0x00,0x00,0x00,
    0x00,0x00,0x00,0x00,0x00,0x00,0x00,0x00,0x00,0x00,0x00,0x00,0x00,0x00,0x00,0x00,
    0x00,0x00,0x00,0x00,0x00,0x00,0x00,0x00,0x00,0x00,0x00,0x00,0x00,0x00,0x00,0x00,
    0x00,0x00,0x00,0x00,0x00,0x00,0x00,0x00,0x00,0x00,0x00,0x00,0x00,0x00,0x00,0x00,
    0x00,0x00,0x00,0x00,0x00,0x00,0x00,0x00,0x00,0x00,0x00,0x00,0x00,0x00,0x00,0x00,
    0x00,0x00,0x00,0x00,0x00,0x00,0x00,0x00,0x00,0x00,0x00,0x00,0x00,0x00,0x00,0x00,
    0x00,0x00,0x00,0x00,0x00,0x00,0x00,0x00,0x00,0x00,0x00,0x00,0x00,0x00,0x00,0x00,
    0x00,0x00,0x00,0x00,0x00,0x00,0x00,0x00,0x00,0x00,0x00,0x00,0x00,0x00,0x00,0x00,
    0x00,0x00,0x00,0x00,0x00,0x00,0x00,0x00,0x00,0x00,0x00,0x00,0x00,0x00,0x00,0x00,
    0x00,0x00,0x00,0x00,0x00,0x00,0x00,0x00,0x00,0x00,0x00,0x00,0x00,0x00,0x00,0x00,
    0x00,0x00,0x00,0x00,0x00,0x00,0x00,0x00,0x00,0x00,0x00,0x00,0x00,0x00,0x00,0x00,
    0x00,0x00,0x00,0x00,0x00,0x00,0x00,0x00,0x00,0x00,0x00,0x00,0x00,0x00,0x00,0x00,
    0x00,0x00,0x00,0x00,0x00,0x00,0x00,0x00,0x00,0x00,0x00,0x00,0x00,0x00,0x00,0x00,
    0x00,0x00,0x00,0x00,0x00,0x00,0x00,0x00,0x00,0x00,0x00,0x00,0x00,0x00,0x00,0x00,
    0x00,0x00,0x00,0x00,0x00,0x00,0x00,0x00,0x00,0x00,0x00,0x00,0x00,0x00,0x00,0x00,
    0x00,0x00,0x00,0x00,0x00,0x00,0x00,0x00,0x00,0x00,0x00,0x00,0x00,0x00,0x00,0x00,
    0x00,0x00,0x00,0x00,0x00,0x00,0x00,0x00,0x00,0x00,0x00,0x00,0x00,0x00,0x00,0x00,
    0x00,0x00,0x00,0x00,0x00,0x00,0x00,0x00,0x00,0x00,0x00,0x00,0x00,0x00,0x00,0x00,
    0x00,0x00,0x00,0x00,0x00,0x00,0x00,0x00,0x00,0x00,0x00,0x00,0x00,0x00,0x00,0x00,
    0x00,0x00,0x00,0x00,0x00,0x00,0x00,0x00,0x00,0x00,0x00,0x00,0x00,0x00,0x00,0x00,
    0x00,0x00,0x00,0x00,0x00,0x00,0x00,0x00,0x00,0x00,0x00,0x00,0x00,0x00,0x00,0x00,
    0x00,0x00,0x00,0x00,0x00,0x00,0x00,0x00,0x00,0x00,0x00,0x00,0x00,0x00,0x00,0x00,
    0x00,0x00,0x00,0x00,0x00,0x00,0x00,0x00,0x00,0x00,0x00,0x00,0x00,0x00,0x00,0x00,
    0x00,0x00,0x00,0x00,0x00,0x00,0x00,0x00,0x00,0x00,0x00,0x00,0x00,0x00,0x00,0x00,
    0x00,0x00,0x00,0x00,0x00,0x00,0x00,0x00,0x00,0x00,0x00,0x00,0x00,0x00,0x00,0x00,
    0x00,0x00,0x00,0x00,0x00,0x00,0x00,0x00,0x00,0x00,0x00,0x00,0x00,0x00,0x00,0x00,
    0x00,0x00,0x00,0x00,0x00,0x00,0x00,0x00,0x00,0x00,0x00,0x00,0x00,0x00,0x00,0x00,
    0x00,0x00,0x00,0x00,0x00,0x00,0x00,0x00,0x00,0x00,0x00,0x00,0x00,0x00,0x00,0x00,
    0x00,0x00,0x00,0x00,0x00,0x00,0x00,0x00,0x00,0x00,0x00,0x00,0x00,0x00,0x00,0x00,
    0x00,0x00,0x00,0x00,0x00,0x00,0x00,0x00,0x00,0x00,0x00,0x00,0x00,0x00,0x00,0x00,
    0x00,0x00,0x00,0x00,0x00,0x00,0x00,0x00,0x00,0x00,0x00,0x00,0x00,0x00,0x00,0x00,
    0x00,0x00,0x00,0x00,0x00,0x00,0x00,0x00,0x00,0x00,0x00,0x00,0x00,0x00,0x00,0x00,
    0x00,0x00,0x00,0x00,0x00,0x00,0x00,0x00,0x00,0x00,0x00,0x00,0x00,0x00,0x00,0x00,
    0x00,0x00,0x00,0x00,0x00,0x00,0x00,0x00,0x00,0x00,0x00,0x00,0x00,0x00,0x00,0x00,
    0x00,0x00,0x00,0x00,0x00,0x00,0x00,0x00,0x00,0x00,0x00,0x00,0x00,0x00,0x00,0x00,
    0x00,0x00,0x00,0x00,0x00,0x00,0x00,0x00,0x00,0x00,0x00,0x00,0x00,0x00,0x00,0x00,
    0x00,0x00,0x00,0x00,0x00,0x00,0x00,0x00,0x00,0x00,0x00,0x00,0x00,0x00,0x00,0x00,
    0x00,0x00,0x00,0x00,0x00,0x00,0x00,0x00,0x00,0x00,0x00,0x00,0x00,0x00,0x00,0x00,
    0x00,0x00,0x00,0x00,0x00,0x00,0x00,0x00,0x00,0x00,0x00,0x00,0x00,0x00,0x00,0x00,
    0x00,0x00,0x00,0x00,0x00,0x00,0x00,0x00,0x00,0x00,0x00,0x00,0x00,0x00,0x00,0x00,
    0x00,0x00,0x00,0x00,0x00,0x00,0x00,0x00,0x00,0x00,0x00,0x00,0x00,0x00,0x00,0x00,
    0x00,0x00,0x00,0x00,0x00,0x00,0x00,0x00,0x00,0x00,0x00,0x00,0x00,0x00,0x00,0x00,
    0x00,0x00,0x00,0x00,0x00,0x00,0x00,0x00,0x00,0x00,0x00,0x00,0x00,0x00,0x00,0x00,
    0x00,0x00,0x00,0x00,0x00,0x00,0x00,0x00,0x00,0x00,0x00,0x00,0x00,0x00,0x00,0x00,
    0x00,0x00,0x00,0x00,0x00,0x00,0x00,0x00,0x00,0x00,0x00,0x00,0x00,0x00,0x00,0x00,
    0x00,0x00,0x00,0x00,0x00,0x00,0x00,0x00,0x00,0x00,0x00,0x00,0x00,0x00,0x00,0x00,
    0x00,0x00,0x00,0x00,0x00,0x00,0x00,0x00,0x00,0x00,0x00,0x00,0x00,0x00,0x00,0x00,
    0x00,0x00,0x00,0x00,0x00,0x00,0x00,0x00,0x00,0x00,0x00,0x00,0x00,0x00,0x00,0x00,
    0x00,0x00,0x00,0x00,0x00,0x00,0x00,0x00,0x00,0x00,0x00,0x00,0x00,0x00,0x00,0x00,
    0x00,0x00,0x00,0x00,0x00,0x00,0x00,0x00,0x00,0x00,0x00,0x00,0x00,0x00,0x00,0x00,
    0x00,0x00,0x00,0x00,0x00,0x00,0x00,0x00,0x00,0x00,0x00,0x00,0x00,0x00,0x00,0x00,
    0x00,0x00,0x00,0x00,0x00,0x00,0x00,0x00,0x00,0x00,0x00,0x00,0x00,0x00,0x00,0x00,
    0x00,0x00,0x00,0x00,0x00,0x00,0x00,0x00,0x00,0x00,0x00,0x00,0x00,0x00,0x00,0x00,
    0x00,0x00,0x00,0x00,0x00,0x00,0x00,0x00,0x00,0x00,0x00,0x00,0x00,0x00,0x00,0x00,
    0x00,0x00,0x00,0x00,0x00,0x00,0x00,0x00,0x00,0x00,0x00,0x00,0x00,0x00,0x00,0x00,
    0x00,0x00,0x00,0x00,0x00,0x00,0x00,0x00,0x00,0x00,0x00,0x00,0x00,0x00,0x00,0x00,
    0x00,0x00,0x00,0x00,0x00,0x00,0x00,0x00,0x00,0x00,0x00,0x00,0x00,0x00,0x00,0x00,
    0x00,0x00,0x00,0x00,0x00,0x00,0x00,0x00,0x00,0x00,0x00,0x00,0x00,0x00,0x00,0x00,
    0x00,0x00,0x00,0x00,0x00,0x00,0x00,0x00,0x00,0x00,0x00,0x00,0x00,0x00,0x00,0x00,
    0x00,0x00,0x00,0x00,0x00,0x00,0x00,0x00,0x00,0x00,0x00,0x00,0x00,0x00,0x00,0x00,
    0x00,0x00,0x00,0x00,0x00,0x00,0x00,0x00,0x00,0x00,0x00,0x00,0x00,0x00,0x00,0x00,
    0x00,0x00,0x00,0x00,0x00,0x00,0x00,0x00,0x00,0x00,0x00,0x00,0x00,0x00,0x00,0x00,
    0x00,0x00,0x00,0x00,0x00,0x00,0x00,0x00,0x00,0x00,0x00,0x00,0x00,0x00,0x00,0x00,
    0x00,0x00,0x00,0x00,0x00,0x00,0x00,0x00,0x00,0x00,0x00,0x00,0x00,0x00,0x00,0x00,
    0x00,0x00,0x00,0x00,0x00,0x00,0x00,0x00,0x00,0x00,0x00,0x00,0x00,0x00,0x00,0x00,
    0x00,0x00,0x00,0x00,0x00,0x00,0x00,0x00,0x00,0x00,0x00,0x00,0x00,0x00,0x00,0x00,
    0x00,0x00,0x00,0x00,0x00,0x00,0x00,0x00,0x00,0x00,0x00,0x00,0x00,0x00,0x00,0x00,
    0x00,0x00,0x00,0x00,0x00,0x00,0x00,0x00,0x00,0x00,0x00,0x00,0x00,0x00,0x00,0x00,
    0x00,0x00,0x00,0x00,0x00,0x00,0x00,0x00,0x00,0x00,0x00,0x00,0x00,0x00,0x00,0x00,
    0x00,0x00,0x00,0x00,0x00,0x00,0x00,0x00,0x00,0x00,0x00,0x00,0x00,0x00,0x00,0x00,
    0x00,0x00,0x00,0x00,0x00,0x00,0x00,0x00,0x00,0x00,0x00,0x00,0x00,0x00,0x00,0x00,
    0x00,0x00,0x00,0x00,0x00,0x00,0x00,0x00,0x00,0x00,0x00,0x00,0x00,0x00,0x00,0x00,
    0x00,0x00,0x00,0x00,0x00,0x00,0x00,0x00,0x00,0x00,0x00,0x00,0x00,0x00,0x00,0x00,
    0x00,0x00,0x00,0x00,0x00,0x00,0x00,0x00,0x00,0x00,0x00,0x00,0x00,0x00,0x00,0x00,
    0x00,0x00,0x00,0x00,0x00,0x00,0x00,0x00,0x00,0x00,0x00,0x00,0x00,0x00,0x00,0x00,
    0x00,0x00,0x00,0x00,0x00,0x00,0x00,0x00,0x00,0x00,0x00,0x00,0x00,0x00,0x00,0x00,
    0x00,0x00,0x00,0x00,0x00,0x00,0x00,0x00,0x00,0x00,0x00,0x00,0x00,0x00,0x00,0x00,
    0x00,0x00,0x00,0x00,0x00,0x00,0x00,0x00,0x00,0x00,0x00,0x00,0x00,0x00,0x00,0x00,
    0x00,0x00,0x00,0x00,0x00,0x00,0x00,0x00,0x00,0x00,0x00,0x00,0x00,0x00,0x00,0x00,
    0x00,0x00,0x00,0x00,0x00,0x00,0x00,0x00,0x00,0x00,0x00,0x00,0x00,0x00,0x00,0x00,
    0x00,0x00,0x00,0x00,0x00,0x00,0x00,0x00,0x00,0x00,0x00,0x00,0x00,0x00,0x00,0x00,
    0x00,0x00,0x00,0x00,0x00,0x00,0x00,0x00,0x00,0x00,0x00,0x00,0x00,0x00,0x00,0x00,
    0x00,0x00,0x00,0x00,0x00,0x00,0x00,0x00,0x00,0x00,0x00,0x00,0x00,0x00,0x00,0x00,
    0x00,0x00,0x00,0x00,0x00,0x00,0x00,0x00,0x00,0x00,0x00,0x00,0x00,0x00,0x00,0x00,
    0x00,0x00,0x00,0x00,0x00,0x00,0x00,0x00,0x00,0x00,0x00,0x00,0x00,0x00,0x00,0x00,
    0x00,0x00,0x00,0x00,0x00,0x00,0x00,0x00,0x00,0x00,0x00,0x00,0x00,0x00,0x00,0x00,
    0x00,0x00,0x00,0x00,0x00,0x00,0x00,0x00,0x00,0x00,0x00,0x00,0x00,0x00,0x00,0x00,
    0x00,0x00,0x00,0x00,0x00,0x00,0x00,0x00,0x00,0x00,0x00,0x00,0x00,0x00,0x00,0x00,
    0x00,0x00,0x00,0x00,0x00,0x00,0x00,0x00,0x00,0x00,0x00,0x00,0x00,0x00,0x00,0x00,
    0x00,0x00,0x00,0x00,0x00,0x00,0x00,0x00,0x00,0x00,0x00,0x00,0x00,0x00,0x00,0x00,
    0x00,0x00,0x00,0x00,0x00,0x00,0x00,0x00,0x00,0x00,0x00,0x00,0x00,0x00,0x00,0x00,
    0x00,0x00,0x00,0x00,0x00,0x00,0x00,0x00,0x00,0x00,0x00,0x00,0x00,0x00,0x00,0x00,
    0x00,0x00,0x00,0x00,0x00,0x00,0x00,0x00,0x00,0x00,0x00,0x00,0x00,0x00,0x00,0x00,
    0x00,0x00,0x00,0x00,0x00,0x00,0x00,0x00,0x00,0x00,0x00,0x00,0x00,0x00,0x00,0x00,
    0x00,0x00,0x00,0x00,0x00,0x00,0x00,0x00,0x00,0x00,0x00,0x00,0x00,0x00,0x00,0x00,
    0x00,0x00,0x00,0x00,0x00,0x00,0x00,0x00,0x00,0x00,0x00,0x00,0x00,0x00,0x00,0x00,
    0x00,0x00,0x00,0x00,0x00,0x00,0x00,0x00,0x00,0x00,0x00,0x00,0x00,0x00,0x00,0x00,
    0x00,0x00,0x00,0x00,0x00,0x00,0x00,0x00,0x00,0x00,0x00,0x00,0x00,0x00,0x00,0x00,
    0x00,0x00,0x00,0x00,0x00,0x00,0x00,0x00,0x00,0x00,0x00,0x00,0x00,0x00,0x00,0x00,
    0x00,0x00,0x00,0x00,0x00,0x00,0x00,0x00,0x00,0x00,0x00,0x00,0x00,0x00,0x00,0x00,
    0x00,0x00,0x00,0x00,0x00,0x00,0x00,0x00,0x00,0x00,0x00,0x00,0x00,0x00,0x00,0x00,
    0x00,0x00,0x00,0x00,0x00,0x00,0x00,0x00,0x00,0x00,0x00,0x00,0x00,0x00,0x00,0x00,
    0x00,0x00,0x00,0x00,0x00,0x00,0x00,0x00,0x00,0x00,0x00,0x00,0x00,0x00,0x00,0x00,
    0x00,0x00,0x00,0x00,0x00,0x00,0x00,0x00,0x00,0x00,0x00,0x00,0x00,0x00,0x00,0x00,
    0x00,0x00,0x00,0x00,0x00,0x00,0x00,0x00,0x00,0x00,0x00,0x00,0x00,0x00,0x00,0x00,
    0x00,0x00,0x00,0x00,0x00,0x00,0x00,0x00,0x00,0x00,0x00,0x00,0x00,0x00,0x00,0x00,
    0x00,0x00,0x00,0x00,0x00,0x00,0x00,0x00,0x00,0x00,0x00,0x00,0x00,0x00,0x00,0x00,
    0x00,0x00,0x00,0x00,0x00,0x00,0x00,0x00,0x00,0x00,0x00,0x00,0x00,0x00,0x00,0x00,
    0x00,0x00,0x00,0x00,0x00,0x00,0x00,0x00,0x00,0x00,0x00,0x00,0x00,0x00,0x00,0x00,
    0x00,0x00,0x00,0x00,0x00,0x00,0x00,0x00,0x00,0x00,0x00,0x00,0x00,0x00,0x00,0x00,
    0x00,0x00,0x00,0x00,0x00,0x00,0x00,0x00,0x00,0x00,0x00,0x00,0x00,0x00,0x00,0x00,
    0x00,0x00,0x00,0x00,0x00,0x00,0x00,0x00,0x00,0x00,0x00,0x00,0x00,0x00,0x00,0x00,
    0x00,0x00,0x00,0x00,0x00,0x00,0x00,0x00,0x00,0x00,0x00,0x00,0x00,0x00,0x00,0x00,
    0x00,0x00,0x00,0x00,0x00,0x00,0x00,0x00,0x00,0x00,0x00,0x00,0x00,0x00,0x00,0x00,
    0x00,0x00,0x00,0x00,0x00,0x00,0x00,0x00,0x00,0x00,0x00,0x00,0x00,0x00,0x00,0x00,
    0x00,0x00,0x00,0x00,0x00,0x00,0x00,0x00,0x00,0x00,0x00,0x00,0x00,0x00,0x00,0x00,
    0x00,0x00,0x00,0x00,0x00,0x00,0x00,0x00,0x00,0x00,0x00,0x00,0x00,0x00,0x00,0x00,
    0x00,0x00,0x00,0x00,0x00,0x00,0x00,0x00,0x00,0x00,0x00,0x00,0x00,0x00,0x00,0x00,
    0x00,0x00,0x00,0x00,0x00,0x00,0x00,0x00,0x00,0x00,0x00,0x00,0x00,0x00,0x00,0x00,
    0x00,0x00,0x00,0x00,0x00,0x00,0x00,0x00,0x00,0x00,0x00,0x00,0x00,0x00,0x00,0x00,
    0x00,0x00,0x00,0x00,0x00,0x00,0x00,0x00,0x00,0x00,0x00,0x00,0x00,0x00,0x00,0x00,
    0x00,0x00,0x00,0x00,0x00,0x00,0x00,0x00,0x00,0x16,0x10,0x11,0x07,0x13,0x49,0x6E,
    0x73,0x65,0x72,0x74,0x20,0x74,0x61,0x70,0x65,0x20,0x61,0x6E,0x64,0x20,0x70,0x72,
    0x65,0x73,0x73,0x20,0x50,0x4C,0x41,0x59,0x0D,0x54,0x6F,0x20,0x63,0x61,0x6E,0x63,
    0x65,0x6C,0x20,0x2D,0x20,0x70,0x72,0x65,0x73,0x73,0x20,0x42,0x52,0x45,0x41,0x4B,
    0x20,0x74,0x77,0x69,0x63,0xE5,0x7F,0x31,0x39,0x38,0x32,0x2C,0x20,0x31,0x39,0x38,
    0x36,0x2C,0x20,0x31,0x39,0x38,0x37,0x20,0x41,0x6D,0x73,0x74,0x72,0x61,0x64,0x20,
    0x50,0x6C,0x63,0x2E,0x0D,0x7F,0x32,0x30,0x30,0x30,0x2D,0x32,0x30,0x31,0x35,0x20,
    0x47,0x61,0x72,0x72,0x79,0x20,0x4C,0x61,0x6E,0x63,0x61,0x73,0x74,0x65,0x72,0x20,
    0x76,0x31,0x2E,0x34,0xB3,0xD0,0xCD,0xDA,0x15,0xD8,0x78,0xB1,0x37,0xC8,0xC3,0x04,
    0x16,0xEB,0xA7,0xED,0x52,0x4D,0x47,0x13,0x13,0x13,0x13,0x1A,0xFE,0x50,0x28,0x14,
    0x13,0x0D,0x28,0x09,0x13,0x13,0xEB,0x5E,0x23,0x66,0x6B,0x18,0x10,0xEB,0x5E,0x23,
    0x66,0x6B,0x18,0x65,0x21,0x21,0x39,0x0D,0x28,0x5F,0x21,0x27,0x39,0xFD,0xCB,0x02,
    0x9E,0xE5,0x2A,0x3D,0x5C,0x5E,0x23,0x56,0xA7,0x21,0x7F,0x10,0xED,0x52,0xE1,0x20,
    0x39,0xED,0x7B,0x3D,0x5C,0xD1,0xD1,0xED,0x53,0x3D,0x5C,0xDD,0xE5,0xE5,0x11,0xD1,
    0x38,0xD5,0xE9,0x38,0x09,0x28,0x04,0x3E,0x07,0x18,0x3E,0xE1,0x18,0xEF,0xFE,0x0D,
    0x28,0x0E,0x2A,0x5A,0x5B,0xE5,0xEF,0x85,0x0F,0xE1,0x22,0x5A,0x5B,0xE1,0x18,0xDD,
    0xE1,0xDD,0xE1,0x21,0xFE,0x15,0xE5,0xC3,0x5B,0x11,0xFE,0x15,0xD5,0xCD,0x16,0x39,
    0xDA,0x5B,0xCA,0x5B,0x18,0xCE,0x11,0xFE,0x15,0xD5,0x78,0xDD,0xE5,0xCD,0x16,0x39,
    0xDD,0xE1,0xC3,0x5B,0xE9,0x2A,0x5D,0x5C,0x22,0x5F,0x5C,0x6F,0xEF,0x55,0xCD,0x80,
    0x3E,0x6E,0x1F,0xC9,0xCD,0x80,0x3E,0x70,0x1E,0xC9,0x2A,0x51,0x5C,0x7E,0xFE,0x20,
    0x32,0x23,0x7E,0x2B,0xFE,0x5B,0x20,0x2B,0x23,0x23,0x23,0x23,0x7E,0x23,0xFE,0x50,
    0x20,0x0F,0x7B,0xFE,0x04,0x28,0x51,0xFE,0x02,0xCA,0x27,0x39,0xD9,0x79,0xC3,0x21,
    0x39,0x7B,0x19,0x5E,0x23,0x56,0xD5,0xFE,0x02,0x28,0x03,0xD9,0x79,0xC9,0x21,0x96,
    0x39,0xE3,0xE9,0x7B,0xFE,0x04,0x28,0x30,0x19,0x5E,0x23,0x56,0x2A,0x5A,0x5B,0xE5,
    0xFE,0x02,0x28,0x11,0x21,0x85,0x39,0x22,0x5A,0x5B,0xEB,0xD9,0x79,0xD9,0xC3,0xAE,
    0x22,0x5A,0x5B,0xC9,0x21,0x93,0x39,0x22,0x5A,0x5B,0xEB,0xC3,0xAE,0x22,0x5A,0x5B,
    0xD8,0x11,0x02,0x18,0x91,0x3E,0x12,0xC3,0x17,0x39,0x2A,0x51,0x5C,0x11,0x0D,0x19,
    0x7E,0xE5,0x2A,0x4B,0x5C,0x4F,0x7E,0xFE,0x80,0x28,0xE9,0xB9,0x28,0x08,0xC5,0xEF,
    0xB8,0x19,0xC1,0xEB,0x18,0xF0,0x23,0x23,0x23,0x7E,0x23,0x3D,0x20,0xD6,0x4E,0x23,
    0x46,0x23,0xEB,0xE1,0x23,0x7E,0x23,0x66,0x6F,0xE5,0xA7,0xED,0x42,0xE1,0xC9,0xCD,
    0xA1,0x39,0xD2,0xD5,0x38,0x19,0x7E,0x2A,0x51,0x5C,0x11,0x0E,0x19,0x5E,0x23,0x56,
    0x13,0x72,0x2B,0x73,0x37,0xC9,0xF5,0xCD,0xA1,0x39,0xD2,0xD5,0x38,0x19,0xF1,0x77,
    0x18,0xE4,0xE5,0xD5,0x78,0xF5,0xCD,0xA1,0x39,0xF1,0xA7,0x20,0x06,0xC1,0xC1,0x11,
    0xC9,0x3D,0x20,0x1A,0xE1,0x7C,0xB5,0xC2,0xD5,0x38,0xE1,0xA7,0xED,0x42,0xD2,0xD5,
    0x38,0x09,0xEB,0x2A,0x51,0x5C,0x01,0x0E,0x09,0x73,0x23,0x72,0xC9,0xE1,0xE1,0x60,
    0x69,0x11,0xC9,0x2A,0x51,0x5C,0x11,0x0D,0x19,0x46,0xE1,0xCD,0xCC,0x05,0xE9,0xD9,
    0xCD,0x41,0x3E,0xC5,0xD9,0x78,0xC1,0xA7,0x28,0x0A,0x3D,0x28,0x10,0xCD,0xC9,0x3E,
    0x39,0x01,0x18,0x05,0xCD,0xC9,0x3E,0x33,0x01,0x16,0x18,0x7D,0xCD,0xC9,0x3E,0x36,
    0x01,0x18,0x76,0xCD,0x41,0x3E,0xCD,0xC9,0x3E,0x18,0x01,0x79,0x18,0x6B,0x22,0x52,
    0x5B,0xED,0x43,0x54,0x5B,0xF5,0xE1,0x22,0x56,0x5B,0xE3,0x4E,0x23,0x46,0x23,0xE3,
    0x21,0x63,0x3F,0x18,0x35,0x4F,0xCD,0x41,0x3E,0xCD,0xC9,0x3E,0x1B,0x01,0xCD,0xA7,
    0x05,0xD8,0x3E,0x12,0xC3,0x17,0x39,0x21,0x42,0x3F,0xE5,0xC5,0xE1,0x3A,0x5C,0x5B,
    0xE6,0xEF,0xF3,0x32,0x5C,0x5B,0x01,0xFD,0x7F,0xED,0x79,0x3A,0x67,0x5B,0xF6,0x04,
    0x32,0x67,0x5B,0x01,0xFD,0x1F,0xED,0x79,0xFB,0xC5,0xF5,0x3A,0x67,0x5B,0xE6,0xFB,
    0xF3,0x32,0x67,0x5B,0x01,0xFD,0x1F,0xED,0x79,0xFB,0xF1,0xC1,0xC9,0xD9,0xE5,0xC5,
    0xE5,0x2A,0x5A,0x5B,0xE3,0xEF,0xE8,0x19,0xE1,0x22,0x5A,0x5B,0xC1,0xE1,0xED,0x5B,
    0x4F,0x5C,0xA7,0xED,0x52,0xE5,0x3E,0x13,0x21,0x10,0x5C,0x5E,0x23,0x56,0xE3,0xA7,
    0xED,0x52,0x19,0x30,0x05,0xEB,0xA7,0xED,0x42,0xEB,0xE3,0x2B,0x73,0x23,0x72,0x23,
    0x3D,0x20,0xE8,0xE1,0xC9,0xD9,0xE5,0xC5,0xE5,0x2A,0x5A,0x5B,0xE3,0xEF,0x55,0x16,
    0xE1,0x22,0x5A,0x5B,0x2A,0x57,0x5C,0xED,0x5B,0x53,0x5C,0x1B,0xA7,0xED,0x52,0x30,
    0x04,0xED,0x53,0x57,0x5C,0xC1,0xE1,0xED,0x5B,0x4F,0x5C,0xA7,0xED,0x52,0xE5,0x3E,
    0x13,0x21,0x10,0x5C,0x5E,0x23,0x56,0xE3,0xA7,0xED,0x52,0x19,0x30,0x04,0xEB,0xA7,
    0x09,0xEB,0xE3,0x2B,0x73,0x23,0x72,0x23,0x3D,0x20,0xE9,0xE1,0xC9,0xC3,0x87,0x21,
    0x00,0x00,0x00,0x00,0x00,0x00,
};

__attribute__((aligned(4))) const unsigned char gb_overlay_plus3e_rom1[] = {
    0x52,0x50,0x4F,0x31,0x00,0x40,0x00,0x00,0xBF,0x01,0x00,0x00,0x09,0x00,0x01,0x00,
    0x00,0x00,0x56,0x00,0x07,0x00,0x01,0x00,0x5E,0x00,0x06,0x00,0x08,0x00,0x76,0x02,
    0x08,0x00,0x0E,0x00,0x82,0x02,0x01,0x00,0x16,0x00,0x8E,0x02,0x01,0x00,0x17,0x00,
    0x99,0x02,0x01,0x00,0x18,0x00,0xA8,0x02,0x01,0x00,0x19,0x00,0xAC,0x02,0x01,0x00,
    0x1A,0x00,0xB9,0x02,0x01,0x00,0x1B,0x00,0xBC,0x02,0x01,0x00,0x1C,0x00,0xCC,0x02,
    0x01,0x00,0x1D,0x00,0xCF,0x02,0x01,0x00,0x1E,0x00,0xD9,0x02,0x01,0x00,0x1F,0x00,
    0xE1,0x02,0x01,0x00,0x20,0x00,0xE6,0x02,0x01,0x00,0x21,0x00,0xE9,0x02,0x01,0x00,
    0x22,0x00,0xEE,0x02,0x01,0x00,0x23,0x00,0xF6,0x02,0x01,0x00,0x24,0x00,0x03,0x03,
    0x01,0x00,0x25,0x00,0x0F,0x03,0x01,0x00,0x26,0x00,0x12,0x03,0x01,0x00,0x27,0x00,
    0x1A,0x03,0x01,0x00,0x28,0x00,0x22,0x03,0x01,0x00,0x29,0x00,0x27,0x03,0x01,0x00,
    0x2A,0x00,0x2A,0x03,0x01,0x00,0x2B,0x00,0x2F,0x03,0x01,0x00,0x2C,0x00,0x37,0x03,
    0x01,0x00,0x2D,0x00,0x3C,0x03,0x01,0x00,0x2E,0x00,0x3F,0x03,0x01,0x00,0x2F,0x00,
    0x52,0x03,0x01,0x00,0x30,0x00,0x5A,0x03,0x01,0x00,0x31,0x00,0x5F,0x03,0x01,0x00,
    0x32,0x00,0x62,0x03,0x01,0x00,0x33,0x00,0x6C,0x03,0x01,0x00,0x34,0x00,0xEF,0x03,
    0x01,0x00,0x35,0x00,0xFA,0x03,0x01,0x00,0x36,0x00,0x52,0x04,0x01,0x00,0x37,0x00,
    0x6C,0x04,0x02,0x00,0x38,0x00,0x6F,0x04,0x07,0x00,0x3A,0x00,0x77,0x04,0x02,0x00,
    0x41,0x00,0x7A,0x04,0x01,0x00,0x43,0x00,0x7C,0x04,0x1D,0x00,0x44,0x00,0x9E,0x04,
    0x10,0x00,0x61,0x00,0xAF,0x04,0x02,0x00,0x71,0x00,0xB2,0x04,0x0B,0x00,0x73,0x00,
    0xBE,0x04,0x20,0x00,0x7E,0x00,0xDF,0x04,0x05,0x00,0x9E,0x00,0xED,0x04,0x01,0x00,
    0xA3,0x00,0x03,0x05,0x01,0x00,0xA4,0x00,0x0A,0x05,0x01,0x00,0xA5,0x00,0x15,0x05,
    0x01,0x00,0xA6,0x00,0x1F,0x05,0x01,0x00,0xA7,0x00,0x25,0x05,0x01,0x00,0xA8,0x00,
    0x2C,0x05,0x01,0x00,0xA9,0x00,0x2F,0x05,0x01,0x00,0xAA,0x00,0x37,0x05,0x01,0x00,
    0xAB,0x00,0x3A,0x05,0x01,0x00,0xAC,0x00,0x3E,0x05,0x01,0x00,0xAD,0x00,0x48,0x05,
    0x01,0x00,0xAE,0x00,0x5E,0x05,0x01,0x00,0xAF,0x00,0x6B,0x05,0x01,0x00,0xB0,0x00,
    0x76,0x05,0x01,0x00,0xB1,0x00,0x7C,0x05,0x01,0x00,0xB2,0x00,0xA3,0x05,0x01,0x00,
    0xB3,0x00,0xA6,0x05,0x01,0x00,0xB4,0x00,0xAE,0x05,0x01,0x00,0xB5,0x00,0xB1,0x05,
    0x01,0x00,0xB6,0x00,0xB5,0x05,0x01,0x00,0xB7,0x00,0xCD,0x05,0x01,0x00,0xB8,0x00,
    0xD1,0x05,0x01,0x00,0xB9,0x00,0xD5,0x05,0x05,0x00,0xBA,0x00,0xEF,0x05,0x01,0x00,
    0xBF,0x00,0xF3,0x05,0x05,0x00,0xC0,0x00,0x0B,0x06,0x01,0x00,0xC5,0x00,0x18,0x06,
    0x01,0x00,0xC6,0x00,0x1E,0x06,0x0B,0x00,0xC7,0x00,0x2A,0x06,0x20,0x01,0xD2,0x00,
    0x4B,0x07,0x6F,0x00,0xF2,0x01,0xBB,0x07,0x52,0x00,0x61,0x02,0x0E,0x08,0x0A,0x00,
    0xB3,0x02,0x19,0x08,0x17,0x00,0xBD,0x02,0x31,0x08,0x02,0x00,0xD4,0x02,0x34,0x08,
    0xAC,0x00,0xD6,0x02,0xE1,0x08,0x01,0x00,0x82,0x03,0xE3,0x08,0x0F,0x00,0x83,0x03,
    0xF3,0x08,0x01,0x00,0x92,0x03,0xF7,0x08,0x03,0x00,0x93,0x03,0xFB,0x08,0x02,0x00,
    0x96,0x03,0x0E,0x09,0x31,0x00,0x98,0x03,0x40,0x09,0x01,0x00,0xC9,0x03,0x42,0x09,
    0x12,0x00,0xCA,0x03,0x55,0x09,0x01,0x00,0xDC,0x03,0x57,0x09,0x0A,0x00,0xDD,0x03,
    0x62,0x09,0x3A,0x00,0xE7,0x03,0x9D,0x09,0x6C,0x00,0x21,0x04,0x0A,0x0A,0x27,0x00,
    0x8D,0x04,0x32,0x0A,0x85,0x00,0xB4,0x04,0xB8,0x0A,0x33,0x00,0x39,0x05,0xEC,0x0A,
    0x23,0x01,0x6C,0x05,0x11,0x0C,0x29,0x00,0x8F,0x06,0x3C,0x0C,0x17,0x00,0xB8,0x06,
    0x55,0x0C,0x6C,0x00,0xCF,0x06,0xC2,0x0C,0x79,0x00,0x3B,0x07,0x3C,0x0D,0x1E,0x00,
    0xB4,0x07,0x5B,0x0D,0xCB,0x00,0xD2,0x07,0x27,0x0E,0x31,0x00,0x9D,0x08,0x59,0x0E,
    0x18,0x00,0xCE,0x08,0x72,0x0E,0x2E,0x00,0xE6,0x08,0xA1,0x0E,0x46,0x00,0x14,0x09,
    0xE8,0x0E,0x0E,0x00,0x5A,0x09,0xFC,0x0E,0x86,0x00,0x68,0x09,0x85,0x0F,0x09,0x00,
    0xEE,0x09,0x93,0x0F,0x23,0x01,0xF7,0x09,0xB7,0x10,0xCC,0x00,0x1A,0x0B,0x84,0x11,
    0x79,0x00,0xE6,0x0B,0xFE,0x11,0xC1,0x00,0x5F,0x0C,0xC0,0x12,0x28,0x00,0x20,0x0D,
    0xE9,0x12,0x01,0x00,0x48,0x0D,0xF0,0x12,0x02,0x00,0x49,0x0D,0xF3,0x12,0x02,0x00,
    0x4B,0x0D,0xFA,0x12,0x01,0x00,0x4D,0x0D,0x02,0x13,0x01,0x00,0x4E,0x0D,0x06,0x13,
    0x01,0x00,0x4F,0x0D,0x0E,0x13,0x01,0x00,0x50,0x0D,0x11,0x13,0x01,0x00,0x51,0x0D,
    0x32,0x13,0x01,0x00,0x52,0x0D,0x42,0x13,0x01,0x00,0x53,0x0D,0x57,0x13,0x01,0x00,
    0x54,0x0D,0x81,0x13,0x01,0x00,0x55,0x0D,0x84,0x13,0x01,0x00,0x56,0x0D,0x8A,0x13,
    0x01,0x00,0x57,0x0D,0x92,0x13,0x01,0x00,0x58,0x0D,0x95,0x13,0x01,0x00,0x59,0x0D,
    0xB8,0x13,0x02,0x00,0x5A,0x0D,0xC7,0x13,0x01,0x00,0x5C,0x0D,0xE8,0x13,0x01,0x00,
    0x5D,0x0D,0xF8,0x13,0x01,0x00,0x5E,0x0D,0x0D,0x14,0x01,0x00,0x5F,0x0D,0x37,0x14,
    0x01,0x00,0x60,0x0D,0x72,0x14,0x01,0x00,0x61,0x0D,0xE2,0x14,0x42,0x00,0x62,0x0D,
    0x5E,0x15,0x01,0x00,0xA4,0x0D,0x6B,0x15,0x01,0x00,0xA5,0x0D,0x52,0x17,0x01,0x00,
    0xA6,0x0D,0x41,0x1A,0x01,0x00,0xA7,0x0D,0x05,0x1B,0x01,0x00,0xA8,0x0D,0x0D,0x1B,
    0x01,0x00,0xA9,0x0D,0x15,0x1B,0x01,0x00,0xAA,0x0D,0x1D,0x1B,0x01,0x00,0xAB,0x0D,
    0x25,0x1B,0x01,0x00,0xAC,0x0D,0x2D,0x1B,0x01,0x00,0xAD,0x0D,0xD9,0x1D,0x29,0x00,
    0xAE,0x0D,0x1F,0x1E,0x01,0x00,0xD7,0x0D,0x22,0x1E,0x01,0x00,0xD8,0x0D,0x2D,0x1E,
    0x01,0x00,0xD9,0x0D,0x8A,0x1E,0x01,0x00,0xDA,0x0D,0x08,0x20,0x01,0x00,0xDB,0x0D,
    0x1B,0x20,0x01,0x00,0xDC,0x0D,0x68,0x20,0x01,0x00,0xDD,0x0D,0xAA,0x20,0x01,0x00,
    0xDE,0x0D,0xBF,0x20,0x0B,0x00,0xDF,0x0D,0x8C,0x21,0x01,0x00,0xEA,0x0D,0xA4,0x21,
    0x01,0x00,0xEB,0x0D,0xB8,0x21,0x42,0x00,0xEC,0x0D,0xFB,0x21,0x2F,0x00,0x2E,0x0E,
    0x2B,0x22,0x1D,0x00,0x5D,0x0E,0x49,0x22,0x36,0x00,0x7A,0x0E,0x80,0x22,0x19,0x00,
    0xB0,0x0E,0x9A,0x22,0x09,0x00,0xC9,0x0E,0xA4,0x22,0x02,0x00,0xD2,0x0E,0xA7,0x22,
    0x01,0x00,0xD4,0x0E,0xAA,0x22,0x02,0x00,0xD5,0x0E,0xAD,0x22,0x06,0x00,0xD7,0x0E,
    0xB4,0x22,0x1D,0x00,0xDD,0x0E,0xD2,0x22,0x12,0x01,0xFA,0x0E,0xE5,0x23,0x2B,0x00,
    0x0C,0x10,0x11,0x24,0x01,0x00,0x37,0x10,0x13,0x24,0x0D,0x00,0x38,0x10,0x21,0x24,
    0x03,0x00,0x45,0x10,0x25,0x24,0x0D,0x00,0x48,0x10,0x33,0x24,0x07,0x00,0x55,0x10,
    0x3B,0x24,0x37,0x00,0x5C,0x10,0x73,0x24,0x02,0x00,0x93,0x10,0x76,0x24,0x22,0x00,
    0x95,0x10,0x99,0x24,0x02,0x00,0xB7,0x10,0x9C,0x24,0x2D,0x00,0xB9,0x10,0xCA,0x24,
    0x09,0x00,0xE6,0x10,0xD4,0x24,0x0F,0x00,0xEF,0x10,0xE4,0x24,0x0B,0x00,0xFE,0x10,
    0x07,0x25,0x01,0x00,0x09,0x11,0x0A,0x25,0x01,0x00,0x0A,0x11,0x0D,0x25,0x01,0x00,
    0x0B,0x11,0x12,0x25,0x01,0x00,0x0C,0x11,0x17,0x25,0x01,0x00,0x0D,0x11,0x1C,0x25,
    0x01,0x00,0x0E,0x11,0x1F,0x25,0x01,0x00,0x0F,0x11,0x22,0x25,0x01,0x00,0x10,0x11,
    0x25,0x25,0x01,0x00,0x11,0x11,0x2B,0x25,0x01,0x00,0x12,0x11,0x30,0x25,0x01,0x00,
    0x13,0x11,0x33,0x25,0x01,0x00,0x14,0x11,0x36,0x25,0x01,0x00,0x15,0x11,0x3B,0x25,
    0x01,0x00,0x16,0x11,0x40,0x25,0x01,0x00,0x17,0x11,0x48,0x25,0x01,0x00,0x18,0x11,
    0x4F,0x25,0x01,0x00,0x19,0x11,0x57,0x25,0x01,0x00,0x1A,0x11,0x5A,0x25,0x01,0x00,
    0x1B,0x11,0x7A,0x25,0x01,0x00,0x1C,0x11,0x8A,0x25,0x01,0x00,0x1D,0x11,0x9F,0x25,
    0x01,0x00,0x1E,0x11,0xC9,0x25,0x01,0x00,0x1F,0x11,0xD6,0x25,0x01,0x00,0x20,0x11,
    0x2D,0x26,0x01,0x00,0x21,0x11,0x93,0x26,0x01,0x00,0x22,0x11,0xA2,0x26,0x01,0x00,
    0x23,0x11,0xC7,0x26,0x01,0x00,0x24,0x11,0xD7,0x26,0x01,0x00,0x25,0x11,0x05,0x27,
    0x01,0x00,0x26,0x11,0x07,0x27,0x01,0x00,0x27,0x11,0x09,0x27,0x01,0x00,0x28,0x11,
    0x0B,0x27,0x01,0x00,0x29,0x11,0x0D,0x27,0x01,0x00,0x2A,0x11,0x0F,0x27,0x01,0x00,
    0x2B,0x11,0x11,0x27,0x01,0x00,0x2C,0x11,0x13,0x27,0x01,0x00,0x2D,0x11,0x15,0x27,
    0x01,0x00,0x2E,0x11,0x17,0x27,0x01,0x00,0x2F,0x11,0x19,0x27,0x03,0x00,0x30,0x11,
    0x1D,0x27,0x01,0x00,0x33,0x11,0x1F,0x27,0x01,0x00,0x34,0x11,0x21,0x27,0x01,0x00,
    0x35,0x11,0x23,0x27,0x01,0x00,0x36,0x11,0x25,0x27,0x01,0x00,0x37,0x11,0x27,0x27,
    0x01,0x00,0x38,0x11,0x29,0x27,0x01,0x00,0x39,0x11,0x2B,0x27,0x01,0x00,0x3A,0x11,
    0x2D,0x27,0x01,0x00,0x3B,0x11,0x2F,0x27,0x01,0x00,0x3C,0x11,0x31,0x27,0x01,0x00,
    0x3D,0x11,0x33,0x27,0x01,0x00,0x3E,0x11,0x35,0x27,0x01,0x00,0x3F,0x11,0x37,0x27,
    0x01,0x00,0x40,0x11,0x39,0x27,0x01,0x00,0x41,0x11,0x3B,0x27,0x01,0x00,0x42,0x11,
    0x3D,0x27,0x03,0x00,0x43,0x11,0x41,0x27,0x01,0x00,0x46,0x11,0x43,0x27,0x01,0x00,
    0x47,0x11,0x45,0x27,0x01,0x00,0x48,0x11,0x47,0x27,0x01,0x00,0x49,0x11,0x49,0x27,
    0x01,0x00,0x4A,0x11,0x4B,0x27,0x01,0x00,0x4B,0x11,0x4D,0x27,0x01,0x00,0x4C,0x11,
    0x4F,0x27,0x01,0x00,0x4D,0x11,0x51,0x27,0x01,0x00,0x4E,0x11,0x53,0x27,0x01,0x00,
    0x4F,0x11,0x55,0x27,0x01,0x00,0x50,0x11,0x57,0x27,0x01,0x00,0x51,0x11,0x59,0x27,
    0x01,0x00,0x52,0x11,0x5B,0x27,0x01,0x00,0x53,0x11,0x5D,0x27,0x03,0x00,0x54,0x11,
    0x61,0x27,0x01,0x00,0x57,0x11,0x63,0x27,0x01,0x00,0x58,0x11,0x65,0x27,0x01,0x00,
    0x59,0x11,0x67,0x27,0x01,0x00,0x5A,0x11,0x69,0x27,0x01,0x00,0x5B,0x11,0x6B,0x27,
    0x01,0x00,0x5C,0x11,0x6D,0x27,0x20,0x00,0x5D,0x11,0x8E,0x27,0x0A,0x00,0x7D,0x11,
    0x99,0x27,0x41,0x00,0x87,0x11,0xDB,0x27,0x10,0x00,0xC8,0x11,0xEC,0x27,0x22,0x00,
    0xD8,0x11,0x0F,0x28,0x18,0x00,0xFA,0x11,0x28,0x28,0x3D,0x00,0x12,0x12,0x66,0x28,
    0x56,0x00,0x4F,0x12,0xBE,0x28,0x23,0x00,0xA5,0x12,0xE2,0x28,0x07,0x00,0xC8,0x12,
    0xEA,0x28,0x01,0x00,0xCF,0x12,0xEC,0x28,0x1C,0x00,0xD0,0x12,0x0A,0x29,0x23,0x00,
    0xEC,0x12,0x2E,0x29,0x02,0x00,0x0F,0x13,0x31,0x29,0x02,0x00,0x11,0x13,0x34,0x29,
    0x29,0x00,0x13,0x13,0x5E,0x29,0x0B,0x00,0x3C,0x13,0x6A,0x29,0x02,0x00,0x47,0x13,
    0x6D,0x29,0x0A,0x00,0x49,0x13,0x78,0x29,0x12,0x00,0x53,0x13,0x8B,0x29,0x07,0x00,
    0x65,0x13,0x93,0x29,0x01,0x00,0x6C,0x13,0x95,0x29,0x08,0x00,0x6D,0x13,0x9E,0x29,
    0x14,0x00,0x75,0x13,0xB3,0x29,0x2C,0x00,0x89,0x13,0xE0,0x29,0x0F,0x00,0xB5,0x13,
    0xF0,0x29,0x13,0x00,0xC4,0x13,0x04,0x2A,0x08,0x00,0xD7,0x13,0x0D,0x2A,0x0B,0x00,
    0xDF,0x13,0x19,0x2A,0x34,0x00,0xEA,0x13,0x4E,0x2A,0x12,0x00,0x1E,0x14,0x66,0x2A,
    0x13,0x00,0x30,0x14,0x7A,0x2A,0x01,0x00,0x43,0x14,0x7C,0x2A,0x05,0x00,0x44,0x14,
    0x82,0x2A,0x19,0x00,0x49,0x14,0x9C,0x2A,0x14,0x00,0x62,0x14,0xB1,0x2A,0x8C,0x00,
    0x76,0x14,0x3E,0x2B,0x00,0x01,0x02,0x15,0x3F,0x2C,0x02,0x00,0x02,0x16,0x43,0x2C,
    0x01,0x00,0x04,0x16,0x45,0x2C,0x20,0x00,0x05,0x16,0x67,0x2C,0x01,0x00,0x25,0x16,
    0x69,0x2C,0x12,0x00,0x26,0x16,0x7C,0x2C,0x9F,0x00,0x38,0x16,0x1C,0x2D,0x38,0x00,
    0xD7,0x16,0x55,0x2D,0x10,0x00,0x0F,0x17,0x66,0x2D,0x04,0x00,0x1F,0x17,0x6B,0x2D,
    0x1C,0x00,0x23,0x17,0x88,0x2D,0x17,0x00,0x3F,0x17,0xA0,0x2D,0x1E,0x00,0x56,0x17,
    0xBF,0x2D,0x1C,0x00,0x74,0x17,0xDC,0x2D,0x46,0x00,0x90,0x17,0x23,0x2E,0x1C,0x00,
    0xD6,0x17,0x41,0x2E,0x01,0x00,0xF2,0x17,0x43,0x2E,0x04,0x00,0xF3,0x17,0x48,0x2E,
    0x87,0x00,0xF7,0x17,0xD0,0x2E,0x0A,0x00,0x7E,0x18,0xDB,0x2E,0x0F,0x00,0x88,0x18,
    0xEB,0x2E,0x05,0x00,0x97,0x18,0xF1,0x2E,0x01,0x00,0x9C,0x18,0xF3,0x2E,0x35,0x00,
    0x9D,0x18,0x29,0x2F,0x22,0x00,0xD2,0x18,0x4C,0x2F,0x09,0x00,0xF4,0x18,0x56,0x2F,
    0x01,0x00,0xFD,0x18,0x58,0x2F,0x12,0x00,0xFE,0x18,0x6B,0x2F,0x01,0x00,0x10,0x19,
    0x70,0x2F,0x01,0x00,0x11,0x19,0x73,0x2F,0x01,0x00,0x12,0x19,0x75,0x2F,0x17,0x00,
    0x13,0x19,0x8D,0x2F,0x20,0x00,0x2A,0x19,0xAE,0x2F,0x3E,0x00,0x4A,0x19,0xED,0x2F,
    0x14,0x00,0x88,0x19,0x02,0x30,0x01,0x00,0x9C,0x19,0x04,0x30,0x17,0x00,0x9D,0x19,
    0x1C,0x30,0x06,0x00,0xB4,0x19,0x23,0x30,0x14,0x00,0xBA,0x19,0x38,0x30,0x6A,0x00,
    0xCE,0x19,0xA3,0x30,0x75,0x00,0x38,0x1A,0x19,0x31,0x39,0x00,0xAD,0x1A,0x53,0x31,
    0x0B,0x00,0xE6,0x1A,0x5F,0x31,0x23,0x00,0xF1,0x1A,0x83,0x31,0x2B,0x00,0x14,0x1B,
    0xAF,0x31,0x24,0x00,0x3F,0x1B,0xD4,0x31,0x46,0x00,0x63,0x1B,0x1B,0x32,0x24,0x00,
    0xA9,0x1B,0x40,0x32,0x01,0x01,0xCD,0x1B,0x42,0x33,0x71,0x00,0xCE,0x1C,0xB4,0x33,
    0x36,0x00,0x3F,0x1D,0xEB,0x33,0x2E,0x00,0x75,0x1D,0x1A,0x34,0xE6,0x00,0xA3,0x1D,
    0x01,0x35,0x0E,0x00,0x89,0x1E,0x10,0x35,0x9B,0x00,0x97,0x1E,0xAC,0x35,0x0B,0x00,
    0x32,0x1F,0xB8,0x35,0x04,0x00,0x3D,0x1F,0xBD,0x35,0x03,0x00,0x41,0x1F,0xC1,0x35,
    0x02,0x00,0x44,0x1F,0xC4,0x35,0x40,0x00,0x46,0x1F,0x05,0x36,0x28,0x01,0x86,0x1F,
    0x2E,0x37,0x02,0x00,0xAE,0x20,0x31,0x37,0x44,0x00,0xB0,0x20,0x76,0x37,0x06,0x00,
    0xF4,0x20,0x7D,0x37,0x22,0x00,0xFA,0x20,0xA0,0x37,0x06,0x00,0x1C,0x21,0xA7,0x37,
    0x25,0x00,0x22,0x21,0xCD,0x37,0x38,0x00,0x47,0x21,0x06,0x38,0x02,0x00,0x7F,0x21,
    0x09,0x38,0x0B,0x00,0x81,0x21,0x15,0x38,0x04,0x00,0x8C,0x21,0x1A,0x38,0x02,0x00,
    0x90,0x21,0x1D,0x38,0x1C,0x00,0x92,0x21,0x3A,0x38,0x19,0x00,0xAE,0x21,0x54,0x38,
    0x66,0x00,0xC7,0x21,0xBB,0x38,0x02,0x00,0x2D,0x22,0xBE,0x38,0x15,0x00,0x2F,0x22,
    0xD4,0x38,0x02,0x00,0x44,0x22,0xD7,0x38,0x1C,0x00,0x46,0x22,0xF4,0x38,0x02,0x00,
    0x62,0x22,0xF7,0x38,0x2A,0x00,0x64,0x22,0x22,0x39,0x02,0x00,0x8E,0x22,0x25,0x39,
    0x10,0x00,0x90,0x22,0x36,0x39,0x02,0x00,0xA0,0x22,0x39,0x39,0x88,0x00,0xA2,0x22,
    0xC2,0x39,0x02,0x00,0x2A,0x23,0xC5,0x39,0x7C,0x00,0x2C,0x23,0x43,0x3A,0x19,0x00,
    0xA8,0x23,0x5D,0x3A,0x1D,0x00,0xC1,0x23,0x7B,0x3A,0x0D,0x00,0xDE,0x23,0x89,0x3A,
    0x0E,0x00,0xEB,0x23,0x98,0x3A,0x13,0x00,0xF9,0x23,0xAD,0x3A,0x09,0x00,0x0C,0x24,
    0xB7,0x3A,0x02,0x00,0x15,0x24,0xBA,0x3A,0x0E,0x00,0x17,0x24,0xC9,0x3A,0x71,0x00,
    0x25,0x24,0x3B,0x3B,0x7A,0x00,0x96,0x24,0xB6,0x3B,0x17,0x00,0x10,0x25,0xCE,0x3B,
    0x1F,0x00,0x27,0x25,0xEE,0x3B,0x3C,0x00,0x46,0x25,0x2B,0x3C,0x02,0x00,0x82,0x25,
    0x2E,0x3C,0x19,0x00,0x84,0x25,0x48,0x3C,0x09,0x00,0x9D,0x25,0x52,0x3C,0x04,0x00,
    0xA6,0x25,0x57,0x3C,0x05,0x00,0xAA,0x25,0x5D,0x3C,0x05,0x00,0xAF,0x25,0x63,0x3C,
    0x04,0x00,0xB4,0x25,0x68,0x3C,0x07,0x00,0xB8,0x25,0x70,0x3C,0x06,0x00,0xBF,0x25,
    0x77,0x3C,0x02,0x00,0xC5,0x25,0x7A,0x3C,0x10,0x00,0xC7,0x25,0x8B,0x3C,0x08,0x00,
    0xD7,0x25,0x94,0x3C,0x07,0x00,0xDF,0x25,0x9C,0x3C,0x05,0x00,0xE6,0x25,0xA2,0x3C,
    0x05,0x00,0xEB,0x25,0xA8,0x3C,0x04,0x00,0xF0,0x25,0xAD,0x3C,0x08,0x00,0xF4,0x25,
    0xB6,0x3C,0x07,0x00,0xFC,0x25,0xBF,0x3C,0x01,0x00,0x03,0x26,0xC5,0x3C,0x02,0x00,
    0x04,0x26,0xCA,0x3C,0x01,0x00,0x06,0x26,0xCD,0x3C,0x02,0x00,0x07,0x26,0xD1,0x3C,
    0x01,0x00,0x09,0x26,0xD4,0x3C,0x01,0x00,0x0A,0x26,0xDB,0x3C,0x14,0x00,0x0B,0x26,
    0xF0,0x3C,0x02,0x00,0x1F,0x26,0xF3,0x3C,0x3D,0x00,0x21,0x26,0x31,0x3D,0x28,0x00,
    0x5E,0x26,0x5A,0x3D,0x02,0x00,0x86,0x26,0x5D,0x3D,0x23,0x00,0x88,0x26,0x81,0x3D,
    0x02,0x00,0xAB,0x26,0x84,0x3D,0x16,0x00,0xAD,0x26,0x9B,0x3D,0x02,0x00,0xC3,0x26,
    0x9E,0x3D,0x0A,0x00,0xC5,0x26,0xA9,0x3D,0x02,0x00,0xCF,0x26,0xAC,0x3D,0x0E,0x00,
    0xD1,0x26,0xBC,0x3D,0x04,0x00,0xDF,0x26,0xC9,0x3E,0x13,0x00,0xE3,0x26,0xDD,0x3E,
    0x10,0x00,0xF6,0x26,0x12,0x3F,0x22,0x00,0x06,0x27,0xB1,0x3F,0x44,0x00,0x28,0x27,
    0xFF,0x3F,0x01,0x00,0x6C,0x27,0xC8,0x53,0x74,0x61,0x72,0x74,0x3A,0x20,0x73,0x79,
    0x73,0x74,0x65,0x6D,0xCA,0x02,0x1E,0xFE,0xCC,0xCA,0xD9,0x1D,0xB0,0xC8,0xC8,0xC8,
    0x73,0x4E,0xC8,0x4E,0xC8,0x13,0x4B,0x4E,0x99,0x13,0x4B,0x4E,0x4E,0x99,0x13,0x4B,
    0x4E,0x99,0x13,0x4B,0x4E,0x99,0x13,0x4B,0x4E,0x99,0x4E,0xB0,0xB0,0xC8,0x38,0xC5,
    0x3E,0xFD,0xEF,0x01,0x16,0xD1,0xC1,0xC9,0x3F,0xCD,0xCD,0xD6,0x04,0x21,0xD0,0x3F,
    0xCD,0xCD,0x04,0x21,0x3B,0x5C,0xCB,0xAE,0xCB,0x6E,0x28,0xFC,0xCB,0xAE,0x3A,0x08,
    0x5C,0xE6,0xDF,0xFE,0x4E,0x20,0x06,0xC9,0xFE,0x59,0x28,0x02,0x18,0xE0,0xEF,0x6E,
    0x0D,0xD1,0xC1,0x21,0x01,0xED,0xEB,0x63,0x3F,0x73,0x2B,0x3E,0xFF,0x12,0x21,0x01,
    0xED,0xCD,0x13,0x32,0x00,0x3F,0x24,0x01,0xCD,0x4B,0x32,0xCD,0x4E,0x2B,0xD8,0xCD,
    0x99,0x0E,0xFF,0x7E,0xB7,0xC8,0x23,0xEF,0x10,0x00,0x18,0xF7,0x1A,0xEF,0x10,0x00,
    0x13,0x0B,0x78,0xB1,0xF6,0xC9,0x00,0x00,0x00,0xC8,0x73,0x4E,0xC8,0x73,0x4E,0x73,
    0x13,0x4B,0x4E,0x99,0xC8,0xC8,0xC8,0x73,0x4E,0x73,0x13,0x4B,0x4E,0x99,0x64,0x60,
    0x5C,0xC3,0x0D,0x3A,0x00,0x42,0x3E,0xC3,0x1A,0x3A,0x00,0xB0,0x12,0xFE,0x41,0x38,
    0x09,0xFE,0x5B,0x30,0x05,0x32,0x0B,0x5C,0x04,0xAF,0x32,0x0B,0x5C,0xC1,0x18,0x18,
    0xEF,0x18,0x00,0xFE,0xB9,0x20,0x08,0x21,0x66,0x5B,0xCB,0xF6,0xEF,0x20,0x00,0xCD,
    0xB0,0x10,0xAF,0x32,0x0B,0x5C,0x47,0x4F,0x79,0x3D,0x3D,0xB0,0x20,0x11,0x13,0x1A,
    0x1B,0xFE,0x3A,0x20,0x0A,0x1A,0xE6,0xDF,0xFE,0x54,0x20,0x03,0xC3,0x23,0x34,0x21,
    0x01,0xED,0xEB,0xC5,0x78,0xB1,0x28,0x03,0xCD,0x63,0x3F,0xC1,0x21,0x01,0xED,0x09,
    0xCD,0x73,0x2B,0x36,0xFF,0x21,0x11,0xED,0x11,0x12,0xED,0x01,0x0B,0x00,0x70,0xED,
    0xB0,0x06,0x40,0x21,0x66,0x5B,0xCB,0x76,0x28,0x02,0x0E,0x01,0x11,0x11,0xED,0x21,
    0x01,0xED,0xCD,0x13,0x32,0xCD,0x00,0x3F,0x1E,0x01,0xCD,0x4B,0x32,0xD2,0xAD,0x06,
    0x21,0x1E,0xED,0x05,0x78,0xB7,0x20,0x0F,0xC3,0xBE,0x07,0xFE,0x17,0xCA,0xBE,0x07,
    0xCD,0x4E,0x2B,0xCD,0x99,0x0E,0xFF,0xC5,0xF5,0x06,0x08,0x7E,0xE6,0x7F,0xCD,0x4E,
    0x2B,0xEF,0x10,0x00,0xCD,0x73,0x2B,0x23,0x10,0xF1,0xCD,0x4E,0x2B,0x3E,0x2E,0xEF,
    0x10,0x00,0xAF,0x32,0x5E,0x5B,0x06,0x03,0xCD,0x73,0x2B,0x7E,0xCB,0x7F,0x28,0x1C,
    0xF5,0xE5,0x21,0x5E,0x5B,0x78,0xFE,0x03,0x20,0x04,0xCB,0xDE,0x18,0x0A,0xFE,0x02,
    0x20,0x04,0xCB,0xD6,0x18,0x02,0xCB,0xCE,0xE1,0xF1,0xE6,0x7F,0xCD,0x4E,0x2B,0xEF,
    0x10,0x00,0x23,0x10,0xD3,0xE5,0x21,0x66,0x5B,0xCB,0x76,0xE1,0x28,0x30,0x3A,0x5E,
    0x5B,0xE5,0x21,0x17,0x08,0xCB,0x5F,0x28,0x03,0x21,0x1D,0x08,0xF5,0xCD,0xE6,0x07,
    0xF1,0x21,0x17,0x08,0xCB,0x57,0x28,0x03,0x21,0x22,0x08,0xF5,0xCD,0xE6,0x07,0xF1,
    0x21,0x17,0x08,0xCB,0x4F,0x28,0x03,0x21,0x27,0x08,0xCD,0xE6,0x07,0xE1,0x3E,0x20,
    0xEF,0x10,0x00,0xE5,0xCD,0x73,0x2B,0x7E,0x66,0x23,0xCD,0x4E,0x2B,0x6F,0x1E,0x20,
    0xCD,0xF5,0x07,0xE1,0x23,0x23,0x3E,0x4B,0xEF,0x10,0x00,0xCD,0xEF,0x07,0xCD,0x73,
    0x2B,0xF1,0x3D,0xC2,0xBA,0x06,0xC1,0x78,0xD6,0x3F,0x38,0x10,0x21,0x44,0xF0,0x11,
    0x11,0xED,0x01,0x0B,0x00,0xED,0xB0,0xEB,0x72,0xC3,0x83,0x06,0xCD,0x4E,0x2B,0xCD,
    0xEF,0x07,0xCD,0x73,0x2B,0x3A,0x0B,0x5C,0xB7,0x20,0x10,0x3E,0xFF,0xCD,0x13,0x32,
    0xCD,0x00,0x3F,0x2D,0x01,0xCD,0x4B,0x32,0xD2,0xAD,0x06,0xCD,0x13,0x32,0xCD,0x00,
    0x3F,0x21,0x01,0xCD,0x4B,0x32,0xD2,0xAD,0x06,0xCD,0x4E,0x2B,0x1E,0xFF,0xCD,0xF5,
    0x07,0x21,0xB1,0x3F,0xCD,0xE6,0x07,0xEF,0x07,0xC9,0x3A,0x1C,0xED,0xA7,0xCD,0x4E,
    0x2B,0x21,0xB9,0x3F,0xCC,0xE6,0x07,0xC3,0x82,0x07,0xCD,0x4E,0x2B,0xD7,0xCD,0x73,
    0x2B,0xC9,0xCD,0x4E,0x2B,0xCD,0xE6,0x07,0x18,0xF4,0xCD,0x4E,0x2B,0xCD,0xF5,0x07,
    0x18,0xEC,0x7E,0xB7,0xC8,0xEF,0x10,0x00,0x23,0x18,0xF7,0x3E,0x0D,0xEF,0x10,0x00,
    0xC9,0xE5,0x01,0xF0,0xD8,0xEF,0x2A,0x19,0x01,0x18,0xFC,0xEF,0x2A,0x19,0x18,0x01,
    0xE5,0x01,0x9C,0xFF,0xEF,0x2A,0x19,0x0E,0xF6,0x2A,0x19,0x7D,0xEF,0xEF,0x15,0xE1,
    0xC9,0x00,0x20,0x20,0x20,0x00,0x00,0x20,0x50,0x52,0x54,0x00,0x20,0x53,0x59,0x53,
    0x00,0x20,0x41,0x52,0x43,0x00,0x21,0x34,0x08,0xE5,0xC6,0x04,0xEF,0x3F,0x05,0xC9,
    0xF5,0x3A,0x5E,0x5B,0xFE,0x54,0xCA,0x87,0x08,0xF1,0x30,0x3A,0xE5,0xD5,0xC5,0x06,
    0x00,0x0E,0x00,0xDD,0xE5,0xE1,0xCD,0x73,0x2B,0xCD,0x13,0x32,0xCD,0x00,0x3F,0x12,
    0x01,0xCD,0x4B,0x32,0xCD,0x4E,0x2B,0x38,0x08,0xFE,0x19,0x20,0x1E,0xCD,0x99,0x0E,
    0x31,0x06,0x00,0xCD,0x73,0x2B,0xCD,0x13,0x32,0xCD,0x00,0x3F,0x09,0x01,0xCD,0x4B,
    0x32,0xCD,0x4E,0x2B,0x30,0x05,0x37,0xC1,0xD1,0xE1,0xC9,0xCD,0x99,0x0E,0xFF,0xF1,
    0xEF,0x56,0x05,0xC9,0xF1,0x3A,0x74,0x5C,0xD6,0x82,0x32,0x74,0x5C,0xCD,0x28,0x11,
    0xFD,0xCB,0x01,0x7E,0xCA,0xC5,0x09,0x01,0x11,0x00,0x3A,0x74,0x5C,0xA7,0x28,0x02,
    0x0E,0x22,0xEF,0x30,0x00,0xD5,0xDD,0xE1,0x06,0x0B,0x3E,0x20,0x12,0x13,0x10,0xFC,
    0xDD,0x36,0x01,0xFF,0xEF,0xF1,0x2B,0xD5,0xC5,0x79,0x3D,0xB0,0x20,0x22,0x1A,0xFE,
    0x2A,0x20,0x1D,0xCD,0x73,0x2B,0xCD,0x13,0x32,0xCD,0x00,0x3F,0x2A,0x01,0xCD,0x4B,
    0x32,0xCD,0x4E,0x2B,0xFE,0x23,0x20,0x04,0x99,0x3B,0xCD,0x99,0x0E,0xFF,0x13,0x1A,
    0x1B,0xFE,0x3A,0x20,0x0F,0x1A,0xE6,0xDF,0x54,0x41,0x38,0x04,0x51,0x38,0x68,0x32,
    0x5E,0x5B,0x79,0x3D,0x3D,0xB0,0x20,0x50,0x3A,0x5E,0x5B,0xFE,0x54,0x28,0x17,0xCD,
    0x73,0x2B,0xCD,0x13,0x32,0xCD,0x00,0x3F,0x2D,0x01,0xCD,0x4B,0x32,0xCD,0x4E,0x2B,
    0x38,0x04,0xCD,0x99,0x0E,0xFF,0x3A,0x74,0x5C,0xB7,0x3A,0x5E,0x5B,0x28,0x05,0x79,
    0x18,0x03,0x32,0x7A,0x5B,0x57,0x1E,0x10,0xDF,0xFE,0xB5,0x20,0x16,0xE7,0xEB,0xAF,
    0x47,0x4F,0x73,0xCD,0x13,0x32,0xCD,0x00,0x3F,0xD6,0x00,0xCD,0x4B,0xCD,0x4E,0x2B,
    0xC1,0xD1,0xC9,0x3A,0x5E,0x5B,0xFE,0x54,0x20,0x08,0xC1,0xD1,0x13,0x13,0x0B,0x0B,
    0x18,0x2E,0xFE,0x54,0x28,0x28,0x3A,0x74,0x5C,0xFE,0x02,0x20,0x03,0xE1,0xE1,0xC9,
    0x78,0xB1,0x20,0x04,0xCD,0x99,0x0E,0x0E,0x21,0x01,0xED,0xEB,0xCD,0x63,0x3F,0xC1,
    0x01,0x0A,0x00,0xCD,0x73,0x2B,0x3E,0x12,0xCD,0x4E,0x2B,0x18,0x01,0xC1,0xD1,0x21,
    0xF6,0xFF,0x0B,0x09,0x03,0x30,0x11,0x3A,0x74,0x5C,0xA7,0x20,0x04,0xCD,0x99,0x0E,
    0x0E,0x78,0xB1,0x28,0x0A,0x01,0x0A,0x00,0xDD,0xE5,0xE1,0x23,0xEB,0xED,0xB0,0xDF,
    0xFE,0xE4,0x20,0x4C,0x3A,0x74,0x5C,0xFE,0x03,0xCA,0x24,0x11,0xE7,0xEF,0xB2,0x28,
    0xCB,0xF9,0x30,0x0D,0x21,0x00,0x00,0x3A,0x74,0x5C,0x3D,0x28,0x18,0xCD,0x99,0x0E,
    0x01,0xC2,0x24,0x11,0xFD,0xCB,0x01,0x7E,0x28,0x18,0x23,0x7E,0xDD,0x77,0x0B,0x23,
    0x7E,0xDD,0x77,0x0C,0x23,0xDD,0x71,0x0E,0x3E,0x01,0xCB,0x71,0x28,0x01,0x3C,0xDD,
    0x77,0x00,0xEB,0xFE,0x29,0x20,0xD9,0xE7,0xCD,0xB0,0x10,0xEB,0xC3,0xD4,0x0A,0xFE,
    0xAA,0x20,0x1F,0x3A,0x74,0x5C,0xFE,0x03,0xCA,0x24,0x11,0xE7,0xCD,0xB0,0x10,0xDD,
    0x36,0x0B,0x00,0xDD,0x36,0x0C,0x1B,0x21,0x00,0x40,0x75,0x0D,0xDD,0x74,0x0E,0x18,
    0x4F,0xFE,0xAF,0x20,0x51,0x3A,0x74,0x5C,0xFE,0x03,0xCA,0x24,0x11,0xE7,0xCD,0x93,
    0x0E,0x20,0x0C,0x3A,0x74,0x5C,0xA7,0xCA,0x24,0x11,0xEF,0xE6,0x1C,0x18,0x0F,0xCD,
    0x20,0x11,0xDF,0xFE,0x2C,0x28,0x0C,0x3A,0x74,0x5C,0xA7,0xCA,0x24,0x11,0xEF,0xE6,
    0x1C,0x18,0x06,0xEF,0x20,0x00,0xCD,0x20,0x11,0xCD,0xB0,0x10,0xEF,0x99,0x1E,0xDD,
    0x71,0x0B,0xDD,0x70,0x0C,0xEF,0x99,0x1E,0xDD,0x71,0x0D,0xDD,0x70,0x0E,0x60,0x69,
    0xDD,0x36,0x00,0x03,0x18,0x46,0xFE,0xCA,0x28,0x09,0xC3,0xC7,0x24,0xDD,0x36,0x0E,
    0x80,0x18,0x19,0x3A,0x74,0x5C,0xA7,0xC2,0x24,0x11,0xEF,0x20,0x00,0xCD,0x20,0x11,
    0xCD,0xB0,0x10,0xEF,0x99,0x1E,0xDD,0x71,0x0D,0xDD,0x70,0x0E,0xDD,0x36,0x00,0x2A,
    0x59,0x5C,0xED,0x5B,0x53,0x5C,0x37,0xED,0x52,0xDD,0x75,0x0B,0xDD,0x74,0x0C,0x2A,
    0x4B,0x5C,0xED,0x52,0xDD,0x75,0x0F,0xDD,0x74,0x10,0xEB,0x3A,0x74,0x5C,0xA7,0xCA,
    0x6D,0x0D,0xE5,0x01,0x11,0x00,0xDD,0x09,0x3A,0x5E,0x5B,0xFE,0x54,0x20,0x58,0xDD,
    0xE5,0x11,0x00,0xAF,0x37,0xCD,0x88,0x08,0xDD,0xE1,0x30,0xF2,0x3E,0xFE,0xEF,0x01,
    0x16,0xFD,0x36,0x52,0x03,0x0E,0x80,0xDD,0x7E,0x00,0xDD,0xBE,0xEF,0x20,0x02,0x0E,
    0xF6,0xFE,0x04,0x30,0xD9,0x11,0xC0,0x09,0xC5,0xEF,0x0A,0x0C,0xC1,0xDD,0xE5,0xD1,
    0x21,0xF0,0xFF,0x19,0x06,0x0A,0x7E,0x3C,0x20,0x03,0x79,0x80,0x4F,0x13,0x1A,0xBE,
    0x23,0x20,0x01,0x0C,0xEF,0x10,0x00,0x10,0xF4,0xCB,0x79,0x20,0xB1,0x3E,0x0D,0xEF,
    0x10,0x00,0xE1,0xC3,0xA5,0x0B,0x3A,0x74,0x5C,0xFE,0x02,0x28,0x5E,0xDD,0xE5,0x06,
    0x00,0x0E,0x01,0x16,0x00,0x1E,0x01,0x21,0x01,0xED,0xCD,0x73,0x2B,0xCD,0x13,0x32,
    0xCD,0x00,0x3F,0x06,0x01,0xCD,0x4B,0x32,0xCD,0x4E,0x2B,0x38,0x04,0xCD,0x99,0x0E,
    0xFF,0x06,0x00,0xCD,0x73,0x2B,0xCD,0x13,0x32,0xCD,0x00,0x3F,0x0F,0x01,0xCD,0x4B,
    0x32,0xCD,0x4E,0x2B,0xDD,0xE3,0xE1,0xCD,0x73,0x2B,0x7E,0xCD,0x4E,0x2B,0xDD,0xBE,
    0xEF,0x28,0x04,0xCD,0x99,0x0E,0x1D,0xDD,0x77,0x00,0xDD,0xE5,0xD1,0xEB,0x01,0x0B,
    0x00,0x09,0xEB,0x23,0x01,0x06,0x00,0xCD,0x8A,0x3F,0xE1,0xDD,0x7E,0x00,0xFE,0x03,
    0x28,0x0C,0x3A,0x74,0x5C,0x3D,0xCA,0x03,0x0C,0xFE,0x02,0xCA,0xB1,0x0C,0xE5,0xDD,
    0x6E,0xFA,0xDD,0x66,0xFB,0xDD,0x5E,0x0B,0xDD,0x56,0x0C,0x7C,0xB5,0x28,0x0D,0xED,
    0x52,0x38,0x32,0x28,0x07,0xDD,0x7E,0x00,0xFE,0x03,0x20,0x25,0xE1,0x7C,0xB5,0x20,
    0x06,0xDD,0x6E,0x0D,0xDD,0x66,0x0E,0xE5,0xDD,0xE1,0x3A,0x74,0x5C,0xFE,0x02,0x37,
    0x20,0x09,0xA7,0x3A,0x5E,0x5B,0xFE,0x54,0x28,0x01,0xC9,0x3E,0xFF,0xCD,0x38,0x08,
    0xD8,0xCD,0x99,0x0E,0x1A,0xCD,0x99,0x0E,0x4F,0xDD,0x5E,0x0B,0xDD,0x56,0x0C,0xE5,
    0x7C,0xB5,0x20,0x06,0x13,0xEB,0x18,0x0C,0xDD,0x6E,0xFA,0xDD,0x66,0xFB,0xEB,0x37,
    0xED,0x52,0x38,0x09,0x11,0x05,0x00,0x19,0x44,0x4D,0xEF,0x05,0x1F,0xE1,0xDD,0x7E,
    0x00,0xA7,0x28,0x3E,0x7C,0xB5,0x28,0x13,0x2B,0x46,0x2B,0x4E,0x2B,0x03,0xDD,0x22,
    0x5F,0x5C,0xEF,0xE8,0x19,0xDD,0x2A,0x5F,0x5C,0x2A,0x59,0x5C,0x2B,0xDD,0x4E,0x0B,
    0xDD,0x46,0x0C,0xC5,0x03,0xDD,0x7E,0xFD,0xF5,0xEF,0x55,0x16,0x23,0xF1,0x77,0xD1,
    0x23,0x73,0x23,0x72,0x23,0xE5,0xDD,0xE1,0x37,0x3E,0xFF,0xC3,0xF7,0x0B,0xEB,0x2A,
    0x59,0x5C,0x2B,0xDD,0x22,0x5F,0x5C,0xDD,0x4E,0x0B,0xDD,0x46,0x0C,0xC5,0xEF,0xE5,
    0x19,0xC1,0xE5,0xC5,0xEF,0x55,0x16,0xDD,0x2A,0x5F,0x5C,0x23,0xDD,0x4E,0x0F,0xDD,
    0x46,0x10,0x09,0x22,0x4B,0x5C,0xDD,0x66,0x0E,0x7C,0xE6,0xC0,0x20,0x0A,0xDD,0x6E,
    0x0D,0x22,0x42,0x5C,0xFD,0x36,0x0A,0x00,0xD1,0xDD,0xE1,0x37,0x3E,0xFF,0xC3,0xF7,
    0x0B,0xDD,0x4E,0x0B,0xDD,0x46,0x0C,0xC5,0x03,0xEF,0x30,0x00,0x36,0x80,0xEB,0xD1,
    0xE5,0xDD,0xE1,0x37,0x3E,0xFF,0xCD,0xF7,0x0B,0xE1,0xED,0x5B,0x53,0x5C,0x7E,0xE6,
    0xC0,0x20,0x19,0x1A,0x13,0xBE,0x23,0x20,0x02,0x1A,0xBE,0x1B,0x2B,0x30,0x08,0xE5,
    0xEB,0xEF,0xB8,0x19,0xE1,0x18,0xEC,0xCD,0x29,0x0D,0x18,0xE2,0x7E,0x4F,0xFE,0x80,
    0xC8,0xE5,0x2A,0x4B,0x5C,0x7E,0xFE,0x80,0x28,0x25,0xB9,0x28,0x08,0xC5,0xEF,0xB8,
    0x19,0xC1,0xEB,0x18,0xF0,0xE6,0xE0,0xFE,0xA0,0x20,0x12,0xD1,0xD5,0xE5,0x23,0x13,
    0x1A,0xBE,0x20,0x06,0x17,0x30,0xF7,0xE1,0x18,0x03,0xE1,0x18,0xE0,0x3E,0xFF,0xD1,
    0xEB,0x3C,0x37,0xCD,0x29,0x0D,0x18,0xC4,0x20,0x10,0x08,0x22,0x5F,0x5C,0xEB,0xEF,
    0xB8,0x19,0xEF,0xE8,0x19,0xEB,0x2A,0x5F,0x5C,0x08,0xD5,0xEF,0xB8,0x19,0x22,0x5F,
    0x5C,0x2A,0x53,0x5C,0xE3,0xC5,0x08,0x38,0x07,0x2B,0xEF,0x55,0x16,0x23,0x18,0x03,
    0xEF,0x55,0x16,0x23,0xC1,0xD1,0xED,0x53,0x5C,0xED,0x5B,0x5F,0x5C,0xC5,0xD5,0xEB,
    0xED,0xB0,0xE1,0xC1,0xD5,0xEF,0xE8,0x19,0xD1,0xC9,0x3A,0x5E,0x5B,0xFE,0x54,0xCA,
    0x0F,0x0E,0xCD,0x73,0x2B,0xE5,0x06,0x00,0x0E,0x03,0x16,0x01,0x1E,0x03,0x21,0x01,
    0xED,0xDD,0xE5,0xCD,0x13,0x32,0xCD,0x00,0x3F,0x06,0x01,0xCD,0x4B,0x32,0x38,0x07,
    0xCD,0x4E,0x2B,0xCD,0x99,0x0E,0xFF,0x06,0x00,0xCD,0x13,0x32,0xCD,0x00,0x3F,0x0F,
    0x01,0xCD,0x4B,0x32,0x38,0x07,0xCD,0x4E,0x2B,0xCD,0x99,0x0E,0xFF,0xDD,0xE3,0xE1,
    0xCD,0x4E,0x2B,0xDD,0x7E,0x00,0xCD,0x73,0x2B,0x77,0x23,0xDD,0xE5,0xD1,0xEB,0x01,
    0x0B,0x00,0x09,0x01,0x06,0x00,0xCD,0x4E,0x2B,0xCD,0x63,0x3F,0x06,0x00,0x0E,0x00,
    0xDD,0x5E,0x0B,0xDD,0x56,0x0C,0x7A,0xB3,0xCD,0x73,0x2B,0x28,0x15,0xE1,0xCD,0x13,
    0x32,0xCD,0x00,0x3F,0x15,0x01,0xCD,0x4B,0x32,0x38,0x07,0xCD,0x4E,0x2B,0xCD,0x99,
    0x0E,0xFF,0x06,0x00,0xCD,0x13,0x32,0xCD,0x00,0x3F,0x09,0x01,0xCD,0x4B,0x32,0x38,
    0x07,0xCD,0x4E,0x2B,0xCD,0x99,0x0E,0xFF,0xCD,0x4E,0x2B,0xC9,0xE5,0x3E,0xFD,0xEF,
    0x01,0x16,0xAF,0x11,0xA1,0x09,0xEF,0x0A,0x0C,0xFD,0xCB,0x02,0xEE,0xEF,0xD4,0x15,
    0xDD,0xE5,0x11,0x00,0xAF,0xCD,0x2C,0x08,0xDD,0xE1,0x06,0x32,0x76,0x10,0xFD,0xDD,
    0x5E,0x0B,0xDD,0x56,0x0C,0x3E,0xFF,0xDD,0xE1,0xC3,0x2C,0x08,0x16,0x00,0x00,0x10,
    0x00,0x11,0x07,0x13,0x00,0x49,0x6E,0x73,0x65,0x72,0x74,0x20,0x74,0x61,0x70,0x65,
    0x20,0x61,0x6E,0x64,0x70,0x72,0x65,0x73,0x73,0x20,0x50,0x4C,0x41,0x59,0x0D,0x54,
    0x6F,0x20,0x63,0x61,0x6E,0x63,0x65,0x6C,0x20,0x2D,0x20,0x70,0x65,0x73,0x73,0x20,
    0x42,0x52,0x45,0x41,0x4B,0x20,0x74,0x77,0x69,0x63,0x65,0xFF,0x00,0x00,0x00,0x00,
    0x00,0x00,0x00,0x00,0x00,0x00,0x00,0x00,0x00,0x00,0x00,0x00,0x00,0xFE,0x0D,0xC8,
    0xFE,0x3A,0xC9,0xF5,0x3A,0x5E,0x5B,0xFE,0x54,0x28,0x06,0x00,0xCD,0x73,0x2B,0xCD,
    0x13,0x32,0xCD,0x00,0x3F,0x09,0x01,0xCD,0x4B,0x32,0xCD,0x4E,0x2B,0x38,0x13,0x06,
    0x00,0xCD,0x73,0x2B,0xCD,0x13,0x32,0xCD,0x00,0x3F,0x0C,0x01,0xCD,0x4B,0x32,0xCD,
    0x4E,0x2B,0xF1,0xE1,0x5E,0xCB,0x7B,0x28,0x0B,0xFE,0x0A,0x30,0x04,0xC6,0x3D,0x18,
    0x02,0xC6,0x18,0x5F,0x63,0x2E,0x2A,0xE5,0x2E,0xCD,0x26,0xC8,0xE5,0xAF,0x21,0x00,
    0x39,0xE9,0xB1,0xCA,0xBC,0xBE,0xC3,0xAF,0xB4,0x93,0x91,0x92,0x95,0x98,0x7F,0x81,
    0x2E,0x6C,0x6E,0x70,0x48,0x94,0x56,0x3F,0x41,0x2B,0x17,0x1F,0x37,0x77,0x44,0x0F,
    0x59,0x2B,0x43,0x2D,0x51,0x3A,0x6D,0x42,0x0D,0x49,0x5C,0x44,0x15,0x5D,0x01,0x3D,
    0x02,0x0E,0x3E,0x35,0x00,0x06,0xCB,0x0E,0x5D,0x11,0x06,0x0C,0x49,0x12,0x00,0xEE,
    0x1C,0x0E,0xF7,0x2A,0x04,0x3D,0x06,0xCC,0x06,0x0E,0x77,0x11,0x0E,0x06,0x15,0x00,
    0x0E,0x7B,0x21,0x0E,0x8F,0x21,0x0E,0xE2,0x14,0x0E,0x71,0x10,0x0E,0x3C,0x37,0x0D,
    0xF8,0x11,0x0E,0x39,0x15,0x08,0x00,0x80,0x1E,0x03,0x4F,0x1E,0x00,0x5F,0x1E,0x0D,
    0x03,0x12,0x00,0x6B,0x0D,0x09,0x00,0xDC,0x22,0x06,0x00,0x3A,0x1F,0x0E,0xA1,0x11,
    0x0E,0xE1,0x11,0x03,0x42,0x1E,0x09,0x0E,0x80,0x22,0x0E,0xAA,0x21,0x0E,0x77,0x21,
    0x0E,0x35,0x15,0x0B,0x08,0x00,0xF8,0x03,0x09,0x0E,0x70,0x22,0x07,0x08,0x00,0x7A,
    0x1E,0x06,0x00,0x94,0x22,0x0E,0x82,0x12,0x06,0x2C,0x0A,0x0C,0x21,0x35,0x06,0x0C,
    0x34,0x35,0x0E,0x6C,0x02,0x0A,0x0E,0x7E,0x38,0x00,0x00,0x0A,0x0C,0x4A,0x04,0x0E,
    0xB8,0x05,0x0E,0x72,0x39,0x0E,0xDB,0x23,0xFD,0xCB,0x01,0xBE,0xEF,0xFB,0x19,0xAF,
    0x32,0x47,0x5C,0x3D,0x32,0x3A,0x5C,0x18,0x01,0xE7,0xEF,0xBF,0x16,0xFD,0x34,0x0D,
    0xFA,0x24,0x11,0xDF,0x06,0x00,0xFE,0x0D,0xCA,0x72,0x10,0xFE,0x3A,0x28,0xEA,0x21,
    0x30,0x10,0xE5,0x4F,0xE7,0x79,0xD6,0xCE,0x30,0x13,0xC6,0xCE,0x21,0xB8,0x0F,0xFE,
    0xA3,0x28,0x16,0x21,0xBB,0x0F,0xFE,0xA4,0x28,0x0F,0xC3,0x24,0x11,0x4F,0x21,0xEA,
    0x0E,0x09,0x4E,0x09,0x18,0x03,0x2A,0x74,0x5C,0x7E,0x23,0x22,0x74,0x5C,0x01,0x0C,
    0x10,0xC5,0x4F,0xFE,0x20,0x30,0x0C,0x21,0xC4,0x10,0x06,0x00,0x09,0x4E,0x09,0xE5,
    0xDF,0x05,0xC9,0xDF,0xB9,0xC2,0x24,0x11,0xE7,0xC9,0xCD,0xE7,0x2A,0x38,0x04,0xCD,
    0xC8,0x2A,0x14,0xFD,0xCB,0x0A,0x7E,0xC2,0xB7,0x10,0x2A,0x42,0x5C,0xCB,0x7C,0x28,
    0x14,0x21,0xFE,0xFF,0x22,0x45,0x5C,0x2A,0x61,0x5C,0x2B,0xED,0x5B,0x59,0x5C,0x1B,
    0x3A,0x44,0x5C,0x18,0x36,0xEF,0x6E,0x19,0x3A,0x44,0x5C,0x28,0x1C,0xA7,0x20,0x46,
    0x47,0x7E,0xE6,0xC0,0x78,0x28,0x12,0xCD,0xC8,0x2A,0xFF,0xC1,0xFD,0xCB,0x01,0x7E,
    0xC8,0x2A,0x55,0x5C,0x3E,0xC0,0xA6,0xC0,0xAF,0xFE,0x01,0xCE,0x00,0x56,0x23,0x5E,
    0xED,0x53,0x45,0x5C,0x23,0x5E,0x23,0x56,0xEB,0x19,0x23,0x22,0x55,0x5C,0xEB,0x22,
    0x5D,0x5C,0x57,0x1E,0x00,0xFD,0x36,0x0A,0xFF,0x15,0xFD,0x72,0x0D,0xCA,0xCF,0x0F,
    0x14,0xEF,0x8B,0x19,0x28,0x0B,0xCD,0xC8,0x2A,0x16,0xFD,0xCB,0x01,0x7E,0xC0,0xC1,
    0xDF,0xFE,0x0D,0x28,0xB6,0xFE,0x3A,0xCA,0xCF,0x0F,0xC3,0x24,0x11,0x24,0x46,0x49,
    0x1E,0x4F,0x20,0x56,0x61,0x50,0x89,0x5A,0x8B,0x06,0x02,0x05,0xEF,0xDE,0x1C,0xBF,
    0xC1,0xCC,0xB0,0x10,0xEB,0x2A,0x74,0x5C,0x4E,0x23,0x46,0xEB,0xC5,0xC9,0xEF,0xDE,
    0x1C,0xBF,0xC1,0xCC,0xB0,0x10,0xEB,0x2A,0x74,0x5C,0x4E,0x23,0x46,0xEB,0xE5,0x21,
    0x0A,0x11,0x22,0x5A,0x5B,0x21,0x2A,0x5B,0xE3,0xE5,0x60,0x69,0xE3,0xF5,0xC5,0xF3,
    0xC3,0x10,0x5B,0xC9,0xEF,0x1F,0x1C,0xC9,0xC1,0xEF,0x56,0x1C,0xCD,0xB0,0x10,0xC9,
    0xEF,0x6C,0x1C,0xC9,0xE7,0xEF,0x7A,0x1C,0xC9,0xEF,0x82,0x1C,0xC9,0xCD,0xC8,0x2A,
    0x0B,0xEF,0x8C,0x1C,0xC9,0xFD,0xCB,0x01,0x7E,0xFD,0xCB,0x02,0x86,0x28,0x03,0xEF,
    0x4D,0x0D,0xF1,0x3A,0x74,0x5C,0xD6,0xB5,0xEF,0xFC,0x21,0xCD,0xB0,0x10,0x2A,0x8F,
    0x5C,0x22,0x8D,0x5C,0x21,0x91,0x5C,0x7E,0x07,0xAE,0xE6,0xAA,0xAE,0x77,0xC9,0xEF,
    0xBE,0x1C,0xC9,0xC3,0x8C,0x08,0xC1,0xFD,0xCB,0x01,0x7E,0x28,0x10,0x2A,0x65,0x5C,
    0x11,0xFB,0xFF,0x19,0x22,0x65,0x5C,0xEF,0xE9,0x34,0xDA,0x72,0x10,0xC3,0xD0,0x0F,
    0xFE,0xCD,0x20,0x09,0xE7,0xCD,0x20,0x11,0xCD,0xB0,0x10,0x18,0xCD,0xB0,0x10,0x2A,
    0x65,0x5C,0x36,0x00,0x23,0x36,0x00,0x23,0x36,0x01,0x23,0x36,0x00,0x23,0x36,0x00,
    0x23,0x22,0x65,0x5C,0xEF,0x16,0x1D,0xC9,0xE7,0xCD,0x0B,0x11,0xFD,0xCB,0x01,0x7E,
    0x28,0x2E,0xDF,0x22,0x5F,0x5C,0x2A,0x57,0x5C,0x7E,0xFE,0x2C,0x28,0x0B,0x1E,0xE4,
    0xEF,0x86,0x1D,0x30,0x04,0xCD,0xC8,0x2A,0x0D,0x23,0x22,0x5D,0x5C,0x7E,0xEF,0x56,
    0x1C,0xDF,0x22,0x57,0x5C,0x2A,0x5F,0x5C,0xFD,0x36,0x26,0x00,0x22,0x5D,0x5C,0x7E,
    0xDF,0xFE,0x2C,0x28,0xC3,0xCD,0xB0,0x10,0xC9,0xFD,0xCB,0x01,0x7E,0x20,0x0B,0xEF,
    0xFB,0x24,0xFE,0x2C,0xC4,0xB0,0x10,0xE7,0x18,0xF5,0x3E,0xE4,0xEF,0x39,0x1E,0xC9,
    0xEF,0x67,0x1E,0x01,0x00,0xEF,0x45,0x1E,0x18,0x03,0xEF,0x99,0x1E,0x78,0xB1,0x20,
    0x04,0xED,0x4B,0xB2,0x5C,0xC5,0xED,0x5B,0x4B,0x5C,0x2A,0x59,0x5C,0x2B,0xEF,0xE5,
    0x19,0xEF,0x6B,0x0D,0x2A,0x65,0x5C,0x11,0x32,0x00,0x19,0xD1,0xED,0x52,0x30,0x08,
    0x2A,0xB4,0x5C,0xA7,0xED,0x52,0x30,0x04,0xCD,0xC8,0x2A,0x15,0xED,0x53,0xB2,0x5C,
    0xD1,0xE1,0xC1,0xED,0x7B,0xB2,0x5C,0x33,0xC5,0xE5,0xED,0x73,0x3D,0x5C,0xD5,0xC9,
    0xD1,0xFD,0x66,0x0D,0x24,0xE3,0x33,0xED,0x4B,0x45,0x5C,0xC5,0xE5,0xED,0x73,0x3D,
    0x5C,0xD5,0xEF,0x67,0x1E,0x01,0x14,0x00,0xEF,0x05,0x1F,0xC9,0xC1,0xE1,0xD1,0x7A,
    0xFE,0x3E,0x28,0x0F,0x3B,0xE3,0xEB,0xED,0x73,0x3D,0x5C,0xC5,0x22,0x42,0x5C,0xFD,
    0x72,0x0A,0xC9,0xD5,0xE5,0xCD,0xC8,0x2A,0x06,0xFD,0xCB,0x01,0x7E,0x28,0x05,0x3E,
    0xCE,0xC3,0xF4,0x11,0xFD,0xCB,0x01,0xF6,0xEF,0x8D,0x2C,0x30,0x16,0xE7,0xFE,0x24,
    0x20,0x05,0xFD,0xCB,0x01,0xB6,0xE7,0xFE,0x28,0x20,0x3C,0xE7,0xFE,0x29,0x28,0x20,
    0xEF,0x8D,0x2C,0xD2,0x24,0x11,0xEB,0xE7,0xFE,0x24,0x20,0x02,0xEB,0xE7,0xEB,0x01,
    0x06,0x00,0xEF,0x55,0x16,0x23,0x36,0x0E,0xFE,0x2C,0x20,0x03,0xE7,0x18,0xE0,0xFE,
    0x29,0x20,0x13,0xE7,0xFE,0x3D,0x20,0x0E,0xE7,0x3A,0x3B,0x5C,0xF5,0xEF,0xFB,0x24,
    0xF1,0xFD,0xAE,0x01,0xE6,0x40,0xC2,0x24,0x11,0xCD,0xB0,0x10,0xC9,0x00,0x73,0x3A,
    0x79,0xFE,0x54,0x13,0x4B,0x13,0x4B,0x4E,0xB1,0x73,0x4E,0x47,0x73,0x13,0x4B,0x4E,
    0x40,0x0E,0x4E,0xB1,0x73,0x4E,0x47,0x03,0xDF,0xFE,0x23,0xC2,0x97,0x22,0xCD,0x23,
    0x2B,0x06,0x02,0xC3,0x07,0x2B,0x78,0x2F,0x67,0x79,0x2F,0x6F,0x23,0x39,0xF9,0xC5,
    0xE5,0xEB,0xED,0xB0,0xE1,0xEF,0x0E,0x25,0xE1,0x39,0xF9,0xC9,0xDF,0xFE,0x23,0x28,
    0x0A,0xEF,0x6C,0x1C,0xCD,0xB0,0x10,0xEF,0xAB,0x1D,0xC9,0xCD,0x23,0x2B,0xCD,0x00,
    0x3F,0x5C,0x00,0xEF,0x28,0x2D,0xEF,0xFF,0x2A,0xC9,0x20,0xB0,0xC8,0xBE,0xC8,0xC8,
    0xC8,0xC8,0xC8,0xC8,0xE7,0xEF,0x82,0x1C,0xDF,0xFE,0x2C,0xC2,0x24,0x11,0xE7,0xEF,
    0x82,0x1C,0xDF,0x21,0x66,0x5B,0xCB,0xB6,0xFE,0x2C,0x20,0x06,0xCB,0xF6,0xE7,0xEF,
    0x82,0x1C,0xCD,0xB0,0x10,0x3E,0x01,0xEF,0x01,0x16,0xC3,0xB5,0x36,0x24,0xB0,0xC8,
    0xE7,0x0E,0x01,0xE7,0xE7,0xE6,0xEF,0xED,0x79,0xF6,0x10,0x32,0x67,0x5B,0xED,0x79,
    0xB0,0xB0,0x85,0x32,0x00,0x00,0x00,0xEF,0x8C,0x1C,0xEF,0x18,0x00,0xFE,0xCC,0x28,
    0x04,0xCD,0xC8,0x2A,0x0B,0xEF,0x20,0x00,0xFE,0xAA,0xCA,0x1F,0x22,0xFE,0xA3,0xCA,
    0x41,0x22,0xFE,0xE0,0xCA,0x1F,0x22,0xEF,0x8C,0x1C,0xCD,0xB0,0x10,0xEF,0xF1,0x2B,
    0x78,0xB1,0x20,0x04,0xCD,0xC8,0x2A,0x2C,0x21,0x01,0xED,0xEB,0xCD,0x63,0x3F,0xCD,
    0x73,0x2B,0x3E,0xFF,0x13,0xCD,0x4E,0x2B,0xD5,0xEF,0xF1,0x2B,0x78,0xB1,0x20,0x04,
    0xCD,0xC8,0x2A,0x2C,0xE1,0xEB,0xCD,0x63,0x3F,0xCD,0x73,0x2B,0x3E,0xFF,0x12,0xCD,
    0x4E,0x2B,0xAF,0x37,0xCD,0x8D,0x2B,0xC9,0xF5,0xEF,0x20,0x00,0xC1,0xCD,0xB0,0x10,
    0xC5,0xEF,0xF1,0x21,0x01,0xED,0xEB,0xCD,0x63,0x3F,0xCD,0x73,0x2B,0x3E,0xFF,0x12,
    0xCD,0x4E,0x2B,0xF1,0xA7,0xCD,0x8D,0x2B,0xC9,0xEF,0x20,0x00,0xFE,0xD0,0x28,0x04,
    0xC8,0x2A,0x0B,0xEF,0x20,0x00,0xCD,0xB0,0x10,0xEF,0xF1,0x2B,0x21,0x01,0xED,0xEB,
    0xCD,0x63,0x3F,0xCD,0x73,0x2B,0x3E,0xFF,0x12,0xCD,0x4E,0x2B,0xAF,0xCD,0x8D,0x2B,
    0xC9,0xF3,0xCD,0x80,0x3E,0xB0,0x01,0xDF,0xFE,0x2C,0x20,0x38,0xE7,0xEF,0x82,0x1C,
    0xCD,0xB0,0x10,0xEF,0x2D,0x23,0xDF,0xFE,0x2C,0x28,0x07,0xCD,0xB0,0x10,0xEF,0x77,
    0x24,0xC9,0xE7,0xEF,0x82,0x1C,0xCD,0xB0,0x10,0xEF,0x94,0x23,0xC9,0xEF,0xB2,0x20,
    0x11,0xEF,0x30,0x25,0x20,0x08,0xCB,0xB1,0x96,0x29,0xB0,0x15,0x2C,0xCD,0xC8,0x2A,
    0x0B,0xFD,0xCB,0x46,0xC8,0xEF,0xAF,0x0D,0xC9,0x21,0xFE,0xFF,0x22,0x45,0x5C,0xFD,
    0xCB,0x01,0xBE,0xCD,0x52,0x23,0xEF,0xFB,0x24,0xFD,0xCB,0x01,0x76,0x28,0x2C,0xDF,
    0x0D,0x20,0x27,0xFD,0xCB,0x01,0xFE,0xCD,0x52,0x23,0x21,0xCB,0x25,0x22,0x6C,0x5B,
    0xEF,0xFB,0x24,0xFD,0xCB,0x01,0x76,0x28,0x11,0x11,0x6E,0x5B,0x2A,0x65,0x5C,0x01,
    0x05,0x00,0xB7,0xED,0x42,0xED,0xB0,0xC3,0x00,0x23,0xCD,0xC8,0x2A,0x19,0x3E,0x0D,
    0xCD,0x31,0x23,0x01,0x01,0x00,0xEF,0x30,0x00,0x22,0x5B,0x5C,0xE5,0x2A,0x51,0x5C,
    0xE5,0x3E,0xFF,0xEF,0x01,0x16,0xEF,0xE3,0x2D,0xE1,0xEF,0x15,0x16,0xD1,0x2A,0x5B,
    0x5C,0xA7,0xED,0x52,0x1A,0xCD,0x31,0x23,0x13,0x2B,0x7C,0xB5,0x20,0xF6,0xC9,0xE5,
    0xD5,0xCD,0x73,0x2B,0x21,0x0D,0xEC,0xCB,0x9E,0xF5,0x3E,0x02,0xEF,0x01,0x16,0xF1,
    0xCD,0x80,0x3E,0x16,0x07,0x21,0x0D,0xEC,0xCB,0x9E,0xCD,0x4E,0x2B,0xD1,0xE1,0xC9,
    0x2A,0x59,0x5C,0x2B,0x22,0x5D,0x5C,0xE7,0xC9,0xCD,0x52,0x23,0xFE,0xF1,0xC0,0x2A,
    0x5D,0x5C,0x7E,0x23,0xFE,0x0D,0xC8,0xFE,0x3A,0x20,0xF7,0xB7,0xC9,0x47,0x21,0x81,
    0x23,0x7E,0x23,0xB7,0x28,0x05,0xB8,0x20,0xF8,0x78,0xC9,0xF6,0xFF,0x78,0xC9,0x2B,
    0x2D,0x2A,0x2F,0x5E,0x3D,0x3E,0x3C,0xC7,0xC8,0xC9,0xC5,0xC6,0x00,0xFE,0xA5,0x38,
    0x0E,0xFE,0xC4,0x30,0x0A,0xFE,0xAC,0x28,0x06,0xFE,0xAD,0x28,0x02,0xBF,0xC9,0xFE,
    0xA5,0xC9,0x47,0xF6,0x20,0xFE,0x61,0x38,0x06,0xFE,0x7B,0x30,0x02,0xBF,0xC9,0x78,
    0xFE,0x2E,0xC8,0xCD,0xCE,0x23,0x20,0x11,0xE7,0xCD,0xCE,0x23,0x28,0xFA,0xFE,0x2E,
    0xC8,0xFE,0x45,0xC8,0xFE,0x65,0xC8,0x18,0xA4,0xF6,0xFF,0xC9,0xFE,0x30,0x38,0x06,
    0xFE,0x3A,0x30,0x02,0xBF,0xC9,0xFE,0x30,0xC9,0x06,0x00,0xDF,0xC5,0xEF,0x8C,0x1C,
    0xC1,0x04,0x2C,0x20,0x03,0xE7,0x18,0xF3,0x78,0xFE,0x09,0x38,0x04,0xCD,0xC8,0x2A,
    0x2B,0xCD,0xB0,0x10,0xC3,0x71,0x15,0x00,0x00,0x00,0x00,0x00,0x00,0x00,0x00,0x00,
    0x00,0x00,0x00,0x00,0x00,0x00,0x00,0x00,0x00,0x00,0x00,0x00,0x00,0x73,0xCD,0x13,
    0x32,0x21,0x66,0x5B,0xCB,0x7E,0x20,0x0A,0xCB,0xFE,0xCD,0x3F,0xA3,0x00,0x9D,0xDF,
    0xCD,0x00,0x3F,0x00,0x01,0xCD,0x4B,0x32,0x21,0x74,0x35,0xC0,0x24,0x3E,0xFF,0x21,
    0x02,0x00,0x13,0x32,0xCD,0x00,0x3F,0x4E,0x01,0xCD,0x4B,0x32,0x21,0x66,0x5B,0xCB,
    0xA6,0xCD,0x13,0x32,0xCD,0x00,0x3F,0x57,0x01,0xCD,0x4B,0x32,0x3E,0x30,0x30,0x2F,
    0x21,0x66,0x5B,0xCB,0xE6,0xCB,0xAE,0xCD,0x13,0x32,0xCD,0x00,0x3F,0x7B,0x01,0xCD,
    0x4B,0x32,0x38,0x14,0x0E,0x00,0x21,0x05,0x00,0x13,0x32,0x00,0x3F,0x54,0x01,0xCD,
    0x4B,0x32,0x3E,0x31,0x18,0x07,0x21,0x66,0x5B,0xCB,0xEE,0x3E,0x32,0xD7,0x21,0x86,
    0x35,0xCD,0xC0,0x24,0x3A,0x9D,0xDF,0xC6,0x30,0xD7,0x21,0x90,0x35,0xC0,0x24,0xA0,
    0xE2,0x0E,0x41,0x06,0x10,0x7E,0x23,0xB6,0x23,0x28,0x11,0x3A,0x79,0x5B,0xB9,0x1E,
    0x00,0x20,0x02,0x1E,0x01,0x3E,0x13,0xD7,0x7B,0xD7,0x79,0xD7,0x0C,0x10,0xE6,0xCD,
    0x4E,0x2B,0xC9,0x7E,0xB7,0xC8,0xD7,0x23,0x18,0xF9,0xFE,0xB5,0x01,0xE7,0xCD,0xB0,
    0x10,0xC3,0x95,0x0A,0x00,0x00,0x00,0x00,0x00,0x00,0x00,0x00,0x00,0x00,0x00,0x00,
    0x00,0x00,0x00,0x00,0x00,0x00,0x00,0x00,0x00,0x00,0x00,0x00,0x00,0x00,0x00,0x52,
    0x8F,0xBA,0xBA,0xBA,0xBA,0xA4,0xBA,0x73,0x4E,0xBE,0x5B,0xBE,0x73,0x13,0x4B,0x13,
    0x4B,0x4E,0xB1,0x73,0x4E,0x47,0x00,0xBC,0x73,0x4E,0x73,0x4E,0x81,0x8C,0x9B,0xA5,
    0xB6,0xC9,0xD5,0xD5,0xE8,0xF6,0x07,0x28,0x18,0x26,0x37,0x43,0x56,0x56,0x62,0x70,
    0x7F,0x8D,0xA0,0xB1,0xBA,0xC8,0xD9,0xE6,0xF9,0x11,0x29,0x1F,0x27,0x33,0x47,0x53,
    0x62,0x79,0x82,0x90,0x97,0xAB,0xC3,0xD5,0xEA,0xFA,0x0B,0x2A,0x23,0x3D,0x56,0x6D,
    0x88,0x9E,0xAB,0xE3,0x35,0xF4,0x35,0x0C,0x36,0x1B,0x36,0x29,0x36,0x41,0x36,0x55,
    0x36,0x69,0x36,0x75,0x36,0x86,0x36,0x4D,0x45,0x52,0x47,0x45,0x20,0x65,0x72,0x72,
    0x6F,0xF2,0x57,0x6F,0x6E,0x67,0x20,0x66,0x69,0x6C,0x65,0x20,0x74,0x70,0xE5,0x43,
    0x4F,0x44,0x45,0x20,0x65,0x72,0x72,0x6F,0xF2,0x54,0x6F,0x6F,0x20,0x6D,0x61,0x6E,
    0x79,0x20,0x62,0x72,0x61,0x63,0x6B,0x65,0x74,0xF3,0x46,0x69,0x6C,0x65,0x20,0x61,
    0x6C,0x72,0x65,0x61,0x64,0x79,0x20,0x65,0x78,0x69,0x73,0x74,0xF3,0x49,0x6E,0x76,
    0x61,0x6C,0x69,0x64,0x20,0x6E,0x61,0x6D,0xE5,0x46,0x69,0x6C,0x65,0x20,0x6F,0x65,
    0x73,0x20,0x6E,0x6F,0x74,0x20,0x65,0x78,0x69,0x73,0xF4,0x49,0x6E,0x76,0x6C,0x69,
    0x64,0x20,0x64,0x65,0x76,0x69,0x63,0xE5,0x49,0x6E,0x76,0x61,0x6C,0x69,0x64,0x20,
    0x62,0x61,0x75,0x64,0x20,0x72,0x61,0x74,0xE5,0x49,0x6E,0x76,0x61,0x6C,0x69,0x64,
    0x6E,0x6F,0x74,0x65,0x20,0x6E,0x61,0x6D,0xE5,0x4E,0x75,0x6D,0x62,0x65,0x72,0x20,
    0x74,0x6F,0x6F,0x20,0x62,0x69,0xE7,0x4E,0x74,0x65,0x20,0x6F,0x75,0x74,0x20,0x6F,
    0x66,0x20,0x72,0x61,0x6E,0x67,0xE5,0x4F,0x75,0x74,0x20,0x6F,0x66,0x20,0x72,0x61,
    0x6E,0x67,0xE5,0x54,0x6F,0x6F,0x20,0x6D,0x61,0x6E,0x79,0x20,0x74,0x69,0x65,0x64,
    0x20,0x6E,0x6F,0x74,0x65,0xF3,0x42,0x61,0x64,0x20,0x66,0x69,0x6C,0x65,0x6E,0x61,
    0x6D,0xE5,0x42,0x61,0x64,0x70,0x61,0x72,0x61,0x6D,0x65,0x74,0x65,0x72,0xF3,0x44,
    0x72,0x69,0x76,0x65,0x20,0x6E,0x6F,0x74,0x20,0x66,0x6F,0x75,0x6E,0xE4,0x46,0x69,
    0x6C,0x65,0x20,0x6E,0x6F,0x74,0x20,0x66,0x6F,0x75,0x6E,0xE4,0x46,0x69,0x6C,0x65,
    0x20,0x61,0x6C,0x72,0x65,0x61,0x64,0x79,0x20,0x65,0x78,0x69,0x73,0x74,0xF3,0x45,
    0x6E,0x64,0x20,0x6F,0x66,0x20,0x66,0x69,0x6C,0x65,0x20,0x66,0x6F,0x75,0x6E,0xE4,
    0x44,0x69,0x73,0x6B,0x20,0x66,0x75,0x6C,0xEC,0x44,0x69,0x63,0x74,0x6F,0x72,0x79,
    0x20,0x66,0x75,0x6C,0xEC,0x46,0x69,0x6C,0x65,0x20,0x69,0x73,0x20,0x72,0x65,0x61,
    0x64,0x20,0x6F,0x6E,0x6C,0xF9,0x46,0x69,0x6C,0x65,0x20,0x6E,0x6F,0x74,0x6F,0x70,
    0x65,0xEE,0x46,0x69,0x6C,0x20,0x6C,0x72,0x65,0x61,0x64,0x79,0x20,0x69,0x6E,0x20,
    0x75,0x73,0xE5,0x4E,0x6F,0x20,0x72,0x65,0x6E,0x61,0x6D,0x65,0x20,0x62,0x65,0x74,
    0x77,0x65,0x20,0x64,0x72,0x69,0x76,0x65,0xF3,0x4D,0x69,0x73,0x73,0x69,0x6E,0x67,
    0x20,0x65,0x78,0x74,0x65,0x6E,0xF4,0x55,0x6E,0x63,0x61,0x63,0x68,0x65,0xE4,0x46,
    0x69,0x6C,0x65,0x20,0x74,0x6F,0x20,0x69,0xE7,0x69,0x73,0x6B,0x20,0x69,0x73,0x20,
    0x6E,0x6F,0x74,0x20,0x62,0x6F,0x6F,0x74,0x61,0x62,0x6C,0xE5,0x44,0x72,0x69,0x76,
    0x65,0x20,0x69,0x6E,0x20,0x75,0x73,0xE5,0x44,0x72,0x69,0x76,0x65,0x20,0x6E,0x6F,
    0x74,0x20,0x65,0x61,0x64,0xF9,0x44,0x69,0x73,0x6B,0x20,0x69,0x73,0x77,0x72,0x74,
    0x65,0x20,0x70,0x72,0x6F,0x74,0x65,0x63,0x74,0xE4,0x53,0x65,0x65,0x6B,0x20,0x66,
    0x61,0x69,0xEC,0x43,0x52,0x43,0x20,0x64,0x61,0x74,0x61,0x65,0x72,0x72,0x6F,0xF2,
    0x4E,0x6F,0x64,0x74,0xE1,0x4D,0x69,0x73,0x73,0x69,0x6E,0x20,0x61,0x64,0x64,0x72,
    0x65,0x73,0x73,0x20,0x6D,0x61,0x72,0xEB,0x55,0x6E,0x72,0x65,0x63,0x6F,0x67,0x69,
    0x73,0x65,0x64,0x20,0x64,0x69,0x73,0x6B,0x20,0x66,0x6F,0x72,0x6D,0x61,0xF4,0x55,
    0x6E,0x6B,0x6E,0x6F,0x77,0x6E,0x20,0x64,0x69,0x73,0x6B,0x20,0x65,0x72,0x72,0x6F,
    0xF2,0x44,0x69,0x73,0x6B,0x20,0x68,0x61,0x73,0x20,0x62,0x65,0x6E,0x20,0x63,0x68,
    0x61,0x6E,0x67,0x65,0xE4,0x55,0x6E,0x73,0x75,0x69,0x61,0x62,0x6C,0x65,0x20,0x6D,
    0x65,0x64,0x69,0xE1,0x49,0x6E,0x76,0x61,0x6C,0x69,0x64,0x20,0x61,0x74,0x72,0x69,
    0x62,0x75,0x74,0xE5,0x43,0x6E,0x6E,0x6F,0x74,0x20,0x63,0x6F,0x70,0x79,0x20,0x74,
    0x2F,0x66,0x72,0x6F,0x6D,0x20,0x74,0x61,0x70,0xE5,0x44,0x65,0x73,0x74,0x69,0x6E,
    0x61,0x74,0x69,0x6F,0x6E,0x20,0x63,0x61,0x6E,0x6E,0x6F,0x74,0x20,0x62,0x65,0x20,
    0x77,0x69,0x6C,0xE4,0x44,0x65,0x73,0x74,0x69,0x6E,0x61,0x74,0x69,0x6F,0x6E,0x20,
    0x6D,0x75,0x73,0x74,0x62,0x65,0x20,0x64,0x72,0x69,0x76,0xE5,0x44,0x72,0x69,0x76,
    0x65,0x20,0x42,0x3A,0x20,0x69,0x70,0x72,0x65,0x73,0x65,0x6E,0xF4,0x2B,0x32,0x41,
    0x20,0x64,0x6F,0x65,0x73,0x20,0x6E,0x6F,0x74,0x73,0x70,0x70,0x6F,0x72,0x74,0x66,
    0x6F,0x72,0x6D,0x61,0xF4,0x44,0x72,0x69,0x76,0x65,0x20,0x6D,0x75,0x73,0x74,0x20,
    0x62,0x65,0x20,0x41,0x3A,0x20,0x6F,0x72,0x42,0xBA,0x49,0x6E,0x76,0x61,0x6C,0x69,
    0x64,0x20,0x64,0x72,0x69,0x76,0xE5,0x43,0x6F,0x64,0x65,0x20,0x65,0x6E,0x67,0x74,
    0x68,0x20,0x65,0x72,0x72,0x6F,0xF2,0x1A,0xE6,0x7F,0xD5,0xD7,0xD1,0x1A,0x13,0x87,
    0x30,0xF5,0xC9,0xE1,0xED,0x7B,0x3D,0x5C,0x7E,0x32,0x5E,0x5B,0x3C,0xFE,0x1E,0x30,
    0x03,0xEF,0x5D,0x5B,0x3D,0xFD,0x77,0x00,0x2A,0x5D,0x5C,0x22,0x5F,0x5C,0xEF,0xC5,
    0x16,0xC9,0x3E,0x7F,0xDB,0xFE,0x1F,0xD8,0x3E,0xFE,0xDB,0xFE,0x1F,0xD8,0xCD,0xC8,
    0x2A,0x14,0xDF,0xFE,0x23,0x28,0x06,0xCD,0xB0,0x10,0xC3,0x65,0x12,0xCD,0x23,0x2B,
    0x06,0x00,0xCD,0x00,0x3F,0x62,0x00,0xD5,0xE5,0xC1,0xEF,0x2B,0x2D,0xC1,0xEF,0x2B,
    0x2D,0x11,0x44,0x2B,0x01,0x0A,0x00,0xCD,0xF0,0x14,0xEF,0xFF,0x2A,0xC9,0xE7,0xEF,
    0x82,0x1C,0xDF,0xFE,0x2C,0xC2,0xAD,0x22,0xE7,0xEF,0x1F,0x1C,0xFD,0xCB,0x01,0x76,
    0xCA,0xAD,0x22,0xE1,0xCD,0xB0,0x10,0xE5,0x94,0x1E,0xEF,0x01,0x16,0xC9,0xEF,0x34,
    0x40,0x41,0x00,0x00,0x04,0x0F,0x38,0xC9,0x08,0x3E,0x10,0xF3,0xCD,0x68,0x2B,0xF1,
    0x22,0x58,0x5B,0x2A,0x6A,0x5B,0xED,0x73,0x6A,0x5B,0xF9,0xFB,0x2A,0x58,0x5B,0xF5,
    0x08,0xC9,0xC5,0x01,0xFD,0x7F,0xED,0x79,0x32,0x5C,0x5B,0xC1,0xC9,0x08,0xF3,0xF1,
    0x22,0x58,0x5B,0x2A,0x6A,0x5B,0xED,0x73,0x6A,0x5B,0xF9,0x2A,0x58,0x5B,0xF5,0x3E,
    0x17,0xCD,0x68,0x2B,0xFB,0x08,0xC9,0xCD,0x73,0x2B,0x32,0x0C,0xC0,0xF5,0x28,0x06,
    0xFE,0xE0,0x3E,0x03,0x28,0x02,0x3E,0x02,0xCD,0x4E,0x2B,0xEF,0x01,0x16,0xCD,0x73,
    0x2B,0xF1,0x28,0x5E,0x21,0x01,0xED,0x01,0x01,0x00,0x11,0x01,0x00,0xCD,0x13,0x32,
    0xCD,0x00,0x3F,0x06,0x01,0xCD,0x4B,0x32,0xD2,0x97,0x31,0x06,0x00,0xCD,0x13,0x32,
    0xCD,0x00,0x3F,0x18,0x01,0xCD,0x4B,0x32,0x38,0x07,0xFE,0x19,0xC2,0x97,0x31,0x18,
    0x1D,0x3A,0x0C,0xC0,0xFE,0xAA,0x79,0x20,0x0A,0xFE,0x0D,0x28,0x06,0xFE,0x20,0x30,
    0x02,0x3E,0x20,0xCD,0x4E,0x2B,0xEF,0x10,0x00,0xCD,0x73,0x2B,0x18,0xCD,0x06,0x00,
    0xCD,0x13,0x32,0xCD,0x00,0x3F,0x09,0x01,0xCD,0x4B,0x32,0xD2,0x97,0x31,0xCD,0x4E,
    0x2B,0xC9,0xF5,0x21,0x01,0xED,0x22,0x02,0xC0,0x11,0x10,0xC0,0xCD,0x87,0x30,0xE5,
    0x3E,0xFF,0xCD,0x13,0x32,0xCD,0x00,0x3F,0x2D,0x01,0xCD,0x4B,0x32,0x32,0x05,0xC0,
    0x32,0x04,0xC0,0x21,0x10,0xC0,0xCD,0x6E,0x30,0x20,0x06,0x11,0x05,0xC0,0xCD,0x61,
    0x30,0xE1,0xF1,0xD2,0xA1,0x30,0x22,0x00,0x11,0x22,0x87,0x21,0x22,0xC0,0xCD,0x6E,
    0x30,0x20,0x06,0x11,0x04,0xC0,0xCD,0x61,0x30,0x32,0x8C,0x5C,0x3E,0x0D,0xD7,0xAF,
    0x32,0x0B,0xC0,0x32,0x0F,0xC0,0x32,0x0C,0xC0,0x21,0x10,0x34,0x3A,0x0B,0xC0,0xB7,
    0x28,0x07,0xCD,0x4E,0x2B,0xCD,0xC8,0x2A,0x49,0x21,0x05,0x32,0x11,0x4E,0x01,0x0E,
    0x00,0xED,0xB0,0x21,0x22,0xC0,0xCD,0x34,0x30,0x3A,0x0B,0xC0,0xB7,0x20,0x06,0xCD,
    0x42,0x2D,0xC3,0x10,0x2D,0x2A,0x02,0xC0,0xCD,0x6E,0x30,0x3E,0xFF,0xBE,0x28,0x07,
    0xCD,0x4E,0x2B,0xCD,0xC8,0x2A,0x4A,0x21,0x41,0xC0,0xAF,0x06,0x0D,0x77,0x23,0x10,
    0xFC,0x21,0x41,0xC0,0x11,0x34,0xC0,0x01,0x0D,0x00,0xED,0xB0,0x2A,0x00,0xC0,0x01,
    0x00,0x02,0x11,0x34,0xC0,0xCD,0x13,0x32,0xCD,0x00,0x3F,0x1E,0x01,0xCD,0x4B,0x32,
    0xD2,0x97,0x31,0x21,0x0C,0xC0,0x7E,0xB7,0x20,0x09,0x3C,0x77,0x3E,0x17,0x05,0xCA,
    0x97,0x31,0x04,0x05,0x28,0x2C,0x21,0x22,0xC0,0xCD,0x6E,0x30,0xEB,0x21,0x41,0xC0,
    0x06,0x08,0xCD,0x57,0x30,0x21,0x49,0xC0,0x3E,0x2E,0x12,0x13,0x06,0x03,0xCD,0x57,
    0x30,0x3E,0xFF,0x12,0x21,0x10,0xC0,0xCD,0x6E,0x30,0x36,0xFF,0xCD,0x42,0x2D,0xC3,
    0xAF,0x2C,0x21,0x4E,0xC0,0xCD,0x13,0x32,0xCD,0x00,0x3F,0x24,0x01,0x4B,0x32,0x3A,
    0x0F,0xC0,0x3D,0x21,0xC9,0x3E,0x28,0x0F,0x3C,0x6F,0x26,0x00,0x3E,0x0D,0xD7,0x1E,
    0x20,0xCD,0x04,0x08,0x21,0xDD,0x3E,0xCD,0xE6,0x31,0x3E,0x17,0x32,0x8C,0x5C,0xCD,
    0x4E,0x2B,0xC9,0x21,0x10,0xC0,0x11,0x22,0xC0,0x1A,0xBE,0x20,0x10,0x3E,0xFF,0xBE,
    0x20,0x07,0xCD,0x4E,0x2B,0xC8,0x2A,0x30,0x23,0x13,0x18,0xEC,0x21,0x10,0xC0,0xCD,
    0x6E,0x30,0x7E,0xFE,0xFF,0x17,0x21,0x10,0xC0,0x6E,0x30,0xE5,0x21,0x22,0xC0,0xCD,
    0x6E,0x30,0xD1,0x7E,0x12,0x3C,0x28,0x04,0x13,0x23,0x18,0xF7,0xAF,0x32,0x09,0xC0,
    0x3E,0x4D,0xCD,0x13,0x32,0x00,0x3F,0x21,0x01,0xCD,0x4B,0x32,0xD2,0xB1,0x2D,0x7C,
    0xB7,0x28,0x03,0x21,0x3F,0x00,0x7D,0xFE,0x40,0x38,0x03,0x21,0x00,0x65,0x2E,0x00,
    0x29,0x29,0x22,0x07,0xC0,0x11,0x00,0x08,0xB7,0xED,0x52,0x30,0x0A,0x3E,0xFF,0x32,
    0x8C,0x5C,0x3E,0x01,0x32,0x09,0xC0,0xAF,0x32,0x0A,0x32,0x06,0xC0,0x21,0x10,0xC0,
    0xCD,0x6E,0x30,0x7E,0xFE,0xFF,0x20,0x12,0x21,0x22,0xC0,0xCD,0x6E,0x30,0x7E,0xFE,
    0xFF,0x20,0x07,0xCD,0x4E,0x2B,0xC8,0x2A,0x30,0x21,0x22,0xC0,0x3E,0xFF,0x32,0x8C,
    0x5C,0xE5,0xE5,0xCD,0xE6,0x31,0xD1,0xEB,0xB7,0xED,0x52,0x11,0x11,0x00,0x19,0x45,
    0xC5,0x3E,0x20,0xD7,0xC1,0x10,0xF9,0xE1,0x3A,0x05,0xC0,0xFE,0x4D,0x28,0x0E,0x3A,
    0x09,0xC0,0xB7,0x20,0x08,0x3A,0x04,0xC0,0xFE,0x4D,0xC2,0xAB,0x2E,0x21,0x22,0xC0,
    0x01,0x01,0x00,0x11,0x02,0x00,0xCD,0x13,0x32,0xCD,0x00,0x3F,0x01,0xCD,0x4B,0x32,
    0xD2,0x97,0x31,0x21,0x10,0xC0,0xE5,0xCD,0xE6,0x31,0xE1,0x01,0x02,0x01,0x11,0x04,
    0x02,0xCD,0x13,0x32,0xCD,0x00,0x3F,0x06,0x4B,0xD2,0x97,0x31,0x3E,0x32,0x0A,0xC0,
    0x01,0x07,0x00,0x11,0x00,0x08,0x21,0x11,0xED,0xCD,0x13,0x32,0xCD,0x00,0x3F,0x12,
    0x01,0xCD,0x4B,0x32,0x38,0x25,0xFE,0x19,0xC2,0x97,0x31,0x3E,0x01,0x32,0x06,0xC0,
    0xD5,0x06,0x00,0xCD,0x13,0x32,0xCD,0x00,0x3F,0x09,0x01,0xCD,0x4B,0x32,0xD1,0xD2,
    0x97,0x31,0x21,0x00,0x08,0xB7,0xED,0x52,0xEB,0x18,0x03,0x11,0x00,0x08,0x7B,0xB2,
    0x28,0x14,0x21,0x11,0xED,0x01,0x07,0x01,0xCD,0x13,0x32,0xCD,0x00,0x3F,0x15,0x01,
    0xCD,0x4B,0x32,0xD2,0x97,0x31,0x3A,0x06,0xC0,0xB7,0xCA,0x4B,0x2E,0xC3,0x1C,0x30,
    0x21,0x22,0xC0,0x01,0x01,0x00,0x11,0x02,0x00,0xCD,0x13,0x32,0xCD,0x00,0x3F,0x06,
    0x01,0xCD,0x4B,0x32,0xD2,0x97,0x31,0x21,0x4E,0xC0,0x01,0x03,0x02,0x11,0x04,0x02,
    0xCD,0x13,0x32,0xCD,0x3F,0x06,0x01,0xCD,0x4B,0x32,0xD2,0x97,0x31,0x21,0x00,0x22,
    0x0D,0xC0,0x01,0x07,0x00,0x11,0x00,0x08,0x21,0x11,0xED,0xCD,0x13,0xCD,0x00,0x3F,
    0x12,0x01,0x4B,0x38,0x25,0xFE,0x19,0xC2,0x97,0x31,0x3E,0x01,0x32,0x06,0xC0,0xD5,
    0x06,0x00,0xCD,0x13,0x32,0xCD,0x00,0x3F,0x09,0x01,0xCD,0x4B,0x32,0xD1,0xD2,0x97,
    0x31,0x21,0x00,0x08,0xB7,0xED,0x52,0xEB,0x18,0x03,0x11,0x00,0x08,0x7B,0xB2,0x28,
    0x16,0xD5,0x21,0x11,0xED,0x01,0x07,0x02,0x13,0x32,0xCD,0x00,0x3F,0x15,0x01,0xCD,
    0x4B,0x32,0xD1,0xD2,0x97,0x31,0x2A,0x0D,0xC0,0x19,0x22,0x0D,0xC0,0x11,0x00,0x08,
    0x19,0xEB,0x2A,0x07,0xC0,0x3A,0x06,0xC0,0xB7,0x20,0xED,0x52,0x30,0x8F,0x3A,0x04,
    0xC0,0xE6,0xDF,0x13,0xCD,0x00,0x3F,0x42,0x01,0xCD,0x4B,0x32,0xD2,0x97,0x31,0x06,
    0x02,0x21,0x00,0x00,0x1E,0x00,0x13,0x36,0x4B,0x3A,0x0A,0xC0,0xB7,0x20,0x21,0x21,
    0x10,0xC0,0xE5,0xCD,0xE6,0x31,0xE1,0x01,0x02,0x01,0x11,0x04,0x02,0xCD,0x13,0x32,
    0x00,0x3F,0x06,0x01,0xCD,0x4B,0x32,0xD2,0x97,0x31,0x3E,0x01,0x32,0x0A,0xC0,0x21,
    0x11,0xED,0x11,0x00,0x08,0x01,0x07,0x02,0xCD,0x13,0x32,0xCD,0x00,0x3F,0x12,0x01,
    0x4B,0x32,0x21,0x00,0x08,0x38,0x0B,0xFE,0x19,0xC2,0x97,0x31,0x21,0x00,0x08,0xB7,
    0xED,0x52,0xEB,0x01,0x07,0x01,0x21,0x11,0xED,0xCD,0x13,0x32,0xCD,0x00,0x3F,0x15,
    0x01,0xCD,0x4B,0x32,0xD2,0x97,0x31,0x2A,0x0D,0xC0,0x11,0x00,0x08,0xB7,0xED,0x52,
    0x38,0x07,0x7C,0xB5,0x22,0x0D,0xC0,0x20,0xB5,0x06,0x02,0xCD,0x13,0x32,0x00,0x3F,
    0x09,0x01,0xCD,0x4B,0x32,0x3A,0x05,0xC0,0xE6,0xDF,0xCD,0x13,0x32,0xCD,0x00,0x3F,
    0x42,0x01,0x4B,0xD2,0x97,0x31,0x3A,0x06,0xC0,0xB7,0xCA,0xC2,0x2E,0x21,0x4E,0xC0,
    0xCD,0x13,0x32,0xCD,0x00,0x3F,0x24,0x01,0xCD,0x4B,0x06,0x01,0xCD,0x13,0x32,0xCD,
    0x3F,0x09,0x01,0xCD,0x4B,0x32,0xD2,0x97,0x31,0x3E,0x0D,0xD7,0x21,0x0F,0xC0,0x34,
    0xC9,0x06,0x11,0x7E,0x3F,0x20,0x07,0xF5,0x3E,0x01,0x32,0x0B,0xC0,0xF1,0xFE,0x2A,
    0x20,0x07,0xF5,0x3E,0x01,0x32,0x0B,0xC0,0xF1,0x23,0x3C,0xC8,0x10,0xE2,0x3E,0x14,
    0xC3,0x97,0x31,0x7E,0xFE,0x20,0xC8,0x12,0x23,0x13,0x10,0xF7,0xC9,0x2B,0x2B,0x7E,
    0xE6,0xDF,0xFE,0x41,0xD8,0xFE,0x5B,0xD0,0x12,0xC9,0xE5,0xD1,0x7E,0x3C,0x28,0x0D,
    0x06,0x04,0x7E,0xFE,0x3A,0x28,0x0A,0x3C,0x28,0x03,0x23,0x10,0xF5,0xF6,0xFF,0xEB,
    0xC9,0x23,0xC9,0x06,0x11,0x7E,0x12,0x23,0x13,0x3C,0x28,0x07,0x10,0xF5,0x3E,0x14,
    0xC3,0x97,0x31,0xC9,0xEF,0x6B,0x0D,0x3E,0x02,0xEF,0x01,0x16,0xC9,0xAF,0x0B,0xC0,
    0x32,0x0A,0xC0,0x21,0x10,0xC0,0xCD,0x34,0x30,0x3A,0x0B,0xC0,0xB7,0x28,0x07,0xCD,
    0x4E,0x2B,0xCD,0xC8,0x2A,0x49,0x21,0x10,0xC0,0x06,0x12,0x7E,0xFE,0x2E,0x23,0x28,
    0x03,0x3C,0x20,0xF7,0x2B,0xEB,0x21,0x92,0x31,0x01,0x04,0x00,0xED,0xB0,0x2A,0x02,
    0xC0,0x01,0x01,0x00,0x11,0x01,0x00,0xCD,0x13,0x32,0xCD,0x00,0x3F,0x06,0x01,0xCD,
    0x4B,0x32,0xD2,0x97,0x31,0x21,0x10,0xC0,0x01,0x02,0x01,0x11,0x04,0x01,0xCD,0x13,
    0x32,0xCD,0x00,0x3F,0x06,0x01,0xCD,0x4B,0x32,0xD2,0x97,0x31,0x3E,0x01,0x32,0x0A,
    0xC0,0x21,0x00,0x00,0x22,0x0D,0xC0,0x06,0x00,0xCD,0x13,0x32,0xCD,0x00,0x3F,0x18,
    0x01,0xCD,0x4B,0x38,0x07,0xFE,0x19,0xC2,0x97,0x31,0x28,0x19,0x06,0x01,0xCD,0x13,
    0x32,0xCD,0x00,0x3F,0x1B,0x01,0xCD,0x4B,0x32,0x2A,0x0D,0xC0,0x23,0x22,0x0D,0xC0,
    0x38,0xD4,0xC3,0x97,0x31,0x06,0x00,0xCD,0x13,0x32,0xCD,0x00,0x3F,0x09,0x01,0xCD,
    0x4B,0x32,0xD2,0x97,0x31,0x3A,0x05,0xC0,0xCD,0x13,0x32,0xCD,0x3F,0x42,0x01,0xCD,
    0x4B,0x32,0x06,0x01,0xCD,0x13,0x32,0x00,0x3F,0x0F,0x01,0xCD,0x4B,0x32,0xD2,0x97,
    0x31,0x3E,0x03,0xDD,0x77,0x00,0x2A,0x0D,0xC0,0xDD,0x75,0x01,0xDD,0x74,0x02,0xAF,
    0xDD,0x77,0x03,0xDD,0x77,0x04,0x06,0x01,0xCD,0x13,0xCD,0x00,0x3F,0x09,0x01,0xCD,
    0x4B,0x32,0xD2,0x97,0x31,0xCD,0x4E,0x2B,0xC9,0x2E,0x48,0x45,0x44,0xFF,0xF5,0x06,
    0x03,0xC5,0x05,0xC5,0xCD,0x13,0x32,0xCD,0x00,0x3F,0x09,0x01,0xCD,0x4B,0x32,0xC1,
    0x38,0x0B,0xCD,0x13,0x32,0x00,0x3F,0x0C,0x01,0xCD,0x4B,0x32,0xC1,0x10,0xE1,0x3E,
    0x0D,0xD7,0x3A,0x0A,0xC0,0xB7,0x28,0x0E,0x21,0x10,0xC0,0xCD,0x13,0x32,0xCD,0x00,
    0x3F,0x24,0x01,0xCD,0x4B,0x32,0x21,0x4E,0xC0,0x13,0x32,0xCD,0x00,0x3F,0x24,0x01,
    0xCD,0x4B,0x32,0xF1,0xCD,0x4E,0x2B,0xCD,0x99,0x0E,0xFF,0x7E,0x23,0xB7,0xC8,0xFE,
    0xFF,0xC8,0xE6,0x7F,0xFE,0x20,0x38,0xF3,0xD7,0x18,0xF0,0x21,0x3B,0x5C,0xCB,0xAE,
    0xCB,0x6E,0x28,0xFC,0xCB,0xAE,0x3A,0x08,0x5C,0xC9,0x4D,0x3A,0x56,0x41,0x58,0x4E,
    0x53,0x55,0x5A,0x2E,0x24,0x24,0x24,0xFF,0xF3,0x22,0x08,0xE6,0xF5,0xE1,0x22,0xE6,
    0xED,0x53,0x0A,0xE6,0xED,0x43,0x0C,0xE6,0x21,0xFF,0x5B,0x11,0xFF,0xE7,0x01,0x84,
    0x00,0xED,0xB8,0xC1,0xED,0x73,0x02,0xE6,0x21,0xFF,0x5B,0xF9,0xC5,0xED,0x4B,0x0C,
    0xE6,0xED,0x5B,0xE6,0x2A,0x06,0xE6,0xE5,0xF1,0x2A,0x08,0xE6,0xFB,0xC9,0xF3,0x22,
    0x08,0xE6,0xF5,0xE1,0x22,0x06,0xE6,0xED,0x53,0x0A,0xE6,0xED,0x43,0x0C,0xE6,0xE1,
    0x22,0x04,0xE6,0x21,0xFF,0xE7,0x11,0xFF,0x5B,0x01,0x84,0x00,0xED,0xB8,0x2A,0x02,
    0xE6,0xF9,0x2A,0x04,0xE6,0xE5,0xED,0x4B,0x0C,0xE6,0xED,0x5B,0x0A,0xE6,0x2A,0x06,
    0xE6,0xE5,0xF1,0x2A,0x08,0xE6,0xFB,0xC9,0xAF,0xCD,0x73,0x2B,0x32,0x16,0xED,0xCD,
    0x4E,0x2B,0xEF,0x20,0x00,0xFE,0xDD,0x20,0x0E,0x3E,0xFC,0xCD,0x73,0x2B,0x32,0x16,
    0xED,0xCD,0x4E,0x2B,0xEF,0x20,0x00,0xCD,0xB0,0x10,0x3A,0x67,0x5B,0x01,0xFD,0x1F,
    0xCB,0xE7,0xF3,0x32,0x67,0x5B,0xED,0x79,0xFB,0xCD,0x73,0x2B,0xF3,0x3E,0x1B,0xCD,
    0x16,0x33,0x3E,0x33,0xCD,0x16,0x33,0x21,0x7B,0x5B,0x7E,0xCD,0x16,0x33,0x21,0x1F,
    0x40,0x1E,0x20,0xE5,0x16,0x01,0xD5,0xE5,0x21,0x1C,0x34,0xCD,0x22,0x33,0xE1,0xD1,
    0xE5,0xCD,0x2E,0x33,0x7C,0xE6,0x07,0x24,0xFE,0x07,0x20,0xF5,0x7C,0xD6,0x08,0x67,
    0x7D,0xC6,0x20,0x6F,0x30,0xEB,0x7C,0xC6,0x08,0x67,0xFE,0x58,0x20,0xE3,0xE1,0xCB,
    0x22,0xCB,0x22,0x30,0xD1,0xE1,0x2B,0x1D,0x20,0xC9,0x3E,0x1B,0xCD,0x16,0x33,0x3E,
    0x40,0xCD,0x16,0x33,0xFB,0xCD,0x4E,0x2B,0xC9,0xFB,0xCD,0x4E,0x2B,0xCD,0x51,0x20,
    0xCD,0x73,0x2B,0xF3,0xC9,0x7E,0xFE,0xFF,0xC8,0xE5,0xCD,0x16,0x33,0xE1,0x23,0x18,
    0xF4,0xF5,0xE5,0xD5,0xE5,0xCD,0x5F,0x33,0xE1,0xCD,0x6F,0x33,0xCD,0x9C,0x33,0xCD,
    0x7C,0x33,0xCB,0x22,0x9C,0x33,0xCD,0x8F,0x33,0x06,0x04,0x21,0x11,0xED,0x7E,0xC5,
    0xE5,0x21,0x16,0xED,0xAE,0xCD,0x16,0x33,0xE1,0xC1,0x23,0x10,0xF1,0xD1,0xE1,0xF1,
    0xC9,0xF5,0x7C,0xE6,0x18,0xCB,0x3F,0xCB,0x3F,0xCB,0x3F,0xF6,0x58,0x67,0x5E,0xF1,
    0xC9,0xE5,0x21,0x11,0xED,0x06,0x04,0x36,0x00,0x23,0x10,0xFB,0xE1,0xC9,0xE5,0xC5,
    0x21,0x11,0xED,0x06,0x04,0xCB,0x26,0xCB,0x26,0xCB,0x26,0x23,0x10,0xF7,0xC1,0xE1,
    0xC9,0x21,0x11,0xED,0x06,0x04,0xCB,0x26,0xCB,0x26,0x23,0x10,0xF9,0xC9,0xD5,0xE5,
    0x7A,0xA6,0x7B,0x20,0x06,0xCB,0x3F,0xCB,0x3F,0xCB,0x3F,0xE6,0x07,0xCB,0x73,0x28,
    0x02,0xF6,0x08,0x21,0xCC,0x16,0x00,0x5F,0x19,0x5E,0x21,0xDC,0x33,0x19,0x06,0x04,
    0x11,0x11,0xED,0x1A,0xB6,0x12,0x23,0x13,0x10,0xF9,0xE1,0xD1,0xC9,0x00,0x04,0x08,
    0x0C,0x10,0x14,0x18,0x1C,0x20,0x24,0x28,0x2C,0x30,0x34,0x38,0x3C,0x07,0x07,0x07,
    0x07,0x07,0x05,0x07,0x07,0x03,0x07,0x06,0x07,0x07,0x03,0x03,0x06,0x03,0x06,0x03,
    0x06,0x05,0x02,0x05,0x02,0x05,0x02,0x05,0x01,0x06,0x03,0x04,0x07,0x07,0x07,0x07,
    0x05,0x02,0x03,0x04,0x06,0x01,0x02,0x01,0x01,0x04,0x02,0x04,0x04,0x00,0x04,0x01,
    0x01,0x00,0x04,0x00,0x00,0x02,0x00,0x00,0x00,0x00,0x00,0x0D,0x0A,0x1B,0x4C,0x00,
    0x03,0xFF,0x01,0x11,0x00,0xEF,0x30,0x00,0xD5,0xDD,0xE1,0x3E,0x0D,0xEF,0x10,0x00,
    0x3E,0x7F,0xDB,0xFE,0x1F,0x38,0x08,0x3E,0xFE,0xDB,0xFE,0x1F,0x38,0x01,0xC9,0x3E,
    0x00,0x11,0x11,0x00,0x37,0xDD,0xE5,0xEF,0x56,0x05,0xDD,0xE1,0x30,0xE2,0xDD,0xE5,
    0x3E,0x22,0xEF,0x10,0x00,0x06,0x0A,0xDD,0x7E,0x01,0xEF,0x10,0x00,0xDD,0x23,0x10,
    0xF6,0xDD,0xE1,0x21,0xFE,0x34,0xCD,0xEE,0x34,0xDD,0x7E,0x00,0xFE,0x00,0x20,0x23,
    0xDD,0x7E,0x0E,0xFE,0x80,0x28,0x14,0x21,0x1B,0x35,0xCD,0xEE,0x34,0xDD,0x4E,0x0D,
    0xDD,0x46,0x0E,0xCD,0xF7,0x34,0x3E,0x20,0xEF,0x10,0x00,0x21,0x01,0x35,0xCD,0xEE,
    0x34,0x18,0x98,0xFE,0x01,0x20,0x19,0x21,0x0A,0x35,0xCD,0xEE,0x34,0xDD,0x7E,0x0E,
    0xE6,0x7F,0xF6,0x40,0xEF,0x10,0x00,0x21,0x17,0x35,0xCD,0xEE,0x34,0xC3,0x2C,0x34,
    0xFE,0x02,0x20,0x19,0x21,0x0A,0x35,0xCD,0xEE,0x34,0xDD,0x7E,0x0E,0xE6,0x7F,0xF6,
    0x40,0xEF,0x10,0x00,0x21,0x16,0x35,0xCD,0xEE,0x34,0xC3,0x2C,0x34,0x21,0x10,0x35,
    0xCD,0xEE,0x34,0xDD,0x4E,0x0D,0xDD,0x46,0x0E,0xCD,0xF7,0x34,0x3E,0x2C,0xEF,0x10,
    0x00,0xDD,0x4E,0x0B,0xDD,0x46,0x0C,0xCD,0xF7,0x34,0xC3,0x2C,0x34,0x7E,0xB7,0xC8,
    0xEF,0x10,0x00,0x23,0x18,0xF7,0xEF,0x2B,0x2D,0xEF,0xE3,0x2D,0xC9,0x22,0x20,0x28,
    0x42,0x41,0x53,0x49,0x43,0x29,0x20,0x00,0x44,0x41,0x54,0x41,0x20,0x43,0x4F,0x44,
    0x45,0x20,0x00,0x24,0x28,0x29,0x20,0x00,0x4C,0x49,0x4E,0x45,0x20,0x00,0xEF,0xF1,
    0x2B,0xC5,0xD5,0xEF,0x94,0x1E,0xD1,0xC1,0xCD,0x00,0x3F,0x56,0x00,0xD2,0xDA,0x0E,
    0xC9,0xEF,0x94,0x1E,0xCD,0x00,0x3F,0x59,0x00,0x18,0xF2,0xDF,0xFE,0x23,0x28,0x0A,
    0xEF,0x82,0x1C,0xCD,0xB0,0x10,0xEF,0x67,0x1E,0xC9,0xCD,0x1B,0x11,0xCD,0xB0,0x10,
    0x11,0xB3,0x3D,0x01,0x0D,0x00,0xCD,0xF0,0x14,0xEF,0x94,0x1E,0xEF,0x01,0x16,0xEF,
    0xA2,0x2D,0xC5,0xEF,0xA2,0x2D,0xC5,0xE1,0xD1,0x06,0x01,0xCD,0x00,0x3F,0x62,0x00,
    0xC9,0x50,0x68,0x79,0x73,0x69,0x63,0x61,0x6C,0x20,0x64,0x72,0x69,0x76,0x65,0x73,
    0x3A,0x20,0x00,0x20,0x66,0x6C,0x6F,0x70,0x70,0x79,0x2C,0x20,0x00,0x20,0x49,0x44,
    0x45,0x4C,0x6F,0x67,0x69,0x63,0x61,0x6C,0x20,0x64,0x72,0x69,0x76,0x65,0x73,0x3A,
    0x20,0x00,0x52,0x65,0x61,0x6C,0x6C,0x79,0x66,0x6F,0x72,0x6D,0x61,0x74,0x20,0x68,
    0x61,0x72,0x64,0x64,0x69,0x73,0x6B,0x28,0x59,0x2F,0x29,0x3F,0x52,0x65,0x61,0x6C,
    0x6C,0x79,0x20,0x64,0x65,0x6C,0x65,0x74,0x65,0x20,0x70,0x61,0x72,0x74,0x69,0x74,
    0x69,0x6F,0x6E,0x20,0x28,0x59,0x2F,0x4E,0x29,0x3F,0x00,0x49,0x6E,0x76,0x61,0x6C,
    0x69,0x64,0x20,0x70,0x61,0x72,0x74,0x69,0x74,0x69,0x6F,0xEE,0x50,0x61,0x72,0x74,
    0x69,0x74,0x69,0x6F,0x6E,0x20,0x61,0x6C,0x72,0x65,0x61,0x64,0x20,0x65,0x78,0x69,
    0x73,0x74,0xF3,0x4E,0x6F,0x74,0x20,0x69,0x6D,0x70,0x6C,0x65,0x6D,0x65,0x6E,0x74,
    0x65,0xE4,0x50,0x61,0x72,0x74,0x69,0x74,0x69,0x6F,0x6E,0x20,0x6F,0x70,0x65,0xEE,
    0x4F,0x75,0x74,0x20,0x6F,0x66,0x20,0x70,0x61,0x72,0x74,0x69,0x74,0x69,0x6F,0x6E,
    0x20,0x68,0x61,0x6E,0x64,0x6C,0x65,0xF3,0x4E,0x6F,0x74,0x20,0x61,0x20,0x73,0x77,
    0x61,0x70,0x20,0x70,0x61,0x72,0x74,0x69,0x74,0x69,0x6F,0xEE,0x44,0x72,0x69,0x76,
    0x65,0x20,0x61,0x6C,0x72,0x65,0x61,0x64,0x79,0x20,0x6D,0x61,0x70,0x70,0x65,0xE4,
    0x4F,0x75,0x74,0x20,0x6F,0x66,0x20,0x58,0x44,0x50,0x42,0xF3,0x4E,0x6F,0x20,0x73,
    0x77,0x61,0x70,0x20,0x70,0x61,0x72,0x74,0x69,0x74,0x69,0x6F,0xEE,0x49,0x6E,0x76,
    0x61,0x6C,0x69,0x64,0x20,0x64,0x65,0x76,0x69,0x63,0xE5,0xCD,0xC0,0x24,0x21,0x3B,
    0x5C,0xCB,0xAE,0xCB,0x6E,0x28,0xFC,0xCB,0xAE,0x3A,0x08,0x5C,0xE6,0xDF,0xFE,0x4E,
    0x28,0x04,0xFE,0x59,0x20,0xED,0xF5,0xEF,0x6E,0x0D,0xF1,0xC9,0xEF,0x6E,0x0D,0x21,
    0xA5,0x35,0xCD,0x94,0x36,0xF5,0x01,0x00,0x00,0x3A,0x66,0x5B,0xCB,0x77,0x28,0x03,
    0xEF,0x99,0x1E,0xC5,0xEF,0x99,0x1E,0xC5,0xEF,0x94,0x1E,0x4F,0xE1,0xD1,0xF1,0xFE,
    0x4E,0xC8,0xE5,0xC5,0xD5,0x06,0x07,0x21,0x11,0xED,0xCD,0x73,0x2B,0xCD,0x13,0x32,
    0xCD,0x00,0x3F,0xA2,0x01,0xFE,0x42,0x37,0x3F,0xC2,0x1D,0x38,0xDD,0x21,0x11,0xED,
    0xDD,0x66,0x03,0xDD,0x6E,0x06,0xDD,0x5E,0x01,0xDD,0x24,0xDD,0x56,0x00,0xCD,0x4B,
    0x32,0xCD,0x4E,0x2B,0xE3,0xA7,0xED,0x52,0xD2,0x8A,0x37,0x19,0x7C,0xB5,0x28,0x06,
    0xEB,0xE1,0xCB,0xFC,0x18,0x01,0xE1,0xC1,0x79,0xC1,0xD5,0xDD,0xE1,0xCD,0x73,0x2B,
    0xCD,0x13,0x32,0xCD,0x3F,0xB2,0xCD,0x4B,0x32,0xCD,0x4E,0x2B,0xD8,0xCD,0xCA,0x0E,
    0xFF,0xDF,0xFE,0xE4,0x28,0x0A,0xFE,0xB9,0x28,0x06,0xCD,0xB0,0x10,0xC3,0x6A,0x22,
    0xEF,0x28,0x2D,0xE7,0xEF,0x8C,0x1C,0xDF,0xFE,0x2C,0xC2,0x24,0x11,0xE7,0xEF,0x82,
    0x1C,0xCD,0xB0,0x10,0xEF,0x99,0x1E,0xC5,0xCD,0x28,0x38,0xC2,0x4D,0x38,0xD5,0xEF,
    0x94,0x1E,0xD1,0xE1,0xFE,0xB9,0x3E,0x02,0x01,0x11,0x28,0x05,0x3E,0x03,0x01,0x11,
    0xCD,0x73,0x2B,0x32,0xA8,0xEF,0xE5,0xA7,0xED,0x42,0xE1,0x38,0x07,0xCD,0x4E,0x2B,
    0xCD,0xC8,0x2A,0x0A,0x7C,0xB5,0x28,0xF5,0xD5,0xE5,0x21,0xBE,0x3C,0x11,0xB8,0xEF,
    0x01,0x1D,0xED,0xB0,0xE1,0xE5,0x55,0x1E,0x7D,0xFE,0x05,0x38,0x1A,0xFE,0x09,0x38,
    0x0D,0xCB,0x3A,0xCB,0x1B,0x01,0x06,0x3F,0x26,0x03,0x3E,0xC0,0x18,0x12,0x01,0x05,
    0x1F,0x26,0x01,0x3E,0xF0,0x18,0x09,0xCB,0x22,0x01,0x04,0x0F,0x26,0x3E,0xFF,0xED,
    0x43,0xBA,0xEF,0x32,0xC1,0xEF,0x7C,0x32,0xBC,0xEF,0x1B,0x45,0xAF,0xC6,0x10,0x10,
    0xFC,0xA7,0x20,0x04,0x3D,0x11,0xF7,0x07,0x32,0xCA,0xEF,0xED,0x53,0xBD,0xEF,0xE1,
    0x29,0x29,0x29,0x2B,0x22,0xB0,0xEF,0x3E,0xFF,0x32,0xAF,0xEF,0xF1,0xF5,0x21,0x98,
    0xEF,0xCD,0x13,0x32,0xCD,0x3F,0xB8,0xCD,0x4B,0x32,0x30,0x12,0xF1,0x2E,0xE5,0xDD,
    0x21,0x1F,0xCD,0x13,0x32,0xCD,0x3F,0xBB,0xCD,0x4B,0x32,0xCD,0x4E,0x2B,0xD8,0xCD,
    0xCA,0x0E,0xFF,0xEF,0xF1,0x2B,0x78,0xB1,0x20,0x04,0xCD,0xC8,0x2A,0x2C,0x13,0x1A,
    0x1B,0xFE,0x3E,0x3E,0x20,0x15,0x1A,0x13,0x13,0x0B,0x0B,0xD6,0x30,0x28,0x0C,0xFE,
    0x01,0x28,0x08,0x57,0xFE,0x05,0xD8,0xCD,0xC8,0x2A,0x59,0xF5,0x06,0x79,0xFE,0x11,
    0x38,0x02,0x3E,0x10,0xEB,0x11,0x98,0xEF,0xCD,0x63,0x3F,0xF3,0x3A,0x5C,0x5B,0xF6,
    0x07,0x01,0xFD,0x7F,0xED,0x79,0xEB,0x16,0x10,0x36,0x20,0x23,0x15,0x20,0xFA,0x3A,
    0x5C,0x5B,0xED,0x79,0xFB,0xD1,0xC9,0xDF,0xFE,0xEB,0xCA,0x25,0x3D,0xFE,0xBF,0x28,
    0x17,0xFE,0xDF,0x28,0x56,0xFE,0xC4,0x28,0x70,0xFE,0xCC,0xC2,0x24,0x11,0xE7,0xEF,
    0x8C,0x1C,0xCD,0xB0,0x10,0xC3,0xE5,0x04,0xE7,0xEF,0x8C,0x1C,0xCD,0x44,0x39,0xCD,
    0xB0,0x10,0xCD,0x28,0x38,0x7A,0xF5,0x20,0x16,0x21,0x98,0xEF,0xCD,0x73,0x2B,0xCD,
    0x13,0x32,0xCD,0x3F,0xB5,0xCD,0x4B,0x32,0xCD,0x4E,0x2B,0x30,0x18,0xC5,0xCD,0x51,
    0x39,0xC1,0xF1,0xCD,0x73,0x2B,0xCD,0x13,0x32,0xCD,0x3F,0xF1,0xCD,0x4B,0x32,0xCD,
    0x4E,0x2B,0xD8,0xCD,0xCA,0x0E,0xFF,0xE7,0xCD,0x44,0x39,0xCD,0xB0,0x10,0xCD,0x51,
    0x39,0xCD,0x73,0x2B,0xCD,0x13,0x32,0xCD,0x3F,0xF4,0xCD,0x4B,0x32,0xCD,0x4E,0x2B,
    0x30,0xDF,0xC9,0xE7,0xCD,0xB0,0x10,0x21,0xC4,0x35,0xCD,0x94,0x36,0xF5,0xCD,0x28,
    0x38,0xC2,0x4D,0x38,0xF1,0xFE,0x4E,0xC8,0x7A,0xF5,0x21,0x98,0xEF,0xCD,0x73,0x2B,
    0xCD,0x13,0x32,0xCD,0x3F,0xB5,0xCD,0x4B,0x32,0xCD,0x4E,0x2B,0x30,0x13,0xF1,0xCD,
    0x73,0x2B,0xCD,0x13,0x32,0xCD,0x3F,0xBE,0xCD,0x4B,0x32,0xCD,0x4E,0x2B,0xD8,0xCD,
    0xCA,0x0E,0xFF,0xDF,0x21,0x66,0x5B,0xCB,0xB6,0xFE,0xB5,0xC0,0xCB,0xF6,0xE7,0xC9,
    0xEF,0xF1,0x2B,0x0B,0x0B,0x78,0xB1,0x20,0x14,0x13,0x1A,0xFE,0x3A,0x20,0x0E,0x1B,
    0x1A,0xE6,0xDF,0xFE,0x41,0x38,0x06,0xFE,0x51,0x30,0x02,0x6F,0xC9,0xCD,0xC8,0x2A,
    0x4E,0xDF,0xFE,0xAB,0x01,0xFF,0x01,0x28,0x51,0xFE,0xD9,0x01,0x07,0x01,0x28,0x4A,
    0xFE,0xDA,0x01,0x07,0x04,0x28,0x43,0xFE,0xDB,0x01,0x01,0x08,0x28,0x3C,0xFE,0xDC,
    0x01,0x01,0x07,0x28,0x35,0xFE,0x0D,0x28,0x04,0xFE,0x3A,0x20,0x06,0xCD,0xB0,0x10,
    0xC3,0x65,0x14,0xEF,0x8C,0x1C,0xCD,0xB0,0x10,0xEF,0xF1,0x2B,0xEB,0x11,0x4E,0xC0,
    0xCD,0x63,0x3F,0xCD,0x73,0x2B,0x3E,0xFF,0x12,0x21,0x4E,0xC0,0xCD,0x13,0x32,0xCD,
    0x3F,0xFD,0xCD,0x4B,0x32,0xC3,0x21,0x3C,0xC5,0xE7,0xEF,0x82,0x1C,0xCD,0x44,0x39,
    0xC1,0xCD,0xB0,0x10,0xC5,0xEF,0x94,0x1E,0xC1,0x57,0x79,0xBA,0x30,0x04,0xCD,0xC8,
    0x2A,0x13,0x05,0x28,0x06,0xCB,0x02,0xCB,0x01,0x18,0xF7,0xCD,0x73,0x2B,0x79,0x2F,
    0x4F,0x3A,0x11,0xEC,0xA1,0xB2,0x32,0x11,0xEC,0x32,0x0F,0xEC,0xCD,0x4E,0x2B,0x21,
    0x66,0x5B,0xCB,0x76,0xC8,0x67,0xAF,0xC3,0x8F,0x3D,0xFE,0xAD,0x28,0x18,0xFE,0xB5,
    0xCA,0xDB,0x3C,0xCD,0xC8,0x2A,0x0B,0xFE,0xB9,0xCA,0x32,0x06,0xFE,0xB5,0xCA,0xDB,
    0x3C,0xFE,0xAD,0xC2,0xF8,0x05,0xE7,0xFE,0xB9,0x20,0x06,0xE7,0x21,0x66,0x5B,0xCB,
    0xF6,0xCD,0xB0,0x10,0xCD,0x73,0x2B,0x06,0x02,0xC5,0x3E,0x02,0x90,0x11,0xD5,0xF5,
    0x21,0x48,0x3C,0xCD,0xD6,0x07,0xF1,0xF5,0x4F,0xC6,0x30,0xCD,0xCE,0x07,0x06,0x07,
    0x21,0x11,0xED,0xCD,0x13,0x32,0xCD,0x3F,0xA2,0x01,0xCD,0x4B,0x32,0xFE,0x42,0x37,
    0x3F,0x20,0x6A,0xDD,0x21,0x11,0xED,0x21,0x77,0x3C,0xCD,0xD6,0x07,0xDD,0x6E,0x01,
    0xDD,0x24,0xDD,0x66,0xDD,0x25,0x1E,0xFF,0xCD,0xDE,0x07,0x3E,0x2F,0xCD,0xCE,0x07,
    0x26,0xDD,0x6E,0x03,0x1E,0xFF,0xCD,0xDE,0x07,0x3E,0x2F,0xCD,0xCE,0x07,0x26,0xDD,
    0x6E,0x06,0x1E,0xFF,0xCD,0xDE,0x07,0x3E,0x29,0xCD,0xCE,0x07,0x3E,0x0D,0xCD,0xCE,
    0x07,0x01,0xF1,0xF5,0x21,0x98,0xEF,0xCD,0x13,0x32,0xCD,0x3F,0xC4,0xCD,0x4B,0x32,
    0xD2,0x15,0x3C,0xDD,0x21,0x98,0xEF,0xDD,0x7E,0x10,0xFE,0x20,0x10,0xF1,0xD1,0x13,
    0xD5,0xF5,0xC3,0xF9,0x3B,0x21,0x7A,0x3C,0xCD,0xD6,0x07,0x18,0xCF,0xC5,0x21,0x98,
    0xEF,0x1E,0x10,0x7E,0x23,0xA7,0x20,0x02,0x3E,0x7E,0xCD,0xCE,0x07,0x1D,0x20,0xF3,
    0x3E,0x20,0xCD,0xCE,0x07,0xDD,0x6E,0x18,0xDD,0x66,0x19,0xDD,0x5E,0x1A,0x7B,0xB4,
    0x20,0x13,0x65,0xDD,0x6E,0x17,0x23,0xCB,0x3C,0xCB,0x1D,0x1E,0x20,0xCD,0xDE,0x07,
    0x21,0x2B,0x3C,0x18,0x1D,0xAF,0xCB,0x3B,0xCB,0x1C,0xCB,0x1D,0x1F,0xCB,0x3B,0xCB,
    0x1C,0xCB,0x1D,0x1F,0xCB,0x3B,0xCB,0x1C,0xCB,0x1D,0x1E,0x20,0xCD,0xDE,0x07,0x21,
    0x27,0x3C,0xCD,0xD6,0x07,0xDD,0x7E,0x10,0xFE,0x01,0x21,0x5E,0x28,0x52,0xFE,0x02,
    0x21,0x52,0x3C,0x28,0x4B,0xFE,0x03,0x21,0x57,0x3C,0x28,0x44,0xFE,0x04,0x21,0x8B,
    0x3C,0x28,0x3D,0xFE,0x05,0x21,0x94,0x3C,0x28,0x36,0xFE,0x0F,0x21,0x9C,0x3C,0x28,
    0x2F,0xFE,0x10,0x21,0xA2,0x3C,0x28,0x28,0xFE,0x20,0x21,0xA8,0x3C,0x28,0x21,0xFE,
    0xFE,0x21,0x5D,0x3C,0x28,0x1A,0xFE,0xFF,0x21,0x63,0x3C,0x28,0x13,0xE6,0xF0,0xFE,
    0x30,0x21,0xAD,0x3C,0x28,0x0A,0xFE,0x40,0x21,0xB6,0x3C,0x28,0x03,0x21,0x68,0x3C,
    0xCD,0xD6,0x07,0xDD,0x7E,0x10,0xFE,0x03,0x20,0x0E,0xDD,0x7E,0x3C,0xA7,0x28,0x08,
    0xCD,0xCE,0x07,0x3E,0x3A,0xCD,0xCE,0x07,0x3E,0x0D,0xCD,0xCE,0x07,0x21,0x66,0x5B,
    0xCB,0x76,0x28,0x45,0x21,0x56,0xCD,0xD6,0x07,0xDD,0x6E,0x11,0xDD,0x66,0x12,0x1E,
    0xFF,0xCD,0xDE,0x07,0x3E,0x2C,0xCD,0xCE,0x07,0xDD,0x6E,0x13,0x26,0x1E,0xFF,0xCD,
    0xDE,0x07,0x21,0x70,0x3C,0xCD,0xD6,0x07,0xDD,0x6E,0x14,0xDD,0x66,0x15,0x1E,0xFF,
    0xCD,0xDE,0x07,0x3E,0x2C,0xCD,0xCE,0x07,0xDD,0x6E,0x16,0x26,0x1E,0xFF,0xCD,0xDE,
    0x07,0x3E,0x0D,0xCD,0xCE,0x07,0xC1,0x03,0x78,0xB1,0xC2,0xAD,0x3A,0xF1,0xE1,0x1E,
    0xFF,0xCD,0xDE,0x07,0x21,0x2E,0x3C,0xCD,0xD6,0x07,0xC1,0x05,0xC2,0x3C,0x3A,0xCD,
    0x4E,0x2B,0xC9,0xFE,0x38,0x28,0xE6,0xFE,0x16,0x20,0x04,0xF1,0xE1,0x18,0xEB,0xCD,
    0x4E,0x2B,0xC3,0x38,0x37,0x4D,0x62,0x20,0x4B,0x20,0x20,0x66,0x72,0x65,0x65,0x20,
    0x70,0x61,0x72,0x74,0x69,0x74,0x69,0x6F,0x6E,0x20,0x65,0x6E,0x74,0x72,0x69,0x65,
    0x73,0x0D,0x0D,0x49,0x44,0x45,0x20,0x75,0x6E,0x69,0x74,0x20,0x73,0x77,0x61,0x70,
    0x64,0x61,0x74,0x61,0x20,0x2A,0x42,0x41,0x44,0x2A,0x46,0x52,0x45,0x45,0x75,0x6E,
    0x6B,0x6E,0x6F,0x77,0x6E,0x20,0x45,0x6E,0x64,0x3A,0x20,0x20,0x28,0x20,0x28,0x6E,
    0x6F,0x74,0x20,0x64,0x65,0x74,0x65,0x63,0x74,0x65,0x64,0x29,0x0D,0x43,0x50,0x4D,
    0x20,0x50,0x68,0x79,0x73,0x42,0x6F,0x6F,0x74,0x20,0x48,0x57,0x4D,0x6F,0x76,0x69,
    0x65,0x46,0x41,0x54,0x31,0x36,0x55,0x5A,0x49,0x58,0x44,0x69,0x73,0x6B,0x20,0x49,
    0x6D,0x67,0x43,0x50,0x4D,0x20,0x49,0x6D,0x67,0x02,0xFF,0x01,0x80,0x02,0x03,0x80,
    0x02,0xE7,0xCD,0xB0,0x10,0xCD,0x73,0x2B,0x06,0x10,0x2E,0x41,0xC5,0xE5,0x01,0x98,
    0xEF,0xCD,0x13,0x32,0xCD,0x3F,0xF7,0xCD,0x4B,0x32,0xD2,0x21,0x3C,0x28,0x21,0xE1,
    0xE5,0x7D,0xCD,0xCE,0x07,0x3E,0x3A,0xCD,0xCE,0x07,0x3E,0x20,0xCD,0xCE,0x07,0x21,
    0x98,0xEF,0x06,0x12,0x7E,0xCD,0xCE,0x07,0x23,0x10,0xF9,0x3E,0x0D,0xCD,0xCE,0x07,
    0xE1,0xC1,0x2C,0x10,0xC5,0xCD,0x4E,0x2B,0xC9,0xE7,0xEF,0x8C,0x1C,0xCD,0xB0,0x10,
    0xEF,0xF1,0x2B,0x06,0x79,0xA7,0x20,0x04,0xCD,0xC8,0x2A,0x2C,0xFE,0x10,0x38,0x02,
    0x0E,0x10,0xC5,0xEB,0x11,0x4E,0xC0,0xCD,0x63,0x3F,0xCD,0x28,0x38,0x7A,0xC2,0x4D,
    0x38,0xF5,0x21,0x98,0xEF,0xCD,0x73,0x2B,0xCD,0x13,0x32,0xCD,0x3F,0xB5,0xCD,0x4B,
    0x32,0xCD,0x4E,0x2B,0x30,0x26,0xF1,0xD1,0xCD,0x73,0x2B,0x21,0x4E,0xC0,0x19,0x57,
    0x3E,0x11,0x93,0x36,0x20,0x23,0x3D,0x20,0xFA,0x7A,0x21,0x4E,0xC0,0xCD,0x13,0x32,
    0xCD,0x3F,0xC1,0xCD,0x4B,0x32,0xCD,0x4E,0x2B,0xD8,0xCD,0xCA,0x0E,0xFF,0x47,0x4F,
    0x2E,0x08,0xCD,0x73,0x2B,0xCD,0x13,0x32,0xCD,0x3F,0xD6,0x3A,0x8D,0x5C,0x67,0x2E,
    0x09,0xAF,0x47,0x4F,0xCD,0x3F,0xD6,0xCD,0x4B,0x32,0xCD,0x4E,0x2B,0xC9,0xEF,0x01,
    0xC1,0x02,0x34,0x40,0x41,0x32,0xE1,0x38,0xC9,0x0D,0x20,0x20,0x31,0x20,0x66,0x69,
    0x6C,0x65,0x20,0x63,0x6F,0x70,0x69,0x65,0x64,0x2E,0x0D,0x0D,0x20,0x66,0x69,0x6C,
    0x65,0x73,0x20,0x63,0x6F,0x70,0x69,0x65,0x64,0x2E,0x0D,0x0D,0x21,0x42,0x3F,0xE5,
    0xC5,0xE1,0x3A,0x5C,0x5B,0xE6,0xEF,0xF3,0x32,0x5C,0x5B,0x01,0xFD,0x7F,0xED,0x79,
    0x3A,0x67,0x5B,0xF6,0x04,0x32,0x67,0x5B,0x01,0xFD,0x1F,0xED,0x79,0xFB,0x4B,0x20,
    0x66,0x72,0x65,0x65,0x0D,0x00,0x4E,0x6F,0x20,0x66,0x69,0x6C,0x65,0x73,0x20,0x66,
    0x6F,0x75,0x6E,0x64,0x0D,0x00,0x45,0x72,0x61,0x73,0x65,0x20,0x00,0x20,0x3F,0x20,
    0x28,0x59,0x2F,0x4E,0x29,0x00,0x00,0x00,0x00,0x00,0x00,0x00,0x00,0x00,0x00,0x00,
    0x00,0x00,0x00,0x00,0x00,0x00,0x00,0x00,0x00,0x00,0x00,0x00,0x00,0x00,0x00,0x00,
    0x00,0x00,0xFF,
};

