#include <stdint.h>
#include "pico.h"
#include "kbd_img.h"

// 254x156 keyboard help bitmap, 4 bits/pixel (palette index 1-7; 0 = skip).
// Was 39624 bytes (1 byte/px); packed to halve flash. Unpack: nibble per pixel.
extern const uint8_t __in_flash("kbd_img") kbd_img[19812]={
 0x00,0x00,0x00,0x00,0x00,0x00,0x00,0x00,0x00,0x00,0x00,0x00,0x00,0x00,0x00,0x00,0x00,0x00,0x00,0x00,
 0x00,0x00,0x00,0x00,0x00,0x00,0x00,0x00,0x00,0x00,0x00,0x00,0x00,0x00,0x00,0x00,0x00,0x00,0x00,0x00,
 0x00,0x00,0x00,0x00,0x00,0x00,0x00,0x00,0x00,0x00,0x00,0x00,0x00,0x00,0x00,0x00,0x00,0x00,0x00,0x00,
 0x00,0x00,0x00,0x00,0x00,0x00,0x00,0x00,0x00,0x00,0x00,0x00,0x00,0x00,0x00,0x00,0x00,0x00,0x00,0x00,
 0x00,0x00,0x00,0x00,0x00,0x00,0x00,0x00,0x00,0x00,0x00,0x00,0x00,0x00,0x00,0x00,0x00,0x00,0x00,0x00,
 0x00,0x00,0x00,0x00,0x00,0x00,0x00,0x00,0x00,0x00,0x00,0x00,0x00,0x00,0x00,0x00,0x00,0x00,0x00,0x00,
 0x00,0x00,0x00,0x00,0x00,0x00,0x00,0x00,0x00,0x00,0x00,0x00,0x00,0x00,0x00,0x00,0x00,0x00,0x00,0x00,
 0x00,0x00,0x00,0x00,0x00,0x00,0x00,0x00,0x00,0x00,0x00,0x00,0x00,0x00,0x00,0x00,0x00,0x00,0x00,0x00,
 0x00,0x00,0x00,0x00,0x00,0x00,0x00,0x00,0x00,0x00,0x00,0x00,0x00,0x00,0x00,0x00,0x00,0x00,0x00,0x00,
 0x00,0x00,0x00,0x00,0x00,0x00,0x00,0x00,0x00,0x00,0x00,0x00,0x00,0x00,0x00,0x00,0x00,0x00,0x00,0x00,
 0x00,0x00,0x00,0x00,0x00,0x00,0x00,0x00,0x00,0x00,0x00,0x00,0x00,0x00,0x00,0x00,0x00,0x00,0x00,0x00,
 0x00,0x00,0x00,0x00,0x00,0x00,0x00,0x00,0x00,0x00,0x00,0x00,0x00,0x00,0x00,0x00,0x77,0x77,0x77,0x77,
 0x77,0x77,0x77,0x77,0x77,0x77,0x07,0x00,0x00,0x00,0x00,0x00,0x00,0x00,0x00,0x11,0x00,0x01,0x00,0x01,
 0x01,0x11,0x01,0x00,0x00,0x00,0x00,0x22,0x00,0x22,0x02,0x22,0x00,0x00,0x00,0x00,0x00,0x00,0x30,0x30,
 0x30,0x33,0x30,0x33,0x30,0x03,0x33,0x30,0x33,0x33,0x03,0x44,0x04,0x44,0x00,0x44,0x04,0x44,0x04,0x44,
 0x00,0x00,0x00,0x55,0x05,0x05,0x05,0x55,0x05,0x55,0x00,0x00,0x00,0x00,0x60,0x60,0x60,0x66,0x60,0x00,
 0x60,0x00,0x60,0x66,0x60,0x60,0x00,0x07,0x07,0x07,0x07,0x77,0x07,0x77,0x07,0x77,0x07,0x00,0x00,0x00,
 0x00,0x00,0x00,0x00,0x00,0x00,0x00,0x00,0x00,0x00,0x00,0x00,0x00,0x00,0x00,0x00,0x00,0x00,0x00,0x00,
 0x00,0x00,0x00,0x07,0x70,0x07,0x77,0x07,0x00,0x07,0x00,0x07,0x07,0x07,0x00,0x00,0x00,0x00,0x00,0x00,
 0x00,0x00,0x01,0x01,0x01,0x00,0x01,0x01,0x01,0x00,0x00,0x00,0x00,0x00,0x02,0x02,0x02,0x00,0x02,0x02,
 0x00,0x00,0x00,0x00,0x00,0x30,0x33,0x30,0x30,0x30,0x00,0x30,0x00,0x03,0x03,0x03,0x03,0x03,0x04,0x00,
 0x04,0x04,0x04,0x00,0x04,0x00,0x04,0x04,0x00,0x00,0x05,0x00,0x05,0x05,0x05,0x05,0x05,0x05,0x00,0x00,
 0x00,0x60,0x60,0x60,0x00,0x60,0x00,0x60,0x00,0x60,0x60,0x60,0x60,0x00,0x07,0x07,0x07,0x07,0x70,0x00,
 0x70,0x00,0x07,0x00,0x00,0x00,0x00,0x00,0x00,0x00,0x00,0x00,0x00,0x00,0x00,0x00,0x00,0x00,0x00,0x00,
 0x00,0x00,0x00,0x00,0x00,0x00,0x00,0x00,0x00,0x00,0x07,0x07,0x07,0x77,0x07,0x07,0x07,0x77,0x07,0x07,
 0x07,0x00,0x00,0x00,0x00,0x00,0x00,0x00,0x00,0x11,0x00,0x01,0x00,0x01,0x01,0x11,0x00,0x00,0x00,0x00,
 0x00,0x22,0x00,0x22,0x00,0x02,0x02,0x00,0x00,0x00,0x00,0x00,0x30,0x30,0x30,0x33,0x30,0x30,0x30,0x03,
 0x03,0x03,0x03,0x33,0x03,0x04,0x04,0x44,0x00,0x44,0x00,0x44,0x00,0x04,0x04,0x00,0x00,0x05,0x00,0x50,
 0x00,0x55,0x05,0x05,0x05,0x00,0x00,0x00,0x00,0x06,0x60,0x06,0x60,0x00,0x60,0x00,0x60,0x60,0x60,0x60,
 0x00,0x07,0x07,0x77,0x07,0x70,0x00,0x70,0x00,0x77,0x00,0x00,0x00,0x00,0x00,0x00,0x00,0x00,0x00,0x00,
 0x00,0x00,0x00,0x00,0x00,0x00,0x00,0x00,0x00,0x00,0x00,0x00,0x00,0x00,0x00,0x00,0x00,0x07,0x70,0x07,
 0x77,0x07,0x00,0x07,0x77,0x07,0x70,0x07,0x00,0x00,0x00,0x00,0x00,0x00,0x00,0x00,0x01,0x01,0x01,0x00,
 0x01,0x01,0x01,0x00,0x00,0x00,0x00,0x00,0x02,0x02,0x02,0x00,0x02,0x02,0x00,0x00,0x00,0x00,0x00,0x30,
 0x30,0x30,0x30,0x30,0x30,0x30,0x00,0x03,0x03,0x03,0x03,0x03,0x04,0x04,0x04,0x04,0x04,0x00,0x04,0x00,
 0x04,0x04,0x00,0x00,0x05,0x00,0x50,0x00,0x05,0x05,0x05,0x05,0x00,0x00,0x00,0x00,0x06,0x60,0x00,0x60,
 0x00,0x60,0x00,0x60,0x60,0x60,0x66,0x00,0x77,0x07,0x07,0x07,0x70,0x00,0x70,0x00,0x07,0x00,0x00,0x00,
 0x00,0x00,0x00,0x00,0x00,0x00,0x00,0x00,0x00,0x00,0x00,0x00,0x00,0x00,0x00,0x00,0x00,0x00,0x00,0x00,
 0x00,0x00,0x00,0x00,0x07,0x07,0x07,0x77,0x07,0x07,0x07,0x77,0x07,0x07,0x07,0x00,0x00,0x00,0x00,0x00,
 0x00,0x00,0x00,0x11,0x00,0x11,0x01,0x11,0x01,0x11,0x01,0x00,0x00,0x00,0x00,0x02,0x02,0x22,0x02,0x22,
 0x00,0x00,0x00,0x00,0x00,0x00,0x30,0x30,0x30,0x30,0x30,0x33,0x30,0x03,0x03,0x03,0x03,0x03,0x03,0x44,
 0x04,0x04,0x04,0x44,0x04,0x44,0x04,0x04,0x04,0x00,0x00,0x55,0x05,0x50,0x00,0x05,0x05,0x05,0x05,0x00,
 0x00,0x00,0x00,0x06,0x60,0x66,0x60,0x66,0x60,0x66,0x60,0x66,0x60,0x60,0x00,0x07,0x07,0x07,0x07,0x77,
 0x07,0x70,0x00,0x77,0x07,0x00,0x00,0x00,0x00,0x00,0x00,0x00,0x00,0x00,0x00,0x00,0x00,0x00,0x00,0x00,
 0x00,0x00,0x00,0x00,0x00,0x00,0x00,0x00,0x00,0x00,0x00,0x07,0x70,0x07,0x00,0x07,0x07,0x07,0x00,0x07,
 0x07,0x07,0x00,0x00,0x00,0x00,0x00,0x00,0x00,0x00,0x00,0x00,0x00,0x00,0x00,0x00,0x00,0x00,0x00,0x00,
 0x00,0x00,0x00,0x00,0x00,0x00,0x00,0x00,0x00,0x00,0x00,0x00,0x00,0x00,0x00,0x00,0x00,0x00,0x00,0x00,
 0x00,0x00,0x00,0x00,0x00,0x00,0x00,0x00,0x00,0x00,0x00,0x00,0x00,0x00,0x00,0x00,0x00,0x00,0x00,0x00,
 0x00,0x00,0x00,0x00,0x00,0x00,0x00,0x00,0x00,0x00,0x00,0x00,0x00,0x00,0x00,0x00,0x00,0x00,0x00,0x00,
 0x00,0x00,0x00,0x00,0x00,0x00,0x00,0x00,0x00,0x00,0x00,0x00,0x00,0x00,0x00,0x00,0x00,0x00,0x00,0x00,
 0x00,0x00,0x00,0x00,0x00,0x00,0x00,0x00,0x00,0x00,0x00,0x00,0x00,0x00,0x00,0x00,0x00,0x00,0x77,0x77,
 0x77,0x77,0x77,0x77,0x77,0x77,0x77,0x77,0x07,0x00,0x00,0x00,0x00,0x00,0x00,0x00,0x00,0x00,0x00,0x00,
 0x00,0x00,0x00,0x00,0x00,0x00,0x00,0x00,0x00,0x00,0x00,0x00,0x00,0x00,0x00,0x00,0x00,0x00,0x00,0x00,
 0x00,0x00,0x00,0x00,0x00,0x00,0x00,0x00,0x00,0x00,0x00,0x00,0x00,0x00,0x00,0x00,0x00,0x00,0x00,0x00,
 0x00,0x00,0x00,0x00,0x00,0x00,0x00,0x00,0x00,0x00,0x00,0x00,0x00,0x00,0x00,0x00,0x00,0x00,0x00,0x00,
 0x00,0x00,0x00,0x00,0x00,0x00,0x00,0x00,0x00,0x00,0x00,0x00,0x00,0x00,0x00,0x00,0x00,0x00,0x00,0x00,
 0x00,0x00,0x00,0x00,0x00,0x00,0x00,0x00,0x00,0x00,0x00,0x00,0x00,0x00,0x00,0x00,0x00,0x00,0x00,0x00,
 0x00,0x00,0x00,0x00,0x00,0x00,0x00,0x00,0x00,0x00,0x00,0x00,0x00,0x00,0x00,0x00,0x00,0x00,0x00,0x00,
 0x00,0x00,0x00,0x00,0x77,0x07,0x77,0x00,0x77,0x07,0x77,0x07,0x00,0x00,0x00,0x00,0x77,0x07,0x77,0x07,
 0x77,0x07,0x77,0x07,0x00,0x00,0x00,0x00,0x77,0x07,0x77,0x00,0x07,0x07,0x77,0x07,0x70,0x70,0x00,0x00,
 0x77,0x07,0x77,0x00,0x07,0x07,0x00,0x70,0x70,0x00,0x00,0x00,0x00,0x00,0x77,0x00,0x00,0x00,0x00,0x00,
 0x00,0x00,0x00,0x00,0x70,0x77,0x77,0x00,0x00,0x00,0x00,0x00,0x00,0x00,0x00,0x00,0x00,0x00,0x07,0x00,
 0x00,0x00,0x00,0x00,0x00,0x00,0x00,0x00,0x00,0x70,0x07,0x00,0x00,0x00,0x00,0x00,0x00,0x00,0x00,0x00,
 0x77,0x07,0x77,0x00,0x77,0x07,0x77,0x07,0x07,0x07,0x00,0x00,0x77,0x00,0x77,0x07,0x07,0x00,0x77,0x07,
 0x77,0x07,0x77,0x07,0x00,0x00,0x00,0x00,0x00,0x00,0x00,0x07,0x00,0x07,0x07,0x70,0x00,0x70,0x00,0x00,
 0x00,0x00,0x00,0x07,0x00,0x07,0x07,0x07,0x07,0x07,0x00,0x00,0x00,0x00,0x00,0x70,0x00,0x07,0x07,0x07,
 0x07,0x07,0x00,0x70,0x70,0x00,0x00,0x70,0x00,0x07,0x07,0x07,0x07,0x00,0x70,0x70,0x00,0x00,0x00,0x00,
 0x77,0x70,0x77,0x07,0x00,0x00,0x00,0x00,0x00,0x00,0x00,0x70,0x00,0x70,0x00,0x00,0x00,0x00,0x00,0x00,
 0x00,0x00,0x00,0x00,0x77,0x70,0x07,0x00,0x00,0x00,0x00,0x00,0x00,0x00,0x00,0x77,0x77,0x70,0x07,0x00,
 0x00,0x00,0x00,0x00,0x00,0x00,0x00,0x07,0x00,0x07,0x07,0x07,0x07,0x07,0x07,0x07,0x07,0x00,0x00,0x07,
 0x07,0x07,0x00,0x07,0x00,0x07,0x00,0x70,0x00,0x07,0x00,0x00,0x00,0x00,0x00,0x00,0x00,0x00,0x77,0x00,
 0x07,0x07,0x70,0x00,0x70,0x00,0x00,0x00,0x00,0x00,0x07,0x00,0x77,0x07,0x77,0x07,0x77,0x07,0x00,0x00,
 0x00,0x00,0x70,0x00,0x77,0x00,0x07,0x07,0x77,0x00,0x70,0x70,0x00,0x00,0x70,0x00,0x07,0x07,0x07,0x07,
 0x00,0x70,0x70,0x00,0x00,0x00,0x77,0x00,0x00,0x00,0x07,0x00,0x00,0x00,0x00,0x00,0x00,0x70,0x07,0x00,
 0x00,0x77,0x00,0x00,0x00,0x00,0x00,0x00,0x00,0x00,0x77,0x00,0x00,0x70,0x07,0x00,0x00,0x00,0x00,0x00,
 0x00,0x00,0x07,0x00,0x00,0x70,0x07,0x00,0x00,0x00,0x00,0x00,0x00,0x00,0x07,0x07,0x77,0x00,0x77,0x07,
 0x77,0x07,0x77,0x07,0x00,0x00,0x07,0x07,0x77,0x00,0x07,0x00,0x77,0x00,0x70,0x00,0x77,0x00,0x00,0x00,
 0x00,0x00,0x00,0x00,0x00,0x07,0x00,0x07,0x07,0x70,0x00,0x70,0x00,0x00,0x00,0x00,0x00,0x07,0x00,0x07,
 0x07,0x07,0x00,0x00,0x07,0x00,0x00,0x00,0x00,0x70,0x00,0x07,0x07,0x07,0x07,0x07,0x00,0x70,0x70,0x00,
 0x00,0x70,0x00,0x07,0x07,0x07,0x07,0x00,0x70,0x70,0x00,0x00,0x00,0x00,0x77,0x70,0x77,0x07,0x00,0x00,
 0x00,0x00,0x00,0x00,0x00,0x70,0x07,0x77,0x00,0x00,0x00,0x00,0x00,0x00,0x00,0x00,0x00,0x00,0x07,0x00,
 0x07,0x00,0x00,0x00,0x00,0x00,0x00,0x00,0x00,0x77,0x77,0x70,0x07,0x00,0x00,0x00,0x00,0x00,0x00,0x00,
 0x00,0x07,0x07,0x07,0x07,0x07,0x07,0x07,0x00,0x07,0x07,0x00,0x00,0x07,0x07,0x07,0x00,0x07,0x00,0x07,
 0x00,0x70,0x00,0x07,0x00,0x00,0x00,0x00,0x00,0x00,0x00,0x00,0x77,0x07,0x77,0x00,0x77,0x07,0x70,0x00,
 0x00,0x00,0x00,0x00,0x77,0x07,0x07,0x07,0x07,0x00,0x77,0x07,0x00,0x00,0x00,0x00,0x70,0x00,0x07,0x07,
 0x77,0x07,0x77,0x07,0x00,0x07,0x70,0x00,0x77,0x07,0x07,0x07,0x70,0x00,0x07,0x00,0x07,0x70,0x00,0x00,
 0x00,0x00,0x77,0x00,0x00,0x00,0x00,0x00,0x00,0x00,0x00,0x00,0x00,0x70,0x00,0x00,0x00,0x00,0x00,0x00,
 0x00,0x00,0x00,0x00,0x00,0x77,0x77,0x07,0x00,0x00,0x00,0x00,0x00,0x00,0x00,0x00,0x00,0x70,0x07,0x00,
 0x00,0x00,0x00,0x00,0x00,0x00,0x00,0x00,0x77,0x07,0x07,0x07,0x07,0x07,0x07,0x00,0x07,0x07,0x07,0x00,
 0x77,0x00,0x77,0x07,0x77,0x07,0x77,0x07,0x70,0x00,0x77,0x07,0x00,0x00,0x00,0x00,0x00,0x00,0x00,0x00,
 0x00,0x00,0x00,0x00,0x00,0x00,0x00,0x00,0x00,0x00,0x00,0x00,0x00,0x00,0x00,0x00,0x00,0x00,0x00,0x00,
 0x00,0x00,0x00,0x00,0x00,0x00,0x00,0x00,0x00,0x00,0x00,0x00,0x00,0x00,0x00,0x00,0x00,0x00,0x00,0x00,
 0x00,0x00,0x00,0x00,0x00,0x00,0x00,0x00,0x00,0x00,0x00,0x00,0x00,0x00,0x00,0x00,0x00,0x00,0x00,0x00,
 0x00,0x00,0x00,0x00,0x00,0x00,0x00,0x00,0x00,0x00,0x00,0x00,0x00,0x00,0x00,0x00,0x00,0x00,0x00,0x00,
 0x00,0x00,0x00,0x00,0x00,0x00,0x00,0x00,0x00,0x00,0x00,0x00,0x00,0x00,0x00,0x00,0x00,0x00,0x00,0x00,
 0x00,0x00,0x00,0x00,0x00,0x00,0x00,0x00,0x00,0x00,0x00,0x00,0x00,0x00,0x00,0x00,0x00,0x00,0x00,0x00,
 0x00,0x00,0x00,0x00,0x00,0x00,0x00,0x00,0x00,0x00,0x00,0x00,0x00,0x00,0x00,0x00,0x00,0x00,0x00,0x00,
 0x00,0x00,0x00,0x00,0x00,0x00,0x00,0x00,0x00,0x00,0x00,0x00,0x00,0x00,0x00,0x00,0x00,0x00,0x00,0x00,
 0x00,0x00,0x00,0x00,0x00,0x00,0x00,0x00,0x00,0x00,0x00,0x00,0x00,0x00,0x00,0x00,0x00,0x00,0x00,0x00,
 0x00,0x00,0x00,0x00,0x00,0x00,0x00,0x00,0x00,0x00,0x00,0x00,0x00,0x00,0x00,0x00,0x00,0x00,0x00,0x00,
 0x00,0x00,0x00,0x00,0x00,0x00,0x00,0x00,0x00,0x00,0x00,0x00,0x00,0x00,0x00,0x00,0x00,0x00,0x00,0x00,
 0x00,0x00,0x00,0x00,0x00,0x00,0x00,0x00,0x00,0x00,0x00,0x00,0x00,0x00,0x00,0x00,0x00,0x00,0x00,0x00,
 0x00,0x00,0x00,0x00,0x00,0x00,0x00,0x00,0x00,0x00,0x00,0x00,0x00,0x77,0x77,0x77,0x77,0x77,0x77,0x77,
 0x77,0x77,0x77,0x07,0x00,0x77,0x77,0x77,0x77,0x77,0x77,0x77,0x77,0x77,0x77,0x07,0x00,0x77,0x77,0x77,
 0x77,0x77,0x77,0x77,0x77,0x77,0x77,0x07,0x00,0x77,0x77,0x77,0x77,0x77,0x77,0x77,0x77,0x77,0x77,0x07,
 0x00,0x77,0x77,0x77,0x77,0x77,0x77,0x77,0x77,0x77,0x77,0x07,0x00,0x77,0x77,0x77,0x77,0x77,0x77,0x77,
 0x77,0x77,0x77,0x07,0x00,0x77,0x77,0x77,0x77,0x77,0x77,0x77,0x77,0x77,0x77,0x07,0x00,0x77,0x77,0x77,
 0x77,0x77,0x77,0x77,0x77,0x77,0x77,0x07,0x00,0x77,0x77,0x77,0x77,0x77,0x77,0x77,0x77,0x77,0x77,0x07,
 0x00,0x77,0x77,0x77,0x77,0x77,0x77,0x77,0x77,0x77,0x77,0x07,0x00,0x00,0x00,0x00,0x00,0x00,0x00,0x70,
 0x77,0x77,0x77,0x77,0x77,0x77,0x77,0x77,0x77,0x77,0x77,0x70,0x77,0x77,0x77,0x77,0x77,0x77,0x77,0x77,
 0x77,0x77,0x77,0x70,0x77,0x77,0x77,0x77,0x77,0x77,0x77,0x77,0x77,0x77,0x77,0x70,0x77,0x77,0x77,0x77,
 0x77,0x77,0x77,0x77,0x77,0x77,0x77,0x70,0x77,0x77,0x77,0x77,0x77,0x77,0x77,0x77,0x77,0x77,0x77,0x70,
 0x77,0x77,0x77,0x77,0x77,0x77,0x77,0x77,0x77,0x77,0x77,0x70,0x77,0x77,0x77,0x77,0x77,0x77,0x77,0x77,
 0x77,0x77,0x77,0x70,0x77,0x77,0x77,0x77,0x77,0x77,0x77,0x77,0x77,0x77,0x77,0x70,0x77,0x77,0x77,0x77,
 0x77,0x77,0x77,0x77,0x77,0x77,0x77,0x70,0x77,0x77,0x77,0x77,0x77,0x77,0x77,0x77,0x77,0x77,0x77,0x00,
 0x00,0x00,0x00,0x00,0x00,0x00,0x70,0x77,0x71,0x77,0x77,0x77,0x17,0x11,0x11,0x71,0x77,0x77,0x70,0x17,
 0x11,0x77,0x77,0x77,0x17,0x11,0x11,0x71,0x77,0x77,0x70,0x17,0x11,0x77,0x77,0x77,0x17,0x11,0x11,0x71,
 0x77,0x77,0x70,0x77,0x17,0x77,0x77,0x77,0x17,0x11,0x11,0x71,0x77,0x77,0x70,0x11,0x11,0x71,0x77,0x77,
 0x17,0x11,0x11,0x71,0x77,0x77,0x70,0x17,0x11,0x77,0x77,0x77,0x17,0x11,0x11,0x71,0x77,0x77,0x70,0x11,
 0x11,0x71,0x77,0x77,0x17,0x11,0x11,0x71,0x77,0x77,0x70,0x17,0x11,0x77,0x77,0x77,0x17,0x11,0x11,0x71,
 0x77,0x77,0x70,0x17,0x11,0x77,0x77,0x77,0x77,0x77,0x77,0x77,0x77,0x77,0x70,0x17,0x11,0x77,0x77,0x77,
 0x77,0x77,0x77,0x77,0x77,0x77,0x00,0x00,0x00,0x00,0x00,0x00,0x00,0x70,0x17,0x71,0x77,0x77,0x77,0x17,
 0x11,0x77,0x71,0x77,0x77,0x70,0x71,0x77,0x71,0x77,0x77,0x17,0x77,0x11,0x71,0x77,0x77,0x70,0x71,0x77,
 0x71,0x77,0x77,0x17,0x77,0x77,0x71,0x77,0x77,0x70,0x77,0x11,0x77,0x77,0x77,0x17,0x11,0x11,0x71,0x77,
 0x77,0x70,0x71,0x77,0x77,0x77,0x77,0x17,0x11,0x77,0x71,0x77,0x77,0x70,0x71,0x77,0x77,0x77,0x77,0x17,
 0x77,0x11,0x71,0x77,0x77,0x70,0x77,0x77,0x71,0x77,0x77,0x17,0x77,0x77,0x71,0x77,0x77,0x70,0x71,0x77,
 0x71,0x77,0x77,0x17,0x11,0x11,0x71,0x77,0x77,0x70,0x71,0x77,0x71,0x77,0x77,0x77,0x77,0x77,0x77,0x77,
 0x77,0x70,0x71,0x17,0x71,0x77,0x77,0x77,0x77,0x77,0x77,0x77,0x77,0x00,0x00,0x00,0x00,0x00,0x00,0x00,
 0x70,0x71,0x71,0x77,0x77,0x77,0x17,0x11,0x77,0x71,0x77,0x77,0x70,0x77,0x77,0x71,0x77,0x77,0x17,0x77,
 0x11,0x71,0x77,0x77,0x70,0x77,0x17,0x77,0x77,0x77,0x17,0x77,0x77,0x71,0x77,0x77,0x70,0x17,0x17,0x77,
 0x77,0x77,0x17,0x11,0x77,0x71,0x77,0x77,0x70,0x11,0x11,0x77,0x77,0x77,0x17,0x11,0x77,0x71,0x77,0x77,
 0x70,0x11,0x11,0x77,0x77,0x77,0x17,0x77,0x77,0x71,0x77,0x77,0x70,0x77,0x17,0x77,0x77,0x77,0x17,0x77,
 0x77,0x71,0x77,0x77,0x70,0x17,0x11,0x77,0x77,0x77,0x17,0x11,0x11,0x71,0x77,0x77,0x70,0x71,0x77,0x71,
 0x77,0x77,0x77,0x77,0x77,0x77,0x77,0x77,0x70,0x71,0x71,0x71,0x77,0x77,0x77,0x77,0x77,0x77,0x77,0x77,
 0x00,0x00,0x00,0x00,0x00,0x00,0x00,0x70,0x77,0x71,0x77,0x77,0x77,0x17,0x11,0x11,0x71,0x77,0x77,0x70,
 0x17,0x11,0x77,0x77,0x77,0x17,0x11,0x11,0x71,0x77,0x77,0x70,0x77,0x77,0x71,0x77,0x77,0x17,0x11,0x11,
 0x71,0x77,0x77,0x70,0x71,0x17,0x77,0x77,0x77,0x17,0x11,0x77,0x71,0x77,0x77,0x70,0x77,0x77,0x71,0x77,
 0x77,0x17,0x11,0x77,0x71,0x77,0x77,0x70,0x71,0x77,0x71,0x77,0x77,0x17,0x11,0x77,0x71,0x77,0x77,0x70,
 0x77,0x71,0x77,0x77,0x77,0x17,0x11,0x77,0x71,0x77,0x77,0x70,0x71,0x77,0x71,0x77,0x77,0x17,0x11,0x11,
 0x71,0x77,0x77,0x70,0x17,0x11,0x71,0x77,0x77,0x77,0x77,0x77,0x77,0x77,0x77,0x70,0x71,0x71,0x71,0x77,
 0x77,0x77,0x77,0x77,0x77,0x77,0x77,0x00,0x00,0x00,0x00,0x00,0x00,0x00,0x70,0x77,0x71,0x77,0x77,0x77,
 0x17,0x11,0x11,0x71,0x77,0x77,0x70,0x71,0x77,0x77,0x77,0x77,0x17,0x11,0x11,0x71,0x77,0x77,0x70,0x71,
 0x77,0x71,0x77,0x77,0x17,0x11,0x11,0x71,0x77,0x77,0x70,0x11,0x11,0x71,0x77,0x77,0x17,0x11,0x11,0x71,
 0x77,0x77,0x70,0x71,0x77,0x71,0x77,0x77,0x17,0x11,0x11,0x71,0x77,0x77,0x70,0x71,0x77,0x71,0x77,0x77,
 0x17,0x11,0x11,0x71,0x77,0x77,0x70,0x17,0x77,0x77,0x77,0x77,0x17,0x11,0x11,0x71,0x77,0x77,0x70,0x71,
 0x77,0x71,0x77,0x77,0x17,0x11,0x11,0x71,0x77,0x77,0x70,0x77,0x77,0x71,0x77,0x77,0x77,0x77,0x77,0x77,
 0x77,0x77,0x70,0x11,0x77,0x71,0x77,0x77,0x77,0x77,0x77,0x77,0x77,0x77,0x00,0x00,0x00,0x00,0x00,0x00,
 0x00,0x70,0x11,0x11,0x71,0x77,0x77,0x77,0x77,0x77,0x77,0x77,0x77,0x70,0x11,0x11,0x71,0x77,0x77,0x77,
 0x77,0x77,0x77,0x77,0x77,0x70,0x17,0x11,0x77,0x77,0x77,0x77,0x77,0x77,0x77,0x77,0x77,0x70,0x77,0x17,
 0x77,0x77,0x77,0x77,0x77,0x77,0x77,0x77,0x77,0x70,0x17,0x11,0x77,0x77,0x77,0x77,0x77,0x77,0x77,0x77,
 0x77,0x70,0x17,0x11,0x77,0x77,0x77,0x77,0x77,0x77,0x77,0x77,0x77,0x70,0x17,0x77,0x77,0x77,0x77,0x77,
 0x77,0x77,0x77,0x77,0x77,0x70,0x17,0x11,0x77,0x77,0x77,0x77,0x77,0x77,0x77,0x77,0x77,0x70,0x17,0x11,
 0x77,0x77,0x77,0x77,0x77,0x77,0x77,0x77,0x77,0x70,0x17,0x11,0x77,0x77,0x77,0x77,0x77,0x77,0x77,0x77,
 0x77,0x00,0x00,0x00,0x00,0x00,0x00,0x00,0x70,0x77,0x77,0x77,0x77,0x77,0x77,0x77,0x77,0x77,0x77,0x77,
 0x70,0x77,0x77,0x77,0x77,0x77,0x77,0x77,0x77,0x77,0x77,0x77,0x70,0x77,0x77,0x77,0x77,0x77,0x77,0x77,
 0x77,0x77,0x77,0x77,0x70,0x77,0x77,0x77,0x77,0x77,0x77,0x77,0x72,0x77,0x77,0x77,0x70,0x77,0x77,0x77,
 0x77,0x77,0x77,0x77,0x77,0x77,0x77,0x77,0x70,0x77,0x77,0x77,0x77,0x77,0x77,0x77,0x77,0x77,0x77,0x77,
 0x70,0x77,0x77,0x77,0x77,0x77,0x77,0x77,0x77,0x77,0x77,0x77,0x70,0x77,0x77,0x77,0x77,0x77,0x77,0x77,
 0x77,0x77,0x77,0x77,0x70,0x77,0x77,0x77,0x77,0x77,0x77,0x77,0x77,0x77,0x77,0x77,0x70,0x77,0x77,0x77,
 0x77,0x77,0x77,0x77,0x77,0x77,0x77,0x77,0x00,0x00,0x00,0x00,0x00,0x00,0x00,0x70,0x77,0x77,0x77,0x77,
 0x77,0x77,0x77,0x72,0x77,0x77,0x77,0x70,0x77,0x77,0x77,0x77,0x77,0x77,0x77,0x72,0x77,0x77,0x77,0x70,
 0x77,0x77,0x77,0x77,0x77,0x77,0x27,0x27,0x77,0x77,0x77,0x70,0x77,0x77,0x77,0x77,0x77,0x77,0x27,0x22,
 0x77,0x77,0x77,0x70,0x77,0x77,0x77,0x77,0x77,0x77,0x27,0x27,0x77,0x77,0x77,0x70,0x77,0x77,0x77,0x77,
 0x77,0x77,0x77,0x72,0x77,0x77,0x77,0x70,0x77,0x77,0x77,0x77,0x77,0x77,0x77,0x77,0x77,0x77,0x77,0x70,
 0x77,0x77,0x77,0x77,0x77,0x77,0x77,0x27,0x77,0x77,0x77,0x70,0x77,0x77,0x77,0x77,0x77,0x77,0x77,0x77,
 0x72,0x77,0x77,0x70,0x77,0x77,0x77,0x77,0x77,0x77,0x77,0x77,0x77,0x77,0x77,0x00,0x00,0x00,0x00,0x00,
 0x00,0x00,0x70,0x77,0x77,0x77,0x77,0x77,0x77,0x77,0x72,0x77,0x77,0x77,0x70,0x77,0x77,0x77,0x77,0x77,
 0x77,0x27,0x27,0x77,0x77,0x77,0x70,0x77,0x77,0x77,0x77,0x77,0x77,0x22,0x22,0x72,0x77,0x77,0x70,0x77,
 0x77,0x77,0x77,0x77,0x77,0x27,0x72,0x77,0x77,0x77,0x70,0x77,0x77,0x77,0x77,0x77,0x77,0x77,0x27,0x77,
 0x77,0x77,0x70,0x77,0x77,0x77,0x77,0x77,0x77,0x27,0x27,0x77,0x77,0x77,0x70,0x77,0x77,0x77,0x77,0x77,
 0x77,0x77,0x72,0x77,0x77,0x77,0x70,0x77,0x77,0x77,0x77,0x77,0x77,0x77,0x72,0x77,0x77,0x77,0x70,0x77,
 0x77,0x77,0x77,0x77,0x77,0x77,0x77,0x27,0x77,0x77,0x70,0x77,0x77,0x77,0x77,0x77,0x77,0x77,0x77,0x77,
 0x77,0x77,0x00,0x00,0x00,0x00,0x00,0x00,0x00,0x70,0x77,0x77,0x77,0x77,0x77,0x77,0x77,0x72,0x77,0x77,
 0x77,0x70,0x77,0x77,0x77,0x77,0x77,0x77,0x27,0x22,0x77,0x77,0x77,0x70,0x77,0x77,0x77,0x77,0x77,0x77,
 0x27,0x27,0x77,0x77,0x77,0x70,0x77,0x77,0x77,0x77,0x77,0x77,0x27,0x22,0x77,0x77,0x77,0x70,0x77,0x77,
 0x77,0x77,0x77,0x77,0x77,0x72,0x77,0x77,0x77,0x70,0x77,0x77,0x77,0x77,0x77,0x77,0x77,0x72,0x77,0x77,
 0x77,0x70,0x77,0x77,0x77,0x77,0x77,0x77,0x77,0x72,0x77,0x77,0x77,0x70,0x77,0x77,0x77,0x77,0x77,0x77,
 0x77,0x72,0x77,0x77,0x77,0x70,0x77,0x77,0x77,0x77,0x77,0x77,0x77,0x77,0x27,0x77,0x77,0x70,0x77,0x77,
 0x77,0x77,0x77,0x77,0x77,0x77,0x77,0x77,0x77,0x00,0x00,0x00,0x00,0x00,0x00,0x00,0x70,0x77,0x77,0x77,
 0x77,0x77,0x77,0x77,0x77,0x77,0x77,0x77,0x70,0x77,0x77,0x77,0x77,0x77,0x77,0x27,0x77,0x77,0x77,0x77,
 0x70,0x77,0x77,0x77,0x77,0x77,0x77,0x22,0x22,0x72,0x77,0x77,0x70,0x77,0x77,0x77,0x77,0x77,0x77,0x77,
 0x22,0x77,0x77,0x77,0x70,0x77,0x77,0x77,0x77,0x77,0x77,0x27,0x77,0x77,0x77,0x77,0x70,0x77,0x77,0x77,
 0x77,0x77,0x77,0x27,0x27,0x77,0x77,0x77,0x70,0x77,0x77,0x77,0x77,0x77,0x77,0x77,0x77,0x77,0x77,0x77,
 0x70,0x77,0x77,0x77,0x77,0x77,0x77,0x77,0x72,0x77,0x77,0x77,0x70,0x77,0x77,0x77,0x77,0x77,0x77,0x77,
 0x77,0x27,0x77,0x77,0x70,0x77,0x77,0x77,0x77,0x77,0x77,0x27,0x22,0x22,0x77,0x77,0x00,0x00,0x00,0x00,
 0x00,0x00,0x00,0x70,0x77,0x77,0x77,0x77,0x77,0x77,0x77,0x72,0x77,0x77,0x77,0x70,0x77,0x77,0x77,0x77,
 0x77,0x77,0x77,0x22,0x77,0x77,0x77,0x70,0x77,0x77,0x77,0x77,0x77,0x77,0x27,0x27,0x77,0x77,0x77,0x70,
 0x77,0x77,0x77,0x77,0x77,0x77,0x27,0x22,0x77,0x77,0x77,0x70,0x77,0x77,0x77,0x77,0x77,0x77,0x27,0x27,
 0x77,0x77,0x77,0x70,0x77,0x77,0x77,0x77,0x77,0x77,0x77,0x72,0x72,0x77,0x77,0x70,0x77,0x77,0x77,0x77,
 0x77,0x77,0x77,0x77,0x77,0x77,0x77,0x70,0x77,0x77,0x77,0x77,0x77,0x77,0x77,0x27,0x77,0x77,0x77,0x70,
 0x77,0x77,0x77,0x77,0x77,0x77,0x77,0x77,0x72,0x77,0x77,0x70,0x77,0x77,0x77,0x77,0x77,0x77,0x77,0x77,
 0x77,0x77,0x77,0x00,0x00,0x00,0x00,0x00,0x00,0x00,0x70,0x77,0x77,0x77,0x77,0x77,0x77,0x77,0x77,0x77,
 0x77,0x77,0x70,0x77,0x77,0x77,0x77,0x77,0x77,0x77,0x77,0x77,0x77,0x77,0x70,0x77,0x77,0x77,0x77,0x77,
 0x77,0x77,0x77,0x77,0x77,0x77,0x70,0x77,0x77,0x77,0x77,0x77,0x77,0x77,0x72,0x77,0x77,0x77,0x70,0x77,
 0x77,0x77,0x77,0x77,0x77,0x77,0x77,0x77,0x77,0x77,0x70,0x77,0x77,0x77,0x77,0x77,0x77,0x77,0x77,0x77,
 0x77,0x77,0x70,0x77,0x77,0x77,0x77,0x77,0x77,0x77,0x77,0x77,0x77,0x77,0x70,0x77,0x77,0x77,0x77,0x77,
 0x77,0x77,0x77,0x77,0x77,0x77,0x70,0x77,0x77,0x77,0x77,0x77,0x77,0x77,0x77,0x77,0x77,0x77,0x70,0x77,
 0x77,0x77,0x77,0x77,0x77,0x77,0x77,0x77,0x77,0x77,0x00,0x00,0x00,0x00,0x00,0x00,0x00,0x00,0x77,0x77,
 0x77,0x77,0x77,0x77,0x77,0x77,0x77,0x77,0x07,0x00,0x77,0x77,0x77,0x77,0x77,0x77,0x77,0x77,0x77,0x77,
 0x07,0x00,0x77,0x77,0x77,0x77,0x77,0x77,0x77,0x77,0x77,0x77,0x07,0x00,0x77,0x77,0x77,0x77,0x77,0x77,
 0x77,0x77,0x77,0x77,0x07,0x00,0x77,0x77,0x77,0x77,0x77,0x77,0x77,0x77,0x77,0x77,0x07,0x00,0x77,0x77,
 0x77,0x77,0x77,0x77,0x77,0x77,0x77,0x77,0x07,0x00,0x77,0x77,0x77,0x77,0x77,0x77,0x77,0x77,0x77,0x77,
 0x07,0x00,0x77,0x77,0x77,0x77,0x77,0x77,0x77,0x77,0x77,0x77,0x07,0x00,0x77,0x77,0x77,0x77,0x77,0x77,
 0x77,0x77,0x77,0x77,0x07,0x00,0x77,0x77,0x77,0x77,0x77,0x77,0x77,0x77,0x77,0x77,0x07,0x00,0x00,0x00,
 0x00,0x00,0x00,0x00,0x00,0x00,0x00,0x00,0x00,0x00,0x00,0x00,0x00,0x00,0x00,0x00,0x00,0x00,0x00,0x00,
 0x00,0x00,0x00,0x00,0x00,0x00,0x00,0x00,0x00,0x00,0x00,0x00,0x00,0x00,0x00,0x00,0x00,0x00,0x00,0x00,
 0x00,0x00,0x00,0x00,0x00,0x00,0x00,0x00,0x00,0x00,0x00,0x00,0x00,0x00,0x00,0x00,0x00,0x00,0x00,0x00,
 0x00,0x00,0x00,0x00,0x00,0x00,0x00,0x00,0x00,0x00,0x00,0x00,0x00,0x00,0x00,0x00,0x00,0x00,0x00,0x00,
 0x00,0x00,0x00,0x00,0x00,0x00,0x00,0x00,0x00,0x00,0x00,0x00,0x00,0x00,0x00,0x00,0x00,0x00,0x00,0x00,
 0x00,0x00,0x00,0x00,0x00,0x00,0x00,0x00,0x00,0x00,0x00,0x00,0x00,0x00,0x00,0x00,0x00,0x00,0x00,0x00,
 0x00,0x00,0x00,0x00,0x00,0x00,0x00,0x00,0x00,0x00,0x00,0x00,0x00,0x00,0x00,0x00,0x00,0x00,0x00,0x00,
 0x00,0x00,0x00,0x00,0x00,0x00,0x00,0x00,0x00,0x00,0x00,0x00,0x00,0x00,0x00,0x00,0x00,0x00,0x00,0x00,
 0x00,0x00,0x00,0x00,0x00,0x00,0x00,0x00,0x00,0x00,0x00,0x00,0x00,0x00,0x00,0x00,0x00,0x00,0x00,0x00,
 0x00,0x00,0x00,0x00,0x00,0x00,0x00,0x00,0x00,0x00,0x00,0x00,0x00,0x00,0x00,0x00,0x00,0x00,0x00,0x00,
 0x00,0x00,0x00,0x00,0x00,0x00,0x00,0x00,0x00,0x00,0x00,0x00,0x00,0x00,0x00,0x00,0x00,0x00,0x00,0x00,
 0x00,0x00,0x00,0x00,0x00,0x00,0x00,0x00,0x00,0x00,0x00,0x00,0x00,0x00,0x00,0x00,0x00,0x00,0x00,0x00,
 0x00,0x00,0x00,0x00,0x00,0x00,0x00,0x00,0x00,0x00,0x00,0x00,0x00,0x00,0x00,0x00,0x00,0x00,0x00,0x22,
 0x00,0x22,0x02,0x22,0x02,0x20,0x22,0x20,0x02,0x00,0x00,0x22,0x02,0x22,0x00,0x00,0x00,0x00,0x00,0x00,
 0x00,0x00,0x00,0x02,0x00,0x22,0x02,0x22,0x00,0x22,0x02,0x00,0x00,0x00,0x20,0x22,0x20,0x22,0x20,0x22,
 0x20,0x02,0x00,0x02,0x02,0x00,0x20,0x22,0x20,0x00,0x22,0x02,0x22,0x02,0x22,0x00,0x02,0x02,0x00,0x02,
 0x02,0x22,0x02,0x02,0x02,0x22,0x02,0x00,0x00,0x00,0x00,0x22,0x02,0x22,0x00,0x22,0x02,0x22,0x02,0x22,
 0x02,0x00,0x00,0x22,0x02,0x22,0x02,0x22,0x02,0x22,0x00,0x22,0x02,0x00,0x00,0x22,0x02,0x22,0x02,0x22,
 0x02,0x00,0x00,0x00,0x00,0x00,0x00,0x22,0x02,0x22,0x02,0x22,0x00,0x02,0x02,0x22,0x02,0x22,0x02,0x00,
 0x00,0x00,0x00,0x00,0x00,0x00,0x02,0x02,0x02,0x00,0x02,0x00,0x20,0x00,0x20,0x20,0x00,0x00,0x02,0x00,
 0x02,0x02,0x00,0x00,0x00,0x00,0x00,0x00,0x00,0x00,0x02,0x00,0x20,0x00,0x02,0x02,0x02,0x00,0x00,0x00,
 0x00,0x20,0x20,0x20,0x20,0x20,0x00,0x20,0x20,0x20,0x22,0x22,0x00,0x20,0x00,0x20,0x00,0x02,0x02,0x02,
 0x00,0x02,0x20,0x22,0x22,0x00,0x22,0x02,0x02,0x02,0x02,0x02,0x02,0x00,0x00,0x00,0x00,0x00,0x02,0x00,
 0x02,0x02,0x02,0x02,0x02,0x00,0x02,0x00,0x00,0x00,0x02,0x02,0x02,0x02,0x20,0x00,0x02,0x02,0x20,0x00,
 0x00,0x00,0x02,0x00,0x02,0x02,0x20,0x00,0x00,0x00,0x00,0x00,0x00,0x00,0x02,0x00,0x02,0x02,0x02,0x02,
 0x22,0x02,0x02,0x02,0x20,0x00,0x00,0x00,0x00,0x00,0x00,0x00,0x00,0x02,0x02,0x22,0x00,0x22,0x00,0x20,
 0x02,0x20,0x20,0x00,0x00,0x22,0x00,0x02,0x02,0x00,0x00,0x00,0x00,0x00,0x00,0x00,0x00,0x02,0x00,0x20,
 0x00,0x02,0x02,0x22,0x00,0x00,0x00,0x00,0x20,0x20,0x20,0x22,0x20,0x02,0x20,0x20,0x00,0x02,0x02,0x00,
 0x20,0x00,0x20,0x00,0x02,0x02,0x22,0x02,0x22,0x00,0x02,0x02,0x00,0x02,0x02,0x02,0x02,0x02,0x02,0x22,
 0x00,0x00,0x00,0x00,0x00,0x22,0x00,0x22,0x00,0x22,0x02,0x22,0x02,0x22,0x00,0x00,0x00,0x22,0x02,0x02,
 0x02,0x20,0x00,0x02,0x02,0x20,0x00,0x00,0x00,0x02,0x00,0x22,0x02,0x20,0x00,0x00,0x00,0x00,0x00,0x00,
 0x00,0x22,0x00,0x02,0x02,0x22,0x00,0x02,0x02,0x22,0x02,0x20,0x00,0x00,0x00,0x00,0x00,0x00,0x00,0x00,
 0x02,0x02,0x02,0x00,0x02,0x00,0x20,0x00,0x20,0x20,0x00,0x00,0x02,0x00,0x02,0x02,0x00,0x00,0x00,0x00,
 0x00,0x00,0x00,0x00,0x02,0x00,0x20,0x00,0x02,0x02,0x02,0x00,0x00,0x00,0x00,0x20,0x20,0x20,0x00,0x20,
 0x00,0x20,0x20,0x20,0x22,0x22,0x00,0x20,0x00,0x20,0x00,0x02,0x02,0x00,0x02,0x02,0x20,0x22,0x22,0x00,
 0x02,0x02,0x02,0x02,0x02,0x02,0x02,0x00,0x00,0x00,0x00,0x00,0x02,0x00,0x02,0x02,0x02,0x02,0x00,0x02,
 0x02,0x00,0x00,0x00,0x02,0x00,0x02,0x02,0x20,0x00,0x02,0x02,0x20,0x00,0x00,0x00,0x02,0x00,0x02,0x02,
 0x20,0x00,0x00,0x00,0x00,0x00,0x00,0x00,0x02,0x00,0x02,0x02,0x02,0x02,0x02,0x02,0x02,0x02,0x20,0x00,
 0x00,0x00,0x00,0x00,0x00,0x00,0x00,0x22,0x00,0x22,0x02,0x02,0x00,0x20,0x00,0x20,0x20,0x00,0x00,0x02,
 0x00,0x02,0x02,0x00,0x00,0x00,0x00,0x00,0x00,0x00,0x00,0x22,0x02,0x22,0x02,0x02,0x02,0x22,0x02,0x00,
 0x00,0x00,0x20,0x22,0x20,0x00,0x20,0x22,0x20,0x20,0x00,0x02,0x02,0x00,0x20,0x22,0x20,0x22,0x22,0x02,
 0x22,0x02,0x22,0x00,0x02,0x02,0x00,0x02,0x02,0x22,0x02,0x20,0x00,0x22,0x02,0x00,0x00,0x00,0x00,0x22,
 0x02,0x02,0x02,0x02,0x02,0x22,0x02,0x22,0x02,0x00,0x00,0x02,0x00,0x22,0x02,0x22,0x02,0x02,0x02,0x20,
 0x00,0x00,0x00,0x22,0x02,0x02,0x02,0x20,0x00,0x00,0x00,0x00,0x00,0x00,0x00,0x02,0x00,0x22,0x02,0x02,
 0x02,0x02,0x02,0x02,0x02,0x20,0x00,0x00,0x00,0x00,0x00,0x00,0x00,0x00,0x00,0x00,0x00,0x00,0x00,0x00,
 0x00,0x00,0x00,0x00,0x00,0x00,0x00,0x00,0x00,0x00,0x00,0x00,0x00,0x00,0x00,0x00,0x00,0x00,0x00,0x00,
 0x00,0x00,0x00,0x00,0x00,0x00,0x00,0x00,0x00,0x00,0x00,0x00,0x00,0x00,0x00,0x00,0x00,0x00,0x00,0x00,
 0x00,0x00,0x00,0x00,0x00,0x00,0x00,0x00,0x00,0x00,0x00,0x00,0x00,0x00,0x00,0x00,0x00,0x00,0x00,0x00,
 0x00,0x00,0x00,0x00,0x00,0x00,0x00,0x00,0x00,0x00,0x00,0x00,0x00,0x00,0x00,0x00,0x00,0x00,0x00,0x00,
 0x00,0x00,0x00,0x00,0x00,0x00,0x00,0x00,0x00,0x00,0x00,0x00,0x00,0x00,0x00,0x00,0x00,0x00,0x00,0x00,
 0x00,0x00,0x00,0x00,0x00,0x00,0x00,0x00,0x00,0x00,0x00,0x00,0x00,0x00,0x00,0x00,0x00,0x00,0x00,0x00,
 0x00,0x00,0x00,0x00,0x00,0x00,0x00,0x00,0x00,0x00,0x00,0x00,0x00,0x00,0x00,0x00,0x00,0x00,0x00,0x00,
 0x00,0x00,0x00,0x00,0x00,0x00,0x00,0x00,0x00,0x00,0x00,0x00,0x00,0x00,0x00,0x00,0x00,0x00,0x00,0x00,
 0x00,0x00,0x00,0x00,0x00,0x00,0x00,0x00,0x00,0x00,0x00,0x00,0x00,0x00,0x00,0x00,0x00,0x00,0x00,0x00,
 0x00,0x00,0x00,0x00,0x00,0x00,0x00,0x00,0x00,0x00,0x00,0x00,0x00,0x00,0x00,0x00,0x00,0x00,0x00,0x00,
 0x00,0x00,0x00,0x00,0x00,0x00,0x00,0x00,0x00,0x00,0x00,0x00,0x00,0x00,0x00,0x00,0x00,0x00,0x00,0x00,
 0x00,0x00,0x00,0x00,0x00,0x00,0x00,0x00,0x00,0x00,0x00,0x00,0x00,0x00,0x00,0x00,0x00,0x00,0x00,0x00,
 0x00,0x00,0x00,0x00,0x00,0x00,0x00,0x00,0x00,0x00,0x00,0x00,0x00,0x00,0x00,0x00,0x00,0x00,0x00,0x00,
 0x00,0x00,0x00,0x00,0x00,0x00,0x00,0x00,0x00,0x00,0x00,0x00,0x00,0x00,0x00,0x00,0x00,0x00,0x00,0x00,
 0x00,0x00,0x00,0x00,0x00,0x00,0x00,0x00,0x00,0x00,0x00,0x00,0x00,0x00,0x00,0x00,0x00,0x00,0x00,0x00,
 0x00,0x00,0x00,0x00,0x00,0x00,0x00,0x00,0x00,0x00,0x00,0x00,0x00,0x00,0x00,0x00,0x00,0x00,0x00,0x00,
 0x00,0x00,0x00,0x00,0x00,0x00,0x00,0x00,0x00,0x00,0x00,0x00,0x00,0x00,0x00,0x00,0x00,0x00,0x00,0x00,
 0x00,0x00,0x00,0x00,0x00,0x00,0x00,0x00,0x00,0x00,0x00,0x00,0x00,0x00,0x00,0x00,0x00,0x00,0x00,0x00,
 0x00,0x00,0x00,0x00,0x00,0x00,0x00,0x00,0x00,0x00,0x00,0x00,0x00,0x00,0x00,0x00,0x00,0x00,0x00,0x00,
 0x00,0x00,0x00,0x00,0x00,0x00,0x00,0x00,0x00,0x00,0x00,0x00,0x00,0x00,0x00,0x00,0x00,0x00,0x00,0x00,
 0x00,0x00,0x00,0x00,0x00,0x00,0x00,0x00,0x00,0x00,0x00,0x00,0x00,0x00,0x00,0x00,0x00,0x00,0x00,0x00,
 0x00,0x00,0x00,0x00,0x00,0x00,0x00,0x00,0x00,0x00,0x00,0x00,0x00,0x00,0x00,0x00,0x00,0x00,0x00,0x00,
 0x00,0x00,0x00,0x00,0x00,0x00,0x00,0x00,0x00,0x00,0x00,0x00,0x00,0x00,0x00,0x00,0x00,0x00,0x00,0x00,
 0x00,0x00,0x00,0x00,0x00,0x00,0x00,0x00,0x00,0x00,0x00,0x00,0x00,0x00,0x00,0x00,0x00,0x00,0x00,0x00,
 0x00,0x00,0x00,0x00,0x00,0x00,0x00,0x00,0x00,0x00,0x00,0x00,0x00,0x00,0x00,0x00,0x00,0x00,0x00,0x00,
 0x00,0x00,0x00,0x00,0x00,0x00,0x00,0x00,0x00,0x00,0x00,0x00,0x00,0x00,0x00,0x00,0x00,0x00,0x00,0x00,
 0x00,0x00,0x00,0x00,0x00,0x00,0x00,0x00,0x00,0x00,0x00,0x00,0x00,0x00,0x00,0x00,0x00,0x00,0x00,0x00,
 0x00,0x00,0x00,0x00,0x00,0x00,0x00,0x00,0x00,0x00,0x00,0x00,0x00,0x00,0x00,0x00,0x00,0x00,0x00,0x00,
 0x00,0x00,0x00,0x00,0x00,0x00,0x00,0x00,0x00,0x00,0x00,0x00,0x00,0x00,0x00,0x00,0x00,0x00,0x00,0x00,
 0x00,0x00,0x00,0x00,0x00,0x00,0x00,0x00,0x00,0x00,0x00,0x00,0x00,0x00,0x00,0x00,0x00,0x00,0x00,0x00,
 0x00,0x00,0x00,0x00,0x00,0x00,0x00,0x00,0x00,0x00,0x00,0x00,0x00,0x00,0x00,0x00,0x00,0x00,0x00,0x00,
 0x00,0x00,0x00,0x00,0x00,0x00,0x00,0x00,0x00,0x00,0x00,0x00,0x00,0x00,0x00,0x00,0x00,0x00,0x00,0x00,
 0x00,0x00,0x00,0x00,0x00,0x00,0x00,0x00,0x00,0x00,0x00,0x00,0x00,0x00,0x00,0x00,0x00,0x00,0x00,0x00,
 0x00,0x00,0x00,0x00,0x00,0x00,0x00,0x00,0x00,0x00,0x00,0x00,0x00,0x00,0x00,0x00,0x00,0x00,0x00,0x00,
 0x00,0x00,0x00,0x00,0x00,0x00,0x00,0x00,0x00,0x00,0x00,0x00,0x00,0x00,0x00,0x00,0x00,0x00,0x40,0x00,
 0x00,0x00,0x00,0x00,0x00,0x00,0x00,0x00,0x00,0x00,0x40,0x00,0x00,0x00,0x00,0x00,0x00,0x00,0x00,0x00,
 0x00,0x00,0x00,0x00,0x00,0x00,0x00,0x00,0x00,0x00,0x00,0x00,0x00,0x00,0x00,0x00,0x00,0x00,0x00,0x00,
 0x00,0x00,0x00,0x00,0x00,0x00,0x00,0x00,0x00,0x00,0x00,0x00,0x00,0x00,0x00,0x00,0x00,0x00,0x00,0x44,
 0x04,0x44,0x04,0x44,0x00,0x00,0x00,0x00,0x00,0x00,0x00,0x44,0x04,0x44,0x04,0x44,0x04,0x00,0x00,0x00,
 0x00,0x00,0x00,0x44,0x04,0x44,0x04,0x44,0x00,0x00,0x00,0x00,0x00,0x00,0x00,0x44,0x04,0x44,0x00,0x44,
 0x04,0x00,0x00,0x00,0x00,0x00,0x00,0x44,0x00,0x44,0x00,0x44,0x00,0x00,0x00,0x00,0x00,0x00,0x00,0x44,
 0x04,0x44,0x04,0x44,0x00,0x44,0x04,0x00,0x00,0x00,0x00,0x44,0x04,0x04,0x04,0x44,0x00,0x44,0x04,0x00,
 0x00,0x00,0x00,0x44,0x04,0x44,0x04,0x44,0x00,0x44,0x04,0x00,0x00,0x00,0x00,0x44,0x04,0x44,0x04,0x44,
 0x04,0x04,0x04,0x00,0x00,0x00,0x00,0x44,0x04,0x44,0x04,0x44,0x00,0x00,0x00,0x00,0x00,0x00,0x00,0x00,
 0x00,0x00,0x00,0x00,0x00,0x00,0x04,0x00,0x40,0x00,0x04,0x04,0x00,0x00,0x00,0x00,0x00,0x00,0x04,0x00,
 0x04,0x04,0x04,0x00,0x00,0x00,0x00,0x00,0x00,0x00,0x40,0x00,0x04,0x04,0x04,0x04,0x00,0x00,0x00,0x00,
 0x00,0x00,0x40,0x00,0x04,0x04,0x40,0x00,0x00,0x00,0x00,0x00,0x00,0x00,0x04,0x04,0x04,0x04,0x04,0x04,
 0x00,0x00,0x00,0x00,0x00,0x00,0x04,0x00,0x40,0x00,0x04,0x04,0x44,0x00,0x00,0x00,0x00,0x00,0x04,0x00,
 0x04,0x04,0x04,0x04,0x44,0x00,0x00,0x00,0x00,0x00,0x04,0x00,0x04,0x04,0x04,0x04,0x04,0x00,0x00,0x00,
 0x00,0x00,0x04,0x04,0x04,0x00,0x04,0x00,0x04,0x04,0x00,0x00,0x00,0x00,0x40,0x00,0x04,0x04,0x04,0x04,
 0x00,0x00,0x00,0x00,0x00,0x00,0x00,0x00,0x00,0x00,0x00,0x00,0x00,0x44,0x04,0x40,0x00,0x04,0x04,0x00,
 0x00,0x00,0x00,0x00,0x00,0x04,0x00,0x04,0x04,0x44,0x04,0x00,0x00,0x00,0x00,0x00,0x00,0x40,0x00,0x44,
 0x04,0x04,0x04,0x00,0x00,0x00,0x00,0x00,0x00,0x40,0x00,0x04,0x04,0x40,0x00,0x00,0x00,0x00,0x00,0x00,
 0x00,0x44,0x00,0x04,0x04,0x04,0x04,0x00,0x00,0x00,0x00,0x00,0x00,0x44,0x04,0x40,0x00,0x44,0x00,0x44,
 0x04,0x00,0x00,0x00,0x00,0x04,0x00,0x44,0x04,0x44,0x00,0x44,0x04,0x00,0x00,0x00,0x00,0x04,0x00,0x04,
 0x04,0x04,0x04,0x44,0x00,0x00,0x00,0x00,0x00,0x44,0x04,0x44,0x00,0x44,0x00,0x44,0x00,0x00,0x00,0x00,
 0x00,0x40,0x00,0x44,0x04,0x44,0x00,0x00,0x00,0x00,0x00,0x00,0x00,0x00,0x00,0x00,0x00,0x00,0x00,0x00,
 0x00,0x04,0x40,0x00,0x04,0x04,0x00,0x00,0x00,0x00,0x00,0x00,0x04,0x00,0x04,0x04,0x00,0x04,0x00,0x00,
 0x00,0x00,0x00,0x00,0x40,0x00,0x04,0x04,0x04,0x04,0x00,0x00,0x00,0x00,0x00,0x00,0x40,0x00,0x04,0x04,
 0x40,0x00,0x00,0x00,0x00,0x00,0x00,0x00,0x04,0x04,0x04,0x04,0x04,0x04,0x00,0x00,0x00,0x00,0x00,0x00,
 0x00,0x04,0x40,0x00,0x04,0x04,0x40,0x04,0x00,0x00,0x00,0x00,0x04,0x00,0x04,0x04,0x04,0x04,0x40,0x04,
 0x00,0x00,0x00,0x00,0x04,0x00,0x04,0x04,0x04,0x04,0x04,0x00,0x00,0x00,0x00,0x00,0x04,0x00,0x04,0x00,
 0x04,0x00,0x04,0x04,0x00,0x00,0x00,0x00,0x40,0x00,0x04,0x04,0x04,0x04,0x00,0x00,0x00,0x00,0x00,0x00,
 0x00,0x00,0x00,0x00,0x00,0x00,0x00,0x44,0x04,0x44,0x04,0x04,0x04,0x00,0x00,0x00,0x00,0x00,0x00,0x44,
 0x04,0x44,0x04,0x44,0x04,0x00,0x00,0x00,0x00,0x00,0x00,0x40,0x00,0x04,0x04,0x04,0x04,0x00,0x00,0x00,
 0x00,0x00,0x00,0x44,0x04,0x04,0x04,0x40,0x00,0x00,0x00,0x00,0x00,0x00,0x00,0x04,0x04,0x04,0x04,0x44,
 0x00,0x00,0x00,0x00,0x00,0x00,0x00,0x44,0x04,0x40,0x00,0x04,0x04,0x44,0x04,0x00,0x00,0x00,0x00,0x44,
 0x04,0x04,0x04,0x04,0x04,0x44,0x04,0x00,0x00,0x00,0x00,0x44,0x04,0x44,0x04,0x44,0x00,0x44,0x04,0x00,
 0x00,0x00,0x00,0x04,0x00,0x44,0x04,0x44,0x04,0x04,0x04,0x00,0x00,0x00,0x00,0x40,0x00,0x04,0x04,0x44,
 0x00,0x00,0x00,0x00,0x00,0x00,0x00,0x00,0x00,0x00,0x00,0x00,0x00,0x00,0x00,0x00,0x00,0x00,0x00,0x00,
 0x00,0x00,0x00,0x00,0x00,0x00,0x00,0x00,0x00,0x00,0x00,0x00,0x00,0x00,0x00,0x00,0x00,0x00,0x00,0x00,
 0x00,0x00,0x00,0x00,0x00,0x00,0x00,0x00,0x00,0x00,0x00,0x00,0x00,0x00,0x00,0x00,0x00,0x00,0x00,0x00,
 0x00,0x00,0x00,0x00,0x00,0x00,0x00,0x00,0x00,0x00,0x00,0x00,0x00,0x00,0x00,0x00,0x00,0x00,0x00,0x00,
 0x40,0x00,0x00,0x00,0x00,0x00,0x00,0x00,0x00,0x00,0x00,0x00,0x40,0x00,0x00,0x00,0x00,0x00,0x00,0x00,
 0x00,0x00,0x00,0x00,0x00,0x00,0x00,0x00,0x00,0x00,0x00,0x00,0x00,0x00,0x00,0x00,0x00,0x00,0x00,0x00,
 0x00,0x00,0x00,0x00,0x00,0x00,0x00,0x00,0x00,0x00,0x00,0x00,0x00,0x00,0x00,0x00,0x00,0x00,0x00,0x00,
 0x00,0x00,0x00,0x00,0x00,0x00,0x00,0x00,0x00,0x00,0x00,0x00,0x00,0x00,0x00,0x00,0x00,0x00,0x00,0x00,
 0x00,0x00,0x00,0x00,0x00,0x00,0x00,0x00,0x00,0x00,0x00,0x00,0x00,0x00,0x00,0x00,0x00,0x00,0x00,0x00,
 0x00,0x00,0x00,0x00,0x00,0x00,0x00,0x00,0x00,0x00,0x00,0x00,0x00,0x00,0x00,0x00,0x00,0x00,0x00,0x00,
 0x00,0x00,0x00,0x00,0x00,0x00,0x00,0x00,0x00,0x00,0x00,0x00,0x00,0x00,0x00,0x00,0x00,0x00,0x00,0x00,
 0x00,0x00,0x00,0x00,0x00,0x00,0x00,0x00,0x00,0x00,0x00,0x00,0x00,0x00,0x00,0x00,0x00,0x00,0x00,0x00,
 0x00,0x00,0x00,0x00,0x00,0x00,0x00,0x00,0x00,0x00,0x00,0x00,0x00,0x00,0x00,0x00,0x00,0x00,0x00,0x00,
 0x00,0x00,0x00,0x00,0x00,0x00,0x00,0x00,0x77,0x77,0x77,0x77,0x77,0x77,0x77,0x77,0x77,0x77,0x07,0x00,
 0x77,0x77,0x77,0x77,0x77,0x77,0x77,0x77,0x77,0x77,0x07,0x00,0x77,0x77,0x77,0x77,0x77,0x77,0x77,0x77,
 0x77,0x77,0x07,0x00,0x77,0x77,0x77,0x77,0x77,0x77,0x77,0x77,0x77,0x77,0x07,0x00,0x77,0x77,0x77,0x77,
 0x77,0x77,0x77,0x77,0x77,0x77,0x07,0x00,0x77,0x77,0x77,0x77,0x77,0x77,0x77,0x77,0x77,0x77,0x07,0x00,
 0x77,0x77,0x77,0x77,0x77,0x77,0x77,0x77,0x77,0x77,0x07,0x00,0x77,0x77,0x77,0x77,0x77,0x77,0x77,0x77,
 0x77,0x77,0x07,0x00,0x77,0x77,0x77,0x77,0x77,0x77,0x77,0x77,0x77,0x77,0x07,0x00,0x77,0x77,0x77,0x77,
 0x77,0x77,0x77,0x77,0x77,0x77,0x07,0x00,0x00,0x00,0x00,0x00,0x00,0x00,0x70,0x77,0x77,0x77,0x77,0x77,
 0x77,0x77,0x77,0x77,0x77,0x77,0x70,0x77,0x77,0x77,0x77,0x77,0x77,0x77,0x77,0x77,0x77,0x77,0x70,0x77,
 0x77,0x77,0x77,0x77,0x77,0x77,0x77,0x77,0x77,0x77,0x70,0x77,0x77,0x77,0x77,0x77,0x77,0x77,0x77,0x77,
 0x77,0x77,0x70,0x77,0x77,0x77,0x77,0x77,0x77,0x77,0x77,0x77,0x77,0x77,0x70,0x77,0x77,0x77,0x77,0x77,
 0x77,0x77,0x77,0x77,0x77,0x77,0x70,0x77,0x77,0x77,0x77,0x77,0x77,0x77,0x77,0x77,0x77,0x77,0x70,0x77,
 0x77,0x77,0x77,0x77,0x77,0x77,0x77,0x77,0x77,0x77,0x70,0x77,0x77,0x77,0x77,0x77,0x77,0x77,0x77,0x77,
 0x77,0x77,0x70,0x77,0x77,0x77,0x77,0x77,0x77,0x77,0x77,0x77,0x77,0x77,0x00,0x00,0x00,0x00,0x00,0x00,
 0x00,0x70,0x17,0x11,0x77,0x77,0x77,0x77,0x72,0x77,0x77,0x77,0x77,0x70,0x71,0x77,0x71,0x77,0x77,0x77,
 0x72,0x72,0x77,0x77,0x77,0x70,0x11,0x11,0x71,0x77,0x77,0x72,0x77,0x77,0x77,0x77,0x77,0x70,0x11,0x11,
 0x77,0x77,0x77,0x77,0x77,0x27,0x77,0x77,0x77,0x70,0x11,0x11,0x71,0x77,0x77,0x77,0x27,0x77,0x77,0x77,
 0x77,0x70,0x71,0x77,0x71,0x77,0x77,0x22,0x72,0x22,0x77,0x22,0x77,0x70,0x71,0x77,0x71,0x77,0x77,0x77,
 0x77,0x22,0x72,0x22,0x72,0x70,0x11,0x11,0x71,0x77,0x77,0x77,0x77,0x22,0x72,0x22,0x72,0x70,0x17,0x11,
 0x77,0x77,0x77,0x77,0x77,0x27,0x77,0x77,0x77,0x70,0x11,0x11,0x77,0x77,0x77,0x77,0x27,0x27,0x77,0x77,
 0x77,0x00,0x00,0x00,0x00,0x00,0x00,0x00,0x70,0x71,0x77,0x71,0x77,0x77,0x27,0x77,0x22,0x72,0x77,0x77,
 0x70,0x71,0x77,0x71,0x77,0x77,0x27,0x77,0x27,0x77,0x77,0x77,0x70,0x71,0x77,0x77,0x77,0x77,0x27,0x77,
 0x22,0x72,0x77,0x77,0x70,0x71,0x77,0x71,0x77,0x77,0x77,0x77,0x72,0x77,0x77,0x77,0x70,0x77,0x71,0x77,
 0x77,0x77,0x77,0x77,0x72,0x77,0x77,0x77,0x70,0x71,0x77,0x71,0x77,0x77,0x72,0x72,0x72,0x72,0x72,0x72,
 0x70,0x71,0x77,0x71,0x77,0x77,0x77,0x77,0x72,0x72,0x72,0x72,0x70,0x77,0x71,0x77,0x77,0x77,0x77,0x77,
 0x72,0x72,0x27,0x77,0x70,0x71,0x77,0x71,0x77,0x77,0x77,0x77,0x77,0x77,0x77,0x77,0x70,0x71,0x77,0x71,
 0x77,0x77,0x77,0x27,0x27,0x77,0x77,0x77,0x00,0x00,0x00,0x00,0x00,0x00,0x00,0x70,0x71,0x77,0x71,0x77,
 0x77,0x72,0x77,0x77,0x77,0x77,0x77,0x70,0x71,0x77,0x71,0x77,0x77,0x72,0x77,0x77,0x72,0x77,0x77,0x70,
 0x11,0x11,0x77,0x77,0x77,0x77,0x72,0x77,0x77,0x77,0x77,0x70,0x71,0x77,0x71,0x77,0x77,0x77,0x27,0x77,
 0x77,0x77,0x77,0x70,0x77,0x71,0x77,0x77,0x77,0x77,0x77,0x27,0x77,0x77,0x77,0x70,0x17,0x17,0x77,0x77,
 0x77,0x22,0x72,0x72,0x72,0x72,0x72,0x70,0x71,0x77,0x71,0x77,0x77,0x77,0x77,0x72,0x72,0x22,0x77,0x70,
 0x77,0x71,0x77,0x77,0x77,0x77,0x77,0x22,0x72,0x27,0x77,0x70,0x71,0x77,0x71,0x77,0x77,0x77,0x77,0x27,
 0x77,0x77,0x77,0x70,0x71,0x77,0x71,0x77,0x77,0x77,0x77,0x77,0x77,0x77,0x77,0x00,0x00,0x00,0x00,0x00,
 0x00,0x00,0x70,0x71,0x71,0x71,0x77,0x77,0x27,0x77,0x22,0x72,0x77,0x77,0x70,0x71,0x71,0x71,0x77,0x77,
 0x27,0x77,0x27,0x77,0x77,0x77,0x70,0x71,0x77,0x77,0x77,0x77,0x27,0x77,0x22,0x72,0x77,0x77,0x70,0x11,
 0x11,0x77,0x77,0x77,0x77,0x77,0x72,0x77,0x77,0x77,0x70,0x77,0x71,0x77,0x77,0x77,0x77,0x77,0x72,0x77,
 0x77,0x77,0x70,0x77,0x71,0x77,0x77,0x77,0x72,0x72,0x72,0x72,0x72,0x72,0x70,0x71,0x77,0x71,0x77,0x77,
 0x77,0x77,0x72,0x72,0x72,0x72,0x70,0x77,0x71,0x77,0x77,0x77,0x77,0x77,0x72,0x72,0x27,0x77,0x70,0x71,
 0x77,0x71,0x77,0x77,0x77,0x77,0x72,0x77,0x77,0x77,0x70,0x11,0x11,0x77,0x77,0x77,0x77,0x77,0x77,0x77,
 0x77,0x77,0x00,0x00,0x00,0x00,0x00,0x00,0x00,0x70,0x71,0x17,0x71,0x77,0x77,0x77,0x72,0x77,0x77,0x77,
 0x77,0x70,0x71,0x71,0x71,0x77,0x77,0x77,0x72,0x72,0x77,0x77,0x77,0x70,0x71,0x77,0x77,0x77,0x77,0x72,
 0x77,0x77,0x77,0x77,0x77,0x70,0x71,0x17,0x77,0x77,0x77,0x77,0x77,0x27,0x77,0x77,0x77,0x70,0x77,0x71,
 0x77,0x77,0x77,0x77,0x27,0x77,0x77,0x77,0x77,0x70,0x77,0x71,0x77,0x77,0x77,0x72,0x72,0x72,0x72,0x22,
 0x77,0x70,0x71,0x77,0x71,0x77,0x77,0x77,0x77,0x22,0x72,0x72,0x72,0x70,0x77,0x71,0x77,0x77,0x77,0x77,
 0x77,0x72,0x72,0x27,0x77,0x70,0x71,0x77,0x71,0x77,0x77,0x77,0x77,0x77,0x77,0x77,0x77,0x70,0x71,0x77,
 0x77,0x77,0x77,0x77,0x77,0x77,0x77,0x77,0x77,0x00,0x00,0x00,0x00,0x00,0x00,0x00,0x70,0x17,0x11,0x71,
 0x77,0x77,0x77,0x77,0x77,0x77,0x77,0x77,0x70,0x17,0x17,0x77,0x77,0x77,0x77,0x77,0x77,0x77,0x77,0x77,
 0x70,0x11,0x11,0x71,0x77,0x77,0x77,0x77,0x77,0x77,0x77,0x77,0x70,0x71,0x77,0x71,0x77,0x77,0x77,0x77,
 0x77,0x77,0x77,0x77,0x70,0x77,0x71,0x77,0x77,0x77,0x77,0x77,0x77,0x77,0x77,0x77,0x70,0x77,0x71,0x77,
 0x77,0x77,0x77,0x77,0x77,0x77,0x77,0x77,0x70,0x17,0x11,0x77,0x77,0x77,0x77,0x77,0x77,0x77,0x77,0x77,
 0x70,0x11,0x11,0x71,0x77,0x77,0x77,0x77,0x77,0x77,0x77,0x77,0x70,0x17,0x11,0x77,0x77,0x77,0x77,0x77,
 0x77,0x77,0x77,0x77,0x70,0x71,0x77,0x77,0x77,0x77,0x77,0x77,0x77,0x77,0x77,0x77,0x00,0x00,0x00,0x00,
 0x00,0x00,0x00,0x70,0x77,0x77,0x77,0x77,0x77,0x77,0x77,0x77,0x77,0x77,0x77,0x70,0x77,0x77,0x77,0x77,
 0x77,0x77,0x77,0x77,0x77,0x77,0x77,0x70,0x77,0x77,0x77,0x77,0x77,0x77,0x77,0x77,0x77,0x77,0x77,0x70,
 0x77,0x77,0x77,0x77,0x77,0x77,0x77,0x77,0x77,0x77,0x77,0x70,0x77,0x77,0x77,0x77,0x77,0x77,0x77,0x77,
 0x77,0x77,0x77,0x70,0x77,0x77,0x77,0x77,0x77,0x77,0x77,0x77,0x77,0x77,0x77,0x70,0x77,0x77,0x77,0x77,
 0x77,0x77,0x77,0x77,0x77,0x77,0x77,0x70,0x77,0x77,0x77,0x77,0x77,0x77,0x77,0x77,0x77,0x77,0x77,0x70,
 0x77,0x77,0x77,0x77,0x77,0x77,0x77,0x77,0x77,0x77,0x77,0x70,0x77,0x77,0x77,0x77,0x77,0x77,0x77,0x77,
 0x77,0x77,0x77,0x00,0x00,0x00,0x00,0x00,0x00,0x00,0x70,0x77,0x77,0x77,0x11,0x71,0x71,0x77,0x11,0x71,
 0x11,0x71,0x70,0x77,0x77,0x77,0x11,0x77,0x11,0x77,0x11,0x71,0x71,0x71,0x70,0x77,0x77,0x77,0x77,0x77,
 0x11,0x77,0x11,0x71,0x71,0x71,0x70,0x77,0x77,0x77,0x77,0x77,0x11,0x77,0x71,0x71,0x11,0x77,0x70,0x77,
 0x77,0x77,0x11,0x77,0x11,0x71,0x11,0x77,0x11,0x77,0x70,0x11,0x77,0x11,0x11,0x11,0x71,0x71,0x11,0x77,
 0x11,0x77,0x70,0x77,0x77,0x77,0x77,0x77,0x77,0x77,0x11,0x71,0x11,0x71,0x70,0x77,0x11,0x71,0x11,0x77,
 0x11,0x71,0x71,0x71,0x11,0x71,0x70,0x77,0x77,0x77,0x11,0x71,0x11,0x71,0x71,0x71,0x11,0x71,0x70,0x77,
 0x11,0x71,0x11,0x77,0x11,0x71,0x11,0x77,0x11,0x71,0x00,0x00,0x00,0x00,0x00,0x00,0x00,0x70,0x77,0x77,
 0x77,0x71,0x71,0x71,0x77,0x71,0x71,0x17,0x77,0x70,0x77,0x77,0x77,0x71,0x71,0x71,0x71,0x71,0x71,0x71,
 0x71,0x70,0x77,0x77,0x77,0x77,0x77,0x71,0x71,0x71,0x77,0x11,0x71,0x70,0x77,0x77,0x77,0x77,0x77,0x71,
 0x71,0x71,0x71,0x71,0x71,0x70,0x77,0x77,0x77,0x71,0x71,0x71,0x71,0x71,0x71,0x71,0x71,0x70,0x71,0x71,
 0x71,0x77,0x71,0x71,0x71,0x71,0x71,0x71,0x71,0x70,0x77,0x77,0x77,0x77,0x77,0x77,0x77,0x17,0x77,0x71,
 0x77,0x70,0x77,0x17,0x77,0x71,0x71,0x71,0x71,0x71,0x71,0x17,0x77,0x70,0x77,0x77,0x77,0x71,0x71,0x71,
 0x71,0x71,0x71,0x71,0x77,0x70,0x77,0x71,0x71,0x71,0x71,0x17,0x77,0x71,0x71,0x17,0x77,0x00,0x00,0x00,
 0x00,0x00,0x00,0x00,0x70,0x77,0x77,0x77,0x11,0x71,0x71,0x77,0x71,0x71,0x17,0x77,0x70,0x77,0x77,0x77,
 0x71,0x71,0x11,0x77,0x11,0x71,0x71,0x71,0x70,0x77,0x77,0x77,0x77,0x77,0x11,0x77,0x11,0x77,0x71,0x71,
 0x70,0x77,0x77,0x77,0x77,0x77,0x11,0x77,0x71,0x71,0x71,0x71,0x70,0x77,0x77,0x77,0x11,0x77,0x11,0x71,
 0x71,0x71,0x71,0x71,0x70,0x11,0x77,0x11,0x77,0x71,0x71,0x71,0x11,0x77,0x71,0x71,0x70,0x77,0x77,0x77,
 0x77,0x77,0x77,0x77,0x17,0x77,0x11,0x77,0x70,0x77,0x17,0x77,0x71,0x71,0x11,0x71,0x71,0x71,0x17,0x77,
 0x70,0x77,0x77,0x77,0x11,0x71,0x71,0x71,0x11,0x77,0x11,0x77,0x70,0x77,0x11,0x71,0x11,0x77,0x17,0x77,
 0x71,0x71,0x17,0x77,0x00,0x00,0x00,0x00,0x00,0x00,0x00,0x70,0x77,0x77,0x77,0x71,0x77,0x71,0x77,0x71,
 0x71,0x17,0x77,0x70,0x77,0x77,0x77,0x71,0x71,0x71,0x71,0x71,0x71,0x11,0x71,0x70,0x77,0x77,0x77,0x77,
 0x77,0x71,0x71,0x71,0x77,0x71,0x71,0x70,0x77,0x77,0x77,0x77,0x77,0x71,0x71,0x71,0x71,0x71,0x71,0x70,
 0x77,0x77,0x77,0x71,0x71,0x71,0x71,0x71,0x71,0x71,0x71,0x70,0x71,0x71,0x71,0x77,0x71,0x71,0x71,0x71,
 0x71,0x71,0x71,0x70,0x77,0x77,0x77,0x77,0x77,0x77,0x77,0x17,0x77,0x71,0x77,0x70,0x77,0x17,0x77,0x71,
 0x71,0x71,0x77,0x71,0x71,0x17,0x77,0x70,0x77,0x77,0x77,0x71,0x77,0x71,0x71,0x71,0x71,0x71,0x77,0x70,
 0x77,0x71,0x77,0x71,0x71,0x17,0x77,0x71,0x71,0x17,0x77,0x00,0x00,0x00,0x00,0x00,0x00,0x00,0x70,0x77,
 0x77,0x77,0x71,0x77,0x11,0x71,0x11,0x71,0x17,0x77,0x70,0x77,0x77,0x77,0x11,0x77,0x71,0x71,0x71,0x71,
 0x71,0x71,0x70,0x77,0x77,0x77,0x77,0x77,0x71,0x71,0x11,0x71,0x71,0x71,0x70,0x77,0x77,0x77,0x77,0x77,
 0x71,0x71,0x11,0x71,0x71,0x71,0x70,0x77,0x77,0x77,0x71,0x71,0x71,0x71,0x71,0x71,0x11,0x77,0x70,0x71,
 0x71,0x11,0x71,0x71,0x11,0x71,0x71,0x71,0x71,0x71,0x70,0x77,0x77,0x77,0x77,0x77,0x77,0x77,0x11,0x71,
 0x71,0x77,0x70,0x77,0x11,0x71,0x71,0x71,0x71,0x77,0x11,0x71,0x17,0x77,0x70,0x77,0x77,0x77,0x71,0x77,
 0x11,0x71,0x71,0x71,0x11,0x71,0x70,0x77,0x71,0x77,0x71,0x71,0x11,0x71,0x71,0x71,0x17,0x77,0x00,0x00,
 0x00,0x00,0x00,0x00,0x00,0x70,0x77,0x77,0x77,0x77,0x77,0x77,0x77,0x77,0x77,0x77,0x77,0x70,0x77,0x77,
 0x77,0x77,0x77,0x77,0x77,0x77,0x77,0x77,0x77,0x70,0x77,0x77,0x77,0x77,0x77,0x77,0x77,0x77,0x77,0x77,
 0x77,0x70,0x77,0x77,0x77,0x77,0x77,0x77,0x77,0x77,0x77,0x77,0x77,0x70,0x77,0x77,0x77,0x77,0x77,0x77,
 0x77,0x77,0x77,0x77,0x77,0x70,0x77,0x77,0x77,0x77,0x77,0x77,0x77,0x77,0x77,0x77,0x77,0x70,0x77,0x77,
 0x77,0x77,0x77,0x77,0x77,0x77,0x77,0x77,0x77,0x70,0x77,0x77,0x77,0x77,0x77,0x77,0x77,0x77,0x77,0x77,
 0x77,0x70,0x77,0x77,0x77,0x77,0x77,0x77,0x77,0x77,0x77,0x77,0x77,0x70,0x77,0x77,0x77,0x77,0x77,0x77,
 0x77,0x77,0x77,0x77,0x77,0x00,0x00,0x00,0x00,0x00,0x00,0x00,0x00,0x77,0x77,0x77,0x77,0x77,0x77,0x77,
 0x77,0x77,0x77,0x07,0x00,0x77,0x77,0x77,0x77,0x77,0x77,0x77,0x77,0x77,0x77,0x07,0x00,0x77,0x77,0x77,
 0x77,0x77,0x77,0x77,0x77,0x77,0x77,0x07,0x00,0x77,0x77,0x77,0x77,0x77,0x77,0x77,0x77,0x77,0x77,0x07,
 0x00,0x77,0x77,0x77,0x77,0x77,0x77,0x77,0x77,0x77,0x77,0x07,0x00,0x77,0x77,0x77,0x77,0x77,0x77,0x77,
 0x77,0x77,0x77,0x07,0x00,0x77,0x77,0x77,0x77,0x77,0x77,0x77,0x77,0x77,0x77,0x07,0x00,0x77,0x77,0x77,
 0x77,0x77,0x77,0x77,0x77,0x77,0x77,0x07,0x00,0x77,0x77,0x77,0x77,0x77,0x77,0x77,0x77,0x77,0x77,0x07,
 0x00,0x77,0x77,0x77,0x77,0x77,0x77,0x77,0x77,0x77,0x77,0x07,0x00,0x00,0x00,0x00,0x00,0x00,0x00,0x00,
 0x00,0x00,0x00,0x00,0x00,0x00,0x00,0x00,0x00,0x00,0x00,0x00,0x00,0x00,0x00,0x00,0x00,0x00,0x00,0x00,
 0x00,0x00,0x00,0x00,0x00,0x00,0x00,0x00,0x00,0x00,0x00,0x00,0x00,0x00,0x00,0x00,0x00,0x00,0x00,0x00,
 0x00,0x00,0x00,0x00,0x00,0x00,0x00,0x00,0x00,0x00,0x00,0x00,0x00,0x00,0x00,0x00,0x00,0x00,0x00,0x00,
 0x00,0x00,0x00,0x00,0x00,0x00,0x00,0x00,0x00,0x00,0x00,0x00,0x00,0x00,0x00,0x00,0x00,0x00,0x00,0x00,
 0x00,0x00,0x00,0x00,0x00,0x00,0x00,0x00,0x00,0x00,0x00,0x00,0x00,0x00,0x00,0x00,0x00,0x00,0x00,0x00,
 0x00,0x00,0x00,0x00,0x00,0x00,0x00,0x00,0x00,0x00,0x00,0x00,0x00,0x00,0x00,0x00,0x00,0x00,0x00,0x00,
 0x00,0x00,0x00,0x00,0x00,0x00,0x00,0x00,0x00,0x00,0x00,0x00,0x00,0x00,0x00,0x00,0x00,0x00,0x00,0x00,
 0x00,0x00,0x00,0x00,0x00,0x00,0x00,0x00,0x00,0x00,0x00,0x00,0x00,0x00,0x00,0x00,0x00,0x00,0x00,0x00,
 0x00,0x00,0x00,0x00,0x00,0x00,0x00,0x00,0x00,0x00,0x00,0x00,0x00,0x00,0x00,0x00,0x00,0x00,0x00,0x00,
 0x00,0x00,0x00,0x00,0x00,0x00,0x00,0x00,0x00,0x00,0x00,0x00,0x00,0x00,0x00,0x00,0x00,0x00,0x00,0x00,
 0x00,0x00,0x00,0x00,0x00,0x00,0x00,0x00,0x00,0x00,0x00,0x00,0x00,0x00,0x00,0x00,0x00,0x00,0x00,0x00,
 0x00,0x00,0x00,0x00,0x00,0x00,0x00,0x00,0x00,0x00,0x00,0x00,0x00,0x00,0x00,0x00,0x22,0x02,0x00,0x00,
 0x00,0x00,0x00,0x00,0x00,0x00,0x00,0x00,0x00,0x00,0x00,0x00,0x00,0x00,0x22,0x02,0x22,0x02,0x22,0x00,
 0x00,0x00,0x00,0x00,0x00,0x00,0x22,0x02,0x22,0x02,0x22,0x02,0x00,0x00,0x00,0x00,0x00,0x00,0x22,0x02,
 0x22,0x02,0x22,0x00,0x00,0x00,0x00,0x00,0x00,0x00,0x02,0x02,0x22,0x02,0x22,0x00,0x02,0x22,0x02,0x02,
 0x02,0x00,0x02,0x02,0x22,0x02,0x22,0x00,0x22,0x02,0x22,0x02,0x00,0x00,0x22,0x00,0x00,0x00,0x00,0x00,
 0x00,0x00,0x00,0x00,0x00,0x00,0x22,0x00,0x00,0x00,0x00,0x00,0x00,0x00,0x00,0x00,0x00,0x00,0x22,0x02,
 0x22,0x00,0x00,0x00,0x00,0x00,0x00,0x00,0x00,0x00,0x22,0x02,0x02,0x02,0x22,0x02,0x00,0x00,0x00,0x00,
 0x00,0x00,0x20,0x00,0x20,0x00,0x00,0x00,0x00,0x00,0x00,0x00,0x00,0x00,0x00,0x00,0x00,0x00,0x00,0x00,
 0x00,0x02,0x02,0x02,0x00,0x02,0x02,0x00,0x00,0x00,0x00,0x00,0x00,0x02,0x02,0x02,0x00,0x02,0x00,0x00,
 0x00,0x00,0x00,0x00,0x00,0x02,0x02,0x20,0x00,0x02,0x02,0x00,0x00,0x00,0x00,0x00,0x00,0x02,0x02,0x02,
 0x00,0x02,0x02,0x02,0x02,0x00,0x02,0x02,0x00,0x22,0x02,0x02,0x00,0x02,0x02,0x02,0x00,0x02,0x00,0x00,
 0x00,0x02,0x00,0x00,0x00,0x00,0x00,0x00,0x00,0x00,0x00,0x00,0x00,0x20,0x00,0x00,0x00,0x00,0x00,0x00,
 0x00,0x00,0x00,0x00,0x00,0x20,0x00,0x02,0x02,0x00,0x00,0x00,0x00,0x00,0x00,0x00,0x00,0x02,0x02,0x02,
 0x02,0x20,0x00,0x00,0x00,0x00,0x00,0x00,0x00,0x02,0x20,0x00,0x02,0x00,0x00,0x00,0x00,0x00,0x00,0x00,
 0x00,0x00,0x00,0x00,0x00,0x00,0x00,0x00,0x22,0x02,0x22,0x02,0x02,0x02,0x00,0x00,0x00,0x00,0x00,0x00,
 0x22,0x02,0x02,0x00,0x22,0x02,0x00,0x00,0x00,0x00,0x00,0x00,0x22,0x02,0x20,0x00,0x02,0x02,0x00,0x00,
 0x00,0x00,0x00,0x00,0x02,0x02,0x22,0x00,0x22,0x00,0x02,0x22,0x00,0x20,0x00,0x00,0x02,0x02,0x22,0x00,
 0x22,0x00,0x02,0x02,0x22,0x00,0x00,0x00,0x02,0x00,0x00,0x00,0x00,0x00,0x00,0x00,0x00,0x00,0x00,0x00,
 0x20,0x00,0x00,0x00,0x00,0x00,0x00,0x00,0x00,0x00,0x00,0x00,0x20,0x00,0x02,0x02,0x00,0x00,0x00,0x00,
 0x00,0x00,0x00,0x00,0x02,0x02,0x02,0x02,0x20,0x00,0x00,0x00,0x00,0x00,0x00,0x00,0x02,0x02,0x00,0x02,
 0x00,0x00,0x00,0x00,0x00,0x00,0x00,0x00,0x00,0x00,0x00,0x00,0x00,0x00,0x00,0x02,0x02,0x00,0x02,0x02,
 0x02,0x00,0x00,0x00,0x00,0x00,0x00,0x02,0x02,0x02,0x00,0x00,0x02,0x00,0x00,0x00,0x00,0x00,0x00,0x02,
 0x02,0x20,0x00,0x02,0x02,0x00,0x00,0x00,0x00,0x00,0x00,0x02,0x02,0x02,0x00,0x02,0x02,0x02,0x02,0x00,
 0x20,0x00,0x00,0x02,0x02,0x02,0x00,0x02,0x02,0x02,0x02,0x02,0x00,0x00,0x00,0x02,0x00,0x00,0x00,0x00,
 0x00,0x00,0x00,0x00,0x00,0x00,0x00,0x20,0x00,0x00,0x00,0x00,0x00,0x00,0x00,0x00,0x00,0x00,0x00,0x20,
 0x00,0x02,0x02,0x00,0x00,0x00,0x00,0x00,0x00,0x00,0x00,0x02,0x02,0x02,0x02,0x20,0x00,0x00,0x00,0x00,
 0x00,0x00,0x00,0x02,0x20,0x00,0x02,0x00,0x00,0x00,0x00,0x00,0x00,0x00,0x00,0x00,0x00,0x00,0x00,0x00,
 0x00,0x00,0x02,0x02,0x22,0x02,0x02,0x02,0x00,0x00,0x00,0x00,0x00,0x00,0x02,0x02,0x22,0x02,0x22,0x02,
 0x00,0x00,0x00,0x00,0x00,0x00,0x02,0x02,0x20,0x00,0x02,0x02,0x00,0x00,0x00,0x00,0x00,0x00,0x20,0x00,
 0x22,0x02,0x02,0x02,0x02,0x02,0x00,0x20,0x00,0x00,0x02,0x02,0x22,0x02,0x02,0x02,0x22,0x02,0x22,0x02,
 0x00,0x00,0x22,0x00,0x00,0x00,0x00,0x00,0x00,0x00,0x00,0x00,0x00,0x00,0x22,0x00,0x00,0x00,0x00,0x00,
 0x00,0x00,0x00,0x00,0x00,0x00,0x22,0x02,0x02,0x02,0x00,0x00,0x00,0x00,0x00,0x00,0x00,0x00,0x22,0x02,
 0x22,0x02,0x20,0x00,0x00,0x00,0x00,0x00,0x00,0x00,0x20,0x00,0x20,0x00,0x00,0x00,0x00,0x00,0x00,0x00,
 0x00,0x00,0x00,0x00,0x00,0x00,0x00,0x00,0x00,0x00,0x00,0x00,0x00,0x00,0x00,0x00,0x00,0x00,0x00,0x00,
 0x00,0x00,0x00,0x00,0x00,0x00,0x00,0x00,0x00,0x00,0x00,0x00,0x00,0x00,0x00,0x00,0x00,0x00,0x00,0x00,
 0x00,0x00,0x00,0x00,0x00,0x00,0x00,0x00,0x00,0x00,0x00,0x00,0x00,0x00,0x00,0x00,0x00,0x00,0x00,0x00,
 0x00,0x00,0x00,0x00,0x00,0x00,0x00,0x00,0x00,0x00,0x00,0x00,0x00,0x00,0x00,0x00,0x00,0x00,0x00,0x00,
 0x00,0x00,0x00,0x00,0x00,0x00,0x00,0x00,0x00,0x00,0x00,0x00,0x00,0x00,0x00,0x00,0x00,0x00,0x00,0x00,
 0x00,0x00,0x00,0x00,0x00,0x00,0x00,0x00,0x00,0x00,0x00,0x00,0x00,0x00,0x00,0x00,0x00,0x00,0x22,0x02,
 0x00,0x00,0x00,0x00,0x00,0x00,0x00,0x00,0x00,0x00,0x00,0x00,0x00,0x00,0x00,0x00,0x00,0x00,0x00,0x00,
 0x00,0x00,0x00,0x00,0x00,0x00,0x00,0x00,0x00,0x00,0x00,0x00,0x00,0x00,0x00,0x00,0x00,0x00,0x00,0x00,
 0x00,0x00,0x00,0x00,0x00,0x00,0x00,0x00,0x00,0x00,0x00,0x00,0x00,0x00,0x00,0x00,0x00,0x00,0x00,0x00,
 0x00,0x00,0x00,0x00,0x00,0x00,0x00,0x00,0x00,0x00,0x00,0x00,0x00,0x00,0x00,0x00,0x00,0x00,0x00,0x00,
 0x00,0x00,0x00,0x00,0x00,0x00,0x00,0x00,0x00,0x00,0x00,0x00,0x00,0x00,0x00,0x00,0x00,0x00,0x00,0x00,
 0x00,0x00,0x00,0x00,0x00,0x00,0x00,0x00,0x00,0x00,0x00,0x00,0x00,0x00,0x00,0x00,0x00,0x00,0x00,0x00,
 0x00,0x00,0x00,0x00,0x00,0x00,0x00,0x00,0x00,0x00,0x00,0x00,0x00,0x00,0x00,0x00,0x00,0x00,0x00,0x00,
 0x00,0x00,0x00,0x00,0x00,0x00,0x00,0x00,0x00,0x00,0x00,0x00,0x00,0x00,0x00,0x00,0x00,0x00,0x00,0x00,
 0x00,0x00,0x00,0x00,0x00,0x00,0x00,0x00,0x00,0x00,0x00,0x00,0x00,0x00,0x00,0x00,0x00,0x00,0x00,0x00,
 0x00,0x00,0x00,0x00,0x00,0x00,0x00,0x00,0x00,0x00,0x00,0x00,0x00,0x00,0x00,0x00,0x00,0x00,0x00,0x00,
 0x00,0x00,0x00,0x00,0x00,0x00,0x00,0x00,0x00,0x00,0x00,0x00,0x00,0x00,0x00,0x00,0x00,0x00,0x00,0x00,
 0x00,0x00,0x00,0x00,0x00,0x00,0x00,0x00,0x00,0x00,0x00,0x00,0x00,0x00,0x00,0x00,0x00,0x00,0x00,0x00,
 0x00,0x00,0x00,0x00,0x00,0x00,0x00,0x00,0x00,0x00,0x00,0x00,0x00,0x00,0x00,0x00,0x00,0x00,0x00,0x00,
 0x00,0x00,0x00,0x00,0x00,0x00,0x00,0x00,0x00,0x00,0x00,0x00,0x00,0x00,0x00,0x00,0x00,0x00,0x00,0x00,
 0x00,0x00,0x00,0x00,0x00,0x00,0x00,0x00,0x00,0x00,0x00,0x00,0x00,0x00,0x00,0x00,0x00,0x00,0x00,0x00,
 0x00,0x00,0x00,0x00,0x00,0x00,0x00,0x00,0x00,0x00,0x00,0x00,0x00,0x00,0x00,0x00,0x00,0x00,0x00,0x00,
 0x00,0x00,0x00,0x00,0x00,0x00,0x00,0x00,0x00,0x00,0x00,0x00,0x00,0x00,0x00,0x00,0x00,0x00,0x00,0x00,
 0x00,0x00,0x00,0x00,0x00,0x00,0x00,0x00,0x00,0x00,0x00,0x00,0x00,0x00,0x00,0x00,0x00,0x00,0x00,0x00,
 0x00,0x00,0x00,0x00,0x00,0x00,0x00,0x00,0x00,0x00,0x00,0x00,0x00,0x00,0x00,0x00,0x00,0x00,0x00,0x00,
 0x00,0x00,0x00,0x00,0x00,0x00,0x00,0x00,0x00,0x00,0x00,0x00,0x00,0x00,0x00,0x00,0x00,0x00,0x00,0x00,
 0x00,0x00,0x00,0x00,0x00,0x00,0x00,0x00,0x00,0x00,0x00,0x00,0x00,0x00,0x00,0x00,0x00,0x00,0x00,0x00,
 0x00,0x00,0x00,0x00,0x00,0x00,0x00,0x00,0x00,0x00,0x00,0x00,0x00,0x00,0x00,0x00,0x00,0x00,0x00,0x00,
 0x00,0x00,0x00,0x00,0x00,0x00,0x00,0x00,0x00,0x00,0x00,0x00,0x00,0x00,0x00,0x00,0x00,0x00,0x00,0x00,
 0x00,0x00,0x00,0x00,0x00,0x00,0x00,0x00,0x00,0x00,0x00,0x00,0x00,0x00,0x00,0x00,0x00,0x00,0x00,0x00,
 0x00,0x00,0x00,0x00,0x00,0x00,0x00,0x00,0x00,0x00,0x00,0x00,0x00,0x00,0x00,0x00,0x00,0x00,0x00,0x00,
 0x00,0x00,0x00,0x00,0x00,0x00,0x00,0x00,0x00,0x00,0x00,0x00,0x00,0x00,0x00,0x00,0x00,0x00,0x00,0x00,
 0x00,0x00,0x00,0x00,0x00,0x00,0x00,0x00,0x00,0x00,0x00,0x00,0x00,0x00,0x00,0x00,0x00,0x00,0x00,0x00,
 0x00,0x00,0x00,0x00,0x00,0x00,0x00,0x00,0x00,0x00,0x00,0x00,0x00,0x00,0x00,0x00,0x00,0x00,0x00,0x00,
 0x00,0x00,0x00,0x00,0x00,0x00,0x00,0x00,0x00,0x00,0x00,0x00,0x00,0x00,0x00,0x00,0x00,0x00,0x00,0x00,
 0x00,0x00,0x00,0x00,0x00,0x00,0x00,0x00,0x00,0x00,0x00,0x00,0x00,0x00,0x00,0x00,0x00,0x00,0x00,0x00,
 0x00,0x00,0x00,0x00,0x00,0x00,0x00,0x00,0x00,0x00,0x00,0x00,0x00,0x00,0x00,0x00,0x00,0x00,0x00,0x00,
 0x00,0x00,0x00,0x00,0x00,0x00,0x00,0x00,0x00,0x00,0x00,0x00,0x00,0x00,0x00,0x00,0x00,0x00,0x00,0x00,
 0x00,0x00,0x00,0x00,0x00,0x00,0x00,0x00,0x00,0x00,0x00,0x00,0x40,0x04,0x40,0x44,0x40,0x44,0x40,0x04,
 0x00,0x00,0x00,0x00,0x40,0x04,0x40,0x04,0x44,0x44,0x44,0x44,0x40,0x04,0x40,0x04,0x40,0x04,0x40,0x44,
 0x40,0x44,0x40,0x44,0x00,0x00,0x00,0x00,0x40,0x44,0x40,0x44,0x40,0x04,0x00,0x00,0x00,0x00,0x00,0x00,
 0x40,0x44,0x40,0x04,0x40,0x44,0x00,0x00,0x00,0x00,0x00,0x00,0x40,0x44,0x40,0x44,0x40,0x04,0x00,0x00,
 0x00,0x00,0x00,0x00,0x40,0x40,0x40,0x44,0x40,0x00,0x00,0x00,0x00,0x00,0x00,0x00,0x40,0x00,0x40,0x44,
 0x40,0x04,0x00,0x00,0x00,0x00,0x00,0x00,0x40,0x40,0x40,0x44,0x40,0x04,0x00,0x00,0x00,0x00,0x00,0x00,
 0x00,0x00,0x00,0x00,0x00,0x00,0x00,0x00,0x00,0x00,0x00,0x00,0x00,0x00,0x00,0x00,0x00,0x00,0x00,0x40,
 0x40,0x40,0x00,0x40,0x40,0x40,0x40,0x00,0x00,0x00,0x00,0x40,0x40,0x40,0x00,0x04,0x40,0x40,0x40,0x40,
 0x40,0x40,0x00,0x40,0x40,0x40,0x40,0x00,0x04,0x40,0x40,0x00,0x00,0x00,0x00,0x40,0x00,0x40,0x00,0x40,
 0x40,0x00,0x00,0x00,0x00,0x00,0x00,0x40,0x40,0x40,0x40,0x40,0x00,0x00,0x00,0x00,0x00,0x00,0x00,0x40,
 0x00,0x40,0x40,0x40,0x40,0x00,0x00,0x00,0x00,0x00,0x00,0x40,0x40,0x40,0x40,0x40,0x00,0x00,0x00,0x00,
 0x00,0x00,0x00,0x40,0x00,0x40,0x00,0x40,0x40,0x00,0x00,0x00,0x00,0x00,0x00,0x40,0x40,0x40,0x00,0x40,
 0x40,0x00,0x00,0x00,0x00,0x00,0x00,0x00,0x00,0x00,0x00,0x00,0x00,0x00,0x00,0x00,0x00,0x00,0x00,0x00,
 0x00,0x00,0x00,0x00,0x00,0x00,0x40,0x04,0x40,0x04,0x40,0x44,0x40,0x40,0x00,0x00,0x00,0x00,0x40,0x04,
 0x40,0x04,0x44,0x40,0x40,0x40,0x40,0x04,0x40,0x04,0x40,0x40,0x40,0x44,0x00,0x04,0x40,0x44,0x00,0x00,
 0x00,0x00,0x40,0x44,0x40,0x40,0x40,0x40,0x00,0x00,0x00,0x00,0x00,0x00,0x40,0x44,0x40,0x04,0x40,0x44,
 0x00,0x00,0x00,0x00,0x00,0x00,0x40,0x44,0x40,0x40,0x40,0x04,0x00,0x00,0x00,0x00,0x00,0x00,0x40,0x40,
 0x40,0x44,0x40,0x00,0x00,0x00,0x00,0x00,0x00,0x00,0x40,0x00,0x40,0x04,0x40,0x40,0x00,0x00,0x00,0x00,
 0x00,0x00,0x40,0x40,0x40,0x44,0x40,0x04,0x00,0x00,0x00,0x00,0x00,0x00,0x00,0x00,0x00,0x00,0x00,0x00,
 0x00,0x00,0x00,0x00,0x00,0x00,0x00,0x00,0x00,0x00,0x00,0x00,0x00,0x40,0x40,0x40,0x00,0x40,0x40,0x40,
 0x40,0x00,0x00,0x00,0x00,0x40,0x40,0x40,0x00,0x40,0x40,0x40,0x40,0x40,0x40,0x40,0x00,0x40,0x40,0x40,
 0x40,0x00,0x04,0x40,0x40,0x00,0x00,0x00,0x00,0x00,0x40,0x40,0x40,0x40,0x40,0x00,0x00,0x00,0x00,0x00,
 0x00,0x40,0x40,0x40,0x40,0x00,0x40,0x00,0x00,0x00,0x00,0x00,0x00,0x00,0x40,0x40,0x44,0x40,0x40,0x00,
 0x00,0x00,0x00,0x00,0x00,0x40,0x40,0x40,0x40,0x40,0x00,0x00,0x00,0x00,0x00,0x00,0x00,0x40,0x00,0x40,
 0x00,0x40,0x40,0x00,0x00,0x00,0x00,0x00,0x00,0x40,0x40,0x00,0x40,0x40,0x40,0x00,0x00,0x00,0x00,0x00,
 0x00,0x00,0x00,0x00,0x00,0x00,0x00,0x00,0x00,0x00,0x00,0x00,0x00,0x00,0x20,0x00,0x00,0x00,0x00,0x00,
 0x40,0x40,0x40,0x44,0x40,0x40,0x40,0x04,0x00,0x00,0x00,0x00,0x40,0x40,0x40,0x04,0x44,0x40,0x40,0x44,
 0x40,0x40,0x40,0x04,0x40,0x04,0x40,0x40,0x00,0x04,0x40,0x40,0x00,0x00,0x00,0x00,0x40,0x44,0x40,0x44,
 0x40,0x40,0x00,0x00,0x00,0x00,0x00,0x00,0x40,0x40,0x40,0x04,0x40,0x44,0x00,0x00,0x00,0x00,0x00,0x00,
 0x40,0x44,0x00,0x44,0x40,0x40,0x00,0x00,0x00,0x00,0x00,0x00,0x00,0x04,0x40,0x40,0x40,0x44,0x00,0x00,
 0x00,0x00,0x00,0x00,0x40,0x44,0x40,0x44,0x40,0x40,0x00,0x00,0x00,0x00,0x00,0x00,0x40,0x44,0x40,0x44,
 0x40,0x40,0x00,0x00,0x00,0x00,0x00,0x00,0x00,0x00,0x00,0x00,0x00,0x00,0x00,0x00,0x00,0x00,0x00,0x00,
 0x00,0x20,0x00,0x00,0x00,0x00,0x00,0x00,0x00,0x00,0x00,0x00,0x00,0x00,0x00,0x00,0x00,0x00,0x00,0x00,
 0x00,0x00,0x00,0x00,0x00,0x00,0x00,0x00,0x00,0x00,0x00,0x00,0x00,0x00,0x00,0x00,0x00,0x00,0x00,0x00,
 0x00,0x00,0x00,0x00,0x00,0x00,0x00,0x00,0x00,0x00,0x00,0x00,0x00,0x00,0x00,0x00,0x00,0x00,0x00,0x00,
 0x00,0x00,0x00,0x00,0x00,0x00,0x00,0x00,0x00,0x00,0x00,0x00,0x00,0x00,0x00,0x00,0x00,0x00,0x00,0x00,
 0x00,0x00,0x00,0x00,0x00,0x00,0x00,0x00,0x00,0x00,0x00,0x00,0x00,0x00,0x00,0x00,0x00,0x00,0x00,0x00,
 0x00,0x00,0x00,0x00,0x00,0x00,0x00,0x00,0x00,0x00,0x00,0x00,0x00,0x00,0x00,0x00,0x00,0x00,0x00,0x00,
 0x00,0x00,0x00,0x00,0x00,0x00,0x00,0x00,0x22,0x00,0x00,0x00,0x00,0x00,0x00,0x00,0x00,0x00,0x00,0x00,
 0x00,0x00,0x00,0x00,0x00,0x00,0x00,0x00,0x00,0x00,0x00,0x00,0x00,0x00,0x00,0x00,0x00,0x00,0x00,0x00,
 0x00,0x00,0x00,0x00,0x00,0x00,0x00,0x00,0x00,0x00,0x00,0x00,0x00,0x00,0x00,0x00,0x00,0x00,0x00,0x00,
 0x00,0x00,0x00,0x00,0x00,0x00,0x00,0x00,0x00,0x00,0x00,0x00,0x00,0x00,0x00,0x00,0x00,0x00,0x00,0x00,
 0x00,0x00,0x00,0x00,0x00,0x00,0x00,0x00,0x00,0x00,0x00,0x00,0x00,0x00,0x00,0x00,0x00,0x00,0x00,0x00,
 0x00,0x00,0x00,0x00,0x00,0x00,0x00,0x00,0x00,0x00,0x00,0x00,0x00,0x00,0x00,0x00,0x00,0x00,0x00,0x00,
 0x00,0x00,0x00,0x00,0x00,0x00,0x00,0x00,0x00,0x00,0x00,0x00,0x00,0x00,0x00,0x22,0x00,0x00,0x00,0x00,
 0x00,0x70,0x77,0x77,0x77,0x77,0x77,0x77,0x77,0x77,0x77,0x77,0x00,0x70,0x77,0x77,0x77,0x77,0x77,0x77,
 0x77,0x77,0x77,0x77,0x00,0x70,0x77,0x77,0x77,0x77,0x77,0x77,0x77,0x77,0x77,0x77,0x00,0x70,0x77,0x77,
 0x77,0x77,0x77,0x77,0x77,0x77,0x77,0x77,0x00,0x70,0x77,0x77,0x77,0x77,0x77,0x77,0x77,0x77,0x77,0x77,
 0x00,0x70,0x77,0x77,0x77,0x77,0x77,0x77,0x77,0x77,0x77,0x77,0x00,0x70,0x77,0x77,0x77,0x77,0x77,0x77,
 0x77,0x77,0x77,0x77,0x00,0x70,0x77,0x77,0x77,0x77,0x77,0x77,0x77,0x77,0x77,0x77,0x00,0x70,0x77,0x77,
 0x77,0x77,0x77,0x77,0x77,0x77,0x77,0x77,0x00,0x70,0x77,0x77,0x77,0x77,0x77,0x77,0x77,0x77,0x77,0x77,
 0x00,0x20,0x22,0x00,0x00,0x00,0x00,0x00,0x77,0x77,0x77,0x77,0x77,0x77,0x77,0x77,0x77,0x77,0x77,0x07,
 0x77,0x77,0x77,0x77,0x77,0x77,0x77,0x77,0x77,0x77,0x77,0x07,0x77,0x77,0x77,0x77,0x77,0x77,0x77,0x77,
 0x77,0x77,0x77,0x07,0x77,0x77,0x77,0x77,0x77,0x77,0x77,0x77,0x77,0x77,0x77,0x07,0x77,0x77,0x77,0x77,
 0x77,0x77,0x77,0x77,0x77,0x77,0x77,0x07,0x77,0x77,0x77,0x77,0x77,0x77,0x77,0x77,0x77,0x77,0x77,0x07,
 0x77,0x77,0x77,0x77,0x77,0x77,0x77,0x77,0x77,0x77,0x77,0x07,0x77,0x77,0x77,0x77,0x77,0x77,0x77,0x77,
 0x77,0x77,0x77,0x07,0x77,0x77,0x77,0x77,0x77,0x77,0x77,0x77,0x77,0x77,0x77,0x07,0x77,0x77,0x77,0x77,
 0x77,0x77,0x77,0x77,0x77,0x77,0x77,0x07,0x20,0x22,0x00,0x00,0x00,0x00,0x00,0x77,0x11,0x71,0x27,0x22,
 0x27,0x22,0x27,0x22,0x27,0x22,0x07,0x77,0x11,0x71,0x77,0x77,0x27,0x72,0x27,0x22,0x27,0x22,0x07,0x17,
 0x11,0x77,0x27,0x22,0x27,0x22,0x27,0x22,0x27,0x22,0x07,0x17,0x11,0x11,0x77,0x77,0x77,0x77,0x27,0x22,
 0x27,0x22,0x07,0x77,0x11,0x71,0x27,0x22,0x27,0x27,0x27,0x22,0x27,0x72,0x07,0x17,0x77,0x17,0x77,0x77,
 0x77,0x77,0x27,0x77,0x77,0x77,0x07,0x77,0x77,0x17,0x77,0x77,0x77,0x77,0x77,0x77,0x77,0x77,0x07,0x17,
 0x77,0x71,0x77,0x77,0x77,0x77,0x27,0x77,0x77,0x77,0x07,0x17,0x77,0x77,0x77,0x77,0x77,0x77,0x77,0x77,
 0x77,0x77,0x07,0x77,0x77,0x77,0x77,0x77,0x77,0x77,0x77,0x77,0x77,0x77,0x07,0x22,0x22,0x00,0x00,0x00,
 0x00,0x00,0x17,0x77,0x17,0x27,0x77,0x77,0x72,0x27,0x27,0x27,0x27,0x07,0x17,0x77,0x77,0x77,0x77,0x27,
 0x27,0x27,0x27,0x77,0x72,0x07,0x17,0x77,0x71,0x27,0x77,0x77,0x72,0x27,0x77,0x27,0x27,0x07,0x17,0x77,
 0x77,0x77,0x77,0x77,0x77,0x77,0x72,0x27,0x27,0x07,0x17,0x77,0x17,0x77,0x72,0x27,0x27,0x27,0x77,0x27,
 0x27,0x07,0x17,0x77,0x17,0x77,0x77,0x77,0x77,0x22,0x72,0x77,0x77,0x07,0x77,0x77,0x17,0x77,0x77,0x77,
 0x77,0x77,0x77,0x77,0x77,0x07,0x17,0x17,0x77,0x77,0x77,0x77,0x77,0x27,0x77,0x77,0x77,0x07,0x17,0x77,
 0x77,0x77,0x77,0x77,0x77,0x22,0x72,0x77,0x77,0x07,0x77,0x77,0x77,0x77,0x77,0x77,0x77,0x77,0x77,0x77,
 0x77,0x07,0x22,0x22,0x00,0x00,0x00,0x00,0x00,0x17,0x77,0x17,0x27,0x22,0x77,0x72,0x27,0x27,0x27,0x22,
 0x07,0x77,0x11,0x71,0x77,0x77,0x27,0x27,0x27,0x27,0x77,0x72,0x07,0x17,0x77,0x17,0x27,0x22,0x77,0x72,
 0x27,0x72,0x27,0x22,0x07,0x17,0x11,0x71,0x77,0x77,0x77,0x77,0x77,0x72,0x27,0x27,0x07,0x17,0x77,0x77,
 0x77,0x72,0x27,0x22,0x27,0x72,0x27,0x27,0x07,0x17,0x11,0x11,0x77,0x77,0x77,0x77,0x27,0x77,0x77,0x77,
 0x07,0x77,0x77,0x17,0x77,0x77,0x77,0x77,0x22,0x72,0x77,0x77,0x07,0x17,0x71,0x77,0x77,0x77,0x77,0x27,
 0x22,0x22,0x77,0x77,0x07,0x17,0x77,0x77,0x77,0x77,0x77,0x77,0x77,0x77,0x77,0x77,0x07,0x77,0x77,0x77,
 0x77,0x77,0x77,0x77,0x77,0x77,0x77,0x77,0x07,0x22,0x62,0x00,0x00,0x00,0x00,0x00,0x17,0x11,0x11,0x77,
 0x27,0x77,0x72,0x27,0x27,0x27,0x77,0x07,0x77,0x77,0x17,0x77,0x77,0x27,0x27,0x27,0x27,0x77,0x72,0x07,
 0x17,0x77,0x17,0x77,0x27,0x77,0x72,0x27,0x77,0x27,0x77,0x07,0x17,0x77,0x77,0x77,0x77,0x77,0x77,0x77,
 0x72,0x27,0x27,0x07,0x17,0x17,0x11,0x77,0x72,0x27,0x27,0x27,0x77,0x27,0x27,0x07,0x17,0x77,0x17,0x77,
 0x77,0x77,0x77,0x27,0x77,0x77,0x77,0x07,0x17,0x77,0x17,0x77,0x77,0x77,0x77,0x77,0x77,0x77,0x77,0x07,
 0x17,0x17,0x77,0x77,0x77,0x77,0x77,0x27,0x77,0x77,0x77,0x07,0x17,0x77,0x77,0x77,0x77,0x77,0x77,0x22,
 0x72,0x77,0x77,0x07,0x77,0x11,0x71,0x11,0x77,0x11,0x71,0x11,0x71,0x11,0x77,0x07,0x22,0x62,0x00,0x00,
 0x00,0x00,0x00,0x17,0x77,0x17,0x27,0x22,0x77,0x72,0x27,0x22,0x27,0x77,0x07,0x17,0x77,0x17,0x77,0x77,
 0x27,0x27,0x27,0x22,0x77,0x72,0x07,0x17,0x77,0x71,0x27,0x22,0x77,0x72,0x27,0x22,0x27,0x77,0x07,0x17,
 0x77,0x77,0x77,0x77,0x77,0x77,0x77,0x72,0x27,0x22,0x07,0x17,0x77,0x17,0x77,0x72,0x27,0x27,0x27,0x22,
 0x27,0x27,0x07,0x17,0x77,0x17,0x77,0x77,0x77,0x77,0x27,0x77,0x77,0x77,0x07,0x17,0x77,0x17,0x77,0x77,
 0x77,0x77,0x77,0x77,0x77,0x77,0x07,0x17,0x77,0x71,0x77,0x77,0x77,0x77,0x27,0x77,0x77,0x77,0x07,0x17,
 0x77,0x77,0x77,0x77,0x77,0x77,0x77,0x77,0x77,0x77,0x07,0x77,0x71,0x77,0x71,0x71,0x17,0x77,0x71,0x77,
 0x71,0x71,0x07,0x22,0x66,0x00,0x00,0x00,0x00,0x00,0x17,0x77,0x17,0x77,0x77,0x77,0x77,0x77,0x77,0x77,
 0x77,0x07,0x77,0x11,0x71,0x77,0x77,0x77,0x77,0x77,0x77,0x77,0x77,0x07,0x17,0x11,0x77,0x77,0x77,0x77,
 0x77,0x77,0x77,0x77,0x77,0x07,0x17,0x77,0x77,0x77,0x77,0x77,0x77,0x77,0x77,0x77,0x77,0x07,0x77,0x11,
 0x71,0x77,0x77,0x77,0x77,0x77,0x77,0x77,0x77,0x07,0x17,0x77,0x17,0x77,0x77,0x77,0x77,0x77,0x77,0x77,
 0x77,0x07,0x77,0x11,0x71,0x77,0x77,0x77,0x77,0x77,0x77,0x77,0x77,0x07,0x17,0x77,0x17,0x77,0x77,0x77,
 0x77,0x77,0x77,0x77,0x77,0x07,0x17,0x11,0x11,0x77,0x77,0x77,0x77,0x77,0x77,0x77,0x77,0x07,0x77,0x11,
 0x77,0x71,0x71,0x17,0x77,0x11,0x77,0x11,0x77,0x07,0x22,0x66,0x00,0x00,0x00,0x00,0x00,0x77,0x77,0x77,
 0x77,0x77,0x77,0x77,0x77,0x77,0x77,0x77,0x07,0x77,0x77,0x77,0x77,0x77,0x77,0x77,0x77,0x77,0x77,0x77,
 0x07,0x77,0x77,0x77,0x77,0x77,0x77,0x77,0x77,0x77,0x77,0x77,0x07,0x77,0x77,0x77,0x77,0x77,0x77,0x77,
 0x77,0x77,0x77,0x77,0x07,0x77,0x77,0x77,0x77,0x77,0x77,0x77,0x77,0x77,0x77,0x77,0x07,0x77,0x77,0x77,
 0x77,0x77,0x77,0x77,0x77,0x77,0x77,0x77,0x07,0x77,0x77,0x77,0x77,0x77,0x77,0x77,0x77,0x77,0x77,0x77,
 0x07,0x77,0x77,0x77,0x77,0x77,0x77,0x77,0x77,0x77,0x77,0x77,0x07,0x77,0x77,0x77,0x77,0x77,0x77,0x77,
 0x77,0x77,0x77,0x77,0x07,0x77,0x71,0x77,0x71,0x71,0x17,0x77,0x71,0x77,0x71,0x71,0x07,0x62,0x66,0x00,
 0x00,0x00,0x00,0x00,0x77,0x77,0x77,0x77,0x77,0x17,0x71,0x17,0x11,0x17,0x17,0x07,0x77,0x77,0x77,0x17,
 0x11,0x17,0x11,0x17,0x17,0x17,0x11,0x07,0x77,0x77,0x77,0x77,0x77,0x17,0x71,0x17,0x11,0x17,0x17,0x07,
 0x77,0x77,0x77,0x77,0x77,0x17,0x11,0x17,0x11,0x17,0x71,0x07,0x77,0x77,0x77,0x17,0x11,0x17,0x11,0x17,
 0x11,0x17,0x11,0x07,0x77,0x17,0x11,0x17,0x11,0x17,0x11,0x17,0x17,0x17,0x71,0x07,0x77,0x77,0x77,0x17,
 0x77,0x17,0x11,0x17,0x11,0x17,0x71,0x07,0x77,0x77,0x77,0x17,0x77,0x17,0x11,0x17,0x11,0x17,0x11,0x07,
 0x77,0x77,0x77,0x77,0x77,0x17,0x77,0x17,0x11,0x17,0x11,0x07,0x77,0x11,0x71,0x71,0x71,0x17,0x77,0x11,
 0x71,0x71,0x71,0x07,0x62,0x66,0x00,0x00,0x00,0x00,0x00,0x77,0x77,0x77,0x77,0x77,0x17,0x17,0x17,0x77,
 0x17,0x17,0x07,0x77,0x77,0x77,0x17,0x77,0x17,0x17,0x17,0x17,0x17,0x77,0x07,0x77,0x77,0x77,0x77,0x77,
 0x17,0x17,0x77,0x71,0x17,0x11,0x07,0x77,0x77,0x77,0x77,0x77,0x17,0x77,0x17,0x17,0x17,0x17,0x07,0x77,
 0x77,0x77,0x17,0x77,0x17,0x17,0x77,0x71,0x17,0x17,0x07,0x77,0x17,0x77,0x17,0x17,0x17,0x77,0x17,0x17,
 0x17,0x17,0x07,0x77,0x77,0x77,0x17,0x77,0x17,0x17,0x17,0x17,0x17,0x17,0x07,0x77,0x77,0x77,0x17,0x77,
 0x77,0x71,0x17,0x77,0x77,0x71,0x07,0x77,0x77,0x77,0x77,0x77,0x17,0x77,0x17,0x77,0x77,0x71,0x07,0x77,
 0x77,0x77,0x77,0x77,0x77,0x77,0x77,0x77,0x77,0x77,0x07,0x66,0x66,0x00,0x00,0x00,0x00,0x00,0x77,0x77,
 0x77,0x77,0x77,0x17,0x17,0x17,0x71,0x17,0x17,0x07,0x77,0x77,0x77,0x17,0x11,0x17,0x11,0x17,0x17,0x17,
 0x71,0x07,0x77,0x77,0x77,0x77,0x77,0x17,0x17,0x77,0x71,0x17,0x17,0x07,0x77,0x77,0x77,0x77,0x77,0x17,
 0x71,0x17,0x17,0x17,0x71,0x07,0x77,0x77,0x77,0x17,0x17,0x17,0x17,0x77,0x71,0x17,0x17,0x07,0x77,0x17,
 0x17,0x17,0x17,0x17,0x11,0x17,0x17,0x17,0x71,0x07,0x77,0x77,0x77,0x17,0x77,0x17,0x17,0x17,0x11,0x17,
 0x17,0x07,0x77,0x77,0x77,0x17,0x77,0x77,0x71,0x17,0x11,0x77,0x71,0x07,0x77,0x77,0x77,0x77,0x77,0x17,
 0x77,0x17,0x71,0x77,0x71,0x07,0x77,0x77,0x77,0x77,0x77,0x77,0x77,0x77,0x77,0x77,0x77,0x07,0x66,0x66,
 0x00,0x00,0x00,0x00,0x00,0x77,0x77,0x77,0x77,0x77,0x17,0x17,0x17,0x77,0x17,0x11,0x07,0x77,0x77,0x77,
 0x77,0x17,0x17,0x17,0x17,0x17,0x17,0x77,0x07,0x77,0x77,0x77,0x77,0x77,0x17,0x17,0x77,0x71,0x17,0x17,
 0x07,0x77,0x77,0x77,0x77,0x77,0x17,0x77,0x17,0x17,0x17,0x17,0x07,0x77,0x77,0x77,0x17,0x17,0x17,0x17,
 0x77,0x71,0x17,0x17,0x07,0x77,0x17,0x17,0x17,0x17,0x77,0x17,0x17,0x17,0x17,0x17,0x07,0x77,0x77,0x77,
 0x17,0x77,0x17,0x17,0x17,0x17,0x17,0x17,0x07,0x77,0x77,0x77,0x17,0x77,0x77,0x71,0x77,0x17,0x77,0x71,
 0x07,0x77,0x77,0x77,0x77,0x77,0x17,0x77,0x17,0x77,0x77,0x71,0x07,0x77,0x77,0x77,0x77,0x77,0x77,0x77,
 0x77,0x77,0x77,0x77,0x07,0x66,0x46,0x00,0x00,0x00,0x00,0x00,0x77,0x77,0x77,0x77,0x77,0x17,0x17,0x17,
 0x11,0x17,0x17,0x07,0x77,0x77,0x77,0x17,0x11,0x17,0x17,0x77,0x71,0x17,0x11,0x07,0x77,0x77,0x77,0x77,
 0x77,0x17,0x71,0x17,0x11,0x17,0x17,0x07,0x77,0x77,0x77,0x77,0x77,0x17,0x77,0x17,0x11,0x17,0x17,0x07,
 0x77,0x77,0x77,0x17,0x11,0x17,0x11,0x77,0x71,0x17,0x11,0x07,0x77,0x17,0x11,0x17,0x11,0x17,0x11,0x17,
 0x11,0x17,0x71,0x07,0x77,0x77,0x77,0x17,0x11,0x17,0x11,0x17,0x17,0x17,0x71,0x07,0x77,0x77,0x77,0x17,
 0x11,0x17,0x11,0x17,0x11,0x77,0x71,0x07,0x77,0x77,0x77,0x77,0x77,0x17,0x11,0x17,0x11,0x77,0x71,0x07,
 0x77,0x77,0x77,0x77,0x77,0x77,0x77,0x77,0x77,0x77,0x77,0x07,0x66,0x46,0x00,0x00,0x00,0x00,0x00,0x77,
 0x77,0x77,0x77,0x77,0x77,0x77,0x77,0x77,0x77,0x77,0x07,0x77,0x77,0x77,0x77,0x77,0x77,0x77,0x77,0x77,
 0x77,0x77,0x07,0x77,0x77,0x77,0x77,0x77,0x77,0x77,0x77,0x77,0x77,0x77,0x07,0x77,0x77,0x77,0x77,0x77,
 0x77,0x77,0x77,0x77,0x77,0x77,0x07,0x77,0x77,0x77,0x77,0x77,0x77,0x77,0x77,0x77,0x77,0x77,0x07,0x77,
 0x77,0x77,0x77,0x77,0x77,0x77,0x77,0x77,0x77,0x77,0x07,0x77,0x77,0x77,0x77,0x77,0x77,0x77,0x77,0x77,
 0x77,0x77,0x07,0x77,0x77,0x77,0x77,0x77,0x77,0x77,0x77,0x77,0x77,0x77,0x07,0x77,0x77,0x77,0x77,0x77,
 0x77,0x77,0x77,0x77,0x77,0x77,0x07,0x77,0x77,0x77,0x77,0x77,0x77,0x77,0x77,0x77,0x77,0x77,0x07,0x66,
 0x44,0x00,0x00,0x00,0x00,0x00,0x70,0x77,0x77,0x77,0x77,0x77,0x77,0x77,0x77,0x77,0x77,0x00,0x70,0x77,
 0x77,0x77,0x77,0x77,0x77,0x77,0x77,0x77,0x77,0x00,0x70,0x77,0x77,0x77,0x77,0x77,0x77,0x77,0x77,0x77,
 0x77,0x00,0x70,0x77,0x77,0x77,0x77,0x77,0x77,0x77,0x77,0x77,0x77,0x00,0x70,0x77,0x77,0x77,0x77,0x77,
 0x77,0x77,0x77,0x77,0x77,0x00,0x70,0x77,0x77,0x77,0x77,0x77,0x77,0x77,0x77,0x77,0x77,0x00,0x70,0x77,
 0x77,0x77,0x77,0x77,0x77,0x77,0x77,0x77,0x77,0x00,0x70,0x77,0x77,0x77,0x77,0x77,0x77,0x77,0x77,0x77,
 0x77,0x00,0x70,0x77,0x77,0x77,0x77,0x77,0x77,0x77,0x77,0x77,0x77,0x00,0x70,0x77,0x77,0x77,0x77,0x77,
 0x77,0x77,0x77,0x77,0x77,0x00,0x66,0x44,0x00,0x00,0x00,0x00,0x00,0x00,0x00,0x00,0x00,0x00,0x00,0x00,
 0x00,0x00,0x00,0x00,0x00,0x00,0x00,0x00,0x00,0x00,0x00,0x00,0x00,0x00,0x00,0x00,0x00,0x00,0x00,0x00,
 0x00,0x00,0x00,0x00,0x00,0x00,0x00,0x00,0x00,0x00,0x00,0x00,0x00,0x00,0x00,0x00,0x00,0x00,0x00,0x00,
 0x00,0x00,0x00,0x00,0x00,0x00,0x00,0x00,0x00,0x00,0x00,0x00,0x00,0x00,0x00,0x00,0x00,0x00,0x00,0x00,
 0x00,0x00,0x00,0x00,0x00,0x00,0x00,0x00,0x00,0x00,0x00,0x00,0x00,0x00,0x00,0x00,0x00,0x00,0x00,0x00,
 0x00,0x00,0x00,0x00,0x00,0x00,0x00,0x00,0x00,0x00,0x00,0x00,0x00,0x00,0x00,0x00,0x00,0x00,0x00,0x00,
 0x00,0x00,0x00,0x00,0x00,0x00,0x00,0x00,0x00,0x00,0x00,0x00,0x60,0x46,0x44,0x00,0x00,0x00,0x00,0x00,
 0x00,0x00,0x00,0x00,0x00,0x00,0x00,0x00,0x00,0x00,0x00,0x00,0x00,0x00,0x00,0x00,0x00,0x00,0x00,0x00,
 0x00,0x00,0x00,0x00,0x00,0x00,0x00,0x00,0x00,0x00,0x00,0x00,0x00,0x00,0x00,0x00,0x00,0x00,0x00,0x00,
 0x00,0x00,0x00,0x00,0x00,0x00,0x00,0x00,0x00,0x00,0x00,0x00,0x00,0x00,0x00,0x00,0x00,0x00,0x00,0x00,
 0x00,0x00,0x00,0x00,0x00,0x00,0x00,0x00,0x00,0x00,0x00,0x00,0x00,0x00,0x00,0x00,0x00,0x00,0x00,0x02,
 0x00,0x00,0x00,0x00,0x00,0x00,0x00,0x00,0x00,0x00,0x00,0x00,0x00,0x00,0x00,0x02,0x00,0x00,0x00,0x00,
 0x00,0x00,0x00,0x00,0x00,0x00,0x00,0x00,0x00,0x00,0x00,0x00,0x00,0x00,0x00,0x00,0x20,0x22,0x62,0x66,
 0x46,0x44,0x00,0x00,0x00,0x00,0x00,0x00,0x02,0x02,0x00,0x00,0x00,0x00,0x00,0x00,0x00,0x00,0x00,0x00,
 0x02,0x00,0x00,0x00,0x00,0x00,0x00,0x00,0x00,0x00,0x00,0x20,0x00,0x00,0x00,0x00,0x00,0x00,0x00,0x00,
 0x00,0x00,0x00,0x00,0x22,0x00,0x00,0x00,0x00,0x00,0x00,0x00,0x00,0x00,0x00,0x20,0x02,0x00,0x00,0x00,
 0x00,0x00,0x00,0x00,0x00,0x00,0x00,0x20,0x22,0x20,0x20,0x02,0x20,0x22,0x20,0x00,0x20,0x22,0x00,0x20,
 0x20,0x20,0x22,0x20,0x00,0x20,0x22,0x00,0x00,0x00,0x00,0x22,0x02,0x22,0x20,0x02,0x20,0x02,0x22,0x20,
 0x02,0x20,0x22,0x00,0x22,0x02,0x22,0x02,0x22,0x02,0x22,0x00,0x00,0x00,0x00,0x00,0x00,0x00,0x00,0x00,
 0x00,0x00,0x00,0x22,0x22,0x66,0x66,0x44,0x44,0x00,0x00,0x00,0x00,0x00,0x20,0x20,0x00,0x00,0x00,0x00,
 0x00,0x00,0x00,0x00,0x00,0x00,0x00,0x02,0x00,0x00,0x00,0x00,0x00,0x00,0x00,0x00,0x00,0x00,0x20,0x00,
 0x00,0x00,0x00,0x00,0x00,0x00,0x00,0x00,0x00,0x00,0x00,0x02,0x00,0x00,0x00,0x00,0x00,0x00,0x00,0x00,
 0x00,0x00,0x00,0x02,0x00,0x00,0x00,0x00,0x00,0x00,0x00,0x00,0x00,0x00,0x20,0x00,0x20,0x20,0x20,0x20,
 0x00,0x20,0x00,0x20,0x00,0x00,0x20,0x20,0x20,0x20,0x20,0x00,0x20,0x02,0x00,0x00,0x00,0x00,0x02,0x00,
 0x02,0x20,0x20,0x20,0x00,0x02,0x20,0x20,0x20,0x02,0x00,0x02,0x02,0x20,0x00,0x20,0x00,0x02,0x02,0x00,
 0x00,0x00,0x00,0x00,0x00,0x00,0x00,0x00,0x00,0x00,0x22,0x22,0x66,0x66,0x44,0x44,0x00,0x00,0x00,0x00,
 0x00,0x00,0x00,0x00,0x00,0x00,0x00,0x00,0x00,0x00,0x00,0x00,0x00,0x00,0x02,0x00,0x00,0x00,0x00,0x00,
 0x00,0x00,0x00,0x00,0x00,0x00,0x02,0x00,0x00,0x00,0x00,0x00,0x00,0x00,0x00,0x00,0x00,0x20,0x02,0x00,
 0x00,0x00,0x00,0x00,0x00,0x00,0x00,0x00,0x00,0x00,0x22,0x00,0x00,0x00,0x00,0x00,0x00,0x00,0x00,0x00,
 0x00,0x20,0x00,0x20,0x20,0x02,0x20,0x00,0x20,0x00,0x20,0x02,0x00,0x20,0x20,0x20,0x22,0x20,0x00,0x20,
 0x22,0x00,0x00,0x00,0x00,0x22,0x02,0x02,0x20,0x02,0x20,0x02,0x22,0x20,0x20,0x20,0x22,0x00,0x22,0x02,
 0x20,0x00,0x20,0x00,0x22,0x00,0x00,0x00,0x00,0x00,0x00,0x00,0x00,0x00,0x00,0x00,0x20,0x22,0x62,0x66,
 0x46,0x44,0x54,0x00,0x00,0x00,0x00,0x00,0x00,0x00,0x00,0x00,0x00,0x00,0x00,0x00,0x00,0x00,0x00,0x00,
 0x00,0x02,0x00,0x00,0x00,0x00,0x00,0x00,0x00,0x00,0x00,0x00,0x00,0x20,0x00,0x00,0x00,0x00,0x00,0x00,
 0x00,0x00,0x00,0x00,0x00,0x02,0x00,0x00,0x00,0x00,0x00,0x00,0x00,0x00,0x00,0x00,0x00,0x02,0x00,0x00,
 0x00,0x00,0x00,0x00,0x00,0x00,0x00,0x00,0x20,0x00,0x20,0x20,0x20,0x20,0x00,0x20,0x00,0x20,0x00,0x00,
 0x20,0x20,0x20,0x20,0x20,0x00,0x00,0x22,0x00,0x00,0x00,0x00,0x00,0x02,0x02,0x20,0x20,0x20,0x00,0x02,
 0x20,0x20,0x00,0x22,0x00,0x02,0x02,0x20,0x00,0x20,0x00,0x02,0x02,0x00,0x00,0x00,0x00,0x00,0x00,0x00,
 0x00,0x00,0x00,0x20,0x22,0x62,0x66,0x46,0x44,0x54,0x00,0x00,0x00,0x00,0x00,0x00,0x00,0x00,0x00,0x00,
 0x00,0x00,0x00,0x00,0x00,0x00,0x00,0x00,0x02,0x00,0x00,0x00,0x00,0x00,0x00,0x00,0x00,0x00,0x00,0x00,
 0x20,0x00,0x00,0x00,0x00,0x00,0x00,0x00,0x00,0x00,0x00,0x00,0x22,0x00,0x00,0x00,0x00,0x00,0x00,0x00,
 0x00,0x00,0x00,0x20,0x02,0x00,0x00,0x00,0x00,0x00,0x00,0x00,0x00,0x00,0x00,0x20,0x22,0x20,0x20,0x20,
 0x20,0x22,0x20,0x22,0x20,0x22,0x00,0x00,0x02,0x20,0x20,0x20,0x22,0x20,0x22,0x00,0x00,0x00,0x00,0x22,
 0x02,0x22,0x20,0x20,0x20,0x02,0x22,0x20,0x20,0x20,0x22,0x00,0x02,0x02,0x20,0x00,0x20,0x00,0x02,0x02,
 0x00,0x00,0x00,0x00,0x00,0x00,0x00,0x00,0x00,0x00,0x22,0x22,0x66,0x66,0x44,0x44,0x55,0x00,0x00,0x00,
 0x00,0x00,0x00,0x00,0x00,0x00,0x00,0x00,0x00,0x00,0x00,0x00,0x00,0x00,0x00,0x00,0x00,0x00,0x00,0x00,
 0x00,0x00,0x00,0x00,0x00,0x00,0x00,0x00,0x00,0x00,0x00,0x00,0x00,0x00,0x00,0x00,0x00,0x00,0x00,0x00,
 0x00,0x00,0x00,0x00,0x00,0x00,0x00,0x00,0x00,0x00,0x00,0x00,0x00,0x00,0x00,0x00,0x00,0x00,0x00,0x00,
 0x00,0x00,0x00,0x00,0x00,0x00,0x00,0x00,0x00,0x00,0x00,0x00,0x00,0x00,0x00,0x00,0x00,0x00,0x00,0x00,
 0x00,0x02,0x00,0x00,0x00,0x00,0x00,0x00,0x00,0x00,0x00,0x00,0x00,0x00,0x00,0x00,0x00,0x02,0x00,0x00,
 0x00,0x00,0x00,0x00,0x00,0x00,0x00,0x00,0x00,0x00,0x00,0x00,0x00,0x00,0x00,0x00,0x00,0x22,0x22,0x66,
 0x66,0x44,0x44,0x55,0x00,0x00,0x00,0x00,0x00,0x00,0x00,0x00,0x00,0x00,0x00,0x00,0x00,0x00,0x00,0x00,
 0x00,0x00,0x00,0x00,0x00,0x00,0x00,0x00,0x00,0x00,0x00,0x00,0x00,0x00,0x00,0x00,0x00,0x00,0x00,0x00,
 0x00,0x00,0x00,0x00,0x00,0x00,0x00,0x00,0x00,0x00,0x00,0x00,0x00,0x00,0x00,0x00,0x00,0x00,0x00,0x00,
 0x00,0x00,0x00,0x00,0x00,0x00,0x00,0x00,0x00,0x00,0x00,0x00,0x00,0x00,0x00,0x00,0x00,0x00,0x00,0x00,
 0x00,0x00,0x00,0x00,0x00,0x00,0x00,0x00,0x00,0x00,0x00,0x00,0x00,0x00,0x00,0x00,0x00,0x00,0x00,0x00,
 0x00,0x00,0x00,0x00,0x00,0x00,0x00,0x00,0x00,0x00,0x00,0x00,0x00,0x00,0x00,0x00,0x00,0x00,0x00,0x00,
 0x00,0x00,0x00,0x20,0x22,0x62,0x66,0x46,0x44,0x54,0x55,0x00,0x00,0x00,0x00,0x00,0x00,0x00,0x00,0x00,
 0x00,0x00,0x00,0x00,0x00,0x00,0x00,0x00,0x00,0x00,0x00,0x00,0x00,0x00,0x00,0x00,0x00,0x00,0x00,0x00,
 0x00,0x00,0x00,0x00,0x00,0x00,0x00,0x00,0x00,0x00,0x00,0x00,0x00,0x00,0x00,0x00,0x00,0x00,0x00,0x00,
 0x00,0x00,0x00,0x00,0x00,0x00,0x00,0x00,0x00,0x00,0x00,0x00,0x00,0x00,0x00,0x00,0x00,0x00,0x00,0x00,
 0x00,0x00,0x00,0x00,0x00,0x00,0x00,0x00,0x00,0x00,0x00,0x00,0x00,0x00,0x00,0x00,0x00,0x00,0x00,0x00,
 0x00,0x00,0x00,0x00,0x00,0x00,0x00,0x00,0x00,0x00,0x00,0x00,0x00,0x00,0x00,0x00,0x00,0x00,0x00,0x00,
 0x00,0x00,0x00,0x00,0x00,0x00,0x00,0x00,0x00,0x00,0x20,0x22,0x62,0x66,0x46,0x44,0x54,0x55,0x00,0x00,
 0x00,0x00,0x00,0x00,0x00,0x00,0x00,0x00,0x00,0x00,0x00,0x00,0x00,0x00,0x00,0x00,0x00,0x00,0x00,0x00,
 0x00,0x00,0x00,0x00,0x00,0x00,0x00,0x00,0x00,0x00,0x00,0x00,0x00,0x00,0x00,0x00,0x00,0x00,0x00,0x00,
 0x00,0x00,0x00,0x00,0x00,0x00,0x00,0x00,0x00,0x00,0x00,0x00,0x00,0x00,0x00,0x00,0x00,0x00,0x00,0x00,
 0x00,0x00,0x00,0x00,0x00,0x00,0x00,0x00,0x00,0x00,0x00,0x00,0x00,0x00,0x00,0x00,0x00,0x00,0x00,0x00,
 0x00,0x00,0x00,0x00,0x00,0x00,0x00,0x00,0x00,0x00,0x00,0x00,0x00,0x00,0x00,0x00,0x00,0x00,0x00,0x00,
 0x00,0x00,0x00,0x00,0x00,0x00,0x00,0x00,0x00,0x00,0x00,0x00,0x00,0x00,0x00,0x00,0x00,0x22,0x22,0x66,
 0x66,0x44,0x44,0x55,0x55,0x00,0x00,0x00,0x00,0x00,0x00,0x00,0x00,0x00,0x00,0x00,0x00,0x00,0x00,0x00,
 0x00,0x00,0x00,0x00,0x00,0x00,0x00,0x00,0x00,0x00,0x00,0x00,0x00,0x00,0x00,0x00,0x00,0x00,0x00,0x00,
 0x00,0x00,0x00,0x00,0x00,0x00,0x00,0x00,0x00,0x00,0x00,0x00,0x00,0x00,0x00,0x00,0x00,0x00,0x00,0x00,
 0x00,0x00,0x00,0x00,0x00,0x00,0x00,0x00,0x00,0x00,0x00,0x00,0x00,0x00,0x00,0x00,0x00,0x00,0x00,0x00,
 0x00,0x00,0x00,0x00,0x00,0x00,0x00,0x00,0x00,0x00,0x00,0x00,0x00,0x00,0x00,0x00,0x00,0x00,0x00,0x00,
 0x00,0x00,0x00,0x00,0x00,0x00,0x00,0x00,0x00,0x00,0x00,0x00,0x00,0x00,0x00,0x00,0x00,0x00,0x00,0x00,
 0x00,0x00,0x00,0x00,0x22,0x22,0x66,0x66,0x44,0x44,0x55,0x55,0x00,0x00,0x00,0x00,0x00,0x00,0x00,0x00,
 0x00,0x00,0x00,0x00,0x00,0x00,0x00,0x00,0x00,0x00,0x00,0x00,0x00,0x00,0x00,0x00,0x00,0x00,0x00,0x00,
 0x00,0x00,0x00,0x00,0x00,0x00,0x00,0x00,0x00,0x00,0x00,0x00,0x00,0x00,0x00,0x00,0x00,0x00,0x00,0x00,
 0x00,0x00,0x00,0x00,0x00,0x00,0x00,0x00,0x00,0x00,0x00,0x00,0x00,0x00,0x00,0x00,0x00,0x00,0x00,0x00,
 0x00,0x00,0x00,0x00,0x00,0x00,0x00,0x00,0x00,0x00,0x00,0x00,0x00,0x00,0x00,0x00,0x40,0x00,0x00,0x00,
 0x00,0x00,0x00,0x00,0x00,0x00,0x00,0x00,0x00,0x00,0x00,0x00,0x00,0x00,0x00,0x00,0x00,0x00,0x00,0x00,
 0x00,0x00,0x00,0x00,0x00,0x00,0x00,0x00,0x00,0x00,0x20,0x22,0x62,0x66,0x46,0x44,0x54,0x55,0x05,0x00,
 0x00,0x00,0x00,0x00,0x00,0x00,0x00,0x00,0x00,0x00,0x00,0x00,0x00,0x00,0x04,0x00,0x44,0x00,0x00,0x00,
 0x00,0x00,0x00,0x00,0x00,0x00,0x44,0x04,0x04,0x04,0x44,0x04,0x00,0x00,0x00,0x00,0x00,0x00,0x04,0x00,
 0x44,0x04,0x44,0x00,0x04,0x44,0x00,0x44,0x04,0x00,0x04,0x00,0x04,0x00,0x44,0x04,0x44,0x04,0x44,0x04,
 0x00,0x00,0x44,0x00,0x44,0x04,0x44,0x00,0x00,0x00,0x00,0x00,0x00,0x00,0x04,0x44,0x00,0x04,0x04,0x44,
 0x04,0x04,0x04,0x44,0x04,0x00,0x44,0x04,0x44,0x04,0x00,0x00,0x00,0x00,0x00,0x00,0x00,0x00,0x00,0x00,
 0x00,0x00,0x00,0x00,0x00,0x00,0x00,0x00,0x00,0x00,0x00,0x00,0x00,0x00,0x00,0x00,0x00,0x20,0x22,0x62,
 0x66,0x46,0x44,0x54,0x55,0x05,0x00,0x00,0x00,0x00,0x00,0x00,0x00,0x00,0x00,0x00,0x00,0x00,0x00,0x00,
 0x00,0x04,0x00,0x04,0x04,0x00,0x00,0x00,0x00,0x00,0x00,0x00,0x00,0x04,0x00,0x04,0x04,0x04,0x04,0x00,
 0x00,0x00,0x00,0x00,0x00,0x04,0x00,0x04,0x04,0x04,0x04,0x04,0x04,0x04,0x40,0x00,0x00,0x04,0x00,0x04,
 0x00,0x40,0x00,0x04,0x00,0x40,0x00,0x00,0x00,0x04,0x04,0x40,0x00,0x04,0x04,0x00,0x00,0x00,0x00,0x00,
 0x00,0x04,0x04,0x04,0x04,0x04,0x04,0x00,0x04,0x04,0x44,0x00,0x00,0x04,0x04,0x40,0x00,0x00,0x00,0x00,
 0x00,0x00,0x00,0x00,0x00,0x00,0x00,0x00,0x00,0x00,0x00,0x00,0x00,0x00,0x00,0x00,0x00,0x00,0x00,0x00,
 0x00,0x00,0x00,0x00,0x22,0x22,0x66,0x66,0x44,0x44,0x55,0x55,0x00,0x00,0x00,0x00,0x00,0x00,0x00,0x00,
 0x00,0x00,0x00,0x00,0x00,0x00,0x00,0x00,0x04,0x00,0x04,0x04,0x00,0x00,0x00,0x00,0x00,0x00,0x00,0x00,
 0x44,0x00,0x40,0x00,0x44,0x04,0x00,0x00,0x00,0x00,0x00,0x00,0x04,0x00,0x44,0x04,0x44,0x00,0x04,0x04,
 0x04,0x40,0x00,0x00,0x04,0x00,0x04,0x00,0x40,0x00,0x44,0x04,0x40,0x00,0x00,0x00,0x44,0x00,0x40,0x00,
 0x04,0x04,0x00,0x00,0x00,0x00,0x00,0x00,0x04,0x04,0x04,0x44,0x00,0x44,0x00,0x40,0x00,0x44,0x04,0x00,
 0x44,0x04,0x40,0x00,0x00,0x00,0x00,0x00,0x00,0x00,0x00,0x00,0x00,0x00,0x00,0x00,0x00,0x00,0x00,0x00,
 0x00,0x00,0x00,0x00,0x00,0x00,0x00,0x00,0x00,0x00,0x00,0x22,0x22,0x66,0x66,0x44,0x44,0x55,0x55,0x00,
 0x00,0x00,0x00,0x00,0x00,0x00,0x00,0x00,0x00,0x00,0x00,0x00,0x00,0x00,0x00,0x04,0x00,0x04,0x04,0x00,
 0x00,0x00,0x00,0x00,0x00,0x00,0x00,0x04,0x00,0x04,0x04,0x04,0x00,0x00,0x00,0x00,0x00,0x00,0x00,0x04,
 0x00,0x04,0x00,0x04,0x04,0x04,0x04,0x04,0x40,0x00,0x00,0x04,0x00,0x04,0x00,0x40,0x00,0x00,0x04,0x40,
 0x00,0x00,0x00,0x04,0x04,0x40,0x00,0x04,0x04,0x00,0x00,0x00,0x00,0x00,0x00,0x04,0x04,0x04,0x04,0x04,
 0x04,0x00,0x40,0x00,0x40,0x04,0x00,0x04,0x00,0x40,0x00,0x00,0x00,0x00,0x00,0x00,0x00,0x00,0x00,0x00,
 0x00,0x00,0x00,0x00,0x00,0x00,0x00,0x00,0x00,0x00,0x00,0x00,0x00,0x00,0x00,0x00,0x00,0x20,0x22,0x62,
 0x66,0x46,0x44,0x54,0x55,0x05,0x00,0x00,0x00,0x00,0x00,0x00,0x00,0x00,0x00,0x00,0x00,0x00,0x00,0x00,
 0x00,0x00,0x44,0x04,0x04,0x04,0x00,0x00,0x00,0x00,0x00,0x00,0x00,0x00,0x44,0x04,0x04,0x04,0x04,0x00,
 0x00,0x00,0x00,0x00,0x00,0x00,0x44,0x04,0x04,0x00,0x04,0x04,0x04,0x04,0x04,0x40,0x00,0x00,0x44,0x04,
 0x44,0x04,0x44,0x04,0x44,0x04,0x40,0x00,0x00,0x00,0x44,0x00,0x44,0x04,0x04,0x04,0x00,0x00,0x00,0x00,
 0x00,0x00,0x04,0x04,0x04,0x04,0x04,0x44,0x04,0x40,0x00,0x44,0x04,0x00,0x04,0x00,0x44,0x04,0x00,0x00,
 0x00,0x00,0x00,0x00,0x00,0x00,0x00,0x00,0x00,0x00,0x00,0x00,0x00,0x00,0x00,0x00,0x00,0x00,0x00,0x00,
 0x00,0x00,0x00,0x00,0x20,0x22,0x62,0x66,0x46,0x44,0x54,0x55,0x05,0x00,0x00,0x00,0x00,0x00,0x00,0x00,
 0x00,0x00,0x00,0x00,0x00,0x00,0x00,0x00,0x00,0x00,0x00,0x00,0x00,0x00,0x00,0x00,0x00,0x00,0x00,0x00,
 0x00,0x00,0x00,0x00,0x00,0x00,0x00,0x00,0x00,0x00,0x00,0x00,0x00,0x00,0x00,0x00,0x00,0x00,0x00,0x00,
 0x00,0x00,0x00,0x00,0x00,0x00,0x00,0x00,0x00,0x00,0x00,0x00,0x00,0x00,0x00,0x00,0x00,0x00,0x00,0x00,
 0x00,0x00,0x00,0x00,0x00,0x00,0x00,0x00,0x00,0x00,0x00,0x00,0x00,0x00,0x00,0x00,0x00,0x00,0x40,0x00,
 0x00,0x00,0x00,0x00,0x00,0x00,0x00,0x00,0x00,0x00,0x00,0x00,0x00,0x00,0x00,0x00,0x00,0x00,0x00,0x00,
 0x00,0x00,0x00,0x00,0x00,0x00,0x00,0x00,0x00,0x00,0x00,0x22,0x22,0x66,0x66,0x44,0x44,0x55,0x55,0x00,
 0x00,0x00,0x00,0x00,0x00,0x00,0x00,0x00,0x00,0x00,0x00,0x00,0x00,0x00,0x00,0x00,0x00,0x00,0x00,0x00,
 0x00,0x00,0x00,0x00,0x00,0x00,0x00,0x00,0x00,0x00,0x00,0x00,0x00,0x00,0x00,0x00,0x00,0x00,0x00,0x00,
 0x00,0x00,0x00,0x00,0x00,0x00,0x00,0x00,0x00,0x00,0x00,0x00,0x00,0x00,0x00,0x00,0x00,0x00,0x00,0x00,
 0x00,0x00,0x00,0x00,0x00,0x00,0x00,0x00,0x00,0x00,0x00,0x00,0x00,0x00,0x00,0x00,0x00,0x00,0x00,0x00,
 0x00,0x00,0x00,0x00,0x00,0x00,0x00,0x00,0x00,0x00,0x00,0x00,0x00,0x00,0x00,0x00,0x00,0x00,0x00,0x00,
 0x00,0x00,0x00,0x00,0x00,0x00,0x00,0x00,0x00,0x00,0x00,0x00,0x00,0x00,0x00,0x00,0x00,0x00,0x00,0x00,
 0x00,0x00,0x00,0x00,0x00,0x50,0x00,0x00,0x00,0x77,0x77,0x77,0x77,0x77,0x77,0x77,0x77,0x77,0x77,0x77,
 0x77,0x07,0x00,0x77,0x77,0x77,0x77,0x77,0x77,0x77,0x77,0x77,0x77,0x07,0x00,0x77,0x77,0x77,0x77,0x77,
 0x77,0x77,0x77,0x77,0x77,0x07,0x00,0x77,0x77,0x77,0x77,0x77,0x77,0x77,0x77,0x77,0x77,0x07,0x00,0x77,
 0x77,0x77,0x77,0x77,0x77,0x77,0x77,0x77,0x77,0x07,0x00,0x77,0x77,0x77,0x77,0x77,0x77,0x77,0x77,0x77,
 0x77,0x07,0x00,0x77,0x77,0x77,0x77,0x77,0x77,0x77,0x77,0x77,0x77,0x07,0x00,0x77,0x77,0x77,0x77,0x77,
 0x77,0x77,0x77,0x77,0x77,0x07,0x00,0x77,0x77,0x77,0x77,0x77,0x77,0x77,0x77,0x77,0x77,0x77,0x00,0x70,
 0x77,0x77,0x77,0x77,0x77,0x77,0x77,0x77,0x77,0x77,0x77,0x77,0x00,0x00,0x00,0x70,0x77,0x77,0x77,0x77,
 0x77,0x77,0x77,0x77,0x77,0x77,0x77,0x77,0x77,0x70,0x77,0x77,0x77,0x77,0x77,0x77,0x77,0x77,0x77,0x77,
 0x77,0x70,0x77,0x77,0x77,0x77,0x77,0x77,0x77,0x77,0x77,0x77,0x77,0x70,0x77,0x77,0x77,0x77,0x77,0x77,
 0x77,0x77,0x77,0x77,0x77,0x70,0x77,0x77,0x77,0x77,0x77,0x77,0x77,0x77,0x77,0x77,0x77,0x70,0x77,0x77,
 0x77,0x77,0x77,0x77,0x77,0x77,0x77,0x77,0x77,0x70,0x77,0x77,0x77,0x77,0x77,0x77,0x77,0x77,0x77,0x77,
 0x77,0x70,0x77,0x77,0x77,0x77,0x77,0x77,0x77,0x77,0x77,0x77,0x77,0x70,0x77,0x77,0x77,0x77,0x77,0x77,
 0x77,0x77,0x77,0x77,0x77,0x07,0x77,0x77,0x77,0x77,0x77,0x77,0x77,0x77,0x77,0x77,0x77,0x77,0x77,0x07,
 0x00,0x00,0x70,0x77,0x77,0x17,0x11,0x17,0x11,0x17,0x11,0x17,0x11,0x77,0x77,0x77,0x70,0x11,0x11,0x71,
 0x77,0x77,0x77,0x77,0x77,0x77,0x77,0x77,0x70,0x71,0x77,0x71,0x77,0x77,0x77,0x77,0x72,0x77,0x77,0x77,
 0x70,0x17,0x11,0x77,0x77,0x77,0x77,0x27,0x22,0x77,0x77,0x77,0x70,0x71,0x77,0x71,0x77,0x77,0x77,0x77,
 0x27,0x77,0x77,0x77,0x70,0x11,0x11,0x77,0x77,0x77,0x77,0x77,0x72,0x77,0x77,0x77,0x70,0x71,0x77,0x71,
 0x77,0x77,0x77,0x77,0x77,0x77,0x77,0x77,0x70,0x71,0x77,0x71,0x77,0x77,0x77,0x77,0x77,0x77,0x77,0x77,
 0x70,0x22,0x72,0x72,0x72,0x72,0x72,0x22,0x77,0x22,0x72,0x72,0x07,0x77,0x77,0x11,0x77,0x11,0x77,0x11,
 0x71,0x11,0x71,0x71,0x71,0x77,0x07,0x00,0x00,0x70,0x77,0x77,0x17,0x77,0x17,0x17,0x17,0x17,0x17,0x77,
 0x77,0x77,0x77,0x70,0x77,0x17,0x77,0x77,0x77,0x77,0x77,0x72,0x77,0x77,0x77,0x70,0x17,0x17,0x77,0x77,
 0x77,0x77,0x27,0x27,0x77,0x77,0x77,0x70,0x71,0x77,0x71,0x77,0x77,0x77,0x77,0x27,0x77,0x77,0x77,0x70,
 0x71,0x77,0x71,0x77,0x77,0x77,0x77,0x27,0x77,0x77,0x77,0x70,0x71,0x77,0x71,0x77,0x77,0x77,0x72,0x72,
 0x72,0x77,0x77,0x70,0x11,0x77,0x71,0x77,0x77,0x77,0x77,0x77,0x77,0x77,0x77,0x70,0x11,0x17,0x71,0x77,
 0x77,0x77,0x77,0x77,0x77,0x77,0x77,0x70,0x72,0x77,0x72,0x72,0x22,0x72,0x72,0x72,0x72,0x72,0x72,0x07,
 0x77,0x77,0x71,0x71,0x71,0x71,0x71,0x77,0x71,0x71,0x71,0x71,0x77,0x07,0x00,0x00,0x70,0x77,0x77,0x17,
 0x77,0x17,0x11,0x17,0x11,0x17,0x11,0x77,0x77,0x77,0x70,0x77,0x71,0x77,0x77,0x77,0x77,0x77,0x77,0x77,
 0x77,0x77,0x70,0x77,0x71,0x77,0x77,0x77,0x77,0x22,0x72,0x77,0x77,0x77,0x70,0x71,0x77,0x77,0x77,0x77,
 0x77,0x77,0x22,0x77,0x77,0x77,0x70,0x71,0x77,0x71,0x77,0x77,0x77,0x77,0x72,0x77,0x77,0x77,0x70,0x11,
 0x11,0x77,0x77,0x77,0x77,0x27,0x22,0x77,0x77,0x77,0x70,0x71,0x71,0x71,0x77,0x77,0x77,0x77,0x27,0x77,
 0x77,0x77,0x70,0x71,0x71,0x71,0x77,0x77,0x77,0x77,0x27,0x77,0x77,0x77,0x70,0x22,0x72,0x27,0x77,0x72,
 0x72,0x22,0x77,0x72,0x72,0x72,0x07,0x77,0x77,0x11,0x77,0x11,0x77,0x11,0x77,0x11,0x71,0x11,0x77,0x77,
 0x07,0x00,0x00,0x70,0x77,0x77,0x17,0x77,0x17,0x17,0x17,0x77,0x77,0x17,0x77,0x77,0x77,0x70,0x17,0x77,
 0x77,0x77,0x77,0x77,0x77,0x72,0x77,0x77,0x77,0x70,0x77,0x71,0x77,0x77,0x77,0x77,0x27,0x77,0x77,0x77,
 0x77,0x70,0x71,0x77,0x77,0x77,0x77,0x77,0x77,0x77,0x77,0x77,0x77,0x70,0x71,0x77,0x71,0x77,0x77,0x77,
 0x27,0x77,0x77,0x77,0x77,0x70,0x71,0x77,0x71,0x77,0x77,0x77,0x72,0x72,0x72,0x77,0x77,0x70,0x71,0x17,
 0x71,0x77,0x77,0x77,0x77,0x72,0x77,0x77,0x77,0x70,0x71,0x77,0x71,0x77,0x77,0x77,0x77,0x77,0x77,0x77,
 0x77,0x70,0x77,0x72,0x27,0x77,0x72,0x72,0x72,0x72,0x72,0x72,0x72,0x07,0x77,0x77,0x71,0x71,0x71,0x71,
 0x71,0x77,0x71,0x71,0x71,0x71,0x77,0x07,0x00,0x00,0x70,0x77,0x77,0x17,0x11,0x17,0x17,0x17,0x77,0x17,
 0x11,0x77,0x77,0x77,0x70,0x71,0x77,0x77,0x77,0x77,0x77,0x77,0x77,0x77,0x77,0x77,0x70,0x17,0x17,0x77,
 0x77,0x77,0x77,0x27,0x22,0x77,0x77,0x77,0x70,0x71,0x77,0x71,0x77,0x77,0x77,0x77,0x72,0x77,0x77,0x77,
 0x70,0x17,0x17,0x77,0x77,0x77,0x77,0x27,0x77,0x77,0x77,0x77,0x70,0x71,0x77,0x71,0x77,0x77,0x77,0x77,
 0x72,0x77,0x77,0x77,0x70,0x71,0x77,0x71,0x77,0x77,0x77,0x77,0x77,0x77,0x77,0x77,0x70,0x71,0x77,0x71,
 0x77,0x77,0x77,0x77,0x77,0x77,0x77,0x77,0x70,0x22,0x72,0x27,0x77,0x72,0x72,0x22,0x77,0x22,0x72,0x22,
 0x02,0x77,0x77,0x11,0x77,0x71,0x71,0x11,0x71,0x71,0x71,0x71,0x71,0x77,0x07,0x00,0x00,0x70,0x77,0x77,
 0x77,0x77,0x77,0x77,0x77,0x77,0x77,0x77,0x77,0x77,0x77,0x70,0x11,0x11,0x71,0x77,0x77,0x77,0x77,0x77,
 0x77,0x77,0x77,0x70,0x71,0x77,0x71,0x77,0x77,0x77,0x77,0x77,0x77,0x77,0x77,0x70,0x17,0x11,0x77,0x77,
 0x77,0x77,0x77,0x77,0x77,0x77,0x77,0x70,0x77,0x71,0x77,0x77,0x77,0x77,0x77,0x77,0x77,0x77,0x77,0x70,
 0x11,0x11,0x77,0x77,0x77,0x77,0x77,0x77,0x77,0x77,0x77,0x70,0x71,0x77,0x71,0x77,0x77,0x77,0x77,0x77,
 0x77,0x77,0x77,0x70,0x71,0x77,0x71,0x77,0x77,0x77,0x77,0x77,0x77,0x77,0x77,0x70,0x77,0x77,0x77,0x77,
 0x77,0x77,0x77,0x77,0x77,0x77,0x77,0x07,0x77,0x77,0x77,0x77,0x77,0x77,0x77,0x77,0x77,0x77,0x77,0x77,
 0x77,0x07,0x00,0x00,0x70,0x77,0x77,0x77,0x77,0x77,0x77,0x77,0x77,0x77,0x77,0x77,0x77,0x77,0x70,0x77,
 0x77,0x77,0x77,0x77,0x77,0x77,0x77,0x77,0x77,0x77,0x70,0x77,0x77,0x77,0x77,0x77,0x77,0x77,0x77,0x77,
 0x77,0x77,0x70,0x77,0x77,0x77,0x77,0x77,0x77,0x77,0x77,0x77,0x77,0x77,0x70,0x77,0x77,0x77,0x77,0x77,
 0x77,0x77,0x77,0x77,0x77,0x77,0x70,0x77,0x77,0x77,0x77,0x77,0x77,0x77,0x77,0x77,0x77,0x77,0x70,0x77,
 0x77,0x77,0x77,0x77,0x77,0x77,0x77,0x77,0x77,0x77,0x70,0x77,0x77,0x77,0x77,0x77,0x77,0x77,0x77,0x77,
 0x77,0x77,0x70,0x77,0x77,0x77,0x77,0x77,0x77,0x77,0x77,0x77,0x77,0x77,0x07,0x77,0x11,0x71,0x17,0x11,
 0x77,0x17,0x71,0x77,0x11,0x77,0x11,0x11,0x07,0x00,0x00,0x70,0x77,0x17,0x11,0x17,0x17,0x17,0x11,0x17,
 0x11,0x17,0x11,0x77,0x77,0x70,0x77,0x77,0x77,0x11,0x71,0x11,0x71,0x11,0x71,0x71,0x71,0x70,0x77,0x11,
 0x71,0x71,0x77,0x11,0x71,0x11,0x71,0x11,0x77,0x70,0x77,0x77,0x77,0x11,0x71,0x11,0x71,0x11,0x77,0x11,
 0x71,0x70,0x77,0x77,0x77,0x77,0x77,0x11,0x71,0x71,0x77,0x11,0x71,0x70,0x11,0x77,0x11,0x71,0x11,0x77,
 0x11,0x77,0x11,0x17,0x71,0x70,0x77,0x77,0x77,0x11,0x77,0x11,0x71,0x71,0x71,0x11,0x71,0x70,0x77,0x11,
 0x71,0x11,0x71,0x71,0x71,0x11,0x71,0x11,0x71,0x70,0x77,0x22,0x72,0x72,0x72,0x22,0x72,0x22,0x72,0x22,
 0x72,0x07,0x17,0x77,0x77,0x17,0x77,0x71,0x71,0x17,0x17,0x77,0x71,0x71,0x77,0x07,0x00,0x00,0x70,0x77,
 0x17,0x77,0x17,0x17,0x77,0x71,0x17,0x77,0x77,0x71,0x77,0x77,0x70,0x77,0x77,0x77,0x71,0x77,0x71,0x71,
 0x71,0x71,0x71,0x71,0x70,0x77,0x71,0x77,0x71,0x77,0x71,0x77,0x71,0x71,0x71,0x71,0x70,0x77,0x77,0x77,
 0x71,0x77,0x71,0x71,0x71,0x71,0x17,0x77,0x70,0x77,0x77,0x77,0x77,0x77,0x71,0x77,0x71,0x77,0x71,0x77,
 0x70,0x71,0x71,0x71,0x71,0x71,0x71,0x71,0x71,0x71,0x17,0x17,0x70,0x77,0x77,0x77,0x71,0x71,0x71,0x77,
 0x71,0x71,0x17,0x77,0x70,0x77,0x71,0x71,0x71,0x71,0x71,0x71,0x71,0x77,0x71,0x77,0x70,0x77,0x72,0x77,
 0x72,0x72,0x27,0x77,0x72,0x77,0x27,0x77,0x07,0x77,0x11,0x71,0x17,0x77,0x71,0x71,0x17,0x17,0x77,0x77,
 0x11,0x71,0x07,0x00,0x00,0x70,0x77,0x17,0x11,0x17,0x11,0x77,0x71,0x17,0x71,0x77,0x71,0x77,0x77,0x70,
 0x77,0x77,0x77,0x71,0x77,0x71,0x71,0x11,0x71,0x17,0x77,0x70,0x77,0x71,0x77,0x71,0x77,0x11,0x77,0x11,
 0x71,0x11,0x77,0x70,0x77,0x77,0x77,0x71,0x77,0x71,0x71,0x71,0x71,0x17,0x77,0x70,0x77,0x77,0x77,0x77,
 0x77,0x71,0x77,0x71,0x77,0x11,0x71,0x70,0x11,0x77,0x71,0x71,0x11,0x77,0x71,0x71,0x11,0x17,0x71,0x70,
 0x77,0x77,0x77,0x71,0x71,0x11,0x77,0x17,0x77,0x17,0x77,0x70,0x77,0x11,0x71,0x11,0x71,0x71,0x71,0x11,
 0x71,0x11,0x77,0x70,0x77,0x22,0x72,0x22,0x72,0x27,0x77,0x22,0x77,0x27,0x77,0x07,0x77,0x77,0x17,0x17,
 0x11,0x77,0x11,0x11,0x17,0x77,0x77,0x71,0x77,0x07,0x00,0x00,0x70,0x77,0x77,0x17,0x17,0x17,0x77,0x71,
 0x17,0x77,0x77,0x71,0x77,0x77,0x70,0x77,0x77,0x77,0x71,0x77,0x71,0x71,0x71,0x77,0x17,0x77,0x70,0x77,
 0x71,0x77,0x71,0x77,0x71,0x77,0x71,0x71,0x71,0x71,0x70,0x77,0x77,0x77,0x71,0x77,0x71,0x71,0x71,0x71,
 0x17,0x77,0x70,0x77,0x77,0x77,0x77,0x77,0x71,0x77,0x71,0x77,0x77,0x71,0x70,0x71,0x71,0x71,0x71,0x71,
 0x71,0x71,0x71,0x71,0x17,0x17,0x70,0x77,0x77,0x77,0x71,0x71,0x71,0x77,0x71,0x71,0x17,0x77,0x70,0x77,
 0x71,0x77,0x71,0x71,0x71,0x71,0x77,0x71,0x71,0x77,0x70,0x77,0x77,0x72,0x72,0x72,0x27,0x77,0x72,0x77,
 0x27,0x77,0x07,0x17,0x77,0x17,0x17,0x77,0x77,0x71,0x17,0x17,0x77,0x71,0x71,0x77,0x07,0x00,0x00,0x70,
 0x77,0x17,0x11,0x17,0x17,0x17,0x11,0x17,0x77,0x77,0x71,0x77,0x77,0x70,0x77,0x77,0x77,0x11,0x71,0x11,
 0x71,0x71,0x77,0x17,0x77,0x70,0x77,0x11,0x71,0x11,0x71,0x11,0x71,0x71,0x71,0x71,0x71,0x70,0x77,0x77,
 0x77,0x11,0x71,0x11,0x71,0x71,0x71,0x17,0x77,0x70,0x77,0x77,0x77,0x77,0x77,0x11,0x71,0x11,0x71,0x11,
 0x71,0x70,0x11,0x77,0x11,0x71,0x71,0x71,0x11,0x77,0x11,0x17,0x17,0x70,0x77,0x77,0x77,0x71,0x71,0x11,
 0x71,0x71,0x71,0x17,0x77,0x70,0x77,0x71,0x77,0x71,0x71,0x11,0x71,0x11,0x71,0x11,0x71,0x70,0x77,0x22,
 0x72,0x72,0x72,0x22,0x72,0x72,0x77,0x27,0x77,0x07,0x77,0x11,0x71,0x17,0x77,0x77,0x71,0x17,0x77,0x11,
 0x77,0x11,0x11,0x07,0x00,0x00,0x70,0x77,0x77,0x77,0x77,0x77,0x77,0x77,0x77,0x77,0x77,0x77,0x77,0x77,
 0x70,0x77,0x77,0x77,0x77,0x77,0x77,0x77,0x77,0x77,0x77,0x77,0x70,0x77,0x77,0x77,0x77,0x77,0x77,0x77,
 0x77,0x77,0x77,0x77,0x70,0x77,0x77,0x77,0x77,0x77,0x77,0x77,0x77,0x77,0x77,0x77,0x70,0x77,0x77,0x77,
 0x77,0x77,0x77,0x77,0x77,0x77,0x77,0x77,0x70,0x77,0x77,0x77,0x77,0x77,0x77,0x77,0x77,0x77,0x77,0x77,
 0x70,0x77,0x77,0x77,0x77,0x77,0x77,0x77,0x77,0x77,0x77,0x77,0x70,0x77,0x77,0x77,0x77,0x77,0x77,0x77,
 0x77,0x77,0x77,0x77,0x70,0x77,0x77,0x77,0x77,0x77,0x77,0x77,0x77,0x77,0x77,0x77,0x07,0x77,0x77,0x77,
 0x77,0x77,0x77,0x77,0x77,0x77,0x77,0x77,0x77,0x77,0x07,0x00,0x00,0x00,0x77,0x77,0x77,0x77,0x77,0x77,
 0x77,0x77,0x77,0x77,0x77,0x77,0x07,0x00,0x77,0x77,0x77,0x77,0x77,0x77,0x77,0x77,0x77,0x77,0x07,0x00,
 0x77,0x77,0x77,0x77,0x77,0x77,0x77,0x77,0x77,0x77,0x07,0x00,0x77,0x77,0x77,0x77,0x77,0x77,0x77,0x77,
 0x77,0x77,0x07,0x00,0x77,0x77,0x77,0x77,0x77,0x77,0x77,0x77,0x77,0x77,0x07,0x00,0x77,0x77,0x77,0x77,
 0x77,0x77,0x77,0x77,0x77,0x77,0x07,0x00,0x77,0x77,0x77,0x77,0x77,0x77,0x77,0x77,0x77,0x77,0x07,0x00,
 0x77,0x77,0x77,0x77,0x77,0x77,0x77,0x77,0x77,0x77,0x07,0x00,0x77,0x77,0x77,0x77,0x77,0x77,0x77,0x77,
 0x77,0x77,0x77,0x00,0x70,0x77,0x77,0x77,0x77,0x77,0x77,0x77,0x77,0x77,0x77,0x77,0x77,0x00,0x00,0x00,
 0x00,0x00,0x00,0x00,0x00,0x00,0x00,0x00,0x00,0x00,0x00,0x00,0x00,0x00,0x00,0x00,0x00,0x00,0x00,0x00,
 0x00,0x00,0x00,0x00,0x00,0x00,0x00,0x00,0x00,0x00,0x00,0x00,0x00,0x00,0x00,0x00,0x00,0x00,0x00,0x00,
 0x00,0x00,0x00,0x00,0x00,0x00,0x00,0x00,0x00,0x00,0x00,0x00,0x00,0x00,0x00,0x00,0x00,0x00,0x00,0x00,
 0x00,0x00,0x00,0x00,0x00,0x00,0x00,0x00,0x00,0x00,0x00,0x00,0x00,0x00,0x00,0x00,0x00,0x00,0x00,0x00,
 0x00,0x00,0x00,0x00,0x00,0x00,0x00,0x00,0x00,0x00,0x00,0x00,0x00,0x00,0x00,0x00,0x00,0x00,0x00,0x00,
 0x00,0x00,0x00,0x00,0x00,0x00,0x00,0x00,0x00,0x00,0x00,0x00,0x00,0x00,0x00,0x00,0x00,0x00,0x00,0x00,
 0x00,0x00,0x00,0x00,0x00,0x00,0x00,0x00,0x00,0x00,0x00,0x00,0x00,0x00,0x00,0x00,0x00,0x00,0x00,0x00,
 0x00,0x00,0x00,0x00,0x00,0x00,0x00,0x00,0x00,0x00,0x00,0x00,0x00,0x00,0x00,0x00,0x00,0x00,0x00,0x00,
 0x00,0x00,0x00,0x00,0x00,0x00,0x00,0x00,0x00,0x00,0x00,0x00,0x00,0x00,0x00,0x00,0x00,0x00,0x00,0x00,
 0x00,0x00,0x00,0x00,0x00,0x00,0x00,0x00,0x00,0x00,0x00,0x00,0x00,0x00,0x00,0x00,0x00,0x00,0x00,0x00,
 0x00,0x00,0x00,0x00,0x00,0x00,0x00,0x00,0x00,0x00,0x00,0x00,0x00,0x00,0x00,0x00,0x00,0x00,0x00,0x00,
 0x00,0x00,0x00,0x00,0x00,0x00,0x00,0x00,0x00,0x00,0x00,0x00,0x00,0x00,0x00,0x00,0x00,0x00,0x00,0x20,
 0x22,0x62,0x66,0x46,0x44,0x54,0x55,0x05,0x00,0x00,0x00,0x00,0x00,0x00,0x00,0x00,0x00,0x00,0x00,0x00,
 0x00,0x00,0x00,0x00,0x00,0x00,0x00,0x00,0x00,0x22,0x00,0x22,0x02,0x22,0x02,0x22,0x02,0x00,0x00,0x00,
 0x00,0x22,0x02,0x22,0x00,0x02,0x02,0x00,0x00,0x00,0x00,0x00,0x00,0x22,0x02,0x22,0x02,0x22,0x02,0x22,
 0x02,0x22,0x00,0x00,0x00,0x22,0x02,0x02,0x00,0x22,0x02,0x22,0x02,0x02,0x02,0x00,0x00,0x22,0x00,0x22,
 0x00,0x02,0x22,0x02,0x02,0x02,0x22,0x02,0x00,0x22,0x02,0x02,0x02,0x22,0x02,0x22,0x00,0x00,0x00,0x00,
 0x00,0x02,0x22,0x00,0x02,0x02,0x22,0x02,0x22,0x00,0x22,0x02,0x22,0x02,0x00,0x00,0x00,0x00,0x00,0x00,
 0x00,0x00,0x00,0x00,0x00,0x00,0x22,0x22,0x66,0x66,0x44,0x44,0x55,0x55,0x00,0x00,0x00,0x00,0x00,0x00,
 0x00,0x00,0x00,0x00,0x00,0x00,0x00,0x00,0x00,0x00,0x00,0x00,0x00,0x00,0x00,0x00,0x02,0x02,0x02,0x00,
 0x02,0x00,0x02,0x02,0x00,0x00,0x00,0x00,0x20,0x00,0x02,0x02,0x02,0x02,0x00,0x00,0x00,0x00,0x00,0x00,
 0x02,0x02,0x02,0x02,0x02,0x02,0x02,0x00,0x02,0x02,0x00,0x00,0x02,0x00,0x02,0x00,0x02,0x02,0x02,0x00,
 0x02,0x02,0x00,0x00,0x02,0x02,0x02,0x02,0x02,0x02,0x00,0x02,0x02,0x20,0x00,0x00,0x02,0x02,0x02,0x02,
 0x02,0x00,0x02,0x02,0x00,0x00,0x00,0x00,0x02,0x02,0x02,0x02,0x02,0x02,0x00,0x02,0x02,0x02,0x00,0x02,
 0x00,0x00,0x00,0x00,0x00,0x00,0x00,0x00,0x00,0x00,0x00,0x00,0x00,0x22,0x22,0x66,0x66,0x44,0x44,0x55,
 0x55,0x00,0x00,0x00,0x00,0x00,0x00,0x00,0x00,0x00,0x00,0x00,0x00,0x00,0x00,0x00,0x00,0x00,0x00,0x00,
 0x00,0x00,0x00,0x22,0x00,0x22,0x00,0x22,0x00,0x22,0x02,0x00,0x00,0x00,0x00,0x20,0x00,0x02,0x02,0x22,
 0x00,0x00,0x00,0x00,0x00,0x00,0x00,0x22,0x02,0x22,0x02,0x22,0x02,0x22,0x00,0x22,0x00,0x00,0x00,0x22,
 0x00,0x02,0x00,0x22,0x02,0x22,0x02,0x22,0x02,0x00,0x00,0x22,0x00,0x22,0x00,0x02,0x02,0x02,0x22,0x02,
 0x20,0x00,0x00,0x02,0x02,0x02,0x02,0x22,0x00,0x22,0x00,0x00,0x00,0x00,0x00,0x02,0x02,0x02,0x02,0x02,
 0x22,0x00,0x22,0x00,0x22,0x02,0x22,0x00,0x00,0x00,0x00,0x00,0x00,0x00,0x00,0x00,0x00,0x00,0x00,0x20,
 0x22,0x62,0x66,0x46,0x44,0x54,0x55,0x05,0x00,0x00,0x00,0x00,0x00,0x00,0x00,0x00,0x00,0x00,0x00,0x00,
 0x00,0x00,0x00,0x00,0x00,0x00,0x00,0x00,0x00,0x00,0x02,0x02,0x02,0x00,0x02,0x00,0x02,0x00,0x00,0x00,
 0x00,0x00,0x20,0x00,0x02,0x02,0x02,0x02,0x00,0x00,0x00,0x00,0x00,0x00,0x02,0x00,0x02,0x02,0x02,0x00,
 0x02,0x00,0x02,0x02,0x00,0x00,0x02,0x00,0x02,0x00,0x02,0x02,0x00,0x02,0x02,0x02,0x00,0x00,0x02,0x02,
 0x02,0x02,0x02,0x02,0x02,0x02,0x02,0x20,0x00,0x00,0x02,0x02,0x02,0x02,0x02,0x00,0x02,0x02,0x00,0x00,
 0x00,0x00,0x02,0x02,0x02,0x02,0x02,0x02,0x00,0x02,0x02,0x00,0x02,0x02,0x00,0x00,0x00,0x00,0x00,0x00,
 0x00,0x00,0x00,0x00,0x00,0x00,0x20,0x22,0x62,0x66,0x46,0x44,0x54,0x55,0x05,0x00,0x00,0x00,0x00,0x00,
 0x00,0x00,0x00,0x00,0x00,0x00,0x00,0x00,0x00,0x00,0x00,0x00,0x00,0x00,0x00,0x00,0x00,0x22,0x00,0x22,
 0x02,0x22,0x02,0x02,0x00,0x00,0x00,0x00,0x00,0x22,0x02,0x02,0x02,0x02,0x02,0x00,0x00,0x00,0x00,0x00,
 0x00,0x02,0x00,0x02,0x02,0x02,0x00,0x22,0x02,0x02,0x02,0x00,0x00,0x02,0x00,0x22,0x02,0x02,0x02,0x22,
 0x02,0x02,0x02,0x00,0x00,0x22,0x00,0x02,0x02,0x02,0x22,0x02,0x02,0x02,0x20,0x00,0x00,0x22,0x02,0x20,
 0x00,0x22,0x02,0x02,0x02,0x00,0x00,0x00,0x00,0x02,0x02,0x02,0x20,0x00,0x22,0x02,0x02,0x02,0x22,0x02,
 0x22,0x02,0x00,0x00,0x00,0x00,0x00,0x00,0x00,0x00,0x00,0x00,0x00,0x22,0x22,0x66,0x66,0x44,0x44,0x55,
 0x55,0x00,0x00,0x00,0x00,0x00,0x00,0x00,0x00,0x00,0x00,0x00,0x00,0x00,0x00,0x00,0x00,0x00,0x00,0x00,
 0x00,0x00,0x00,0x00,0x00,0x00,0x00,0x00,0x00,0x00,0x00,0x00,0x00,0x00,0x00,0x00,0x00,0x00,0x00,0x00,
 0x00,0x00,0x00,0x00,0x00,0x00,0x00,0x00,0x00,0x00,0x00,0x00,0x00,0x00,0x00,0x00,0x00,0x00,0x00,0x00,
 0x00,0x00,0x00,0x00,0x00,0x00,0x00,0x00,0x00,0x00,0x00,0x00,0x00,0x00,0x00,0x00,0x00,0x00,0x00,0x00,
 0x00,0x00,0x00,0x00,0x00,0x00,0x00,0x00,0x00,0x00,0x00,0x00,0x00,0x00,0x00,0x00,0x00,0x00,0x00,0x00,
 0x00,0x00,0x00,0x00,0x00,0x00,0x00,0x00,0x00,0x00,0x00,0x00,0x00,0x00,0x00,0x00,0x00,0x00,0x00,0x00,
 0x22,0x22,0x66,0x66,0x44,0x44,0x55,0x55,0x00,0x00,0x00,0x00,0x00,0x00,0x00,0x00,0x00,0x00,0x00,0x00,
 0x00,0x00,0x00,0x00,0x00,0x00,0x00,0x00,0x00,0x00,0x00,0x00,0x00,0x00,0x00,0x00,0x00,0x00,0x00,0x00,
 0x00,0x00,0x00,0x00,0x00,0x00,0x00,0x00,0x00,0x00,0x00,0x00,0x00,0x00,0x00,0x00,0x00,0x00,0x00,0x00,
 0x00,0x00,0x00,0x00,0x00,0x00,0x00,0x00,0x00,0x00,0x00,0x00,0x00,0x00,0x00,0x00,0x00,0x00,0x00,0x00,
 0x00,0x00,0x00,0x00,0x00,0x00,0x00,0x00,0x00,0x00,0x00,0x00,0x00,0x00,0x00,0x00,0x00,0x00,0x00,0x00,
 0x00,0x00,0x00,0x00,0x00,0x00,0x00,0x00,0x00,0x00,0x00,0x00,0x00,0x00,0x00,0x00,0x00,0x00,0x00,0x00,
 0x00,0x00,0x00,0x00,0x00,0x00,0x20,0x22,0x62,0x66,0x46,0x44,0x54,0x55,0x05,0x00,0x00,0x00,0x00,0x00,
 0x00,0x00,0x00,0x00,0x00,0x00,0x00,0x00,0x00,0x00,0x00,0x00,0x00,0x00,0x00,0x00,0x00,0x00,0x00,0x00,
 0x00,0x00,0x00,0x00,0x00,0x00,0x00,0x00,0x00,0x00,0x00,0x00,0x00,0x00,0x00,0x00,0x00,0x00,0x00,0x00,
 0x00,0x00,0x00,0x00,0x00,0x00,0x00,0x00,0x00,0x00,0x00,0x00,0x00,0x00,0x00,0x00,0x00,0x00,0x00,0x00,
 0x00,0x00,0x00,0x00,0x00,0x00,0x00,0x00,0x00,0x00,0x00,0x00,0x00,0x00,0x00,0x00,0x00,0x00,0x00,0x00,
 0x00,0x00,0x00,0x00,0x00,0x00,0x00,0x00,0x00,0x00,0x00,0x00,0x00,0x00,0x00,0x00,0x00,0x00,0x00,0x00,
 0x00,0x00,0x00,0x00,0x00,0x00,0x00,0x00,0x00,0x00,0x00,0x00,0x00,0x20,0x22,0x62,0x66,0x46,0x44,0x54,
 0x55,0x05,0x00,0x00,0x00,0x00,0x00,0x00,0x00,0x00,0x00,0x00,0x00,0x00,0x00,0x00,0x00,0x00,0x00,0x00,
 0x00,0x00,0x00,0x00,0x00,0x00,0x00,0x00,0x00,0x00,0x00,0x00,0x00,0x00,0x00,0x00,0x00,0x00,0x00,0x00,
 0x00,0x00,0x00,0x00,0x00,0x00,0x00,0x00,0x00,0x00,0x00,0x00,0x00,0x00,0x00,0x00,0x00,0x00,0x00,0x00,
 0x00,0x00,0x00,0x00,0x00,0x00,0x00,0x00,0x00,0x00,0x00,0x00,0x00,0x00,0x00,0x00,0x00,0x00,0x00,0x00,
 0x00,0x00,0x00,0x00,0x00,0x00,0x00,0x00,0x00,0x00,0x00,0x00,0x00,0x00,0x00,0x00,0x00,0x00,0x00,0x00,
 0x00,0x00,0x00,0x00,0x00,0x00,0x00,0x00,0x00,0x00,0x00,0x00,0x00,0x00,0x00,0x00,0x00,0x00,0x00,0x00,
 0x22,0x22,0x66,0x66,0x44,0x44,0x55,0x55,0x00,0x00,0x00,0x00,0x00,0x00,0x00,0x00,0x00,0x00,0x00,0x00,
 0x00,0x00,0x00,0x00,0x00,0x00,0x00,0x00,0x00,0x00,0x00,0x00,0x00,0x00,0x00,0x00,0x00,0x00,0x00,0x00,
 0x00,0x00,0x00,0x00,0x00,0x00,0x00,0x00,0x00,0x00,0x00,0x00,0x00,0x00,0x00,0x00,0x00,0x00,0x00,0x00,
 0x00,0x00,0x00,0x00,0x00,0x00,0x00,0x00,0x00,0x00,0x00,0x00,0x00,0x00,0x00,0x00,0x00,0x00,0x00,0x00,
 0x00,0x00,0x00,0x00,0x00,0x00,0x00,0x00,0x00,0x00,0x00,0x00,0x00,0x00,0x00,0x00,0x00,0x00,0x00,0x00,
 0x00,0x00,0x00,0x00,0x00,0x00,0x00,0x00,0x00,0x00,0x00,0x00,0x00,0x00,0x00,0x00,0x00,0x00,0x00,0x00,
 0x00,0x00,0x00,0x00,0x00,0x00,0x00,0x22,0x22,0x66,0x66,0x44,0x44,0x55,0x55,0x00,0x00,0x00,0x00,0x00,
 0x00,0x00,0x00,0x00,0x00,0x00,0x00,0x00,0x00,0x00,0x00,0x00,0x00,0x00,0x00,0x00,0x00,0x00,0x00,0x00,
 0x00,0x00,0x00,0x00,0x00,0x00,0x00,0x00,0x00,0x00,0x00,0x00,0x00,0x00,0x00,0x00,0x00,0x00,0x00,0x00,
 0x00,0x00,0x00,0x00,0x00,0x00,0x00,0x00,0x00,0x00,0x00,0x00,0x00,0x00,0x00,0x00,0x00,0x00,0x00,0x00,
 0x00,0x00,0x00,0x00,0x00,0x00,0x00,0x00,0x00,0x00,0x00,0x00,0x00,0x00,0x00,0x00,0x00,0x00,0x00,0x00,
 0x00,0x00,0x00,0x00,0x00,0x00,0x00,0x00,0x00,0x00,0x00,0x00,0x00,0x00,0x00,0x00,0x00,0x00,0x00,0x00,
 0x00,0x00,0x00,0x00,0x00,0x00,0x00,0x00,0x00,0x00,0x00,0x00,0x00,0x20,0x22,0x62,0x66,0x46,0x44,0x54,
 0x55,0x05,0x00,0x00,0x00,0x00,0x00,0x00,0x00,0x00,0x00,0x00,0x00,0x00,0x00,0x00,0x00,0x00,0x00,0x00,
 0x00,0x00,0x00,0x00,0x00,0x00,0x00,0x00,0x00,0x00,0x00,0x00,0x00,0x00,0x00,0x00,0x00,0x00,0x00,0x00,
 0x00,0x00,0x00,0x00,0x00,0x00,0x00,0x00,0x00,0x00,0x00,0x00,0x00,0x00,0x00,0x00,0x00,0x00,0x00,0x00,
 0x00,0x00,0x00,0x00,0x00,0x00,0x00,0x00,0x00,0x00,0x00,0x00,0x00,0x00,0x00,0x00,0x00,0x00,0x00,0x00,
 0x00,0x00,0x00,0x00,0x00,0x00,0x00,0x00,0x00,0x00,0x00,0x00,0x00,0x00,0x00,0x00,0x00,0x00,0x00,0x00,
 0x00,0x00,0x00,0x00,0x00,0x00,0x00,0x00,0x00,0x00,0x00,0x00,0x00,0x00,0x00,0x00,0x00,0x00,0x00,0x00,
 0x20,0x22,0x62,0x66,0x46,0x44,0x54,0x55,0x05,0x00,0x00,0x00,0x00,0x00,0x00,0x00,0x00,0x00,0x00,0x00,
 0x00,0x00,0x00,0x00,0x00,0x00,0x00,0x00,0x00,0x00,0x00,0x00,0x00,0x00,0x00,0x00,0x00,0x00,0x00,0x00,
 0x00,0x00,0x00,0x00,0x00,0x00,0x00,0x00,0x00,0x00,0x00,0x00,0x00,0x00,0x00,0x00,0x00,0x00,0x00,0x00,
 0x00,0x00,0x00,0x00,0x00,0x00,0x00,0x00,0x00,0x00,0x00,0x00,0x00,0x00,0x00,0x00,0x00,0x00,0x00,0x00,
 0x00,0x00,0x00,0x00,0x00,0x00,0x00,0x00,0x00,0x00,0x00,0x00,0x00,0x00,0x00,0x00,0x00,0x00,0x00,0x00,
 0x00,0x00,0x00,0x00,0x00,0x00,0x00,0x00,0x00,0x00,0x00,0x00,0x00,0x00,0x00,0x00,0x00,0x00,0x00,0x00,
 0x00,0x00,0x00,0x00,0x00,0x00,0x00,0x22,0x22,0x66,0x66,0x44,0x44,0x55,0x55,0x00,0x00,0x00,0x00,0x00,
 0x00,0x00,0x00,0x00,0x00,0x00,0x00,0x00,0x00,0x00,0x00,0x00,0x00,0x00,0x00,0x00,0x00,0x00,0x00,0x00,
 0x00,0x00,0x00,0x00,0x00,0x00,0x00,0x00,0x00,0x00,0x00,0x00,0x00,0x00,0x00,0x00,0x00,0x00,0x00,0x00,
 0x00,0x00,0x00,0x00,0x00,0x00,0x00,0x00,0x00,0x00,0x00,0x00,0x00,0x00,0x00,0x00,0x00,0x00,0x00,0x00,
 0x00,0x00,0x00,0x00,0x00,0x00,0x00,0x00,0x00,0x00,0x00,0x00,0x00,0x00,0x00,0x00,0x00,0x00,0x00,0x00,
 0x00,0x00,0x00,0x00,0x00,0x00,0x00,0x00,0x00,0x00,0x00,0x00,0x00,0x00,0x00,0x00,0x00,0x00,0x00,0x00,
 0x00,0x00,0x00,0x00,0x00,0x00,0x00,0x00,0x00,0x00,0x00,0x00,0x00,0x00,0x22,0x22,0x66,0x66,0x44,0x44,
 0x55,0x55,0x00,0x00,0x00,0x00,0x00,0x00,0x00,0x00,0x00,0x00,
};
